Sector,Institution,Programme,SubProgramme,Location,Frequency,Indicator,Type,SubType,Outcome,Cluster,DesiredPerformance,Target_Q1,ActualOutput_Q1,ReasonforDeviation_Q1,CorrectiveAction_Q1,Target_Q2,ActualOutput_Q2,Target_Q3,ActualOutput_Q3,ReasonforDeviation_Q3,CorrectiveAction_Q3,Target_Q4,ActualOutput_Q4,ReasonforDeviation_Q4,CorrectiveAction_Q4,AnnualTarget_Summary2,Preliminary_Summary2,PrelimaryAudited_Summary2,ReasonforDeviation_Summary,CorrectiveAction_Summary,ValidatedAudited_Summary2,ReasonforDeviation_Q2,CorrectiveAction_Q2,UID
,"Trade, Industry and Competition",National,Progamme 4:Sectors,Progamme 4:Sectors,Quarterly,% Increase localisation in both public and private sectors through key sectoral interventions,Not Applicable,Not  Applicable,Priority 2: Economic Transformation And Job Creation,"The Economic Sectors, Employment and Infrastructure Development cluster",20% Increase localisation in both public and private sectors through key sectoral interventions,,,,,,,"10% Increase 
localisation in both public and private sectors through key sectoral interventions",R1 467 660.00 ,"Fewer companies reported on this indicator in this quarter
","Increased  engagements with stakeholders on localisation

","10% Increase
 localisation in both public and private sectors through key sectoral interventions","R1 105 223 784.00 derived from the following:
Aerospace & Defense local industrial output:  R9 512 000 
CCPP(Afro Zonke): R100 000 000
Electro-Tech: R2 100 000
Industrial Procurement : R489 839 000
NIPP: R503 772 784

Note: - 31% of R1 607 400 of quarterly  
","Slow economic growth resulting in low localisation value reported by companies
","Branch will endeavor to engage more companies in order to increase the value of localisation reported
",20% Increase localisation in both public and private sectors through key sectoral interventions,-,,,,,,,300
,"Trade, Industry and Competition",National,Progamme 4:Sectors,Progamme 4:Sectors,Quarterly,Develop and implement a  Regional Critical Minerals (RCM) Strategy and funding proposal  in partnership with the Department of Minerals and Petroleum  ,Not Applicable,Not  Applicable,Priority 2: Economic Transformation And Job Creation,"The Economic Sectors, Employment and Infrastructure Development cluster",Develop and implement a  Regional Critical Minerals (RCM) Strategy and funding proposal  in partnership with the Department of Minerals and Petroleum  ,,,,,,,"Stakeholder engagemen
t  towards the development of a  draft Regional Critical Minerals (RCM) Strategy  Framework in partnership with the Department of Minerals and Petroleum  ","Draft Regional Critical Minerals (RCM) Strategy  Framework was revised following the presentation to Economic cluster and Cabinet.

",N/A,N/A ,"Development of a draft Regional Critical Minerals (RCM) Strategy  

Funding proposal and implementation plan of the Regional Critical Minerals (RCM) Strategy  Framework in partnership with the Department of Minerals and Petroleum  
","Draft Regional Critical Minerals (RCM) Strategy developed

The draft Regional Critical Minerals Strategy document has informed the dtic inputs into the following processes:
the National Critical Minerals Strategy- led by the Department of Mineral Resources and Energy, 
Development of the Continental Critical Mineral’s Strategy- through led by the Department of International Relations and Cooperation (DIRCO)
",N/A,N/A,Develop and implement a  Regional Critical Minerals (RCM) Strategy and funding proposal  in partnership with the Department of Minerals and Petroleum  ,-,,,,,,,300
,"Trade, Industry and Competition",National,Progamme 4:Sectors,Progamme 4:Sectors,Quarterly,Development of National  industrial policy ,Not Applicable,Not  Applicable,Priority 2: Economic Transformation And Job Creation,"The Economic Sectors, Employment and Infrastructure Development cluster",Development of a draft National Industrial Policy,,,,,,,"Conduct research to
 inform the National Industrial Policy Framework

Stakeholder engagement workshops
","Conducted research to inform the National Industrial Policy Framework
Held stakeholder engagement workshops with different industries

Produced draft document for further consultations 


",N/A ,N/A ,"Draft National 
Industrial Policy Framework developed and submitted to the Accounting Office","Draft National Industrial
Policy developed and
submitted to the Accounting
Officer
",N/A,N/A,Development of a draft National Industrial Policy,-,,,,,,,300
,"Trade, Industry and Competition",National,Progamme 4:Sectors,Progamme 4:Sectors,Quarterly,Establishment of a Decarbonisation Project Coordination Office,Not Applicable,Not  Applicable,Priority 2: Economic Transformation And Job Creation,"The Economic Sectors, Employment and Infrastructure Development cluster",Establishment of a Decarbonisation Project Coordination Office,,,,,,,Identification of resources towards the establishment of a Decarbonisation Strategy,"Identification of resources towards the establish 
ment of a Decarbonisation Strategy


Note: This is described within the project plan under Project governance
",N/A ,N/A ,"Approval of a 
Decarbonisation Project Coordination Office","Resources will be provided internally at the dtic. 
",N/A,N/A,Establishment of a Decarbonisation Project Coordination Office,-,,,,,,,300
,"Trade, Industry and Competition",National,Progamme 4:Sectors,Progamme 4:Sectors,Quarterly,Finalisation of a decarbonisation strategy for the industry  ,Not Applicable,Not  Applicable,Priority 2: Economic Transformation And Job Creation,"The Economic Sectors, Employment and Infrastructure Development cluster",Finalisation of a decarbonisation strategy for the industry by Cabinet,,,,,,,Stakeholder engagement  and project plan development towards the  implementation of  a draft decarbonisation strategy,"Stakeholder engagements held and project plan towards the implementation of  a draft decarbonisation strategy was developed

",N/A ,N/A ,"Finalisation of a 
decarbonisation strategy for the industry  ","Draft Industry Decarbonisation Strategy submitted
",N/A,N/A,Finalisation of a decarbonisation strategy for the industry by Cabinet,-,,,,,,,300
,"Trade, Industry and Competition",National,Progamme 4:Sectors,Progamme 4:Sectors,Quarterly,Hemp and Cannabis Commercialization Policy approved ,Not Applicable,Not  Applicable,Priority 2: Economic Transformation And Job Creation,"The Economic Sectors, Employment and Infrastructure Development cluster",Approved  of Hemp and Cannabis Commercialization Policy,,,,,,,"Draft Hemp and 
Cannabis Commercialization Policy","Draft Commercialisation Policy
 developed. However, the policy has not yet been submitted for Ministerial approval
","Policy was circulated for public comment and deadline was set for 2 Jan 2025

","Draft Hemp and Cannabis Commercialization Policy to be 
submitted in Q4

","Finalisation of Hemp 
and Cannabis Commercialization Policy","Finalised Hemp and Cannabis Commercialisation Policy and submitted for approval and sign-off.
",N/A,N/A,Approved  of Hemp and Cannabis Commercialization Policy,-,,,,,,,300
,"Trade, Industry and Competition",National,Progamme 4:Sectors,Progamme 4:Sectors,Quarterly,Number of  new jobs created through sectoral interventions,Not Applicable,Not  Applicable,Priority 2: Economic Transformation And Job Creation,"The Economic Sectors, Employment and Infrastructure Development cluster",3 000 new jobs created through the sectoral interventions,,,,,,,"1 500 jobs created 
through the sectoral interventions ",188,"Fewer companies have reported on the number of jobs created

","Increased engagements with stakeholders on jobs created

","1 500 jobs created 
through the sectoral interventions ","24 jobs created through the following sectors:

Aerospace & Defense : 4
Metals (GMSA) : 10
CCPP (Aro Zonke): 10
","Slow economic growth resulted in the low number of jobs reported. 
","Branch will endeavour to engage more companies in order to increase the number of jobs reported
",3 000 new jobs created through the sectoral interventions,-,,,,,,,300
,"Trade, Industry and Competition",National,Progamme 4:Sectors,Progamme 4:Sectors,Quarterly,Number of Masterplans reviewed,Not Applicable,Not  Applicable,Priority 2: Economic Transformation And Job Creation,"The Economic Sectors, Employment and Infrastructure Development cluster","1 Masterplan reviewed 
(Auto Masterplan)
",,,,,,,"Stakeholder engagemen
t workshops on Automotive Master Plan","Initial engagements on
 the Automotive Policy Review terms of reference commenced in December following the EOC.
","Unavailability of stakeholders to engage earlier

","Process being fast-tracked for consideration by stakeholders during Q4.
","Draft Automotive 
Master Plan with implementation actions reviewed","Draft ToR developed and submitted to ERPC for review. 

","Draft Automotive Master Plan was not completed. A   submission was  submitted to ADDG highlighting reasons for non-achievement
","To be completed in Q1 of 25/26 FY
","1 Masterplan reviewed 
(Auto Masterplan)
",-,,,,,,,300
,"Trade, Industry and Competition",National,Progamme 4:Sectors,Progamme 4:Sectors,Quarterly,Number of Masterplans reviewed,Not Applicable,Not  Applicable,Priority 2: Economic Transformation And Job Creation,"The Economic Sectors, Employment and Infrastructure Development cluster","1 Masterplan reviewed 
(Auto Masterplan)
",,,,,,,,,,,,N/A,N/A,N/A,,-,,,,,,,300
,"Trade, Industry and Competition",National,Progamme 4:Sectors,Progamme 4:Sectors,Quarterly,Number of SMMEs provided with market access instruments ,Not Applicable,Not  Applicable,Priority 2: Economic Transformation And Job Creation,"The Economic Sectors, Employment and Infrastructure Development cluster",Number of SMMEs provided with market access instruments 200  SMMEs provided with market access instruments,,,,,,,"Market access 
instruments provided to 100 SMMEs  ", 102," N/A
","   N/A
","Market access 
instruments provided to 100 SMMEs  "," 195 SMME’s through the following sectors:: 
AISI: 6
Industrial Procurement: 1
CCPP (Cosmetics): 27
Proudly SA: 161
","Significant number of SMME’s that exhibited at the Proudly SA Summit resulted to the achievement. 
",N/A ,200  SMMEs provided with market access instruments,-,,,,,,,300
,"Trade, Industry and Competition",National,Progamme 4:Sectors,Progamme 4:Sectors,Quarterly,Rand value of investment secured through key sectoral interventions,Not Applicable,Not  Applicable,Priority 2: Economic Transformation And Job Creation,"The Economic Sectors, Employment and Infrastructure Development cluster",R5bn  investment secured  through key sectoral  interventions,,,,,,,"R1bn investment
secured through key sectoral interventions",R 2 283 474 670.17 ,"The investment from PG Bison’s SupaWood (medium-density fibreboard - MDF) manufacturing facility was significant and  accounted for the overachievement

","N/A 
",R2.5bn investment secured through key sectoral interventions,"R 125 687 468. from the following:
AISI : R11 490 780
Metals: R12 190 688
CCPP(Afro Zonke): R15 000 000
Electro-Tech (Icembu Cables): R15 000 000
Automotive (MAN): R72 000 000

","Slow economic growth resulting in a low value of investment reported by companies
","Branch will endeavor to engage more companies in order to increase the value of investments reported
",R5bn  investment secured  through key sectoral  interventions,-,,,,,,,300
,"Trade, Industry and Competition",National,Progamme 4:Sectors,Progamme 4:Sectors,Quarterly,Rand value of manufacturing exports ,Not Applicable,Not  Applicable,Priority 2: Economic Transformation And Job Creation,"The Economic Sectors, Employment and Infrastructure Development cluster",R3bn  value of manufacturing exports,,,,,,,"R1.5bn worth of 
manufacturing exports",R 347 581 657.00 ,"Fewer companies reported on this indicator
","Increased  engagements with stakeholders on manufacturing Exports

","R1.5bn worth of 
manufacturing exports","R232 870 110.04 from the following:
Aerospace & Defense:  R8 000 000
Metals: R224 870 110.04
","Slow economic growth resulting in a low value of manufacturing exports reported by companies
","Branch will endeavor to engage more companies in order to increase the value of manufacturing exports reported
",R3bn  value of manufacturing exports,-,,,,,,,300
,"Trade, Industry and Competition",National,Progamme 4:Sectors,Progamme 4:Sectors,Quarterly,Value (Rand) of investment facilitated by branch interventions,Non-Standardized,Not  Applicable,Priority 2: Economic Transformation And Job Creation,"The Economic Sectors, Employment and Infrastructure Development cluster",,R500m ,R4 537 741 091 ,"Regular monitoring of investments pledged
",N/A ,R1bn ,"R1 259 354 788
",R1bn ,N/A,N/A,,"R500m 
",N/A,N/A,N/A,R3bn ,-,,,,,"A larger than expected investment obtained from Toyota
",N/A ,300
,"Trade, Industry and Competition",National,Progamme 4:Sectors,Progamme 4:Sectors,Quarterly,Value (Rand) of additional local output committed or achieved by branch interventions,Non-Standardized,Not  Applicable,Priority 2: Economic Transformation And Job Creation,"The Economic Sectors, Employment and Infrastructure Development cluster",,R875m ,R150 000 000 ,"Low monitoring of localization data
","Increased  engagements with stakeholders on localization
",R875m ,0  ,R875m ,N/A,N/A,N/A,"R875m 
",N/A,N/A,N/A,R3.5bn ,-,,,,,"No companies reported on this indicator in this quarter
","Increased  engagements with stakeholders on localisation
",300
,"Trade, Industry and Competition",National,Progamme 4:Sectors,Progamme 4:Sectors,Quarterly,Value (Rand) contributed by branch through manufacturing exports,Non-Standardized,Not  Applicable,Priority 2: Economic Transformation And Job Creation,"The Economic Sectors, Employment and Infrastructure Development cluster",,R137.5m ,R4 671 903 ,"Regular monitoring of sector interventions and increased stakeholder engagements
",N/A ,R200m ,0,R100m ,N/A,N/A,N/A,"R112.5m
 ",N/A,N/A,N/A,R550m ,-,,,,,"No companies reported on this indicator in this quarter
","Increased  engagements with stakeholders on manufacturing Exports
",300
,"Trade, Industry and Competition",National,Progamme 4:Sectors,Progamme 4:Sectors,Quarterly,Value (Rand) contributed by branch through manufacturing exports to the rest of Africa,Non-Standardized,Not  Applicable,Priority 2: Economic Transformation And Job Creation,"The Economic Sectors, Employment and Infrastructure Development cluster",,R27.5m ,R29 045 479 ,"Regular monitoring of sector interventions and increased stakeholder engagements
",N/A ,R50m ,R84 917 257.16 ,R20m ,N/A,N/A,N/A,"R12.5m 
",N/A,N/A,N/A,R110m ,-,,,,,"Regular monitoring of sector interventions and increased stakeholder engagements
",N/A ,300
,"Trade, Industry and Competition",National,Progamme 4:Sectors,Progamme 4:Sectors,Quarterly,Value (Rand) of output by black industrialists supported through sector interventions,Non-Standardized,Not  Applicable,Priority 2: Economic Transformation And Job Creation,"The Economic Sectors, Employment and Infrastructure Development cluster",,R250m ,0,"Low monitoring of black-owned business in sectors
","Increased sector interventions amongst  black industrialists 
",R250m ,Nil  ,R250m ,N/A,N/A,N/A,"R250m 
",N/A,N/A,N/A,R1bn ,-,,,,,"No black-owned companies reported on their output
","Increased sector interventions amongst  black industrialists 
",300
,"Trade, Industry and Competition",National,Progamme 4:Sectors,Progamme 4:Sectors,Quarterly,Number of jobs supported and maintained through branch interventions,Non-Standardized,Not  Applicable,Priority 2: Economic Transformation And Job Creation,"The Economic Sectors, Employment and Infrastructure Development cluster",,600 000,562  009 ,"Low monitoring of jobs supported by Master Plans
","Increased sector interventions for jobs supported by Master Plans
",600 000,617 932 ,600 000,N/A,N/A,N/A,"600 000
",N/A,N/A,N/A,600 000,-,,,,,"Data sources have demonstrated  a marginal increase in number of jobs maintained in the sector against the target set
",N/A ,300
,"Trade, Industry and Competition",National,Progamme 4:Sectors,Progamme 4:Sectors,Quarterly,Number of jobs to be created through branch interventions,Non-Standardized,Not  Applicable,Priority 2: Economic Transformation And Job Creation,"The Economic Sectors, Employment and Infrastructure Development cluster",,500,"241 jobs derived from the following:
13 B1 total: 200 jobs to be created
Metals: 100 jobs
CTFL: 100 jobs

13 B2 total: 41  jobs created
AISI: 6 jobs  
CCPP: 10 jobs
CTFL : 25 jobs
","Low monitoring of data on jobs created
","Increased engagements with stakeholders on jobs created
",1 000,281,500 ,N/A,N/A,N/A,"500
",N/A,N/A,N/A,2 500 ,-,,,,,"Fewer companies have reported on this
","Increased engagements with stakeholders on jobs created
",300
,"Trade, Industry and Competition",National,Progamme 4:Sectors,Progamme 4:Sectors,Quarterly,Number of jobs supported through branch interventions in Black Industrialist firms,Non-Standardized,Not  Applicable,Priority 2: Economic Transformation And Job Creation,"The Economic Sectors, Employment and Infrastructure Development cluster",,1 500 ,29,"Low monitoring of jobs retained in black-owned firms
","Increased sector interventions amongst  black industrialists 
",1 500m,"AISI: 28 Jobs
",1 500,N/A,N/A,N/A,"2 000
",N/A,N/A,N/A,6 500,-,,,,,"No black-owned companies reported on jobs supported
","Increased sector interventions amongst  black industrialists 
",300
,"Trade, Industry and Competition",National,Progamme 4:Sectors,Progamme 4:Sectors,Quarterly,Number of compulsory specifications for Energy Efficiency submitted to the Executive Authority,Non-Standardized,Not  Applicable,Priority 2: Economic Transformation And Job Creation,"The Economic Sectors, Employment and Infrastructure Development cluster",,Nil  ,Nil  ,N/A ,N/A ,1,"1 compulsory specifications for Energy Efficiency submitted to the Executive Authority 
",Nil ,N/A,N/A,N/A,"1 
",N/A,N/A,N/A,2,-,,,,,N/A ,N/A ,300
,"Trade, Industry and Competition",National,Progamme 4:Sectors,Progamme 4:Sectors,Quarterly,Amendment of National Building Regulations and Building Standards Act submitted to Cabinet,Non-Standardized,Not  Applicable,Priority 2: Economic Transformation And Job Creation,"The Economic Sectors, Employment and Infrastructure Development cluster",,Nil  ,Nil  ,N/A ,N/A ,Nil  ,N/A ,Nil  ,N/A,N/A,N/A,"1 
",N/A,N/A,N/A,1,-,,,,,N/A ,N/A ,300
,"Trade, Industry and Competition",National,Progamme 4:Sectors,Progamme 4:Sectors,Quarterly,Number of reports on monitoring and evaluation of the implementation of the White paper on New Energy Vehicle,Non-Standardized,Not  Applicable,Priority 2: Economic Transformation And Job Creation,"The Economic Sectors, Employment and Infrastructure Development cluster",,Report on monitoring and evaluation of the implementation of the White paper on New Energy Vehicle,"1 Report on the monitoring and evaluation of the implementation of the EV White Paper 
",N/A ,N/A ,Report on monitoring and evaluation of the implementation of the White paper on New Energy Vehicle,"Report on monitoring and evaluation of the implementation of the White paper on New Energy Vehicle
",Report on monitoring and evaluation of the implementation of the  White paper on New Energy Vehicle,N/A,N/A,N/A," Report on monitoring 
and evaluation of the implementation of the Whitepaper on New Energy Vehicle   ",N/A,N/A,N/A,4,-,,,,,N/A ,N/A ,300
,"Trade, Industry and Competition",National,Progamme 4:Sectors,Progamme 4:Sectors,Quarterly,Number of reports on monitoring and evaluation of the implementation of the Green Hydrogen commercialisation framework,Non-Standardized,Not  Applicable,Priority 2: Economic Transformation And Job Creation,"The Economic Sectors, Employment and Infrastructure Development cluster",,"Report on monitoring and evaluation of the implementation of the Green Hydrogen commercialisation framework
","1 Report on the monitoring and evaluation of the implementation of the Green Hydrogen commercialisation framework  
",N/A ,N/A ,"Report on monitoring and evaluation of the implementation of the Green Hydrogen commercialisation framework
","Report on monitoring and evaluation of the implementation of
 the Green Hydrogen commercialisation framework
","Report on monitoring and evaluation of the implementation of the Green Hydrogen commercialisation framework
",N/A,N/A,N/A,"Report on monitoring 
and evaluation of the implementation of the Green Hydrogen commercialisation framework
",N/A,N/A,N/A,4,-,,,,,N/A ,N/A ,300
,"Trade, Industry and Competition",National,Progamme 4:Sectors,Progamme 4:Sectors,Quarterly,"Monitoring and evaluation of the implementation of approved Master Plans (Automotive, RCTLF, Sugar, Poultry, Furniture and Steel)",Non-Standardized,Not  Applicable,Priority 2: Economic Transformation And Job Creation,"The Economic Sectors, Employment and Infrastructure Development cluster",,Monitoring and evaluation of the implementation of 8 approved Master Plans,"Monitored and evaluated the implementation of 8 approved Master Plans
",N/A ,N/A ,Monitoring and evaluation of the implementation of 8 approved Master Plans,"Monitoring and evaluation of the implementation of 6 approved Master Plans

*GBS to be submitted by Programme 6
",Monitoring and evaluation of the implementation of 8 approved Master Plans,N/A,N/A,N/A,"Monitoring and 
evaluation of the implementation of 8 approved Master Plans",N/A,N/A,N/A,Monitoring and evaluation of the implementation of 8 approved Master Plans,-,,,,,N/A ,N/A ,300
,"Trade, Industry and Competition",National,Progamme 4:Sectors,Progamme 4:Sectors,Quarterly,Medical Devices Master Plan finalised and implemented,Non-Standardized,Not  Applicable,Priority 2: Economic Transformation And Job Creation,"The Economic Sectors, Employment and Infrastructure Development cluster",,Finalisation of the Medical Devices Master Plan,"Medical Devices Master Plan was approved, launched and signed by Min Patel and various stakeholders in the sector on 13 May 2024 at the IDC
",N/A ,N/A ,Implementation of the Medical Devices Master Plan,"1 Implementation report on the Medical Devices 
Master Plan
",Nil ,N/A,N/A,N/A,"Nil 
",N/A,N/A,N/A,Finalisation and implementation of the Medical Devices Master Plan,-,,,,,N/A ,N/A ,300
,"Trade, Industry and Competition",National,Progamme 4:Sectors,Progamme 4:Sectors,Quarterly,Number of reports setting out progress with oversight of competition entities,Non-Standardized,Not  Applicable,Priority 2: Economic Transformation And Job Creation,"The Economic Sectors, Employment and Infrastructure Development cluster",,Monitoring and evaluation of the impact of the work of entities ensuring 96% achievement of KPIs and the impact of the work of entities,"1 report on the monitoring and evaluation of the impact of the work of entities to ensure 96% achievement of KPIs and the impact of the work of entities 
",N/A ,N/A ,Monitoring and evaluation of the impact of the work of entities ensuring 96% achievement of KPIs and the impact of the work of entities,"1 Monit
oring and evaluation report on the impact of the work of entities ensuring 96% achievement of KPIs and the impact of the work of entities
",Monitoring and evaluation of the impact of the work of entities ensuring 96% achievement of KPIs and the impact of the work of entities,N/A,N/A,N/A,"Monitoring and 
evaluation of the impact of the work of entities ensuring 96% achievement of KPIs and the impact of the work of entities",N/A,N/A,N/A,4,-,,,,,N/A ,N/A ,300
,"Trade, Industry and Competition",National,Progamme 4:Sectors,Progamme 4:Sectors,Quarterly,Number of regulations / guidelines published & red tape reduction interventions,Non-Standardized,Not  Applicable,Priority 2: Economic Transformation And Job Creation,"The Economic Sectors, Employment and Infrastructure Development cluster",,Nil  ,Nil ,N/A ,N/A ,Nil ,N/A ,Nil ,N/A,N/A,N/A,"1
",N/A,N/A,N/A,1,-,,,,,N/A ,N/A ,300
,"Trade, Industry and Competition",National,Progamme 4:Sectors,Progamme 4:Sectors,Quarterly,"Number of reports on the implementation and Monitoring of a Metal Trading System to identify stolen public infrastructure entering the scrap metal value-chain, export market or legitimate metal production industry",Non-Standardized,Not  Applicable,Priority 2: Economic Transformation And Job Creation,"The Economic Sectors, Employment and Infrastructure Development cluster",,"1 progress reports on the Implementation and Monitoring of a Metal Trading System to identify stolen public infrastructure entering the scrap metal value-chain, export market or legitimate metal production industry","1 progress reports on the Implementation and Monitoring of a Metal Trading System to identify stolen public infrastructure entering the scrap metal value-chain, export market or legitimate metal production industry 
",N/A ,N/A ,"1 progress reports on the Implementation and Monitoring of a Metal Trading System to identify stolen public infrastructure entering the scrap metal value-chain, export market or legitimate metal production industry","1 progress reports on the Implementation and Monitoring of a Metal Trading System to identify stolen public infrastructure entering the scrap metal value-chain, export market or legitimate metal production industry
","1 progress reports on the Implementation and Monitoring of a Metal Trading System to identify stolen public infrastructure entering the scrap metal value-chain, export market or legitimate metal production industry",N/A,N/A,N/A,"1 progress reports on
 the Implementation and Monitoring of a Metal Trading System to identify stolen public infrastructure entering the scrap metal value-chain, export market or legitimate metal production industry",N/A,N/A,N/A,"4 Progress reports on Implementation and Monitoring of a Metal Trading System to identify stolen public infrastructure entering the scrap metal value-chain, export market or legitimate metal production industry",-,,,,,"Report was not submitted to the ADDG before the end of the quarter
","Report to be signed off upon the appointment of an ADDG
",300
,"Trade, Industry and Competition",National,Programme 1: Administration,Programme 1: Administration,Annually,"(%) of procurement contracts approved towards women, youth and PWD owned businesses",Non-Standardized,Not  Applicable,Priority 2: Economic Transformation And Job Creation,"The Economic Sectors, Employment and Infrastructure Development cluster",,,,,,,,,,,,,,,,,,,,,,,,300
,"Trade, Industry and Competition",National,Programme 1: Administration,Programme 1: Administration,Quarterly,"  (%) of procurement contracts approved towards women, youth and PWD owned businesses",Standardized,Not  Applicable,Priority 2: Economic Transformation And Job Creation,"The Economic Sectors, Employment and Infrastructure Development cluster",,Nil ,Nil  ,N/A ,N/A ,Nil  ,N/A ,Nil  ,N/A,N/A,N/A,"40% Women
30% Youth and
7% PWD owned businesses","40% Women
","The legislative requirements of the
80/20 preferential goals make it difficult for woman, youth and
PWD owned businesses to benefit. The 80 already goes to price which determines the winning supplier thereby disadvantaging the targeted groups
","Quarterly engagements with
branches to promote awareness of the shared targets in the procurement process as outlined in the APP Training of Financial
Advisors to provide support in the respective branches at the initial planning
stages of the process
","40% Women
30% Youth and
7% PWD owned businesses",-,,,,,N/A ,N/A ,300
,"Trade, Industry and Competition",National,Programme 1: Administration,Programme 1: Administration,Quarterly,% achievement of planned targets by entities,Standardized,Not  Applicable,Priority 2: Economic Transformation And Job Creation,"The Economic Sectors, Employment and Infrastructure Development cluster",85% achievement of planned targets by entities,,,,,,,Nil,"76%
","5 out of the 19 entities achieved less than 56%  of their planned targets and thus pulling down th
e combined/overall performance of the 19 entities.
(11 out of the 19 entities achieved over 85% (and above) of their planned targets).
","Track th
e implementation of the corrective actions identified by the entities.
",85% achievement of planned targets by entities,"74%
",7 out of the 19 entities achieved less than 70%  of their planned targets and thus pulling down the combined/overall targets  ,Track the implementation of the corrective actions identified by the entities.,85% achievement of planned targets by entities,-,,,,,,,300
,"Trade, Industry and Competition",National,Programme 1: Administration,Programme 1: Administration,Quarterly,% of  advertised vacancies filled   ,Standardized,Not  Applicable,Priority 2: Economic Transformation And Job Creation,"The Economic Sectors, Employment and Infrastructure Development cluster","100% of advertised vacancies filled 

",,,,,,,Nil,Longlists of advertised entity vacancies were received and shortlisting done,"N/A 
",N/a ,100% of vacancies advertised in September 2024 filled by 31 March 2025,"Longlists of advertised entity vacancies were received and shortlisting done. Process of screening potential candidates is underway.
","
There was a high volume of applications received and the selection process took longer than anticipated
","The screening process of the candidates and the entire selection and placement process to be expedited.
","100% of advertised vacancies filled 

",-,,,,,,,300
,"Trade, Industry and Competition",National,Programme 1: Administration,Programme 1: Administration,Quarterly,% of entities obtaining Clean Audit Outcomes,Standardized,Not  Applicable,Priority 2: Economic Transformation And Job Creation,"The Economic Sectors, Employment and Infrastructure Development cluster","56% of entities obtaining Clean Audit Outcomes
",,,,,,,Nil,N/A,N/A,N/A,56% of entities obtaining Clean Audit Outcomes,"Of the 2023/24 concluded audits, 9 out of 18 entities achieved clean audit outcomes (50%).
9 out of 18 entities (50%) received unqualified outcomes with material findings 
","None
","None
","56% 
of entities obtaining Clean Audit Outcomes
",-,,,,,,,300
,"Trade, Industry and Competition",National,Programme 1: Administration,Programme 1: Administration,Quarterly,% of procurement spent on businesses owned by persons with disability,Standardized,Not  Applicable,Priority 2: Economic Transformation And Job Creation,"The Economic Sectors, Employment and Infrastructure Development cluster",% of procurement spent on businesses owned by persons with disability,,,,,,,Nil,N/A,N/A,N/A,2% PWD owned businesses,"1% PWP
","The legislative requirements of the
80/20 preferential goals make it difficult for woman, youth and
PWD owned businesses to benefit. The 80 already goes to price which determines the winning supplier thereby disadvantaging the targeted groups
","Quarterly engagements with
branches to promote awareness of the shared targets in the procurement process as outlined in the APP Training of Financial
Advisors to provide support in the respective branches at the initial planning stages of the process
",% of procurement spent on businesses owned by persons with disability,-,,,,,,,300
,"Trade, Industry and Competition",National,Programme 1: Administration,Programme 1: Administration,Quarterly,% of procurement spent on women owned businesses ,Standardized,Not  Applicable,Priority 2: Economic Transformation And Job Creation,"The Economic Sectors, Employment and Infrastructure Development cluster","40% of procurement spent on women owned businesses
",,,,,,,Nil,N/A,N/A,N/A,"40% 
women 
","40% Women
","7 out of the 19 entities achieved less than 70%  of their planned targets and thus pulling down the combined/overall performance of the 19 entities.
(7 out of the 19 entities achieved over 85% (and above) of their planned targets).

","Track the implementation of the corrective actions identified by the entities.
","40% 
of procurement spent on women owned businesses
",-,,,,,,,300
,"Trade, Industry and Competition",National,Programme 1: Administration,Programme 1: Administration,Quarterly,% of procurement spent on youth owned businesses,Standardized,Not  Applicable,Priority 2: Economic Transformation And Job Creation,"The Economic Sectors, Employment and Infrastructure Development cluster",30% of procurement spent on youth owned businesses,,,,,,,Nil,N/A,N/A,N/A,"30% Youth

","24% Youth
","The legislative requirements of the
80/20 preferential goals make it difficult for woman, youth and
PWD owned businesses to benefit. The 80 already goes to price which determines the winning supplier thereby disadvantaging the targeted groups
","Quarterly engagements with
branches to promote awareness of the shared targets in the procurement process as outlined in the APP Training of Financial
Advisors to provide support in the respective branches at the initial planning stages of the process
",30% of procurement spent on youth owned businesses,-,,,,,,,300
,"Trade, Industry and Competition",National,Programme 1: Administration,Programme 1: Administration,Quarterly,Number of case studies covering the dtic Group / Entities success stories,Non-Standardized,Not  Applicable,Priority 2: Economic Transformation And Job Creation,"The Economic Sectors, Employment and Infrastructure Development cluster",,250,20,"Branches submit case studies from the middle to the end of the first month of the following quarter.
","Branches to, at least, submit case studies by the 3rd day of the first month following the end of the quarter, as suggested in the memo prepared for submission of case studies.  And the Chief Directorate ‘s reporting deadline to follow this date
",250,18,250,N/A,N/A,N/A,250,N/A,N/A,N/A,1000,0,,,,,"Quarterly targets for the current APP were erroneously captured for this specific indicator, the approved APP currently reflects 4 instead of 2.  In the Q2 report, Strategy captured the quarterly target as per approved branch plan instead.   APP is being currently revised and the target will be corrected. Also, actual achievement will be consolidated at the end of financial year to determine whether the target was achieved or not

","
Number of case studies should be reviewed as there are many external factors
",300
,"Trade, Industry and Competition",National,Programme 1: Administration,Programme 1: Administration,Quarterly,Number of community outreach initiatives completed in 10 Districts,Non-Standardized,Not  Applicable,Priority 2: Economic Transformation And Job Creation,"The Economic Sectors, Employment and Infrastructure Development cluster",,1,2,"2024 General elections affected  
","Community outreach programme will be rolled-out per province X 9 going forward
",4,3 ,4,N/A,N/A,N/A,1,N/A,N/A,N/A,10,0,,,,,Increase in opportunities to carry out more community engagements,N/A ,300
,"Trade, Industry and Competition",National,Programme 1: Administration,Programme 1: Administration,Quarterly,Incentives Adjudication Review committee established,Non-Standardized,Not  Applicable,Priority 2: Economic Transformation And Job Creation,"The Economic Sectors, Employment and Infrastructure Development cluster",,Nominations of members of the Incentives Adjudication Review Committee,"Achieved:
Signed submission received 13 June 2024, signed by Minister 28 March 2024, including appointment letters  sent to members
",N/A ,N/A ,Incentives Adjudication Review Committee established,"Panel members appointed
",Incentives Adjudication Review Committee established,N/A,N/A,N/A,Awareness Campaign,N/A,N/A,N/A,Establishment of the incentives review committee,-,,,,,N/A ,N/A ,300
,"Trade, Industry and Competition",National,Programme 2: Trade,Programme 2: Trade,Quarterly,Amended International Trade Administration Act to ensure implementation of effective trade policy tools to improve industry competitiveness,Not Applicable,Not  Applicable,Priority 2: Economic Transformation And Job Creation,"The Economic Sectors, Employment and Infrastructure Development cluster",Draft International Trade Administration Amendment Bill submitted to the Executive Authority for consideration.,,,,,,,Nil,N/A,N/A,"N/A

","Draft Internati
onal Trade Administration Amendment Bill submitted to Executive Authority for consideration ","Draft International Trade Administration Amendment Bill submitted to Executive Authority for consideration 
",None,None,Draft International Trade Administration Amendment Bill submitted to the Executive Authority for consideration.,-,,,,,,,300
,"Trade, Industry and Competition",National,Programme 2: Trade,Programme 2: Trade,Quarterly,Draft amendments for Patents Act and Designs published for public comments ,Not Applicable,Not  Applicable,Priority 2: Economic Transformation And Job Creation,"The Economic Sectors, Employment and Infrastructure Development cluster",Draft amendments for Patents Act and Designs published for public comments,,,,,,,Nil,N/A,N/A,"N/A

","Patents Bill and Design
 Amendment Bill Published for public comments ","Patents Bill and Design Amendment Bill Published has not yet been approved for publishing for public comments 
","Minister has requested further internal consultation before the Bills are published for comment
","Further internal consultations to be undertaken
",Draft amendments for Patents Act and Designs published for public comments,-,,,,,,,300
,"Trade, Industry and Competition",National,Programme 2: Trade,Programme 2: Trade,Quarterly,Number of amendments to regulations to reduce red-tape in ITAC application process,Not Applicable,Not  Applicable,Priority 2: Economic Transformation And Job Creation,"The Economic Sectors, Employment and Infrastructure Development cluster",2 amendments to regulations to reduce red-tape in ITAC application process,,,,,,,Amendments to Safeguard Regulations submitted to Executive Authority,"Draft Safeguard Regulations prepared and discussed with internal stakeholders. 
","Draft Safeguard regulations not submitted to Executive Authority as consultations with ITAC not yet concluded. 
","Finalise 
consultations
 with ITAC and submit to Executive Authority by end of January 2025
","Amendments to Anti-
dumping Regulations submitted to Executive Authority
","Amendments to Anti-dumping Regulations submitted to Executive Authority

Amendments to Safeguards Regulations submitted to Executive Authority
",None,None,2 amendments to regulations to reduce red-tape in ITAC application process,-,,,,,,,300
,"Trade, Industry and Competition",National,Programme 2: Trade,Programme 2: Trade,Quarterly,Number of countries that have started trading under the AfCFTA ,Not Applicable,Not  Applicable,Priority 2: Economic Transformation And Job Creation,"The Economic Sectors, Employment and Infrastructure Development cluster",11 countries that have started trading under the AfCFTA ,,,,,,,Nil,N/A,N/A,"N/A

","Report on the number
 of countries that have started trading under the AfCFTA (excluding SADC) and have been included under the SA Customs and Excise Act","Report prepared on the number of countries that have started trading under the AfCFTA (excluding SADC) .
11 countries that have started trading under the AfCFTA  (excluding SADC).
","No deviation
",None,11 countries that have started trading under the AfCFTA ,-,,,,,,,300
,"Trade, Industry and Competition",National,Programme 2: Trade,Programme 2: Trade,Quarterly,Number of economic interest strategies and implementation plans developed for key trading partners,Not Applicable,Not  Applicable,Priority 2: Economic Transformation And Job Creation,"The Economic Sectors, Employment and Infrastructure Development cluster",5 Economic Interest Strategies and implementation plans developed for key trading partners,,,,,,,Nil,N/A,N/A,"N/A

","Economic interest
 strategies and implementation plan for 5 key trading partners 
","Economic interest strategies submitted for the following countries:

Angola
Nigeria
USA
Japan
Korea
",N/A,N/A,5 Economic Interest Strategies and implementation plans developed for key trading partners,-,,,,,,,300
,"Trade, Industry and Competition",National,Programme 2: Trade,Programme 2: Trade,Quarterly,Number of Protocols submitted for ratification approved ,Not Applicable,Not  Applicable,Priority 2: Economic Transformation And Job Creation,"The Economic Sectors, Employment and Infrastructure Development cluster",2 Protocols submitted for ratification approved,,,,,,,Nil,"Submission to the Executive Authority requesting the approval of the Cab Memo on the Protocol on Competition 
Submission to the Executive Authority requesting the approval of the Cab Memo on the Protocol on Women and Youth in Trade 
","No deviation. Reporting on work in progress. 
","N/A

","Protocol on Women, 
Youth in Trade submitted for ratification
Protocol on Competition submitted for ratification
","In February 2025, Cabinet approved and recommended the Protocol on Competition Policy and the Protocol on Women and Youth in Trade to Parliament for ratification",None,None,2 Protocols submitted for ratification approved,-,,,,,,,300
,"Trade, Industry and Competition",National,Programme 2: Trade,Programme 2: Trade,Quarterly,SA offer on Trade in Services approved ,Not Applicable,Not  Applicable,Priority 2: Economic Transformation And Job Creation,"The Economic Sectors, Employment and Infrastructure Development cluster",SA offer on Trade in Services approved ,,,,,,,Nil,"Developed a differentiated offer to address problem of reciprocity in negotiations.
Cab memo and offer(s)  presented and approved by ICTS DG Cluster.  
Submission to the Executive Authority with Cabinet Memo on SA Services Schedule of specific commitments for 5 sectors
","No deviation. Reporting on work in progress. 
","N/A

","SA’s draft schedules 
of specific commitments in tourism, financial, transport, communication and business services submitted to Cabinet 
for approval","SA’s schedule of specific commitments on Trade in Services on the 5 priority sectors (Tourism, Communications, Financial Transport and business services) submitted to and approved by Cabinet.
",None,None,SA offer on Trade in Services approved ,-,,,,,,,300
,"Trade, Industry and Competition",National,Programme 2: Trade,Programme 2: Trade,Quarterly,Value (Rand) of investment facilitated through reciprocal commitments,Non-Standardized,Not  Applicable,Priority 2: Economic Transformation And Job Creation,"The Economic Sectors, Employment and Infrastructure Development cluster",,Nil  ,"R3m Reciproca

l commitments were submitted by the applicant (company name available but not disclosed due to confidentiality) in respect of investment in plant and machinery for manufacture of local solar panels
","No quarterly targets are set as it is a cumulative annual target.
Reporting is for APP weekly tracker completeness and quarterly highlight purposes only
",None,Nil ,Nil,Nil ,N/A,N/A,"N/A

","R55m 
","N/A
",N/A,N/A,R55m ,-,,,,,Nil,Nil,300
,"Trade, Industry and Competition",National,Programme 2: Trade,Programme 2: Trade,Quarterly,Value (Rand) of additional local industrial output as a result of the utilisation of rebates,Non-Standardized,Not  Applicable,Priority 2: Economic Transformation And Job Creation,"The Economic Sectors, Employment and Infrastructure Development cluster",,R8bn ,"R3.46bn

","Less additional local industrial output than had been projected in the quarterly targets
","None required as these are based on applications from industry.
",R8bn ,R4.4bn,R8bn ,N/A,N/A,"N/A

","R8bn

 ",N/A,N/A,N/A,R32bn ,-,,,,,"Fewer industry applications for rebates received, resulting in less additional 
Local industrial output than had been projected in the quarterly targets
",None required as these are based on applications from industry,300
,"Trade, Industry and Competition",National,Programme 2: Trade,Programme 2: Trade,Quarterly,"Value (Rand) of manufacturing exports facilitated under rebates, drawbacks, non-proliferation export permits and APDP",Non-Standardized,Not  Applicable,Priority 2: Economic Transformation And Job Creation,"The Economic Sectors, Employment and Infrastructure Development cluster",,R75bn ,"R48.4bn


","June SARS Export data not available yet 
deviation
","Await release of SARS data and update quarterly report
",R8bn ,R48bn,R75bn ,N/A,N/A,"N/A

","R70bn 
",N/A,N/A,N/A,R300bn ,-,,,,,September export data for APDP (vehicles) not yet received from SARS,Awaiting SARS data,300
,"Trade, Industry and Competition",National,Programme 2: Trade,Programme 2: Trade,Quarterly,"Value (Rand) of manufactured exports to African countries facilitated under rebates, drawbacks and APDP",Non-Standardized,Not  Applicable,Priority 2: Economic Transformation And Job Creation,"The Economic Sectors, Employment and Infrastructure Development cluster",,R7bn ,"R4.9bn


","June SARS Export data not available yet for APDP
","Await release of SARS data and update quarterly report
",R7bn ,R5.9bn,R7bn ,N/A,N/A,"N/A
","R7bn 

",N/A,N/A,N/A,R28bn ,-,,,,,September export data for APDP (vehicles) not yet received from SARS,Awaiting SARS data,300
,"Trade, Industry and Competition",National,Programme 2: Trade,Programme 2: Trade,Quarterly,"Number of current jobs supported (direct jobs at the time of application) as a result of implemented tariff increases, rebates, APDP program and trade remedies administered by ITAC",Non-Standardized,Not  Applicable,Priority 2: Economic Transformation And Job Creation,"The Economic Sectors, Employment and Infrastructure Development cluster",,Nil  ,"130 545

","No quarterly targets are set as it is a cumulative annual target.

Reporting is for APP weekly tracker completeness and quarterly highlight purposes only
","None
",Nil ,Nil,Nil ,N/A,N/A,"N/A
","130 000 
",N/A,N/A,N/A,130 000 ,-,,,,,Nil,Nil,300
,"Trade, Industry and Competition",National,Programme 2: Trade,Programme 2: Trade,Quarterly,"Number of new jobs created (direct jobs at the time of application) as a result of implemented tariff increases, rebates, APDP program and trade remedies administered by ITAC",Non-Standardized,Not  Applicable,Priority 2: Economic Transformation And Job Creation,"The Economic Sectors, Employment and Infrastructure Development cluster",,Nil  ,"105 
Reciproc
al commitments were submitted by the applicant (company name available but not disclosed due to confidentiality) in respect of investment in plant and machinery for R3 million as well as additional 105 new jobs following the tariff support
","No quarterly targets are set as it is a cumulative annual target.
Reporting is for APP weekly tracker completeness and quarterly highlight purposes only
",None,Nil ,Nil,Nil ,N/A,N/A,N/A,"600 
",N/A,N/A,N/A,600 ,-,,,,,Nil,Nil,300
,"Trade, Industry and Competition",National,Programme 2: Trade,Programme 2: Trade,Quarterly,"Number of Business Forums hosted aimed at supporting increased Foreign Direct Investment (FDI), exports and outward investment",Non-Standardized,Not  Applicable,Priority 2: Economic Transformation And Job Creation,"The Economic Sectors, Employment and Infrastructure Development cluster",,1,"Nil

","Egypt State Visit and Business Forum postponed till after the elections
",None,3,0,3,N/A,N/A,N/A,"2
",N/A,N/A,N/A,9,-,,,,,No State visits which required Business Forums to be held.,"Await feedback from Presidency on planned State visits that will need to have an accompanying Business Forum.

This has been removed from the amended APP as the Branch has not control over the timing of State Visits and cannot plan accordingly.
",300
,"Trade, Industry and Competition",National,Programme 2: Trade,Programme 2: Trade,Quarterly,"Number of Bills and Amendment Bills submitted to the Executive Authority (Patents Bill, Design Amendments Bill, ITA Act Amended Bill and Merchandise Marks Bill)",Non-Standardized,Not  Applicable,Priority 2: Economic Transformation And Job Creation,"The Economic Sectors, Employment and Infrastructure Development cluster",,Nil ,"Nil

",N/A,N/A,Nil ,Nil,1,N/A,N/A,N/A,"3
",N/A,N/A,N/A,4,-,,,,,Nil,Nil,300
,"Trade, Industry and Competition",National,Programme 2: Trade,Programme 2: Trade,Quarterly,Number of interventions to support the implementation of the AFCFTA,Non-Standardized,Not  Applicable,Priority 2: Economic Transformation And Job Creation,"The Economic Sectors, Employment and Infrastructure Development cluster",,Nil ,"National AfCFTA
 
Implementation committee established and 1st meeting scheduled for 2 July 2024
","No quarterly targets was set for Q1.
Reporting is for APP weekly tracker completeness and quarterly highlight purposes only
",None,2,"Progress report on the establishment of AfCFTA National Implementation Committee 
Progress report on engagement with private sector etc. to create awareness on the AfCFTA and provide support to exporters. 
",1,N/A,N/A,N/A,"1
",N/A,N/A,N/A,4,-,,,,,None,None,300
,"Trade, Industry and Competition",National,Programme 2: Trade,Programme 2: Trade,Quarterly,Number of high impact trade interventions to facilitate market access for SA products,Non-Standardized,Not  Applicable,Priority 2: Economic Transformation And Job Creation,"The Economic Sectors, Employment and Infrastructure Development cluster",,Nil ,"1 The 
introducti
on of a 10% general import duty on solar panels imported into South Africa. The aim of the duty is to protect manufacturers, attract new investments and encourage the deepening of the input value chain. The only remaining solar panel manufacturer in South Africa has received protection from low-priced imports, mainly from China.
","No target set for Q1 but reporting is for APP weekly tracker completeness and quarterly highlight purposes only
",None,2,"3 High impact trade interventions from ITAC tariff amendments implemented 
(1) Increase the rate of customs duty on lead acid batteries from 15% to 30%.
(2) Increase the general rate of customs duty on articulated dump trucks with a gross vehicle mass exceeding 50 tonnes from free of duty to 10%
(3)  Increase the general rate of customs duty on front windscreens (windshields) from 20% to 30%
",3,N/A,N/A,N/A,"5
",N/A,N/A,N/A,10,-,,,,,None,None,300
,"Trade, Industry and Competition",National,Programme 2: Trade,Programme 2: Trade,Quarterly,Number of Interventions to respond to green trade barriers,Non-Standardized,Not  Applicable,Priority 2: Economic Transformation And Job Creation,"The Economic Sectors, Employment and Infrastructure Development cluster",,1,"1 Report prepared 

on the interventions undertaken to respond to green trade barriers 
(EU CBAM and UK CBAM)

SA submission on UK CBAM developed and finalized in consultation with stakeholders (private and other Government Departments) and submitted to the UK
",N/A,N/A,1,Report prepared on interventions undertaken to respond to green trade barriers.,1,N/A,N/A,N/A,"1
",N/A,N/A,N/A,4,-,,,,,None,None,300
,"Trade, Industry and Competition",National,Programme 2: Trade,Programme 2: Trade,Quarterly,Number of reports on 96% achievement of KPIs and the impact of the work of entities (Competition entities),Non-Standardized,Not  Applicable,Priority 2: Economic Transformation And Job Creation,"The Economic Sectors, Employment and Infrastructure Development cluster",,1,"1 Quarterly

 meeting held on 27 June 2024
",N/A,N/A,1,Minutes for quarterly meeting held on 19 September 20204,1,N/A,N/A,N/A,"1
",N/A,N/A,N/A,4,-,,,,,None,None,300
,"Trade, Industry and Competition",National,Programme 2: Trade,Programme 2: Trade,Quarterly,Number of amendments to reduce red-tape in ITAC application process submitted to Executive Authority (Amended Countervailing Regulation and Amended Tariff Investigation Regulations),Non-Standardized,Not  Applicable,Priority 2: Economic Transformation And Job Creation,"The Economic Sectors, Employment and Infrastructure Development cluster",,Nil ,"2 Frozen veggie 
impact assessment completed
CMT Policy brief completed
 
","No targets were set for Q1. Reporting is for APP weekly tracker completeness and quarterly highlight purposes only
",None,Nil ,Nil,1,N/A,N/A,N/A,"Nil 
",N/A,N/A,N/A,1,-,,,,,Nil,Nil,300
,"Trade, Industry and Competition",National,Programme 2: Trade,Programme 2: Trade,Quarterly,"Number of legal instruments under the AfCFTA finalised (Tariff offers, Schedule of Commitments, Rules of Origin, Protocols and Annexes to protocols)",Non-Standardized,Not  Applicable,Priority 2: Economic Transformation And Job Creation,"The Economic Sectors, Employment and Infrastructure Development cluster",,Nil ,"Nil

",N/A,N/A,2,"Progress report on submission of Cabinet memo on the ratification of the Competition Protocol under the AfCFTA 
Progress report on Submission of the Services Offer to the AfCFTA Secretariat
",1,N/A,N/A,N/A,"5
",N/A,N/A,N/A,8,-,,,,,None,None,300
,"Trade, Industry and Competition",National,Programme 2: Trade,Programme 2: Trade,Quarterly,Number of assessment reports on Trade Instruments applied for and issued,Non-Standardized,Not  Applicable,Priority 2: Economic Transformation And Job Creation,"The Economic Sectors, Employment and Infrastructure Development cluster",,Nil ,"2 Frozen veggie

 impact assessment completed
CMT Policy brief completed
","No targets were set for Q1. Reporting is for APP weekly tracker completeness and quarterly highlight purposes only
",None,3,"- Frozen veggie impact assessment completed.
- CMT Policy brief completed.
- Conical Steel drums impact assessment completed.

",0,N/A,N/A,N/A,"3
",N/A,N/A,N/A,6,-,,,,,None,None,300
,"Trade, Industry and Competition",National,Programme 3: Investment and Spatial Industrial Development,Programme 3: Investment and Spatial Industrial Development,Quarterly,Number of investor facilitation and red tape reduction interventions provided,Not Applicable,Not  Applicable,Priority 2: Economic Transformation And Job Creation,"The Economic Sectors, Employment and Infrastructure Development cluster",100 investor facilitation and red tape reduction interventions provided,,,,,,,25,"26
21 Facilitation/Site
visits
5 red tape reduction
interventions
(unblockings)
","There is an increase in
new applications being
received due to
perceived opportunities
in the services sector
and ZEP holders
applying for Business
Visas.
","N/A

",25,28,"Reorganised workflow processes to focus on location
",None,100 investor facilitation and red tape reduction interventions provided,-,,,,,,,300
,"Trade, Industry and Competition",National,Programme 3: Investment and Spatial Industrial Development,Programme 3: Investment and Spatial Industrial Development,Quarterly,Number of new models for spatial transformation developed,Not Applicable,Not  Applicable,Priority 2: Economic Transformation And Job Creation,"The Economic Sectors, Employment and Infrastructure Development cluster",1 New model for spatial transformation developed,,,,,,,Nil,N/A,N/A,"N/A

",1,"1 New model for spatial transformation developed
",None,None,1 New model for spatial transformation developed,-,,,,,,,300
,"Trade, Industry and Competition",National,Programme 3: Investment and Spatial Industrial Development,Programme 3: Investment and Spatial Industrial Development,Quarterly,Number of Projects processed through the energy one stop shop ,Not Applicable,Not  Applicable,Priority 2: Economic Transformation And Job Creation,"The Economic Sectors, Employment and Infrastructure Development cluster",3 Projects processed through the energy one stop shop,,,,,,,Nil,N/A,N/A,"N/A

",3,Nil,"The target was achieved in the other quarters. This is an annual target.
",None,3 Projects processed through the energy one stop shop,-,,,,,,,300
,"Trade, Industry and Competition",National,Programme 3: Investment and Spatial Industrial Development,Programme 3: Investment and Spatial Industrial Development,Quarterly,Number of Prototypes for commercialisation of innovation projects achieved ,Not Applicable,Not  Applicable,Priority 2: Economic Transformation And Job Creation,"The Economic Sectors, Employment and Infrastructure Development cluster",1 Prototypes for commercialisation of innovation projects achieved ,,,,,,,Nil,N/A,N/A,"N/A

",1,"1 Prototypes for commercialization of innovation projects  achieved 
",None,None,"1 Prototypes for commercialisation of innovation projects achieved 
",-,,,,,,,300
,"Trade, Industry and Competition",National,Programme 3: Investment and Spatial Industrial Development,Programme 3: Investment and Spatial Industrial Development,Quarterly,Number of red tape reductions processed through the Energy One-Stop Shop ,Not Applicable,Not  Applicable,Priority 2: Economic Transformation And Job Creation,"The Economic Sectors, Employment and Infrastructure Development cluster",10 red tape reductions processed through the energy one stop shop ,,,,,,,Nil,"1.Thebelele Energy
2.PPC Dwaalboom
Slurry
3.Nyakallo Solar
4.Earth & Wire Project
5.Earth & Wire Project 5 (Redding)
6.Earth & Wire Project 4 (Hamlett)
7. Earth & Wire Project 3 (Aeoulus)
8.Earth & Wire Project 1 (Wind Garden
Fronteer)
9. SACE Projects (Cullinan Solar
Energy Farm)
10. Earth & Wire Project 2 (Relic)
11. Earth & Wire Project 1 (Wind
Garden & Fronteer)
","Acceded target as
engagements with
Departments related to
unblocking challenges
(red tape) for
Developers (IPPs) is
ongoing.
","N/A

",10,"3 
Deviation Application – DFFE
SPLUMA Application – Mathjabeng Municipality 
Consent letter on Load curtailment – City of Tshwane
","The target was achieved in the other quarters. This is an annual target.
",None,"10 red tape reductions processed through the energy one stop shop 
",-,,,,,,,300
,"Trade, Industry and Competition",National,Programme 3: Investment and Spatial Industrial Development,Programme 3: Investment and Spatial Industrial Development,Quarterly,Rand value of domestic and foreign direct investment attracted through greenfield and brownfield investments ,Not Applicable,Not  Applicable,Priority 2: Economic Transformation And Job Creation,"The Economic Sectors, Employment and Infrastructure Development cluster",R330bn of domestic and foreign direct investment attracted through greenfield and brownfield investments,,,,,,,5bn,"Second Milling Line –
R59million
Defy – R500million
HiSense – R63,9million
Viatris – R100million
Pepsi Co – R860million
Rheinmettal Denel
Munition – R731million
Kampstrup –
R20million
Balancell – R150million
FAW Plant –
R200million
Pelliconi – R195million
Devmco – R5billion
Total: R7,8 billion
","After the elections,
companies are now
investing
","Continue with the
same modus
operandi to increase
Investments


",R242bn,"1. DEVMCO GROUP – R5.9 billion
2.TINLEY LEISURE – R2.3 billion
3. COLLINS RESIDENTIAL – R10 billion
4. EDSTAN GROUP – R5.4 billion
5. INSIMBI RIDGE – R1 billion
6. TOYOTA SOUTH AFRICA MOTORS (PTY) LTD – R2.7 billion
7. DEFY APPLIANCES (PTY) LTD – R500 million
8. UMDONI POINT – R3.6 billion
9. NATAL PORTLAND CEMENT (PTY) LTD – R1.2 billion
10. WESTOWN SHONGWENI – R15 billion
11. ALLEYROADS GROUP – R10 billion
12. MOOLMAN GROUP – R1.5 billion
13. RICHARDS BAY MINERALS – R850 million
14. EDISON PROPERTY GROUP – R4.2 billion
15. SOUTHERN AFRICA – R10.8 billion
16. GROWTHPOINT – R800 million
17. ZERO CARBON CHARGE – R9.4 billion

Grand Total for KZN  Investments: R85.2 Billion

18. NORWEGIAN INVESTMENTS R95 477 968.00 billion (4.6 euros)

LIMPOPO INVESTMENTS
19. LIMPOPO THEATRE – R315 million
20. . AGANANG SHOPPING MALL – R200 Million
21. ABOK PHARMACEUTICAL – R264 Million
22. THAVHANI MALL – R300 Million
23. LEBOWAKGOMO BULK WATER – R393 Million (Project 1)
24. LIMPOPO CONSOLIDATION CENTRE – R500Million
25. LEBOWAKGOMO BULK WATER – R607 Million (Project 2)
27. KINETIC – R850 Million (phase 1)
28. DOUG CAPITAL – R1,5 Billion
29. MP3 MINING & ENGINEERING – R1 Billion
30. SYNERGY FUEL TERMINAL – R2.4 Billion
31. IVAN PLATS – R2.5 Billion
31. JBK ENGINEERING – R2.5 BILLION
32. MOPANI MKHUFI – R2,8  BILLION
33. ZEBEDIELA NICKEL – R3 BILLION
34. MANTENGU MINING – R3.3 BILLION
35. NETWORTH – R4 BILLION
36. SKYWORTH GREEN ENERGY – R4 BILLION
37. SANRAL – R4,1 BILLION
38. MASINGITA PROJECTS ( Nkuna City – R2,6 Billion; Kremetart – R800 million; Masingita Commercial Zone – R600 million; Malamulele Regional Mall – R300 Million; Boabab Plaza – R200 Million) =R4.5Billion
39. GIYANI SOLAR – R7 Billion
40. Zero arbon charge – R7.2 Billion
41. Generic Core Sustainable energies – R8.6 Billion
42. Kulani Energy – R10 Billion
43. Mafolo Park – R12.5 Billion
44. Kona Maanda – R36 Billion
Grand total for Limpopo Investments: R120 329 Billion
38. MASINGITA PROJECTS ( Nkuna City – R2,6 Billion; Kremetart – R800 million; Masingita Commercial Zone – R600 million; Malamulele Regional Mall – R300 Million; Boabab Plaza – R200 Million) =R4.5Billion
39. GIYANI SOLAR – R7 Billion
40. Zero arbon charge – R7.2 Billion
41. Generic Core Sustainable energies – R8.6 Billion
42. Kulani Energy – R10 Billion
43. Mafolo Park – R12.5 Billion
44. Kona Maanda – R36 Billion
Grand total for Limpopo Investments: R120 329 Billion
45. COEGA
R460million

46. Afro-Zonke and Draslovka (NaCN) – R500million

KwaZulu Natal

47. SRF Flexipack – R120 Million
48. YOAC – R60 Million
Gauteng
49. First Battery R72 058 754
50. RosemaBricks – R16 Million
Western cape
51. Afrigen – R116 Million

Grand Total: R305 266 782 754.00
",None,None,R330bn of domestic and foreign direct investment attracted through greenfield and brownfield investments,-,,,,,,,300
,"Trade, Industry and Competition",National,Programme 3: Investment and Spatial Industrial Development,Programme 3: Investment and Spatial Industrial Development,Quarterly,"Number of jobs supported, or covered by Master Plans",Non-Standardized,Not  Applicable,Priority 2: Economic Transformation And Job Creation,"The Economic Sectors, Employment and Infrastructure Development cluster",,5 000,"26 978
",N/A ,N/A ,8 000," 27 346

",6 000,N/A,N/A,"N/A

",8 000 ,N/A,N/A,N/A,27 000 ,-,,,,,None,None,300
,"Trade, Industry and Competition",National,Programme 3: Investment and Spatial Industrial Development,Programme 3: Investment and Spatial Industrial Development,Quarterly,Number of jobs to be created through branch interventions,Non-Standardized,Not  Applicable,Priority 2: Economic Transformation And Job Creation,"The Economic Sectors, Employment and Infrastructure Development cluster",,1 030 ,0,"Companies are not obliged to report, company (fatigue) trying to resuscitate the relationships with companies to report on a quarterly basis
","Resuscitate the relationships with companies to report on a quarterly basis
",3 500 ," 2213


",2 800 ,N/A,N/A,"N/A

",2 300 ,N/A,N/A,N/A,9 630 ,-,,,,,"Companies are not obliged to report, company (fatigue) trying to resuscitate the relationship with companies to report on a quarterly basis

",Resuscitate the relationships with companies to report on a quarterly basis,300
,"Trade, Industry and Competition",National,Programme 3: Investment and Spatial Industrial Development,Programme 3: Investment and Spatial Industrial Development,Quarterly,Number of jobs supported through branch interventions in Black Industrialist firms,Non-Standardized,Not  Applicable,Priority 2: Economic Transformation And Job Creation,"The Economic Sectors, Employment and Infrastructure Development cluster",,Nil ,Nil  ,N/A ,N/A ,Nil  ,	Nil,Nil ,N/A,N/A,"N/A

",1 600 ,N/A,N/A,N/A,1 600 ,-,,,,,None,None,300
,"Trade, Industry and Competition",National,Programme 3: Investment and Spatial Industrial Development,Programme 3: Investment and Spatial Industrial Development,Quarterly,Number of new SEZ applications considered for designation,Non-Standardized,Not  Applicable,Priority 2: Economic Transformation And Job Creation,"The Economic Sectors, Employment and Infrastructure Development cluster",,Nil  ,Nil  ,N/A ,N/A ,Nil  ,	Nil,One (1) application assessed and submitted to Minister for consideration,N/A,N/A,"N/A
",Nil  ,N/A,N/A,N/A,1,-,,,,,None,None,300
,"Trade, Industry and Competition",National,Programme 3: Investment and Spatial Industrial Development,Programme 3: Investment and Spatial Industrial Development,Quarterly,Number of Megawatts of energy projects facilitated,Non-Standardized,Not  Applicable,Priority 2: Economic Transformation And Job Creation,"The Economic Sectors, Employment and Infrastructure Development cluster",,Nil ,Nil  ,N/A,N/A,Nil  ,"
110MW

",Nil  ,N/A,N/A,"N/A
",800MW ,N/A,N/A,N/A,800MW ,-,,,,,"Due to availability

",None,300
,"Trade, Industry and Competition",National,Programme 3: Investment and Spatial Industrial Development,Programme 3: Investment and Spatial Industrial Development,Quarterly,Number of Megawatts of energy available for the grid,Non-Standardized,Not  Applicable,Priority 2: Economic Transformation And Job Creation,"The Economic Sectors, Employment and Infrastructure Development cluster",,50MW,0 ,"Companies are not obliged to report, company (fatigue) trying to resuscitate the relationships with companies to report on a quarterly basis
","resuscitate the relationships with companies to report on a quarterly basis
",50MW,"Sediba Solar at 80MW (30 Sept 2024)
Burger King – 2.7 MW

",50MW,N/A,N/A,"N/A
",100MW ,N/A,N/A,N/A,250MW ,-,,,,,"Companies are not obliged to report, company (fatigue) trying to resuscitate the relationships with companies to report on a quarterly basis
","Resuscitate the relationships with companies to report on a quarterly basis
",300
,"Trade, Industry and Competition",National,Programme 3: Investment and Spatial Industrial Development,Programme 3: Investment and Spatial Industrial Development,Quarterly,Number of Unblockings- challenges encountered by IPPs (number of challenges unblocked) could be multiple per Developer(. 10 - 15 challenges unblocked ),Non-Standardized,Not  Applicable,Priority 2: Economic Transformation And Job Creation,"The Economic Sectors, Employment and Infrastructure Development cluster",,Nil ,Nil ,N/A ,N/A ,Nil ,"•Buffelspooort –DWS– WULA at 45MW
•Impilo-ATNS Unblocking, 400 MW
•Naos Solar SANRAL unblocking, 300MW
•Wind Garden, ATNS unblocking 94MW
Total: 839 MW
",Nil ,N/A,N/A,"N/A
",10 ,N/A,N/A,N/A,10 ,-,,,,,Due to availability,None,300
,"Trade, Industry and Competition",National,Programme 3: Investment and Spatial Industrial Development,Programme 3: Investment and Spatial Industrial Development,Quarterly,Number of Projects in the development pipeline (financial closure and construction with a Commercial Operational Date) 3 – 5 projects supported,Non-Standardized,Not  Applicable,Priority 2: Economic Transformation And Job Creation,"The Economic Sectors, Employment and Infrastructure Development cluster",,Nil ,Nil ,N/A ,N/A ,Nil ,"As indicated below a total of 80 MW in projects achieved Financial closure
•Sediba Solar at 80MW (30 Sept 2024)

",Nil ,N/A,N/A,"N/A
",3,N/A,N/A,N/A,3,-,,,,,Due to availability,None,300
,"Trade, Industry and Competition",National,Programme 3: Investment and Spatial Industrial Development,Programme 3: Investment and Spatial Industrial Development,Quarterly,Number of investor facilitation and unblocking interventions provided,Non-Standardized,Not  Applicable,Priority 2: Economic Transformation And Job Creation,"The Economic Sectors, Employment and Infrastructure Development cluster",,25,"12 investor facilitations & 28 unblocking’s
","Due to requests from clients
",N/A ,25,"12 investor facilitations & 28 unblocking’s Unblockings for companies (Visas) – 84
Facilitations – 39
Unblockings – 30
Total: 153
",25,N/A,N/A,"N/A
",25,N/A,N/A,N/A,100 investor facilitation & unblocking’s,-,,,,,Due to requests from clients,None,300
,"Trade, Industry and Competition",National,Programme 3: Investment and Spatial Industrial Development,Programme 3: Investment and Spatial Industrial Development,Quarterly,Number of investment conferences (SAIC) hosted,Non-Standardized,Not  Applicable,Priority 2: Economic Transformation And Job Creation,"The Economic Sectors, Employment and Infrastructure Development cluster",,Nil ,Nil  ,N/A ,N/A ,Nil ,	Nil,Nil ,N/A,N/A,"N/A
",1,N/A,N/A,N/A,1,-,,,,,None,None,300
,"Trade, Industry and Competition",National,Programme 3: Investment and Spatial Industrial Development,Programme 3: Investment and Spatial Industrial Development,Quarterly,Value (Rand) of investment facilitated through investment support and Special Economic Zones,Non-Standardized,Not  Applicable,Priority 2: Economic Transformation And Job Creation,"The Economic Sectors, Employment and Infrastructure Development cluster",,R20bn ,"R21,52 Bn
",N/A ,N/A ,R63bn ,"Sivetek  - R80mil
Harvest Bag – R128.5mil
Amana – R4.7mil
Yanfeng Plastic Omnium (YFPO) – R1billion
Toyota Ogihara launch – R1.175billion
Ericson – R400million
Rayal Tiles – R300million
Megamillion – R50million
Cleopatra – R100million
El Sewedy Meters/ Khumza Trading – R52.355
Sub total : R3. 68 Billion

SEZ OR Tambo
Metal Concentrators – R102
Isabella Jewellers – R4million
Pioneer Diamond tender House – R50million
Stargems – R100million
Akapo – R2million
Thoko’s Diamonds R3.5 million
Kwame Diamonds – R5million
Sub Total:  R263million

Diamante Antwerp – R10million
Razita – R23million
Janmac/ Auro Start – R40 million
Fine Star – R34million
Ferrari Logistics – R24million
Fula Emoyeni Wind Energy Project – R11.5 billion
Volkswagen SA (Kariega Plant for SUV production) – R4billion
Hulamin R2 billion
Sub Total: R17,631billion

Grand Total: R21, 574 Billion

",R65bn ,N/A,N/A,N/A,R52bn ,N/A,N/A,N/A,R200bn ,-,,,,,"Companies are not obliged to report, company (fatigue) trying to resuscitate the relationship with companies to report on a quarterly basis
","Resuscitate the relationships with companies to report on a quarterly basis
",300
,"Trade, Industry and Competition",National,Programme 3: Investment and Spatial Industrial Development,Programme 3: Investment and Spatial Industrial Development,Quarterly,Value of additional local output committed or achieved through investment,Non-Standardized,Not  Applicable,Priority 2: Economic Transformation And Job Creation,"The Economic Sectors, Employment and Infrastructure Development cluster",,R150m ,"AMKA R854 916
","Companies are not obliged to report, company (fatigue) trying to resuscitate the relationships with companies to report on a quarterly basis
","Resuscitate the relationships with companies to report on a quarterly basis
",R350m ,"R8,011,711.49",R500m ,N/A,N/A,"N/A
",R500m ,N/A,N/A,N/A,R1.5bn ,-,,,,,Due to increased local output,None,300
,"Trade, Industry and Competition",National,Programme 3: Investment and Spatial Industrial Development,Programme 3: Investment and Spatial Industrial Development,Quarterly,Value of manufacturing exports facilitated through branch interventions,Non-Standardized,Not  Applicable,Priority 2: Economic Transformation And Job Creation,"The Economic Sectors, Employment and Infrastructure Development cluster",,Nil ,Nil  ,N/A ,N/A ,R5bn ," R1 224 245 432

",R6bn ,N/A,N/A,"N/A
",R6bn ,N/A,N/A,N/A,R17bn ,-,,,,,"Companies are not obliged to report, company (fatigue) trying to resuscitate the relationship with companies to report on a quarterly basis

","Resuscitate the relationships with companies to report on a quarterly basis
",300
,"Trade, Industry and Competition",National,Programme 3: Investment and Spatial Industrial Development,Programme 3: Investment and Spatial Industrial Development,Quarterly,Value of support on Black Industrialist Output achieved through branch interventions,Non-Standardized,Not  Applicable,Priority 2: Economic Transformation And Job Creation,"The Economic Sectors, Employment and Infrastructure Development cluster",,R200m ,"PharmaQ - R8,9M
","Companies are not obliged to report, company (fatigue) trying to resuscitate the relationships with companies to report on a quarterly basis
Corrective measure: 
Resuscitate the relationships with companies to report on a quarterly basis
","Resuscitate the relationships with companies to report on a quarterly basis
",R350m ,"R1,39 Billion",R350m ,N/A,N/A,"N/A
",R350m ,N/A,N/A,N/A,R1.25bn ,-,,,,,Due to increased outputs,None,300
,"Trade, Industry and Competition",National,Programme 5: Regulation,Programme 5: Regulation,Quarterly,E-commerce strategy and action plan developed and submitted to Executive Authority for approval,Standardized,Not  Applicable,Priority 2: Economic Transformation And Job Creation,"The Economic Sectors, Employment and Infrastructure Development cluster",1 E-commerce strategy and action plan developed and submitted to Executive Authority for approval,,,,,,,One (1) Action plan developed ,"One (1) Action plan (project plan) developed 
","N/A
","N/A

",One(1) draft E-Commerce Strategy developed and submitted to Executive Authority for approval  ,"One(1) draft E-Commerce Strategy developed and submitted to Executive Authority for approval 
",N/A,N/A,1 E-commerce strategy and action plan developed and submitted to Executive Authority for approval,-,,,,,,,300
,"Trade, Industry and Competition",National,Programme 5: Regulation,Programme 5: Regulation,Quarterly,Number of  Codes on (Consumer  Goods and  Services and  Motor industry ) developed and submitted to Executive Authority for publication in the Government Gazette,Standardized,Not  Applicable,Priority 2: Economic Transformation And Job Creation,"The Economic Sectors, Employment and Infrastructure Development cluster",2 codes on (Consumer  Goods and Services and Motor Industry) developed and submitted to Executive Authority for publication in the government gazette,,,,,,,,N/A,N/A,"N/A
",2 codes on (Consumer  Goods and Services and Motor  Industry) developed and submitted to Executive Authority for publication in the government gazette ,"2 codes on (Consumer  Goods and Services and Motor  Industry) developed and submitted to Executive Authority for publication in the government gazette 
",N/A,N/A,2 codes on (Consumer  Goods and Services and Motor  Industry) developed and submitted to Executive Authority for publication in the government gazette ,-,,,,,,,300
,"Trade, Industry and Competition",National,Programme 5: Regulation,Programme 5: Regulation,Quarterly,Number of action plans developed and actions taken on measures related to business rescue  and reports submitted to Executive for approval,Standardized,Not  Applicable,Priority 2: Economic Transformation And Job Creation,"The Economic Sectors, Employment and Infrastructure Development cluster",2 Action plans developed and actions taken on measures related to business rescue and reports submitted to Executive Authority for approval,,,,,,,"Action Plan developed and
One (1) action taken on measures related to business rescue and report submitted to Executive Authority for approval
","Action Plan was developed and
One (1) action taken on measures related to business rescue and report submitted to Executive Authority for approval

A brainstorming technical dialogue was held with industry experts, business rescue associations and other regulators to identify challenges and actions
",N/A,"N/A
",One(1) action taken on measures related to business rescue  and report submitted to Executive Authority for approval ,"2 actions taken on measures related to business rescue  and report submitted to Executive Authority for approval  
",N/A,N/A, 2 Action plans developed and actions taken on measures related to business rescue and reports submitted to Executive Authority for approval,-,,,,,,,300
,"Trade, Industry and Competition",National,Programme 5: Regulation,Programme 5: Regulation,Quarterly,Number of documents/ or notice for the Proclamation of the Companies Amendments Acts developed and  submitted to the Executive Authority for submission to the Presidency,Standardized,Not  Applicable,Priority 2: Economic Transformation And Job Creation,"The Economic Sectors, Employment and Infrastructure Development cluster",2 documents/ or notice for the Proclamation of the Companies Amendments Acts developed and  submitted to the Executive Authority,,,,,,,1,"2 documents (submission, Notices) were submitted to Minister for the two Acts.

Ensured the approval process in the Presidency of the proclamation and President’s minutes.

The Acts were published in the government gazette on 27 December 2024.

The Acts came into force. The entire Companies Second Amendment Act and selected sections of the Companies Amendment Act became operational.
","The branch was able to facilitate the approval of the proclamation process in addition , the Acts  also came into operation. 
","N/A
",1,"Target achieved in Q3
",N/A,N/A,2 documents/ or notice for the Proclamation of the Companies Amendments Acts developed and  submitted to the Executive Authority,-,,,,,,,300
,"Trade, Industry and Competition",National,Programme 5: Regulation,Programme 5: Regulation,Quarterly,Number of Draft Regulations developed and submitted  to Executive Authority for publication in the Government Gazette,Standardized,Not  Applicable,Priority 2: Economic Transformation And Job Creation,"The Economic Sectors, Employment and Infrastructure Development cluster",2 Draft Regulations developed and submitted to the Executive Authority for publication in the Government Gazette,,,,,,,1,1,N/A,"N/A
",1,Draft Regulations in Consumer Protection developed with progress report submitted to the Executive Authority for noting,"Draft Regulations were submitted to Minister for noting.

Regulations yet to be final for publication due to outstanding processes(consultations with implementation Agency and other Regulatory Agencies influencing the implementation of the Regulations including translation into isiZulu and vetting of the final Regulations State Law Advisers) influencing the finalisation of the Regulations.
","Finalise the outstanding processes in Q1 of the 2025/26 financial and recommend the final Regulations to the Executive Authority for publication in the Government Gazette.
",2 Draft Regulations developed and submitted to the Executive Authority for publication in the Government Gazette,-,,,,,,,300
,"Trade, Industry and Competition",National,Programme 5: Regulation,Programme 5: Regulation,Quarterly,Number of legal and technical reports submitted on technical inputs into the amendment of the Companies Act,Standardized,Not  Applicable,Priority 2: Economic Transformation And Job Creation,"The Economic Sectors, Employment and Infrastructure Development cluster",2 legal and technical reports submitted into the amendment of the Companies Act,,,,,,,1,"2 legal and technical reports submitted to National Treasury on the draft GLA Bill

Consultation with National Treasury, dtic entities-CT and CIPC
","Additional submission was made to the Bill following further consultation with National Treasury
","N/A
",1,"Target achieved in Q3
",N/A ,N/A, 2 legal and technical reports submitted into the amendment of the Companies Act,-,,,,,,,300
,"Trade, Industry and Competition",National,Programme 5: Regulation,Programme 5: Regulation,Quarterly,Number of workshops in areas outside the metros to support SMMEs,Non-Standardized,Not  Applicable,Priority 2: Economic Transformation And Job Creation,"The Economic Sectors, Employment and Infrastructure Development cluster",,5,5,N/A ,N/A ,5,1,5,"N/A
","N/A
","N/A

",5,N/A,N/A,N/A,20,-,,,,,"Bulk of workshops were organised for the first week of October 2024 by the hosting stakeholder.

","More workshops will be conducted in Q3 to make up for the non-achievement. 
",300
,"Trade, Industry and Competition",National,Programme 5: Regulation,Programme 5: Regulation,Quarterly,Number of Education workshops to support SMMEs,Non-Standardized,Not  Applicable,Priority 2: Economic Transformation And Job Creation,"The Economic Sectors, Employment and Infrastructure Development cluster",,5,5,N/A ,N/A ,5,2,5,"N/A
","N/A
","N/A

",5,N/A,N/A,N/A,20,-,,,,,"Bulk of workshops were organised 
for the first week of October 2024 by the hosting stakeholder.
","More workshops will be conducted in Q3 to make up for the non-achievement. 
",300
,"Trade, Industry and Competition",National,Programme 5: Regulation,Programme 5: Regulation,Quarterly,Number of jobs supported from liquor distributors & lotteries,Non-Standardized,Not  Applicable,Priority 2: Economic Transformation And Job Creation,"The Economic Sectors, Employment and Infrastructure Development cluster",,"12 000(liquor ) 
1 000 (lotteries)
","7616


1 791
",N/A ,N/A ,"8 000(liquor )
2 000 (lotteries)","7825

1 640
","10 000(liquor )
4 000 (lotteries)
","N/A
","N/A
","N/A

","5 000(liquor )
3 000(lotteries)",N/A,N/A,N/A,"35 000 (liquor)
10 000 (lotteries)",-,,,,,"The NLA supports job creation by issuing registration 
certificates. Jobs creation is as a result of the number of registration applied for and approved over a particular period & Jobs are verified as per the number of projects visited by the NLC

","NLA has no control over applications received and/or renewed & More projects to be visited to determine number of jobs retained and/ or created by NLC
",300
,"Trade, Industry and Competition",National,Programme 5: Regulation,Programme 5: Regulation,Quarterly,Number of reports on the implementation of the Beneficial Ownership Register and remedial actions taken by the CIPC,Non-Standardized,Not  Applicable,Priority 2: Economic Transformation And Job Creation,"The Economic Sectors, Employment and Infrastructure Development cluster",,Nil ,N/A ,N/A ,N/A ,1,1,Nil ,"N/A
","N/A
","N/A

",1,N/A,N/A,N/A,2,-,,,,,"More projects to be visited to determine number of jobs retained and/ or created by NLC

",N/A,300
,"Trade, Industry and Competition",National,Programme 5: Regulation,Programme 5: Regulation,Quarterly,Number of Draft Regulations developed on Companies Amendment Bill/Act,Non-Standardized,Not  Applicable,Priority 2: Economic Transformation And Job Creation,"The Economic Sectors, Employment and Infrastructure Development cluster",,Nil ,N/A ,N/A ,N/A ,Nil ,"N/A
",Nil ,"N/A
","N/A
","N/A

",One draft Regulations developed on the Companies Amendment Bill/ Act and submitted to Executive Authority (Minister),N/A,N/A,N/A,One draft Regulations developed on Companies Amendment Bill/ Act and submitted to Executive Authority (Minister),-,,,,,"N/A

","N/A
",300
,"Trade, Industry and Competition",National,Programme 5: Regulation,Programme 5: Regulation,Quarterly,Number of reports on successful actions completed on price monitoring and excessive pricing or price gouging,Non-Standardized,Not  Applicable,Priority 2: Economic Transformation And Job Creation,"The Economic Sectors, Employment and Infrastructure Development cluster",,2,"2 actions reported by the NCC
",N/A ,N/A ,2,1,3,"N/A
","N/A
","N/A

",3,N/A,N/A,N/A,10,-,,,,,"NCC has not concluded inspections following the compliance Notices issued to 
suppliers. They issued 33 Compliance Notices to companies in a market operation and this included investigations. They consider this as 1 action and a single operation. The Compliance Notices were not appealed to the NCT by suppliers within the prescribed time (15 days). The inspections are to verify that the changes have been made by the suppliers.
","Progress on the inspections and investigations and outcomes will be reported during quarter three. 
",300
,"Trade, Industry and Competition",National,Programme 6: Incentives,Programme 6: Incentives,Quarterly,Implementation of an integrated Industrial Financing single access ,Standardized,Not  Applicable,Priority 2: Economic Transformation And Job Creation,"The Economic Sectors, Employment and Infrastructure Development cluster",1 Implementation of an integrated Industrial Financing single access ,,,,,,,Nil,N/A,N/A,"N/A
",1,"1 Implementation of an integrated Industrial Financing single access 
"," N/A
","N/A
",1 Implementation of an integrated Industrial Financing single access ,-,,,,,,,300
,"Trade, Industry and Competition",National,Programme 6: Incentives,Programme 6: Incentives,Quarterly,Number of new jobs created,Standardized,Not  Applicable,Priority 2: Economic Transformation And Job Creation,"The Economic Sectors, Employment and Infrastructure Development cluster",6 000 new jobs created,,,,,,,Nil,N/A,N/A,"N/A
",3500,"5 179
","BPS/GBS and AIS  contributed to the high number of new jobs created
","N/A
",6 000 new jobs created,-,,,,,,,300
,"Trade, Industry and Competition",National,Programme 6: Incentives,Programme 6: Incentives,Quarterly,Rand value disbursed to  projects/ enterprises  ,Standardized,Not  Applicable,Priority 2: Economic Transformation And Job Creation,"The Economic Sectors, Employment and Infrastructure Development cluster",4bn value disbursed to projects/ enterprises  ,,,,,,,Nil,"N/A
","N/A
","N/A
",R4bn,"R4,088 bn
","Spending for budget allocated for 2024/25 was achieved
","N/A
",4bn value disbursed to projects/ enterprises  ,-,,,,,,,300
,"Trade, Industry and Competition",National,Programme 6: Incentives,Programme 6: Incentives,Quarterly,Rand value of export revenue of Global Business Services,Standardized,Not  Applicable,Priority 2: Economic Transformation And Job Creation,"The Economic Sectors, Employment and Infrastructure Development cluster",R5bn value of export revenue of Global Business Services,,,,,,,R1bn ,"R2,740bn
","Deviation from planned Q3 target was due to high value of exports reported from BPS & GBS claims received and paid.
","N/A
",R2bn ,"R3,727 bn
","Deviation from planned annual target was due to high value of exports reported from BPS & GBS claims received and paid.
","N/A
",R5bn value of export revenue of Global Business Services,-,,,,,,,300
,"Trade, Industry and Competition",National,Programme 6: Incentives,Programme 6: Incentives,Quarterly,Rand value of investment through industrial financing,Standardized,Not  Applicable,Priority 2: Economic Transformation And Job Creation,"The Economic Sectors, Employment and Infrastructure Development cluster",R13bn value  of investment  through industrial financing,,,,,,,Nil,"R1,469bn
","APP was amended for the new priorities, and the annual target for this output indicator was reduced. 


","APP was amended for the new priorities, and the annual target for this output indicator was reduced. 

",Nil,"R2,615bn
","AIS and CIP contributed to the high value of investment facilitated through industrial financial support
","N/A
",R13bn value  of investment  through industrial financing,-,,,,,,,300
,"Trade, Industry and Competition",National,Programme 6: Incentives,Programme 6: Incentives,Quarterly,Value (Rand) of investment facilitated through industrial financial support,Non-Standardized,Not  Applicable,Priority 2: Economic Transformation And Job Creation,"The Economic Sectors, Employment and Infrastructure Development cluster",,R5bn ,"R0,529 bn
","The submission for appointment of members of Adjudication Committees (ACs) was approved on 19 April 2024, and the ACs started approving projects in May. Budget for other incentive schemes was depleted.
","Reduce annual target when revising the APP for the new priorities.
",R8bn ,"R8,973bn
",R4bn ,N/A,N/A,"N/A
",R3bn ,N/A,N/A,N/A,R20bn,-,,,,,"AIS and CIP contributed to the high value of investment facilitated through industrial financial support
",N/A,300
,"Trade, Industry and Competition",National,Programme 6: Incentives,Programme 6: Incentives,Quarterly,Value (Rand) of additional local output projected,Non-Standardized,Not  Applicable,Priority 2: Economic Transformation And Job Creation,"The Economic Sectors, Employment and Infrastructure Development cluster",,Nil,N/A ,N/A ,N/A ,R350m ,"R7,391bn
",Nil,N/A,N/A,"N/A
",R400m ,N/A,N/A,N/A,R750m,-,,,,,"Deviation from planned Q2 target was due to high value of additional local output projected from AIS claims received and paid
",N/A,300
,"Trade, Industry and Competition",National,Programme 6: Incentives,Programme 6: Incentives,Quarterly,Value (Rand) of additional local output achieved,Non-Standardized,Not  Applicable,Priority 2: Economic Transformation And Job Creation,"The Economic Sectors, Employment and Infrastructure Development cluster",,Nil,N/A ,N/A ,N/A ,R150m ,"R35,925m
",Nil,N/A,N/A,"N/A
",R200m ,N/A,N/A,N/A,R350m,-,,,,,"A low achievement on value of additional local output achieved was due to a low number of completed templates received from AIS, APSS, and BIS projects/ enterprises. The template is sent out to every client that received payment in the month. As the information requested in for quarterly data, the trend noticed is that clients send out the information a few weeks after the end of the quarter. Going forward, if the data is not submitted within a month of the end of the quarter and the response rate is still low, reminders will be emailed to clients.

","Encourage projects/ enterprises to complete templates on the value of additional local output achieved of all the claims paid in 2024/25. To increase the response rate, the Legal Unit in the Branch drafted a letter for submission to beneficiaries when requesting information on the ‘terms and conditions of funding’ that informs beneficiaries of clause 7.2 of the funding schedule.  
",300
,"Trade, Industry and Competition",National,Programme 6: Incentives,Programme 6: Incentives,Quarterly,Value (Rand) of exports of Global Business Services,Non-Standardized,Not  Applicable,Priority 2: Economic Transformation And Job Creation,"The Economic Sectors, Employment and Infrastructure Development cluster",,R1bn,"R3,564bn
","Deviation from planned Q1 target was due to high value of exports reported from BPS & GBS claims received and paid.
",n/a,R1bn,"R1,022bn
",R2bn,N/A,N/A,"N/A
",R5bn,N/A,N/A,N/A,R9bn,-,,,,,"Deviation from planned Q2 target was due to high value of exports reported from BPS & GBS claims received and paid
",N/A,300
,"Trade, Industry and Competition",National,Programme 6: Incentives,Programme 6: Incentives,Quarterly,Value (Rand) of approved funding accessed by projects/ enterprises,Non-Standardized,Not  Applicable,Priority 2: Economic Transformation And Job Creation,"The Economic Sectors, Employment and Infrastructure Development cluster",,Nil,N/A ,N/A ,N/A ,Nil,N/A,Nil,N/A,N/A,"N/A
",R4bn,N/A,N/A,N/A,R4bn,-,,,,,N/A,N/A,300
,"Trade, Industry and Competition",National,Programme 6: Incentives,Programme 6: Incentives,Quarterly,Value (Rand) of approved funding disbursed to projects/ enterprises outside the 5 metros,Non-Standardized,Not  Applicable,Priority 2: Economic Transformation And Job Creation,"The Economic Sectors, Employment and Infrastructure Development cluster",,Nil,N/A ,N/A ,N/A ,R300m,"R676,603m
",Nil,N/A,N/A,"N/A
",R500m,N/A,N/A,N/A,R800m,-,,,,,"AIS contributed to high value (rand) of approved funding disbursed to projects/ enterprises outside of the 5 main metros.
",N/A,300
,"Trade, Industry and Competition",National,Programme 6: Incentives,Programme 6: Incentives,Quarterly,"Value (Rand) of approved funding accessed, and support provided to SMMEs,",Non-Standardized,Not  Applicable,Priority 2: Economic Transformation And Job Creation,"The Economic Sectors, Employment and Infrastructure Development cluster",,Nil,N/A ,N/A ,N/A ,R250m,"R351,352m
",Nil,N/A,N/A,"N/A
",R250m,N/A,N/A,N/A,R500m,-,,,,,"BIS and Film & TV contributed to the high value of approved funding accessed, and support provided to SMMEs, women and youth owned businesses
",N/A,300
,"Trade, Industry and Competition",National,Programme 6: Incentives,Programme 6: Incentives,Quarterly,Value of output by Black Industrialist firms supported by the dtic group,Non-Standardized,Not  Applicable,Priority 2: Economic Transformation And Job Creation,"The Economic Sectors, Employment and Infrastructure Development cluster",,Nil,N/A ,N/A ,N/A ,Nil,N/A,Nil,N/A,N/A,"N/A
",R18bn,N/A,N/A,N/A,R18bn,-,,,,,N/A,N/A,300
,"Trade, Industry and Competition",National,Programme 6: Incentives,Programme 6: Incentives,Quarterly,Number of jobs supported under GBS masterplan (retained and new),Non-Standardized,Not  Applicable,Priority 2: Economic Transformation And Job Creation,"The Economic Sectors, Employment and Infrastructure Development cluster",,Nil,N/A ,N/A ,N/A ,10 000,"32 256
",Nil,N/A,N/A,"N/A
",15 000,N/A,N/A,N/A,25 000,-,,,,,"Deviation from planned Q2 target was due to high number of jobs supported under GBS masterplan (retained and new).
",N/A,300
,"Trade, Industry and Competition",National,Programme 6: Incentives,Programme 6: Incentives,Quarterly,Number of new permanent jobs created,Non-Standardized,Not  Applicable,Priority 2: Economic Transformation And Job Creation,"The Economic Sectors, Employment and Infrastructure Development cluster",,Nil,N/A ,N/A ,N/A ,2 500,"6 062
",Nil,N/A,N/A,"N/A
",2 500,N/A,N/A,N/A,5 000,-,,,,,"AIS and GBS contributed to the high number of new permanent jobs created
",N/A,300
,"Trade, Industry and Competition",National,Programme 6: Incentives,Programme 6: Incentives,Quarterly,Number of construction job opportunities (Part time or temporary job opportunities),Non-Standardized,Not  Applicable,Priority 2: Economic Transformation And Job Creation,"The Economic Sectors, Employment and Infrastructure Development cluster",,Nil,N/A ,N/A ,N/A ,200,"99
",Nil,N/A,N/A,"N/A
",800,N/A,N/A,N/A,1 000,-,,,,,"The branch only reported CIP Private jobs and did not report on CIP Public (Industrial Parks) jobs, as the DBSA Quarterly Report was not yet received. 

","Remove the output indicator from 2024/25 APP. The output indicator was removed from the draft amended APP 2024-25 for Programme 6. The amended APP is not yet tabled. 

",300
,"Trade, Industry and Competition",National,Programme 6: Incentives,Programme 6: Incentives,Quarterly,Number of jobs in Black Industrialist firms supported,Non-Standardized,Not  Applicable,Priority 2: Economic Transformation And Job Creation,"The Economic Sectors, Employment and Infrastructure Development cluster",,Nil,N/A ,N/A ,N/A ,Nil,N/A,Nil,N/A,N/A,"N/A
",16 000,N/A,N/A,N/A,16 000,-,,,,,N/A,N/A,300
,"Trade, Industry and Competition",National,Programme 6: Incentives,Programme 6: Incentives,Quarterly,Report on the R1bn financial support to enterprises including SMMEs to mitigate impact of load shedding through energy resilience fund by IDC and NEF,Non-Standardized,Not  Applicable,Priority 2: Economic Transformation And Job Creation,"The Economic Sectors, Employment and Infrastructure Development cluster",,Nil,N/A ,N/A ,N/A ,Nil,N/A,Nil,N/A,N/A,"N/A
",1,N/A,N/A,N/A,1,-,,,,,N/A,N/A,300
,"Trade, Industry and Competition",National,Programme 6: Incentives,Programme 6: Incentives,Quarterly,Number of reports on 96% achievement of KPIs and the impact of the work of entities (IDC and NEF),Non-Standardized,Not  Applicable,Priority 2: Economic Transformation And Job Creation,"The Economic Sectors, Employment and Infrastructure Development cluster",,Nil,N/A ,N/A ,N/A ,2,2,Nil,N/A,N/A,"N/A
",2,N/A,N/A,N/A,4,-,,,,,N/A,N/A,300
,"Trade, Industry and Competition",National,Programme 6: Incentives,Programme 6: Incentives,Quarterly,Number of regulations / guidelines published & red tape reduction interventions,Non-Standardized,Not  Applicable,Priority 2: Economic Transformation And Job Creation,"The Economic Sectors, Employment and Infrastructure Development cluster",,Nil,N/A ,N/A ,N/A ,Nil,N/A,Nil,N/A,N/A,"N/A
",1,N/A,N/A,N/A,4\,-,,,,,N/A,N/A,300
,"Trade, Industry and Competition",National,Programme 7: Exports,Programme 7: Exports,Quarterly,Additional Trade Finance Mechanism approved by Cabinet.,Standardized,Not  Applicable,Priority 2: Economic Transformation And Job Creation,"The Economic Sectors, Employment and Infrastructure Development cluster",1 Additional Trade Finance Mechanism approved by Cabinet.,,,,,,,Nil,"N/A
","N/A
","N/A

",1,"Report submitted. Afreximbank Cabinet Memo outlining additional trade finance mechanism submitted to cabinet. Cabinet date for approval postponed to May 2025. 
","N/A
","N/A
",1 Additional Trade Finance Mechanism approved by Cabinet.,-,,,,,,,300
,"Trade, Industry and Competition",National,Programme 7: Exports,Programme 7: Exports,Quarterly,Global Export Strategy approved by Cabinet. ,Standardized,Not  Applicable,Priority 2: Economic Transformation And Job Creation,"The Economic Sectors, Employment and Infrastructure Development cluster","1 Global Export Strategy approved by Cabinet. 

",,,,,,,Nil,"N/A
","N/A
","N/A

",1,"Report submitted.  Global export strategy developed.
","Global export strategy needed to respond  and implement new Industrial Policy being developed.  
","Global export strategy responded to draft Industrial Policy and submitted for departmental and Cabinet approval processes. 
","1 Global Export Strategy approved by Cabinet
",-,,,,,,,300
,"Trade, Industry and Competition",National,Programme 7: Exports,Programme 7: Exports,Quarterly,Rand value of exports to the rest of the world funded through the Export Marketing and Investment Assistance (EMIA) Scheme.,Standardized,Not  Applicable,Priority 2: Economic Transformation And Job Creation,"The Economic Sectors, Employment and Infrastructure Development cluster",R850m value of exports to the rest of the world funded through the Export Marketing and Investment Assistance (EMIA) Scheme. ,,,,,,,Nil,"N/A
","N/A
","N/A

",R850m,"Report submitted. R902.5m export sales was generated through companies that participated in export promotion initiatives and funded  through the Export Marketing and Investment Assistance (EMIA) Scheme. 
",N/A,N/A,R850m value of exports to the rest of the world funded through the Export Marketing and Investment Assistance (EMIA) Scheme. ,-,,,,,,,300
,"Trade, Industry and Competition",National,Programme 7: Exports,Programme 7: Exports,Quarterly,Rand value of South African outward investment in the rest of Africa.,Standardized,Not  Applicable,Priority 2: Economic Transformation And Job Creation,"The Economic Sectors, Employment and Infrastructure Development cluster",R25bn of South African outward investment in the rest of Africa.,,,,,,,Nil,"N/A
","N/A
","N/A

",R25bn,"Report submitted. R31.2 bn in South African outward investment in the rest of Africa. 
","N/A
","N/A
",R25bn of South African outward investment in the rest of Africa.,-,,,,,,,300
,"Trade, Industry and Competition",National,Programme 7: Exports,Programme 7: Exports,Quarterly,Value (Rand) of manufactured exports to the rest of the world – (SARS Raw Data),Non-Standardized,Not  Applicable,Priority 2: Economic Transformation And Job Creation,"The Economic Sectors, Employment and Infrastructure Development cluster",,Nil,N/A ,N/A ,N/A ,Nil,N/A,Nil,"N/A
","N/A
","N/A

",R900bn,N/A,N/A,N/A,R900bn,-,,,,,N/A,N/A,300
,"Trade, Industry and Competition",National,Programme 7: Exports,Programme 7: Exports,Quarterly,Value (Rand) of manufactured exports to the rest of the world including supported through export councils and export promotion initiatives,Non-Standardized,Not  Applicable,Priority 2: Economic Transformation And Job Creation,"The Economic Sectors, Employment and Infrastructure Development cluster",,Nil,N/A ,N/A ,N/A ,Nil,N/A,Nil,"N/A
","N/A
","N/A

",R150bn,N/A,N/A,N/A,R150bn,-,,,,,N/A,N/A,300
,"Trade, Industry and Competition",National,Programme 7: Exports,Programme 7: Exports,Quarterly,Value (Rand) of manufactured exports to other African countries (SARS Raw Data),Non-Standardized,Not  Applicable,Priority 2: Economic Transformation And Job Creation,"The Economic Sectors, Employment and Infrastructure Development cluster",,Nil,N/A ,N/A ,N/A ,Nil,N/A,Nil,"N/A
","N/A
","N/A

",R400bn,N/A,N/A,N/A,R400bn,-,,,,,N/A,N/A,300
,"Trade, Industry and Competition",National,Programme 7: Exports,Programme 7: Exports,Quarterly,"Value (Rand) of manufactured exports to other African countries, including supported through export councils and export promotion initiatives",Non-Standardized,Not  Applicable,Priority 2: Economic Transformation And Job Creation,"The Economic Sectors, Employment and Infrastructure Development cluster",,Nil,N/A ,N/A ,N/A ,Nil,N/A,Nil,"N/A
","N/A
","N/A

",R65bn,N/A,N/A,N/A,R65bn*,-,,,,,N/A,N/A,300
,"Trade, Industry and Competition",National,Programme 7: Exports,Programme 7: Exports,Quarterly,Value (Rand) of support provided to exporters to participate in export promotion initiatives,Non-Standardized,Not  Applicable,Priority 2: Economic Transformation And Job Creation,"The Economic Sectors, Employment and Infrastructure Development cluster",,R25m,"R1 190 000
","Budget constraints limiting the number of export initiatives that can be undertaken. Limited export initiatives undertaken in Q1
","Key export initiatives to be undertaken from Q2 onwards
",R35m,"R25.4m
",R17.5m,"N/A
","N/A
","N/A

",R6.5m,N/A,N/A,N/A,R84m,-,,,,,"Budget cuts limiting the number of export initiatives that could be undertaken. Limited number of export
 initiatives undertaken in Q2.
","Key export initiatives to be undertaken in Q3 and Q4.

Continue to raise budget matter and request for additional funds.
",300
,"Trade, Industry and Competition",National,Programme 7: Exports,Programme 7: Exports,Quarterly,Value (Rand) of support provided to exporters outside the 5* main metros to participate in export promotion initiatives,Non-Standardized,Not  Applicable,Priority 2: Economic Transformation And Job Creation,"The Economic Sectors, Employment and Infrastructure Development cluster",,R6m,"R195 182.60
",Budget constraints limiting the number of export initiatives that can be undertaken. Limited export initiatives undertaken in Q1,"Key export initiatives to be undertaken from Q2 onwards.

Targeted recruitment drive of companies outside of 5* main metros to participate in export initiatives",R8m,"R316 615.00
",R4m,"N/A
","N/A
","N/A

",R2m,N/A,N/A,N/A,"R20m
",-,,,,,"Budget cuts limiting the number of export initiatives that could be undertaken. Limited number of export initiatives undertaken in Q2.

","Key export initiatives to be undertaken in Q3 and Q4. 

Continue to raise budget matter.

Targeted recruitment drive of companies outside of 5* main metros to participate in export initiatives. 
",300
,"Trade, Industry and Competition",National,Programme 7: Exports,Programme 7: Exports,Quarterly,Value (Rand) of support provided to SMME exporters to participate in export promotion initiatives,Non-Standardized,Not  Applicable,Priority 2: Economic Transformation And Job Creation,"The Economic Sectors, Employment and Infrastructure Development cluster",,R6m,R868 181.85,"Budget constraints limiting the number of export initiatives that can be undertaken. Limited export initiatives undertaken in Q1
","Key export initiatives to be undertaken from Q2 onwards.

Targeted recruitment drive of SMMEs, women and youth owned companies to participate in export initiatives",R7m,"R1.3m
",R4m,"N/A
","N/A
","N/A

",R1m,N/A,N/A,N/A,R18m,-,,,,,"Budget cuts limiting the number of export initiatives that could be undertaken. Limited 
number of export initiatives undertaken in Q2.
","Key export initiatives to be undertaken in Q3 and Q4.

Continue to raise budget matter.

Targeted recruitment drive of SMMEs, women and youth owned companies to participate in export initiatives.
",300
,"Trade, Industry and Competition",National,Programme 7: Exports,Programme 7: Exports,Quarterly,Value (Rand) of support provided to exporters in labour absorbing sectors to participate in export promotion initiatives,Non-Standardized,Not  Applicable,Priority 2: Economic Transformation And Job Creation,"The Economic Sectors, Employment and Infrastructure Development cluster",,R5m,"R213 501.35
",Budget constraints limiting the number of export initiatives that can be undertaken. Limited export initiatives undertaken in Q1,"Key export initiatives to be undertaken from Q2 onwards.

Targeted recruitment drive of companies in labour absorbing sectors to participate in export initiatives",R7m,"R1.6m
",R4m,"N/A
","N/A
","N/A

",R1m,N/A,N/A,N/A,R17m,-,,,,,"Budget cuts limiting the number of export initiatives that could be undertaken. Limited number of export 
initiatives undertaken in Q2.
","Key export initiatives to be undertaken in Q3 and Q4.

Continue to raise budget matter 

Targeted recruitment drive of companies in labour absorbing sectors to participate in export initiatives.
",300
,"Trade, Industry and Competition",National,Programme 7: Exports,Programme 7: Exports,Quarterly,Value (Rand) of output by black industrialists supported through export initiatives,Non-Standardized,Not  Applicable,Priority 2: Economic Transformation And Job Creation,"The Economic Sectors, Employment and Infrastructure Development cluster",,Nil,N/A ,N/A ,N/A ,Nil,N/A,Nil,"N/A
","N/A
","N/A

",R8bn,N/A,N/A,N/A,R8bn,-,,,,,N/A,N/A,300
,"Trade, Industry and Competition",National,Programme 7: Exports,Programme 7: Exports,Quarterly,Number of jobs supported through export initiatives,Non-Standardized,Not  Applicable,Priority 2: Economic Transformation And Job Creation,"The Economic Sectors, Employment and Infrastructure Development cluster",,Nil,N/A ,N/A ,N/A ,Nil,N/A,Nil,"N/A
","N/A
","N/A

",65 000,N/A,N/A,N/A,65 000,-,,,,,N/A,N/A,300
,"Trade, Industry and Competition",National,Programme 7: Exports,Programme 7: Exports,Quarterly,Number of jobs supported in Black Industrialist firms through export initiatives,Non-Standardized,Not  Applicable,Priority 2: Economic Transformation And Job Creation,"The Economic Sectors, Employment and Infrastructure Development cluster",,Nil,N/A ,N/A ,N/A ,Nil,N/A,Nil,"N/A
","N/A
","N/A

",6 000,N/A,N/A,N/A,6 000,-,,,,,N/A,N/A,300
,"Trade, Industry and Competition",National,Programme 7: Exports,Programme 7: Exports,Quarterly,Number of reports on 95% achievement of KPIs and the impact of the work of entities (ECIC),Non-Standardized,Not  Applicable,Priority 2: Economic Transformation And Job Creation,"The Economic Sectors, Employment and Infrastructure Development cluster",,1,1,N/A ,N/A ,1,1,1,"N/A
","N/A
","N/A

",1,N/A,N/A,N/A,4 ,-,,,,,N/A,N/A,300
,"Trade, Industry and Competition",National,Programme 8: Transformation and Competition,Programme 8: Transformation and Competition,Quarterly,Implementation of BBBEE to achieve 60% black ownership in critical sectors by 2029,Standardized,Not  Applicable,Priority 2: Economic Transformation And Job Creation,"The Economic Sectors, Employment and Infrastructure Development cluster",30% black ownership achieved in critical sectors,,,,,,,15%,0,"Delay in analysis of data
","Employ extra capacity to assist with the analysis and drafting of the report

",15%,32%,"Reports on status of ownership in the sectors are compiled by the Sector Charter Councils and B-BBBEE Commission based on information received from companies. The information received is an annual performance by the sectors as per their financial year.  B-BBEE measurement and issuance of a B-BBEE certificate is on an annual basis. 
",Working with the BEE Commission to finalise the baseline information,30% black ownership achieved in critical sectors,-,,,,,,,300
,"Trade, Industry and Competition",National,Programme 8: Transformation and Competition,Programme 8: Transformation and Competition,Quarterly,Number of additional workers with shares in their companies as a result of the dtic group’s interventions including but not limited to competition initiative,Standardized,Not  Applicable,Priority 2: Economic Transformation And Job Creation,"The Economic Sectors, Employment and Infrastructure Development cluster",10 000 additional workers with shares in their companies as a result of the dtic group’s interventions including but not limited to competition initiatives,,,,,,,2 500,"50
","Mergers approved with less number of employees
","No corrective
 measure since commitments for additional workers with shares is influenced by the merging parties and applications received
",2 500,"2,980
","Mergers were approved with high number of employees
","No corrective measure since commitments for additional workers with shares is influenced by the merging parties and applications received.
",10 000 additional workers with shares in their companies as a result of the dtic group’s interventions including but not limited to competition initiatives,-,,,,,,,300
,"Trade, Industry and Competition",National,Programme 8: Transformation and Competition,Programme 8: Transformation and Competition,Quarterly,Number of commitments for Transformation Fund,Standardized,Not  Applicable,Priority 2: Economic Transformation And Job Creation,"The Economic Sectors, Employment and Infrastructure Development cluster",10 commitments for Transformation Fund,,,,,,,5,0,"The commitments could not be secured because of the dependency on the concept which is still being finalised.
","Accelerate the process to finalise the concept

",5,"0

No commitments were secured  
",The development and finalisation of the Transformation Fund was the main focus.  Funds could not be raised as institutions stated that they are waiting for the Concept to be finalised,"Prioritise and finalise the concept which will enable unlocking of the funds.
",10 commitments for Transformation Fund,-,,,,,,,300
,"Trade, Industry and Competition",National,Programme 8: Transformation and Competition,Programme 8: Transformation and Competition,Quarterly,Number of job opportunities created through transformation and competition interventions,Standardized,Not  Applicable,Priority 2: Economic Transformation And Job Creation,"The Economic Sectors, Employment and Infrastructure Development cluster",200 000 job opportunities created through transformation and competition interventions,,,,,,,50 000,"516
","Lower than expected merger filing with reduced job target due to the slow economic growth.
","Greater emphasis will be on no retrenchment conditions.

",50 000,699,"Lower than expected merger filing with jobs due to the slow economic growth. 
","Greater emphasis will be on no retrenchment conditions.
",200 000 job opportunities created through transformation and competition interventions,-,,,,,,,300
,"Trade, Industry and Competition",National,Programme 8: Transformation and Competition,Programme 8: Transformation and Competition,Quarterly,Rand value of Transformation Fund raised,Standardized,Not  Applicable,Priority 2: Economic Transformation And Job Creation,"The Economic Sectors, Employment and Infrastructure Development cluster",R10bn of transformation fund raised ,,,,,,,R5bn ,0,"The fund could not be raised because it is dependent on the finalisation of the concept which is still being finalised.
","Accelerate the process to finalise the concept

",R5bn ,R0,"The development and finalisation of the Transformation Fund  was the main focus.  Funds could not be raised as institutions stated that they are waiting for the Concept document to be finalised. 
","Prioritise and finalise the concept which will enable unlocking of the funds.
",R10bn of transformation fund raised ,-,,,,,,,300
,"Trade, Industry and Competition",National,Programme 8: Transformation and Competition,Programme 8: Transformation and Competition,Quarterly,Transformation Fund developed ,Standardized,Not  Applicable,Priority 2: Economic Transformation And Job Creation,"The Economic Sectors, Employment and Infrastructure Development cluster",Transformation Fund concept approved,,,,,,,Consultation with stakeholders on the draft  concept,"Draft Concept developed with inputs from the Department of Small Business Development, B-BBEE Commission, Competition Commission, and NEF
",N/A,"N/A 
","Transformation Fund concept approved, and phase 1 implemented with R10 bn funds raised

","Draft Transformation Fund Concept document was approved by the Minister for publishing for public comments

R0
","The fund could not be raised because it is dependent on the finalisation of the concept document.
","Prioritise and finalise the concept which will enable unlocking of the funds.
",Transformation Fund concept approved,-,,,,,,,300
,"Trade, Industry and Competition",National,Programme 8: Transformation and Competition,Programme 8: Transformation and Competition,Quarterly,Value (Rand) of investments leveraged from competition and transformation interventions,Standardized,Not  Applicable,Priority 2: Economic Transformation And Job Creation,"The Economic Sectors, Employment and Infrastructure Development cluster",R15bn of investments leveraged from competition and transformation interventions,,,,,,,R3.75bn,"R1.4bn
","Lesser amount was  secured during this quarter than it was envisaged however, an annual target was achieved in Q1 with R15.9bn.
","N/A 
",R3.75bn,"R567m
","Lesser amount was  secured during this quarter than it was envisaged however, an annual target was achieved in Q1 with R15.9bn.
",N/A,R15bn of investments leveraged from competition and transformation interventions,-,,,,,,,300
,"Trade, Industry and Competition",National,Programme 8: Transformation and Competition,Programme 8: Transformation and Competition,Quarterly,Value (Rand) of investment facilitated through mergers and reciprocal commitments,Non-Standardized,Not  Applicable,Priority 2: Economic Transformation And Job Creation,"The Economic Sectors, Employment and Infrastructure Development cluster",,R3.75bn ,"R15.9bn
","Through negotiations with companies, the Department managed to secure a higher amount than it was envisaged
",N/A ,R3.75bn ,"R411m
",R3.75bn ,N/A,N/A,N/A,R3.75bn ,N/A,N/A,N/A,R15bn ,-,,,,,"Lesser amount was  secured during this quarter than it was envisaged however, an annual target was achieved in Q1 with R15.9bn.
",N/A ,300
,"Trade, Industry and Competition",National,Programme 8: Transformation and Competition,Programme 8: Transformation and Competition,Quarterly,Value (Rand) of Actual and projected local output,Non-Standardized,Not  Applicable,Priority 2: Economic Transformation And Job Creation,"The Economic Sectors, Employment and Infrastructure Development cluster",,R600m ,"R3.7bn
","The Branch received compliance reports from Companies during the quarter with the increase of 3% production output in one company.
","No corrective measure required since this is dependent on the companies' production outputs due to favourable conditions.
",R1.2bn ,"R1.2bn
",R1.8bn ,N/A,N/A,N/A,R2.4bn ,N/A,N/A,N/A,R6bn ,-,,,,,N/A ,N/A ,300
,"Trade, Industry and Competition",National,Programme 8: Transformation and Competition,Programme 8: Transformation and Competition,Quarterly,"Value (Rand) of funds from transformation and competition, including the social employment fund",Non-Standardized,Not  Applicable,Priority 2: Economic Transformation And Job Creation,"The Economic Sectors, Employment and Infrastructure Development cluster",,R100m ,"R1,4bn (Incl. SEF)


R1bn (excl. SEF)
","The Branch received compliance reports from Companies during the quarter with the increase in actuals from the previous quarter.
",No corrective measure required since this is dependent on the companies' production outputs due to favourable conditions,R100m ,"R903m (Incl. SEF)


R621m (excl. SEF)

",R100m,N/A,N/A,N/A,R100m,N/A,N/A,N/A,R400m ,-,,,,,The Branch received compliance reports from Companies during the quarter with the increase in actuals from the previous quarter,"No corrective measure required since this is dependent on the companies' production outputs due to favourable conditions.
",300
,"Trade, Industry and Competition",National,Programme 8: Transformation and Competition,Programme 8: Transformation and Competition,Quarterly,Value (Rand) of support provided to SMMEs from transformation and competition initiatives,Non-Standardized,Not  Applicable,Priority 2: Economic Transformation And Job Creation,"The Economic Sectors, Employment and Infrastructure Development cluster",,R187m ,"R544m
","More support provided by companies than expected 
",N/A ,R187m,"R138m
",R187m,N/A,N/A,N/A,R189m ,N/A,N/A,N/A,R750m ,-,,,,,"Less support provided by companies than expected 
","No corrective measure required since this is dependent on the companies' production outputs due to favourable conditions.
",300
,"Trade, Industry and Competition",National,Programme 8: Transformation and Competition,Programme 8: Transformation and Competition,Quarterly,"Value (Rand) of support programmes from competition, to sectors not included in master plans including but not limited to agriculture, construction and forestry",Non-Standardized,Not  Applicable,Priority 2: Economic Transformation And Job Creation,"The Economic Sectors, Employment and Infrastructure Development cluster",,R31m ,"R362m
","Through negotiations with companies the Department managed to secure a higher amount than it was envisaged
",N/A ,R31m ,"R391m
",R31m ,N/A,N/A,N/A,R33m ,N/A,N/A,N/A,R126m ,-,,,,,"Through negotiations with companies, the Department managed to secure a higher amount than it was envisaged
",N/A ,300
,"Trade, Industry and Competition",National,Programme 8: Transformation and Competition,Programme 8: Transformation and Competition,Quarterly,Value (Rand) of EEIP agreement or EEIP equivalent agreement set out in a submission approved,Non-Standardized,Not  Applicable,Priority 2: Economic Transformation And Job Creation,"The Economic Sectors, Employment and Infrastructure Development cluster",,R225m ,"R1.3bn
","Through negotiations,  the Department managed to secure a higher amount than it was envisaged
",N/A ,R225m ,0,R225m ,N/A,N/A,N/A,R225m ,N/A,N/A,N/A,R900m ,-,,,,,"EEIP applications are still being considered however,  the annual target was exceeded in Q1 with R1.3bn for Microsoft.
","No corrective action required. Annual target has already been achieved.
",300
,"Trade, Industry and Competition",National,Programme 8: Transformation and Competition,Programme 8: Transformation and Competition,Quarterly,Value (Rand) of output by Black Industrialist firms supported,Non-Standardized,Not  Applicable,Priority 2: Economic Transformation And Job Creation,"The Economic Sectors, Employment and Infrastructure Development cluster",,R1bn ,"R247m
","The value of output is influenced by firms.
","Target to be revised as it is considerably higher than what is possible to achieve since during the last Financial year.
",R2bn ,"R222m
",R1bn ,N/A,N/A,N/A,R2bn ,N/A,N/A,N/A,R6bn ,-,,,,,"The value of output is influenced by firms.
",The Target to be revised as it is considerably higher than what is possible to achieve since during the last Financial year,300
,"Trade, Industry and Competition",National,Programme 8: Transformation and Competition,Programme 8: Transformation and Competition,Quarterly,Number of jobs retained and created,Non-Standardized,Not  Applicable,Priority 2: Economic Transformation And Job Creation,"The Economic Sectors, Employment and Infrastructure Development cluster",,50 000 ,"8,256
","Lower than expected merger filing with reduced job target due to the slow economic growth.
",Greater emphasis will be on no retrenchment conditions,50 000 ,"6,012
",50 000 ,N/A,N/A,N/A,50 000 ,N/A,N/A,N/A,200 000,-,,,,,"Lower than expected merger filing with reduced job target due to the slow economic growth.
","Greater emphasis will be on no retrenchment conditions.


",300
,"Trade, Industry and Competition",National,Programme 8: Transformation and Competition,Programme 8: Transformation and Competition,Quarterly,"Number of jobs created through the dtic programmes: - 50 000 full-time jobs, - 50 000 Social Employment Fund part-time or temporary job opportunities",Non-Standardized,Not  Applicable,Priority 2: Economic Transformation And Job Creation,"The Economic Sectors, Employment and Infrastructure Development cluster",,"800- Full time 

6 250 SEF ","825

60 654 SEF job opportunities created","Commitments to create jobs is influenced by the merging parties and applications received.

Target exceeded due to more unique work opportunities created. 
",Not applicable since this is dependent on the companies’ achievement,"1 200 - Full 

6 250 SEF "," 
1,088



48 400
(SEF)  
","2 000 - full 

12 500 ",N/A,N/A,N/A,"4 000 - Full 

25 000 - SEF ",N/A,N/A,N/A,"8 00 - Full time jobs 
50 000 SEF",-,,,,,"Commitments to create jobs is influenced by the merging parties and applications received.
","Not applicable since this is dependent on the companies’ achievement.
",300
,"Trade, Industry and Competition",National,Programme 8: Transformation and Competition,Programme 8: Transformation and Competition,Quarterly,Number of jobs in Black Industrialist firms supported or benefited from BBBEE policies,Non-Standardized,Not  Applicable,Priority 2: Economic Transformation And Job Creation,"The Economic Sectors, Employment and Infrastructure Development cluster",,750 ,"2 291
","Commitments to create jobs is influenced by the merging parties and applications received.
",N/A ,750 ,"831
",750 ,N/A,N/A,N/A,750 ,N/A,N/A,N/A,3 000 ,-,,,,,"There is a slight difference. It should be noted that the number cannot be exactly the same.
",N/A,300
,"Trade, Industry and Competition",National,Programme 8: Transformation and Competition,Programme 8: Transformation and Competition,Quarterly,Number of additional workers with shares in their companies as a result of competition initiatives,Non-Standardized,Not  Applicable,Priority 2: Economic Transformation And Job Creation,"The Economic Sectors, Employment and Infrastructure Development cluster",,2 500,"3 064
","Mergers approved with high number of employees
",N/A ,2 500,"7,932
",5000,N/A,N/A,N/A,10 000,N/A,N/A,N/A,20 000 workers,-,,,,,"Mergers approved with high number of employees
",N/A ,300
,"Trade, Industry and Competition",National,Programme 8: Transformation and Competition,Programme 8: Transformation and Competition,Quarterly,Number of Impact assessment reports on high impact outcomes on addressing market concentration at sector or firm level,Non-Standardized,Not  Applicable,Priority 2: Economic Transformation And Job Creation,"The Economic Sectors, Employment and Infrastructure Development cluster",,1,1,N/A ,N/A ,2,3,3,N/A,N/A,N/A,4,N/A,N/A,N/A,10,-,,,,,"The additional product on Online Intermediation Platforms Market Inquiry (OIPMI) is a result of the “ Out of Court Settlement” between the Competition Commission and Bookings.com which brought the conclusion of the product forward from the expected Q3 deliverable to Q2 as reported. 
",N/A ,300
,"Trade, Industry and Competition",National,Programme 8: Transformation and Competition,Programme 8: Transformation and Competition,Quarterly,Monitoring and evaluation of the impact of the work of entities ensuring 96% achievement of KPIs and the impact of the work of entities,Non-Standardized,Not  Applicable,Priority 2: Economic Transformation And Job Creation,"The Economic Sectors, Employment and Infrastructure Development cluster",,1,1,N/A ,N/A ,1,1,1,N/A,N/A,N/A,1,N/A,N/A,N/A,4,-,,,,,N/A ,N/A ,300
,"Trade, Industry and Competition",National,Programme 8: Transformation and Competition,Programme 8: Transformation and Competition,Quarterly,Number of reports on three projects to assist industrial innovation and support firms,Non-Standardized,Not  Applicable,Priority 2: Economic Transformation And Job Creation,"The Economic Sectors, Employment and Infrastructure Development cluster",,Nil  ,Nil ,N/A ,N/A ,1,2,1,N/A,N/A,N/A,1,N/A,N/A,N/A,3,-,,,,,"New Indicator, however there was better than expected projects implementation by merger parties which resulted in an additional product being recorded. 
",N/A ,300
,"Trade, Industry and Competition",National,Programme 8: Transformation and Competition,Programme 8: Transformation and Competition,Quarterly,Number of Black Industrialist conferences and the Worker Ownership Summit hosted.,Non-Standardized,Not  Applicable,Priority 2: Economic Transformation And Job Creation,"The Economic Sectors, Employment and Infrastructure Development cluster",,Nil ,1,"The Worker Ownership Conference was hosted in April since the former Minister wanted to hold it in April.
",N/A ,Nil ,N/A ,Nil ,N/A,N/A,N/A,1,N/A,N/A,N/A,1,-,,,,,N/A,N/A,300
,"Trade, Industry and Competition",National,Programme 8: Transformation and Competition,Programme 8: Transformation and Competition,Quarterly,Percentage of mergers notified and assessed for public interest,Non-Standardized,Not  Applicable,Priority 2: Economic Transformation And Job Creation,"The Economic Sectors, Employment and Infrastructure Development cluster",,100%,"100%
",N/A ,N/A ,100%,100%,100%,N/A,N/A,N/A,100%,N/A,N/A,N/A,100%,-,,,,,N/A ,N/A ,300
,"Trade, Industry and Competition",National,Programme 8: Transformation and Competition,Programme 8: Transformation and Competition,Quarterly,Percentage of mergers notified will have interventions to advance the public interest,Non-Standardized,Not  Applicable,Priority 2: Economic Transformation And Job Creation,"The Economic Sectors, Employment and Infrastructure Development cluster",,Nil  ,"12%
","Out of 82 notifications, the Minister participated in 10 mergers with public interest because only 10 mergers had public interest concerns.
","Not applicable. This is dependent on the merger applications with Public Interest.
",Nil  ,Nil ,Nil  ,N/A,N/A,N/A,15%,N/A,N/A,N/A,15%,-,,,,,Nil ,Nil ,300
,"Trade, Industry and Competition",National,Programme 8: Transformation and Competition,Programme 8: Transformation and Competition,Quarterly,"Percentage of mergers notified will have agreements reached between the acquiring firm and the dtic on public interest, and presented to the Competition Tribunal",Non-Standardized,Not  Applicable,Priority 2: Economic Transformation And Job Creation,"The Economic Sectors, Employment and Infrastructure Development cluster",,Nil  ,"10%
","The target is the Annual target based on the Mergers the Branch will participate on for the entire Financial year.
","Not applicable. This is dependent on the Mergers requiring agreements.
",Nil  ,Nil ,Nil  ,N/A,N/A,N/A,1%,N/A,N/A,N/A,1%,-,,,,,Nil ,Nil ,300
,"Trade, Industry and Competition",National,Programme 8: Transformation and Competition,Programme 8: Transformation and Competition,Quarterly,Number of Mergers and Acquisitions where public interest conditions have been incorporated,Non-Standardized,Not  Applicable,Priority 2: Economic Transformation And Job Creation,"The Economic Sectors, Employment and Infrastructure Development cluster",,6,"10

17 Mergers whereby the Department  and CC got Public Interest  without participation
","10 Mergers required the Minister’s participation during this quarter
","Not applicable. This is dependent on the applications for Mergers notified   requiring Minister’s participation.
",6,8,13,N/A,N/A,N/A,25,N/A,N/A,N/A,50,-,,,,,"8 Mergers required the Minister’s participation during this quarter

","Not applicable. This is dependent on the applications for Mergers notified   requiring Minister’s participation.
",300
,"Trade, Industry and Competition",National,Programme 8: Transformation and Competition,Programme 8: Transformation and Competition,Quarterly,Number of reports on Competition Commission/ Tribunal Rules/ Regulations published & 1 BBBEE red tape reduction taken,Non-Standardized,Not  Applicable,Priority 2: Economic Transformation And Job Creation,"The Economic Sectors, Employment and Infrastructure Development cluster",,Nil  ,2,"The Regulations are  dependent on the application/ request from  the Industry ,  Competition Commission and the Minister.
",N/A ,Nil  ,Nil  ,1,N/A,N/A,N/A,1 ,N/A,N/A,N/A,1 Competition Commission/ Tribunal rules/ regulations published & 1 BBBEE red tape reduction action taken,-,,,,,N/A ,N/A ,300
,"Trade, Industry and Competition",National,Programme 8: Transformation and Competition,Programme 8: Transformation and Competition,Quarterly,Number of reports on Competition Protocols of AfCFTA finalised,Non-Standardized,Not  Applicable,Priority 2: Economic Transformation And Job Creation,"The Economic Sectors, Employment and Infrastructure Development cluster",,Nil ,Nil ,N/A ,N/A ,Nil ,Nil  ,Nil ,N/A,N/A,N/A,1,N/A,N/A,N/A,1 Report on Competition Protocol of AfCFTA,-,,,,,N/A,N/A ,300
,"Trade, Industry and Competition",National,Programme 8: Transformation and Competition,Programme 8: Transformation and Competition,Quarterly,Number of reports on 10 successful actions completed on price monitoring and excessive pricing or price gouging,Non-Standardized,Not  Applicable,Priority 2: Economic Transformation And Job Creation,"The Economic Sectors, Employment and Infrastructure Development cluster",,1,2,"The additional product is as a result of the Essential Food Price monitoring product which emanates from the previous quarter since it was completed by the Competition Commission on the 30 March 2024 but was only processed during the 1st quarter of 2024.
",N/A ,2,3,2,N/A,N/A,N/A,5,N/A,N/A,N/A,10,-,,,,,"Better than expected turnaround times for the conclusion of investigations and processing of the compliance by the competition authorities which resulted in more than expected cases concluded during the period under review.
",N/A ,300
,"Trade, Industry and Competition",National,Programme 9: Research,Programme 9: Research,Quarterly,"Bi-monthly Barometer publication produced covering manufacturing employment, trade, GDP, investment and economic modelling forecasts",Not Applicable,Not  Applicable,Priority 2: Economic Transformation And Job Creation,"The Economic Sectors, Employment and Infrastructure Development cluster","2 Bi-monthly Barometer publication produced covering manufacturing employment, trade, GDP, investment and economic modelling forecasts ",,,,,,,1,"1 Bi-monthly Barometer publication produced covering manufacturing produced. 
",N/A,N/A,1," 2 Bi-monthly Barometer publication produced covering manufacturing employment, trade, GDP, investment and economic modelling forecasts ",1 additional Economic Barometer concluded in the quarter. ,N/A ,"2 Bi-monthly Barometer publication produced covering manufacturing employment, trade, GDP, investment and economic modelling forecasts ",-,,,,,,,300
,"Trade, Industry and Competition",National,Programme 9: Research,Programme 9: Research,Quarterly,Discussion papers produced to influence economic policy debates,Not Applicable,Not  Applicable,Priority 2: Economic Transformation And Job Creation,"The Economic Sectors, Employment and Infrastructure Development cluster",5 Discussion papers produced to influence economic policy debates,,,,,,,2,"        


                 -","The process to appoint Think-Tank members took longer than anticipated. 
","Appointments have been finalised. 
",3,5 Discussion papers produced to influence economic policy debates,"The process to appoint Think-Tank members took longer than anticipated. 
","Appointments have been finalised. 
","5 Discussion papers produced to influence economic policy debates
",-,,,,,,,300
,"Trade, Industry and Competition",National,Programme 9: Research,Programme 9: Research,Quarterly,Market intelligence and trade opportunities reports commissioned and accessible to exporters,Not Applicable,Not  Applicable,Priority 2: Economic Transformation And Job Creation,"The Economic Sectors, Employment and Infrastructure Development cluster",6 Market intelligence and trade opportunities reports commissioned and accessible to exporters,,,,,,,,"3 Market intelligence and trade opportunities reports produced. 
",N/A,N/A,,3 Market intelligence and trade opportunities reports commissioned and accessible to exporters,N/A ,N/A,,-,,,,,,,300
,"Trade, Industry and Competition",National,Programme 9: Research,Programme 9: Research,Quarterly,Programme to increase training for unemployed youth designed.,Not Applicable,Not  Applicable,Priority 2: Economic Transformation And Job Creation,"The Economic Sectors, Employment and Infrastructure Development cluster",1 Programme to increase training for unemployed youth designed ,,,,,,,Nil,N/A,N/A,N/A,1,1 Programme to increase training for unemployed youth designed ,N/A,N/A,1 Programme to increase training for unemployed youth designed ,-,,,,,,,300
,"Trade, Industry and Competition",National,Programme 9: Research,Programme 9: Research,Quarterly,Number of impact assessment reports on investment conference commitments produced,Non-Standardized,Not  Applicable,Priority 2: Economic Transformation And Job Creation,"The Economic Sectors, Employment and Infrastructure Development cluster",,"Nil 
","N/A
",N/A,N/A,Nil ,Nil,Nil ,N/A,N/A,N/A,1,N/A ,N/A,N/A,1,-,,,,,"N/A
","N/A
",300
,"Trade, Industry and Competition",National,Programme 9: Research,Programme 9: Research,Quarterly,Number of export market strategies produced,Non-Standardized,Not  Applicable,Priority 2: Economic Transformation And Job Creation,"The Economic Sectors, Employment and Infrastructure Development cluster",,"Nil 
","N/A
",N/A,N/A,1,1 export market strategy on Macadamia produced. ,Nil ,N/A,N/A,N/A,Nil ,N/A,N/A,N/A,1,-,,,,,"N/A
","N/A
",300
,"Trade, Industry and Competition",National,Programme 9: Research,Programme 9: Research,Quarterly,Number of quarterly data analysis reports of manufacturing exports to rest of Africa produced,Non-Standardized,Not  Applicable,Priority 2: Economic Transformation And Job Creation,"The Economic Sectors, Employment and Infrastructure Development cluster",,"1
","1 Data analysis
 reports on African market opportunities produced. 
",N/A,N/A,1,1 quarterly data analysis reports of manufacturing exports to rest of Africa produced.,1,N/A,N/A,N/A,1,N/A,N/A,N/A,4,-,,,,,"
N/A","
N/A",300
,"Trade, Industry and Competition",National,Programme 9: Research,Programme 9: Research,Quarterly,Number of DDM Dashboards maintained,Non-Standardized,Not  Applicable,Priority 2: Economic Transformation And Job Creation,"The Economic Sectors, Employment and Infrastructure Development cluster",,"15
","15 District-
level dashboards of the dtic and its entities’ interventions maintained",N/A,N/A,10,10 DDM Dashboards maintained. ,15,N/A,N/A,N/A,12,N/A,N/A,N/A,52 dashboards ,-,,,,,"N/A
","N/A
",300
,"Trade, Industry and Competition",National,Programme 9: Research,Programme 9: Research,Quarterly,Impact Assessment on Equity Equivalent Investment Programme agreements agreed or administered,Non-Standardized,Not  Applicable,Priority 2: Economic Transformation And Job Creation,"The Economic Sectors, Employment and Infrastructure Development cluster",,"Nil 
","N/A
",N/A,N/A,Nil ,Nil,Nil ,N/A,N/A,N/A,1,N/A,N/A,N/A,1,-,,,,,N/A,N/A ,300
,"Trade, Industry and Competition",National,Programme 9: Research,Programme 9: Research,Quarterly,Black Industrialist Census produced,Non-Standardized,Not  Applicable,Priority 2: Economic Transformation And Job Creation,"The Economic Sectors, Employment and Infrastructure Development cluster",,"Nil 
","N/A
",N/A,N/A,Nil ,Nil,Nil ,N/A,N/A,N/A,1,N/A,N/A,N/A,1,-,,,,,N/A ,N/A ,300
,"Trade, Industry and Competition",National,Programme 9: Research,Programme 9: Research,Quarterly,Quarterly surveys of BI sample to assess outlook and identify potential challenges produced.,Non-Standardized,Not  Applicable,Priority 2: Economic Transformation And Job Creation,"The Economic Sectors, Employment and Infrastructure Development cluster",,"1
","1 Quarterly
 surveys of BI & BoB sample to assess outlook and identify potential challenges produced.
                 
",N/A,N/A,1,"1 quarterly surveys of BI sample to assess outlook and identify potential challenges produced. 
",1,N/A,N/A,N/A,1,N/A,N/A,N/A,4,-,,,,,N/A ,N/A ,300
,"Trade, Industry and Competition",National,Programme 9: Research,Programme 9: Research,Quarterly,Number of reports on jobs supported or covered by the dtic group and Master Plans,Non-Standardized,Not  Applicable,Priority 2: Economic Transformation And Job Creation,"The Economic Sectors, Employment and Infrastructure Development cluster",,"Nil 
","N/A
",N/A,N/A,Nil ,Nil,1,N/A,N/A,N/A,Nil ,N/A,N/A,N/A,1,-,,,,,N/A,N/A ,300
,"Trade, Industry and Competition",National,Programme 9: Research,Programme 9: Research,Quarterly,Number of Worker Ownership Dashboard updated,Non-Standardized,Not  Applicable,Priority 2: Economic Transformation And Job Creation,"The Economic Sectors, Employment and Infrastructure Development cluster",,"Nil 
",N/A,"N/A
",N/A,Nil ,Nil,Nil ,N/A,N/A,N/A,1,N/A,N/A,N/A,1,-,,,,,N/A ,N/A ,300
,"Trade, Industry and Competition",National,Programme 9: Research,Programme 9: Research,Quarterly,Number of bilateral trade reports produced at the request of Branches or the Executive Authority to support hosting of Business Forums,Non-Standardized,Not  Applicable,Priority 2: Economic Transformation And Job Creation,"The Economic Sectors, Employment and Infrastructure Development cluster",,"2
",     -,"No requests from the Executive Authority and Branches 
on Bilateral Trade reports were received as no Business Forums were held in 1st  the quarter. 
","Follow up with Executives & Branches on planned Business Forums for Q2. 
",3,"3 bilateral trade reports on:
 (United Arab Emirates,  
Ireland and The United Kingdom) produced at the request of Branches or the Executive Authority to support hosting of Business Forums.
",3,N/A,N/A,N/A,1,N/A,N/A,N/A,9,-,,,,,N/A ,N/A ,300
,"Trade, Industry and Competition",National,Programme 9: Research,Programme 9: Research,Quarterly,Number of Impact assessment reports to support development of South African Carbon Border Adjustment Mechanism (CBAM) strategy produced.,Non-Standardized,Not  Applicable,Priority 2: Economic Transformation And Job Creation,"The Economic Sectors, Employment and Infrastructure Development cluster",,Nil ,"N/A
","N/A
",N/A,Nil ,Nil,1,N/A,N/A,N/A,Nil ,N/A,N/A,N/A,1,-,,,,,N/A ,N/A,300
,"Trade, Industry and Competition",National,Programme 9: Research,Programme 9: Research,Quarterly,"Number of reports on high-impact evaluations to improve the efficiency and/or effectiveness, of the dtic’s policy or programme interventions provided",Non-Standardized,Not  Applicable,Priority 2: Economic Transformation And Job Creation,"The Economic Sectors, Employment and Infrastructure Development cluster",,"1
",     -,"Timeframe allocated for development of the impact evaluation report not 
sufficient for completion in Q1","An impact evaluation report will be finalised in Q2.  
",1,0,1,N/A,N/A,N/A,1,N/A,N/A,N/A,4,-,,,,,Timeframe allocated for development of the impact evaluation reports not sufficient. ,All 4 High impact evaluations/assessments scheduled for Q4 delivery. ,300
The Presidency,The Presidency,National,Administration,Corporate Management,Annually,  Percentage implementation of  the Policy Review Plan,Non-Standardized,Not  Applicable,"Priority 1: A Capable, Ethical and Developmental State","Governance, State Capacity and Institutional Development cluster",,,,,,,,,,,,100 %,32 %,,,100 %,,,The delay in the process for approval ,To include the policies that are under review to the Performance Agreements of the managers. ,,,,300
The Presidency,The Presidency,National,Administration,Corporate Management,Annually, Percentage of procurement spent on businesses owned by women,Non-Standardized,Not  Applicable,Priority 2: Economic Transformation And Job Creation,"The Economic Sectors, Employment and Infrastructure Development cluster",,,,,,,,,,,,40 %,8 %,,,40 %,,,"The main cost drivers for the Presidency are COE, travel and IT, which makes it difficult to meet the 30% women ownership requirement.

",To source procurements services that are women owned,,,,300
The Presidency,The Presidency,National,Administration,Corporate Management,Annually, Percentage of State Capture  Commission response actions  completed or on track,Non-Standardized,Not  Applicable,Priority 6: Social Cohesion and Safer Communities,"Justice, Crime Prevention and Security cluster",,,,,,,,,,,,60 %,78 %,,,60 %,,,The target is overachieved by 18,N/A,,,,300
The Presidency,The Presidency,National,Administration,Corporate Management,Annually, Policy review plan approved  for implementation,Non-Standardized,Not  Applicable,"Priority 1: A Capable, Ethical and Developmental State","Governance, State Capacity and Institutional Development cluster",,,,,,,,,,,,"2024 Policy Review
Plan approved for
implementation in
Quarter 1","The Plan was presented at MANCO and approved by the COO on 28 June 2024. 


",,,"2024 Policy Review
Plan approved for
implementation in
Quarter 1",,,None,N/A,,,,300
The Presidency,The Presidency,National,Administration,Corporate Management,Annually,Annual National Orders  Ceremony implemented,Non-Standardized,Not  Applicable,Priority 6: Social Cohesion and Safer Communities,"The Social Protection, Community and Human Development cluster",,,,,,,,,,,,"2024 National Orders
Ceremony implemented","The national orders ceremony was held on 30 April 2024. 
",,,"2024 National Orders
Ceremony implemented",,,N/A,None,,,,300
The Presidency,The Presidency,National,Administration,Corporate Management,Annually,Audit outcome opinion  expressed by the Auditor -General,Non-Standardized,Not  Applicable,"Priority 1: A Capable, Ethical and Developmental State","Governance, State Capacity and Institutional Development cluster",,,,,,"Clean audit outcome
opinion by Auditor-General","Unqualified Audit outcome
",,,,,,,,,"Clean audit outcome
opinion by Auditor-General",,,"Material misstatements of current liabilities and accrual disclosure notes were identified by the auditors in the financial statements 
",To ensure that the corrective information is recorded on the liabilities and accrual disclosure notes,,,,300
The Presidency,The Presidency,National,Administration,Corporate Management,Annually,Concept document for NMOG  2024 approved,Non-Standardized,Not  Applicable,"Priority 1: A Capable, Ethical and Developmental State","Governance, State Capacity and Institutional Development cluster",,,,,,,,,,,,"Approved NMOG 2024
concept document",NMOG not approved ,,,"Approved NMOG 2024
concept document",,,The NMOG concept document was submitted by there was no proof of approval,To submit the concept note for approval by the DG,,,,300
The Presidency,The Presidency,National,Administration,Corporate Management,Annually,Percentage of PWD employed  in Presidency against national  targets,Non-Standardized,Not  Applicable,Priority 2: Economic Transformation And Job Creation,"The Economic Sectors, Employment and Infrastructure Development cluster",,,,,,,,,,,,2.5 %,2.23 %,,,2.5 %,,,"The target was underachieved by 0, 27% due to very few post that were filled during the period under review. ",Prioritise people with disabilities when filling posts and encourage employees to disclose their disability status. ,,,,300
The Presidency,The Presidency,National,Administration,Corporate Management,Annually,Percentage of SMS women in  Presidency against national  targets,Non-Standardized,Not  Applicable,Priority 2: Economic Transformation And Job Creation,"The Economic Sectors, Employment and Infrastructure Development cluster",,,,,,,,,,,,50 %,46 %,,,50 %,,,The target was underachieved by 4% due to very few post that were filled during the period under review. ,Fill SMS posts with women. ,,,,300
The Presidency,The Presidency,National,Administration,Corporate Management,Quarterly, Level of implementation of a master plan for Presidency ICT  modernisation,Non-Standardized,Not  Applicable,"Priority 1: A Capable, Ethical and Developmental State","Governance, State Capacity and Institutional Development cluster",,-,-,N/A,None,"Master plan for Presidency
ICT modernisation
developed
","The master plan has not yet been developed
","Master plan for Presidency
ICT modernisation finalised
and approved
","The master plan has not yet been approved
","The appointment of a strategic partner, targeted (CSIR), to assist with the master plan, including specification is not finalised
",The Branch is finalising the appointment of the service provider to assist with the development of the mater plan. ,"Implementation of Q4
milestones in master
plan for Presidency ICT
modernisation
","The master plan has not yet been developed
","The appointment of the Service provider to assist with the project has not been finalised. 
",To appoint a service provider ,"Master plan for Presidency
ICT modernisation
approved and
implemented",-,,,,,The appointment of the Service provider to assist with the project has not been finalised,The appointment to be finalised in order to commence with the project,300
The Presidency,The Presidency,National,Administration,Corporate Management,Quarterly, Number of dashboards  tracking the  recommendations arising  from the reports issued by  the SIU,Non-Standardized,Not  Applicable,Priority 6: Social Cohesion and Safer Communities,"Justice, Crime Prevention and Security cluster",,0,0,N/A,None,0,0,1,1,None,N/A,1,1,None,N/A,2,2,,,,,N/A,None,300
The Presidency,The Presidency,National,Administration,Corporate Management,Quarterly," Number of reviews of the  implementation the National  Anti-Corruption Strategy,  providing recommendations  to strengthen reporting and  accountability",Non-Standardized,Not  Applicable,Priority 6: Social Cohesion and Safer Communities,"The Social Protection, Community and Human Development cluster",,0,0,N/A,None,1,1,0,0,None,N/A,1,1,None,N/A,2,2,,,,,N/A,None,300
The Presidency,The Presidency,National,Administration,Corporate Management,Quarterly,"Business case for a fit for  purpose Presidency, aligned  to the optimal delivery model,  approved for implementation",Non-Standardized,Not  Applicable,"Priority 1: A Capable, Ethical and Developmental State","Governance, State Capacity and Institutional Development cluster",,-,-,N/A,None,"Draft optimal delivery
model for a fit for purpose
Presidency developed","The draft delivery model was produced. 
","Optimal delivery model for
a fit for purpose Presidency
finalised
",The SDM was approved by the Acting DG and Secretary of Cabinet on 30 December 2024,None,N/A,"Aligned business case for a
fit for purpose Presidency
developed and submitted
for approval
","The Business Case not finalised by March 2025.
"," There was no evidence that the Business Case was finalised for approval by the relevant structures by March 2025, as outlined in the TID
",To finalise the Business Case ,"Business case for a fit
for purpose Presidency,
aligned to the optimal
delivery model, submitted
for approval",-,,,,,N/A,None,300
The Presidency,The Presidency,National,Administration,Corporate Management,Quarterly,Number of progress reports  on the implementation of  the Inauguration Project  Master Plan,Non-Standardized,Not  Applicable,"Priority 1: A Capable, Ethical and Developmental State","Governance, State Capacity and Institutional Development cluster",,1,1,N/A,None,1,"The close out report was produced.
",0,0,None,N/A,0,0,N/A,N/A,2,1,,,,,N/A,None,300
The Presidency,The Presidency,National,Administration,Corporate Management,Quarterly,Turnaround time for payments  to suppliers,Non-Standardized,Not  Applicable,Priority 2: Economic Transformation And Job Creation,"The Economic Sectors, Employment and Infrastructure Development cluster",,30,19,N/A,None,30,14,30,10,None,N/A,30,14,None,N/A,30,14,,,,,N/A,None,300
The Presidency,The Presidency,National,Administration,Ministry of Electricity,Quarterly, Number of dashboards  tracking progress in the  implementation of the Energy  Action Plan,Non-Standardized,Not  Applicable,Priority 2: Economic Transformation And Job Creation,"The Economic Sectors, Employment and Infrastructure Development cluster",,1,1,N/A,None,1,1,1,1,None,N/A,1,1,None,N/A,4,4,,,,,N/A,None,300
The Presidency,The Presidency,National,Administration,Ministry of Electricity,Quarterly, Number of dashboards  tracking progress in the  responsibilities arising from  the MOU,Non-Standardized,Not  Applicable,Priority 2: Economic Transformation And Job Creation,"The Economic Sectors, Employment and Infrastructure Development cluster",,1,0,"The target was not met because the dashboard was not developed.  The MoU was finalised in January 2024, at which point the 2024/25 Shareholder compact was substantially completed. As such, it was agreed not to review at that stage, but rather that DPE would proceed to finalise in order to meet the governance deadlines. Further, the alignment of timelines for report also presented a challenge in that both ESKOM and the Department reporting period are concurrent. In practice, this means ESKOM finalises its reporting (q1) during July and submits to DPE during August.
","Since the MoU was only valid until May 2024, and in view the pending election, the view undertaken was not to pursue the Dashboard, but rather re-align once it became clear, post elections how the reporting between the entity and shareholder would be handled.

",1,0,1,0,"The MoU expired in May 2024, and following the 7th Administration. The Minister of Electricity and assumed responsibility as the Shareholder for Eskom
",The Minister of Electricity assumed responsibility as the Shareholder for Eskom,1,"The dashboard was not produced.
","The MoU expired in May 2024, and following the 7th Administration. The Minister of Electricity and assumed responsibility as the Shareholder for Eskom
","The indicator is no longer relevant; therefore, it must be removed from the APP in the next financial year. ",4,0,,,,,"The MoU expired in May 2024, and following the 7th Administration. The Minister of Electricity and assumed responsibility as the Shareholder for Eskom
",None,300
The Presidency,The Presidency,National,Administration,Office of the Deputy President,Annually, Number of reports on the  delegated regional and  international relations  responsibilities ,Non-Standardized,Not  Applicable,Priority 7: A better Africa and the World,"International Cooperation, Trade and Security cluster",,,,,,,,,,,,1,1,,,1,,,None,N/A,,,,300
The Presidency,The Presidency,National,Administration,Office of the Deputy President,Quarterly, . Number of engagements with  stakeholders on government’s  land reform and agricultural  support programme,Non-Standardized,Not  Applicable,Priority 2: Economic Transformation And Job Creation,"The Economic Sectors, Employment and Infrastructure Development cluster",,1,1,N/A,None,1,1,1,1,None,N/A,1,1,None,N/A,4,4,,,,,N/A,None,300
The Presidency,The Presidency,National,Administration,Office of the Deputy President,Quarterly, Number of engagements  with stakeholders to  promote the country’s social  transformation agenda,Non-Standardized,Not  Applicable,Priority 6: Social Cohesion and Safer Communities,"The Social Protection, Community and Human Development cluster",,4,8,N/A,None,4,9,4,6,None,N/A,4,13,The target was overachieved by 9. ,N/A,16,36,,,,,The target was overachieved due to unscheduled  meetings between the Deputy President and the stakeholders ,N/A,300
The Presidency,The Presidency,National,Administration,Office of the Deputy President,Quarterly, Number of reports on the  Leader of Government  Business’ work to strengthen  Executive accountability,Non-Standardized,Not  Applicable,"Priority 1: A Capable, Ethical and Developmental State","Governance, State Capacity and Institutional Development cluster",,0,0,N/A,None,1,1,0,0,None,N/A,1,1,None,N/A,2,2,,,,,N/A,None,300
The Presidency,The Presidency,National,Administration,Office of the Deputy President,Quarterly,Number of facilitated  interventions in support of  DDM implementation,Non-Standardized,Not  Applicable,"Priority 1: A Capable, Ethical and Developmental State","Governance, State Capacity and Institutional Development cluster",,1,4,N/A,None,1,1,1,0,There are 3 facilitated interventions in conducted  thus far. ,N/A,1,1,None,N/A,4,6,,,,,N/A,None,300
The Presidency,The Presidency,National,Administration,Private Office of the President,Annually,Number of compilations of  advisory papers prepared by  the PEAC,Non-Standardized,Not  Applicable,Priority 2: Economic Transformation And Job Creation,"The Economic Sectors, Employment and Infrastructure Development cluster",,,,,,1,1,,,,,,,,,1,,,N/A,None,,,,300
The Presidency,The Presidency,National,Administration,Private Office of the President,Annually,"Number of reviews of the  implementation of the  GBV&F-NSP, providing  recommendations to  strengthen reporting and  accountability ",Non-Standardized,Not  Applicable,Priority 6: Social Cohesion and Safer Communities,"Justice, Crime Prevention and Security cluster",,,,,,,,,,,,1,1,,,1,,,None,N/A,,,,300
The Presidency,The Presidency,National,Administration,Private Office of the President,Quarterly, Number of dashboards  tracking progress in the  implementation of the  Operation Vulindlela reforms,Non-Standardized,Not  Applicable,Priority 2: Economic Transformation And Job Creation,"The Economic Sectors, Employment and Infrastructure Development cluster",,0,0,N/A,None,1,1,0,0 ,None,N/A,1,1,None,N/A,2,2,,,,,N/A,None,300
The Presidency,The Presidency,National,Administration,Private Office of the President,Quarterly, Number of public  engagements to promote  nation building and social  cohesion,Non-Standardized,Not  Applicable,Priority 6: Social Cohesion and Safer Communities,"The Social Protection, Community and Human Development cluster",,1,2,N/A,None,1,2,1,3,None,N/A,1,2,The indicator was overachieved by 1. ,N/A,4,9,,,,,The target was overachieved by 1 due to the Repatriation and restitution homecoming ceremony of South African freedom fighters. ,N/A,300
The Presidency,The Presidency,National,Administration,Private Office of the President,Quarterly,Number of dashboards  tracking progress in the  implementation of NLCC  interventions on the Freight  Logistics Roadmap,Non-Standardized,Not  Applicable,Priority 2: Economic Transformation And Job Creation,"The Economic Sectors, Employment and Infrastructure Development cluster",,0,0,N/A,None,1,1,0,0,None,N/A,1,1,None,N/A,2,2,,,,,N/A,None,300
The Presidency,The Presidency,National,Administration,Private Office of the President,Quarterly,Number of dashboards  tracking progress on the  implementation of the  business partnership action  plan,Non-Standardized,Not  Applicable,Priority 6: Social Cohesion and Safer Communities,"The Social Protection, Community and Human Development cluster",,1,1,N/A,None,1,1,1,1,None,N/A,1,1,None,N/A,4,4,,,,,N/A,None,300
The Presidency,The Presidency,National,Administration,Private Office of the President,Quarterly,Number of dashboards  tracking the implementation  of the PES and PYEI  programme,Non-Standardized,Not  Applicable,Priority 2: Economic Transformation And Job Creation,"The Economic Sectors, Employment and Infrastructure Development cluster",,0,0,N/A,None,1,1,0,0,None,N/A,1,1,None,N/A,2,2,,,,,N/A,None,300
The Presidency,The Presidency,National,Administration,Private Office of the President,Quarterly,"Number of multilateral or  bilateral forums either hosted  by South Africa, or where  South Africa engages, to  advance the National interest",Non-Standardized,Not  Applicable,Priority 7: A better Africa and the World,"International Cooperation, Trade and Security cluster",,0,0,N/A,None,3,4,3,3,None,N/A,2,4,The target was overachieved by 2. ,N/A,8,11,,,,,"The target was overachieved by 1 due to the State visit to People’s Republic of China, South Africa-China Business Forum ",None,300
The Presidency,The Presidency,National,Administration,Private Office of the President,Quarterly,Number of progress updates  on the JET Implementation  Plan,Non-Standardized,Not  Applicable,Priority 2: Economic Transformation And Job Creation,"The Economic Sectors, Employment and Infrastructure Development cluster",,0,0,N/A,None,1,1,0,0,None,N/A,1,1,None,N/A,2,2,,,,,N/A,None,300
The Presidency,The Presidency,National,Administration,Private Office of the President,Quarterly,Number of synthesis reports  on the district oversight visits  conducted,Non-Standardized,Not  Applicable,"Priority 1: A Capable, Ethical and Developmental State","Governance, State Capacity and Institutional Development cluster",,0,0,N/A,None,1,1,0,0,None,N/A,1,1,None,N/A,2,2,,,,,N/A,None,300
The Presidency,The Presidency,National,Executive Support,Cabinet Office,Annually,"Annual Cabinet  Programme approved  by Cabinet, by Q3",Non-Standardized,Not  Applicable,"Priority 1: A Capable, Ethical and Developmental State","Governance, State Capacity and Institutional Development cluster",,,,,,,,"2025 Annual Cabinet
Programme approved by
Cabinet, by Q3","Programme approved by the DG on 13 December 2024

",,,,,,,"2025 Annual Cabinet
Programme approved by
Cabinet, by Q3",,,None,N/A,,,,300
The Presidency,The Presidency,National,Executive Support,Cabinet Office,Annually,"Annual FOSAD Programme approved  by FOSAD MANCO,  by Q3",Non-Standardized,Not  Applicable,"Priority 1: A Capable, Ethical and Developmental State","Governance, State Capacity and Institutional Development cluster",,,,,,,,"2025 Annual FOSAD
Programme approved by
FOSAD MANCO, by Q3","Programme approved by the DG on 13 December 2024

",,,,,,,"2025 Annual FOSAD
Programme approved by
FOSAD MANCO, by Q3",,,None,N/A,,,,300
The Presidency,The Presidency,National,Executive Support,Cabinet Office,Quarterly, Number of  monitoring reports  on implementation  of the Cluster System  Improvement Plan,Non-Standardized,Not  Applicable,"Priority 1: A Capable, Ethical and Developmental State","Governance, State Capacity and Institutional Development cluster",,0,0,N/A,None,1,1,0,0,None,N/A,1,1,None,N/A,2,2,,,,,N/A,None ,300
The Presidency,The Presidency,National,Executive Support,Cabinet Office,Quarterly,Number of quarterly  reports on implementation of the  Cabinet Programme,Non-Standardized,Not  Applicable,"Priority 1: A Capable, Ethical and Developmental State","Governance, State Capacity and Institutional Development cluster",,1,1,N/A,None,1,1,1,1,None,N/A,1,1,None,N/A,4,4,,,,,N/A,None,300
The Presidency,The Presidency,National,Executive Support,Cabinet Office,Quarterly,Number of quarterly  reports on implementation of the  FOSAD Programme,Non-Standardized,Not  Applicable,"Priority 1: A Capable, Ethical and Developmental State","Governance, State Capacity and Institutional Development cluster",,1,1,N/A,None,1,1,1,1,None,N/A,1,1,None,N/A,4,4,,,,,N/A,None,300
The Presidency,The Presidency,National,Executive Support,Cabinet Office,Quarterly,Number of quarterly  reports on the  implementation of  the Annual Legislative  Programme submitted  to the Office of the  LOGB,Non-Standardized,Not  Applicable,"Priority 1: A Capable, Ethical and Developmental State","Governance, State Capacity and Institutional Development cluster",,1,1,N/A,None,1,1,1,1,None,N/A,1,1,None,N/A,4,4,,,,,N/A,None,300
The Presidency,The Presidency,National,Policy and Research Services,Policy and Research Services,Annually, Number of synthesis  reports on different  reviews done by  government and other  institutions over a  period of 30-years,Non-Standardized,Not  Applicable,"Priority 1: A Capable, Ethical and Developmental State","Governance, State Capacity and Institutional Development cluster",,,,,,,,,,,,1,1,,,1,,,None,N/A,,,,300
The Presidency,The Presidency,National,Policy and Research Services,Policy and Research Services,Annually,Percentage of SONA  commitments assessed  in terms of their  socioeconomic impact,Non-Standardized,Not  Applicable,"Priority 1: A Capable, Ethical and Developmental State","Governance, State Capacity and Institutional Development cluster",,,,,,,,,,,,30 %,36 %,,,30 %,,,The target was overachieved by 6,N/A,,,,300
The Presidency,The Presidency,National,Policy and Research Services,Policy and Research Services,Quarterly,Number of activities  on strategic content  support provided to the  principals,Non-Standardized,Not  Applicable,"Priority 1: A Capable, Ethical and Developmental State","Governance, State Capacity and Institutional Development cluster",,5,8,N/A,None,5,8,5,9,None,N/A,5,8,The target was overachieved by 3. ,N/A,20,33,,,,,The target was overachieved by 3 due to additional content support provided to the Principals,N/A,300
The Presidency,The Presidency,National,Policy and Research Services,Policy and Research Services,Quarterly,Number of dashboards  tracking investment  commitments arising  from the coordinated  Presidential Investment  Initiative,Non-Standardized,Not  Applicable,Priority 2: Economic Transformation And Job Creation,"The Economic Sectors, Employment and Infrastructure Development cluster",,1,1,N/A,None,1,1,1,1,None,N/A,1,1,None,N/A,4,4,,,,,N/A,None,300
The Presidency,The Presidency,National,Policy and Research Services,Policy and Research Services,Quarterly,Number of progress  updates on the  implementation of  the Programme of  Action for Digital  Transformation  (digitisation and  digitalisation) in the  public sector,Non-Standardized,Not  Applicable,"Priority 1: A Capable, Ethical and Developmental State","Governance, State Capacity and Institutional Development cluster",,1,1,N/A,None,1,1,1,1,None,N/A,1,1,None,N/A,4,4,,,,,N/A,None,300
The Presidency,The Presidency,National,Policy and Research Services,Policy and Research Services,Quarterly,Percentage of SEIAS  reports received  from Departments  analysed and feedback  provided to respective  Departments,Non-Standardized,Not  Applicable,"Priority 1: A Capable, Ethical and Developmental State","Governance, State Capacity and Institutional Development cluster",,80 %,83 %,N/A,None,80 %,95% %,80 %,94 %,None,N/A,80 %,90 %,The target was overachieved by 10,N/A,80 %,83 %,,,,,The target was overachieved by 15% by responding to the reports from departments on time,None,300
Tourism,Tourism,National,PROGRAMME 1: ADMINISTRATION (CORPORATE MANAGEMENT),PROGRAMME 1: ADMINISTRATION (CORPORATE MANAGEMENT),Quarterly,Output Indicator 1 - Audit outcome on financial statements and non-financial performance information.,Not Applicable,Not  Applicable,Not Applicable,Not Applicable,,Financial statements and non-financial performance information submitted to the Auditor-General South Africa (AGSA) and National Treasury (NT).,Financial and non-financial performance information was submitted to the Auditor-General South Africa (AGSA) and National Treasury (NT).,None,N/A,"AGSA audit report received .
","AGSA audit report was received on 31 July 2024. The Department received an unqualified audit report with no material findings (Clean Audit).
","• Implementation Plan developed as per AGSA outcomes.
• Review internal control measures.

","•Implementation Plan was developed as per AGSA outcomes.
• Internal control 
measures were reviewed.
",None,N/A,Implementation of audit action plan as per AGSA outcomes.,Audit Action Plan was implemented as per AGSA outcomes.,None,N/A,Unqualified audit outcome  on financial statements and non-financial performance information.,-,Only available after conclusion of AGSA process.,,,,None,N/A,300
Tourism,Tourism,National,PROGRAMME 1: ADMINISTRATION (CORPORATE MANAGEMENT),PROGRAMME 1: ADMINISTRATION (CORPORATE MANAGEMENT),Quarterly,Output Indicator 2 - Percentage procurement of goods and services from SMMEs.,Not Applicable,Not  Applicable,Not Applicable,Not Applicable,,40% expenditure achieved on procurement of goods and services from SMMEs.,"22,33% expenditure achieved on procurement of goods and services from SMMEs.","The department allocated 2% of the SCM policy for specific goals for procuring goods and services from SMMEs. A variance of 17,67% is due to multi-year contracts awarded in the previous financial year that did not qualify to claim points.","Review the SCM policy to increase the score for SMMEs on specific goals. Currently, the highest score of 12 points is awarded to black-owned businesses which is not in the APP target.","40% expenditure achieved on procurement of goods and services from SMMEs.
","52,22% expenditure achieved on procurement of goods and services from SMMEs.","40% expenditure achieved on procurement of goods and services from SMMEs.
","48,91% expenditure on procurement of goods and services from SMMEs was achieved.",None,N/A,"40% expenditure achieved on procurement of goods and services from SMMEs.
","43,31% expenditure on procurement of goods and services from SMMEs was achieved.",None,N/A,40% expenditure achieved on procurement of goods and services from SMMEs.,-,"43,31% expenditure was achieved on procurement of goods and services from SMMEs.
","The Department
implements targeted procurement from
SMMEs through
awarding of points.",N/A,,None,N/A,300
Tourism,Tourism,National,PROGRAMME 1: ADMINISTRATION (CORPORATE MANAGEMENT),PROGRAMME 1: ADMINISTRATION (CORPORATE MANAGEMENT),Quarterly,Output Indicator 3 - Percentage of compliant invoices paid within prescribed timeframes.,Not Applicable,Not  Applicable,Not Applicable,Not Applicable,,100% of all compliant invoices paid within 30 days.,99.88% of all compliant invoices received were paid within 30 days.,The previous financial year invoices submitted to Finance in March were paid late in the current financial year due to system closure at year-end. ,Consequence Management implemented.,100% of all compliant invoices paid within 30 days.,"100% of all compliant invoices were paid within 30 days.
",100% of all compliant invoices paid within 30 days.,"100% of all compliant invoices were paid within 30 days.
",None,N/A,100% of all compliant invoices paid within 30 days.,"100% of all compliant invoices received were paid within 30 days.
",None,N/A,100% Payment of all compliant invoices within 30 days.,-,"99,97% (13 950 of 13 954) of all compliant invoices received were paid within 30 days.",Invoices and supporting documents were submitted late to Finance by Officials in the Department.,,,None,N/A,300
Tourism,Tourism,National,PROGRAMME 1: ADMINISTRATION (CORPORATE MANAGEMENT),PROGRAMME 1: ADMINISTRATION (CORPORATE MANAGEMENT),Quarterly,Output Indicator 4 - Percentage of procurement spend from women-owned businesses.,Not Applicable,Not  Applicable,Not Applicable,Not Applicable,,40% procurement spend from women-owned businesses,"60,61% procurement spend from women-owned businesses was achieved.",None,N/A,40% procurement spend from women-owned businesses.,"50,70% procurement spend from women-owned businesses was achieved.
",40% procurement spend from women-owned businesses.,"63,64% procurement spend from women-owned businesses was achieved.
",None,N/A,40% procurement spend from women-owned businesses.,"65,44% procurement spend from women-owned businesses was achieved.
",None,N/A,40% procurement spend from women-owned businesses.,-,"65,44% procurement spend from women-owned businesses was achieved.
","Invoices and supporting documents were submitted late to Finance by Officials in the Department.
",N/A,,None,N/A,300
Tourism,Tourism,National,PROGRAMME 1: ADMINISTRATION (CORPORATE MANAGEMENT),PROGRAMME 1: ADMINISTRATION (CORPORATE MANAGEMENT),Quarterly,Output Indicator 5 - Number of public entity oversight reports developed ,Not Applicable,Not  Applicable,Not Applicable,Not Applicable,,SA Tourism quarterly oversight report developed.,SA Tourism quarterly oversight report was developed.,None,N/A,SA Tourism quarterly oversight report developed.,SA Tourism quarterly oversight report was developed.,SA Tourism quarterly oversight report developed.,SA Tourism quarterly oversight report was developed.,None,N/A,SA Tourism quarterly oversight report developed.,SA Tourism quarterly oversight report was developed.,None,N/A,Four SA Tourism quarterly oversight reports developed.,-,"Four SA Tourism quarterly oversight reports were developed.
",None,N/A,,None,N/A,300
Tourism,Tourism,National,PROGRAMME 1: ADMINISTRATION (CORPORATE MANAGEMENT),PROGRAMME 1: ADMINISTRATION (CORPORATE MANAGEMENT),Quarterly,Output Indicator 6 - Percentage of vacancy rate.,Not Applicable,Not  Applicable,Not Applicable,Not Applicable,,Vacancy rate below 10%,"Vacancy rate was maintained at 11,6%.",,"• Finalization of the capturing processes of the advertised posts. 
• Selection panels sent out to respective units for approval by relevant managers. 
• Initiate the second MPSA concurrence request after considering how critical posts are and the available COE budget limits with the hope that a response will be received well in advance before the end of the financial year.",Vacancy rate below 10%,"Vacancy rate was maintained at 13,4%.",Vacancy rate below 10%,"Vacancy rate was maintained at 13%.
","Between October and December 2024 (3rd quarter), 
eleven (11) posts were filled. However, six of the 11 filled posts are due to internal promotions which is not contributing to lower the vacancy rate. Exits and employee secondments to the Department do not contribute to lower the vacancy rate.
","A further 31 posts were motivated for concurrence from Minister of Public Service and Administration (MPSA) and are awaiting feedback.
",Vacancy rate below 10%,"Vacancy rate was maintained at 13,2%.
","During the financial year, 53 posts were filled through appointment, transfers and promotions.

Exits and employee secondments to the department do not contribute to lower the vacancy rate. 
","Review of all posts in line with the 7th Administration before a request to fill vacant posts can be motivated.
",Vacancy rate below 10%,-,"Vacancy rate was 13,2% as at 31 March 2025.
","The department did not achieve the target as concurrence was not received on the request to fill posts. Natural attrition further contributed to a higher vacancy rate.
","Review all posts in line with the 7th Administration priorities and advertise and fill identified critical posts.
",,"The following contributed to the vacancy rate: 
• Vacancies as result of transition in offices of the executives.
• Normal staff turnover.
• Extended recruitment process as a result of applicable directives.
","Continue with the recruitment drive for the advertised posts and further motivate for  31 posts  for concurrence from the MPSA.
",300
Tourism,Tourism,National,PROGRAMME 1: ADMINISTRATION (CORPORATE MANAGEMENT),PROGRAMME 1: ADMINISTRATION (CORPORATE MANAGEMENT),Quarterly,Output Indicator 7 - Percentage of compliance with Departmental Employment Equity Targets (Persons with Disabilities representation above 3%),Not Applicable,Not  Applicable,Not Applicable,Not Applicable,,Persons with disabilities representation above 3%.,"Persons living with disabilities' representation was maintained at 4,9%.",None,N/A,Persons with disabilities representation above 3%.,"Persons living with disabilities' representation was maintained at 4,8%.",Persons with disabilities representation above 3%.,"Persons living with disabilities' representation was maintained at 4,7%.
",None,N/A,Persons with disabilities representation above 3%.,"Persons with disabilities representation maintained at 4,8%.
",None,N/A,Persons with disabilities representation above 3%.,-,"Persons with disabilities’ representation was 4,8% as at 31 March 2025.
",None,N/A,,None,N/A,300
Tourism,Tourism,National,PROGRAMME 1: ADMINISTRATION (CORPORATE MANAGEMENT),PROGRAMME 1: ADMINISTRATION (CORPORATE MANAGEMENT),Quarterly,Output Indicator 7 - Percentage of compliance with Departmental Employment Equity Targets (SMS women representation at a minimum of 50%),Not Applicable,Not  Applicable,Not Applicable,Not Applicable,,SMS Women representation at a minimum of 50%.,"SMS women representation was maintained at 45,3%.",The Department hired two males during the period under review at SMS level and further lost a female due to retirement.,The Department will ensure that suitably qualifying females are hired for three of the four advertised SMS vacancies.,SMS Women representation at a minimum of 50%.,"SMS women representation was maintained at 46,2%.",SMS Women representation at a minimum of 50%.,"SMS women representation was maintained at 47,8%.","Exits and employee secondments to the Department do not contribute to lower the SMS women representation. 
","• A further four (4) vacant SMS posts were motivated for concurrence from MPSA and the organisation will ensure that suitably qualifying females are hired for the vacant SMS posts. 
• 2 SMS posts were filled with women during the 3rd quarter, 1 Promotion and 1 Appointment.
",SMS Women representation at a minimum of 50%.,"SMS women representation was maintained at 50,8%.",None,N/A,"SMS Women representation at a minimum of 50%.
",-,"SMS women representation was maintained at 50,8% as at 31 March 2025.

",None,N/A,,"Staff turn-over and implementation of the concurrence measure cause delays in filling SMS posts. However, there is improvement in status from the previous quarter.",Ensure that suitably qualifying females are hired to achieve the SMS target. ,300
Tourism,Tourism,National,PROGRAMME 1: ADMINISTRATION (CORPORATE MANAGEMENT),PROGRAMME 1: ADMINISTRATION (CORPORATE MANAGEMENT),Quarterly,Output Indicator 8 - Percentage of Workplace Skills Plan (WSP) implemented,Not Applicable,Not  Applicable,Not Applicable,Not Applicable,,"100% of WSP Q1 targets achieved.
",100% of WSP Q1 targets was achieved.,None,N/A,"100% of WSP Q2 targets achieved.
",100% of WSP Q2 targets was achieved.,100% of WSP Q3 targets achieved.,100% of WSP Q3 targets was achieved.,None,N/A,100% of WSP Q4 targets achieved.,100% of WSP Q4 targets achieved.,None,N/A,100% implementation of WSP.,-,"100% of WSP was implemented.
",None,N/A,,None,N/A,300
Tourism,Tourism,National,PROGRAMME 1: ADMINISTRATION (CORPORATE MANAGEMENT),PROGRAMME 1: ADMINISTRATION (CORPORATE MANAGEMENT),Quarterly,Output Indicator 9 - Percentage implementation of the Annual Internal Audit Plan,Not Applicable,Not  Applicable,Not Applicable,Not Applicable,,20% implementation of the Annual Internal Audit Plan.,20% of the Annual Internal Audit Plan was implemented.,None,N/A,30% implementation of the Annual Internal Audit Plan.,30% of the Annual Internal Audit Plan was implemented.,30% implementation of the Annual Internal Audit Plan.,30% of the Annual Internal Audit Plan was implemented.,None,N/A,20% implementation of the Annual Internal Audit Plan.,20% of the Annual Internal Audit Plan was implemented.,None,N/A,"100% implementation of the Annual Internal Audit Plan.
",-,"100% of the Annual Internal Audit Plan was implemented.
",None,N/A,,None,N/A,300
Tourism,Tourism,National,"PROGRAMME 2: TOURISM RESEARCH, POLICY AND INTERNATIONAL RELATIONS","PROGRAMME 2: TOURISM RESEARCH, POLICY AND INTERNATIONAL RELATIONS",Quarterly,Output Indicator 1 - Number of monitoring and evaluation reports on tourism projects developed - Bi-Annual Tourism Sector Performance Reports (2 reports),Not Applicable,Not  Applicable,Not Applicable,Not Applicable,,Data collection for the development of the  First Bi-Annual Tourism Sector Performance Report done.,Data collection for the development of the  First Bi-Annual Tourism Sector Performance Report was done.,None,N/A,First Bi-Annual Tourism Sector Performance Report developed.,First Bi-Annual Tourism Sector Performance Report was developed.,"Data collection for the Second Bi-Annual Tourism Sector Performance Report done. 
","Data collection for the Second Bi-Annual Tourism Sector Performance Report done.
",None,N/A,Second Bi-Annual Tourism Sector Performance Report Developed.,Second Bi-Annual Tourism Sector Performance Report was developed.,None,N/A,4. Bi-Annual Tourism Sector Performance Reports (2 reports),-,"Bi-Annual Tourism Sector Performance Reports (2 reports) were developed.
",None,N/A,,None,N/A,300
Tourism,Tourism,National,"PROGRAMME 2: TOURISM RESEARCH, POLICY AND INTERNATIONAL RELATIONS","PROGRAMME 2: TOURISM RESEARCH, POLICY AND INTERNATIONAL RELATIONS",Quarterly,Output Indicator 1 - Number of monitoring and evaluation reports on tourism projects developed - Evaluation of the impact of infrastructure supporting tourism projects.,Not Applicable,Not  Applicable,Not Applicable,Not Applicable,,Proposal for the evaluation of the infrastructure supporting tourism projects developed and finalised.,Proposal for the evaluation of the infrastructure supporting tourism projects was developed and finalised.,None,N/A,Data collection tools for the evaluation of the infrastructure supporting tourism projects developed and finalised.,Data collection tools for the evaluation of the infrastructure supporting tourism projects were developed and finalised.,Data collection for the evaluation of the infrastructure supporting tourism projects finalised.,"Data collection for the evaluation of the infrastructure supporting tourism projects has commenced. Three (3) provinces, i.e. Eastern Cape, Free State and Mpumalanga were visited and data collected accordingly.
","Consolidation of projects from both provincial and municipal offices has been a challenge and the records on the projects was not readily available. Furthermore, not all projects submitted were relevant for this project. Some provincial offices were not available for site visits.
","More site visits will be arranged with the provinces and relevant stakeholders to conduct data collection in quarter 4  of 2024/25 financial year to cover all potential provinces.

",Evaluation of the infrastructure supporting tourism projects finalised.,Evaluation of the infrastructure supporting tourism projects was finalised. ,None,N/A,1. Evaluation of the impact of infrastructure supporting tourism projects,-,Evaluation of the impact of infrastructure supporting tourism projects was conducted.,None,N/A,,None,N/A,300
Tourism,Tourism,National,"PROGRAMME 2: TOURISM RESEARCH, POLICY AND INTERNATIONAL RELATIONS","PROGRAMME 2: TOURISM RESEARCH, POLICY AND INTERNATIONAL RELATIONS",Quarterly,Output Indicator 1 - Number of monitoring and evaluation reports on tourism projects developed - Impact evaluation of the Tourism Incentive Programme,Not Applicable,Not  Applicable,Not Applicable,Not Applicable,,Proposal for the evaluation of the Tourism Incentive Programme developed.,Proposal for the evaluation of the Tourism Incentive Programme was developed.,None,N/A,Data collection tools for the evaluation of the Tourism Incentive programme developed.,"Data collection tools for the evaluation of the Tourism Incentive programme were developed.
",Data collection for the evaluation of the Tourism Incentive Programme finalised.,"Data collection for the evaluation of the Tourism Incentive Programme (TTF) has commenced. Three (3) provinces, i.e. Eastern Cape, Free State and Mpumalanga were visited and data collected accordingly.
","The approach to conduct the study through one of the universities working in collaboration with the Department of Tourism did not work and caused the delay in the process. Furthermore, databases of beneficiaries did not have contact details like e-mails and telephone numbers which further delayed the commencement with data collection.

","Data collection will continue in Q4 of the 2024/25 financial year to cover all potential provinces.
",Impact Evaluation Report of the Tourism Incentive Programme developed.,"Impact Evaluation Report of the Tourism Incentive Programme was developed.
",None,N/A,3. Impact evaluation of the Tourism Incentive Programme,-,"Impact evaluation of the Tourism Incentive Programme was conducted.
",None,N/A,,None,N/A,300
Tourism,Tourism,National,"PROGRAMME 2: TOURISM RESEARCH, POLICY AND INTERNATIONAL RELATIONS","PROGRAMME 2: TOURISM RESEARCH, POLICY AND INTERNATIONAL RELATIONS",Quarterly,Output Indicator 1 - Number of monitoring and evaluation reports on tourism projects developed - Monitoring of the new and continuing Departmental Programmes,Not Applicable,Not  Applicable,Not Applicable,Not Applicable,,"Monitoring of new and continuing Departmental Programmes undertaken.
",Monitoring of new and continuing Departmental Programmes was undertaken.,None,N/A,"Monitoring of new and continuing Departmental Programmes undertaken.
",Monitoring of new and continuing Departmental Programmes was undertaken. ,"Monitoring of new and continuing Departmental Programmes undertaken.
","The monitoring of new and continuing Departmental Programmes was undertaken.

",None,N/A,"Monitoring of new and continuing Departmental Programmes undertaken.
",Monitoring of new and continuing Departmental Programmes was undertaken.,None,N/A,"2. Monitoring of new and continuing Departmental Programmes: National Professional Cookery Programme, Tourism Monitors Programme, Food and Beverage Programme, Food Safety Quality Assurers Programmes",-,"Monitoring of new and continuing Departmental Programmes was conducted on the following:
•	National Professional Cookery Programme, 
•	Tourism Monitors Programme, 
•	Food and Beverage Programme, 
•	Food Safety Quality Assurers Programmes.
",None,N/A,,None,N/A,300
Tourism,Tourism,National,"PROGRAMME 2: TOURISM RESEARCH, POLICY AND INTERNATIONAL RELATIONS","PROGRAMME 2: TOURISM RESEARCH, POLICY AND INTERNATIONAL RELATIONS",Quarterly,Output Indicator 1 - Number of monitoring and evaluation reports on tourism projects developed - Three Tourism Sector Masterplan (TSMP) Implementation Reports developed,Not Applicable,Not  Applicable,Not Applicable,Not Applicable,,"Framework and Template of the quarterly TSMP Monitoring and Implementation Report developed.
Framework and Template of the quarterly TSMP Monitoring and Implementation Report developed.
",Framework and Template of the quarterly TSMP Monitoring and Implementation Report was developed.,None,N/A,"Quarterly TSMP implementation report developed.
",Quarterly TSMP implementation report was developed.,Quarterly TSMP implementation report developed.,"Quarter 2 TSMP implementation Report developed 
",None.,N/A,Quarterly TSMP implementation report developed.,Quarterly TSMP implementation report was developed.,None,N/A,5. Three Tourism Sector Masterplan (TSMP) Reports developed.,-,"Three Tourism Sector Masterplan (TSMP) Reports were developed.
",None,N/A,,None,N/A,300
Tourism,Tourism,National,"PROGRAMME 2: TOURISM RESEARCH, POLICY AND INTERNATIONAL RELATIONS","PROGRAMME 2: TOURISM RESEARCH, POLICY AND INTERNATIONAL RELATIONS",Quarterly,"Output Indicator 2 - Number of knowledge systems developed and maintained - Maintenance, support and enhancement of the Tourist Guide Information System (TGIS)",Not Applicable,Not  Applicable,Not Applicable,Not Applicable,,"Terms of Reference for the maintenance, support, and enhancement of the TGIS developed.","Terms of Reference for the maintenance, support, and enhancement of the TGIS were developed.",None,N/A,"TGIS maintained, supported, and enhanced .","TGIS was maintained, supported, and enhanced.","TGIS maintained, supported, and enhanced .","TGIS maintained, supported, and enhanced.
",None.,N/A,"Maintenance, support, and enhancement of the TGIS finalised.
","Maintenance, support, and enhancement of the TGIS was finalised.",None,N/A,"One system maintained:

Maintenance, support, and enhancement of the Tourist Guide Information System (TGIS).
",-,"Maintenance, support, and enhancement of the Tourist Guide Information System (TGIS) was conducted.
",None,N/A,,None,N/A,300
Tourism,Tourism,National,"PROGRAMME 2: TOURISM RESEARCH, POLICY AND INTERNATIONAL RELATIONS","PROGRAMME 2: TOURISM RESEARCH, POLICY AND INTERNATIONAL RELATIONS",Quarterly,Output Indicator 2 - Number of knowledge systems developed and maintained - Market Access Support Programme (MASP) application system: Phase 1 implemented ,Not Applicable,Not  Applicable,Not Applicable,Not Applicable,,"Project Planning and Project Scoping undertaken.
",,,,"User, systems, and business requirements developed and finalised.
","User, systems, and business requirements were developed and finalised.",Commencement of the MASP application system: Phase One.,"Commencement of the MASP application system: Phase One.
",None.,N/A,MASP application system: Phase One developed and implemented.,MASP application system: Phase One was developed and implemented.,None,N/A,"One system developed:

Market Access Support Programme (MASP) application system: Phase 1 implemented.
",-,"Market Access Support Programme (MASP) application system: Phase 1 was implemented.
",None,N/A,,None,N/A,300
Tourism,Tourism,National,"PROGRAMME 2: TOURISM RESEARCH, POLICY AND INTERNATIONAL RELATIONS","PROGRAMME 2: TOURISM RESEARCH, POLICY AND INTERNATIONAL RELATIONS",Quarterly,"Output Indicator 3 - Number of fora prioritised to advance South Africa’s tourism interests at regional, continental and global level through multilateral other groupings",Not Applicable,Not  Applicable,Not Applicable,Not Applicable,,"Quarterly report on SA participation in the UNWTO structures and training opportunities. 
",Quarterly report on SA participation in the UNWTO structures and training opportunities was developed. ,None,N/A,"• Quarterly report on SA participation in the G20 and preparations for SA’s Presidency for 2025. 
• Quarterly report on SA participation in the implementation of the SADC Tourism Programme.

","•	Quarterly report on SA participation in the G20 and preparations for SA’s Presidency for 2025 was developed.
•	Quarterly report on SA participation in the implementation of the SADC Tourism Programme was developed.
","• Quarterly report on SA participation in BRICS Tourism workstream.
• Quarterly report on SA participation in the training opportunities of IORA. 

","•	Quarterly report on SA participation in BRICS Tourism workstream was developed.
•	Quarterly report on SA participation in the training opportunities of IORA was developed.
",None,N/A,"Quarterly report on SA participation in the implementation of AU Plan of Action on Tourism.
",Quarterly report on SA participation in the implementation of AU Plan of Action on Tourism was developed.,None,N/A,"Leveraging South Africa’s tourism interests in six multilateral fora UNWTO, G20, BRICS, SADC, IORA and AU to advance national priorities.",-,"South Africa’s tourism interests were leveraged in six multilateral fora, UNWTO, G20, BRICS, SADC, IORA and AU to advance priorities.",None,N/A,,None,N/A,300
Tourism,Tourism,National,"PROGRAMME 2: TOURISM RESEARCH, POLICY AND INTERNATIONAL RELATIONS","PROGRAMME 2: TOURISM RESEARCH, POLICY AND INTERNATIONAL RELATIONS",Quarterly,Output Indicator 4 - Sharing of Best Practices Workshop hosted,Not Applicable,Not  Applicable,Not Applicable,Not Applicable,,"Concept document for the Best Practices Workshop 2025 drafted.
",Concept document for the Best Practices Workshop 2025 drafted.,None,N/A,"Stakeholder consultation on the concept document for the Best Practices Workshop 2025 conducted.
",Stakeholder consultation on the concept document for the Best Practices Workshop 2025 was conducted.,"Concept document for the Best Practices Workshop 2025 finalised.
",Concept document for the Best Practices Workshop 2025 was finalised.,None,N/A,Sharing of Best Practices Workshop 2025 targeted at African countries with whom SA signed tourism agreements hosted.,Sharing of Best Practices Workshop 2025 targeted at African countries with whom SA signed tourism agreements was hosted.,None,N/A,"One workshop on sharing of Best Practices Workshop 2025 targeted at African countries with whom SA signed tourism agreements hosted in Eastern Cape Province.
",-,One workshop on sharing of Best Practices Workshop 2025 targeted at African countries with whom SA signed tourism agreements hosted in Eastern Cape Province on 12-14 March 2025.,None,N/A,,None,N/A,300
Tourism,Tourism,National,"PROGRAMME 2: TOURISM RESEARCH, POLICY AND INTERNATIONAL RELATIONS","PROGRAMME 2: TOURISM RESEARCH, POLICY AND INTERNATIONAL RELATIONS",Quarterly,Output Indicator 5 - Number of outreach programmes to the diplomatic community implemented,Not Applicable,Not  Applicable,Not Applicable,Not Applicable,,"Stakeholder consultation on the outreach programme to engage tourism trade, media, and airlines in prioritised countries conducted.
","Stakeholder consultation on the outreach programme to engage tourism trade, media, and airlines in prioritised countries was  conducted.",None,N/A,"Concept Note on outreach programme to engage tourism trade, media, and airlines in prioritised countries developed.
","Concept Note on outreach programme to engage tourism trade, media, and airlines in prioritised countries was developed.","One outreach programme to engage tourism trade, media, and airlines in prioritised countries hosted.
","One outreach programme to engage tourism trade, media, and airlines in prioritised countries hosted in India.
",None,N/A,"One outreach programme to engage tourism trade, media, and airlines in prioritised countries hosted.
","One outreach programme to engage tourism trade, media, and airlines in prioritised countries was hosted.",None,N/A,"Two outreach programmes to engage tourism trade, media, and airlines in prioritised countries implemented.
",-,"Two outreach programmes to engage tourism trade, media, and airlines in prioritised countries were implemented in India on 2-6 December 2024, and in Accra, Ghana on 26-29 March 2025.
",None,N/A,,None,N/A,300
Tourism,Tourism,National,PROGRAMME 3: DESTINATION DEVELOPMENT,PROGRAMME 3: DESTINATION DEVELOPMENT,Quarterly,Output Indicator 1 - Number of destination planning and investment coordination initiatives undertaken - A pipeline of nationally prioritised tourism investment opportunities/ projects managed,Not Applicable,Not  Applicable,Not Applicable,Not Applicable,,"• Criteria for tourism investment projects to be promoted developed.
• Call for tourism investment projects for promotion published.
",,,,Tourism Investment projects for promotion packaged and published.,Tourism Investment projects for promotion packaged and published.,"Quarterly Report on the management of a pipeline of nationally prioritised tourism investment opportunities developed.
","Quarterly Report on the management of a pipeline of nationally prioritised tourism investment opportunities was developed.
",None,N/A,"Quarterly Report on the management of a pipeline of nationally prioritised tourism investment opportunities developed.
",Quarterly Report on the management of a pipeline of nationally prioritised tourism investment opportunities was developed.,None,N/A,"2. A pipeline of nationally prioritised tourism investment opportunities/ projects managed.
",-,"A pipeline of nationally prioritised tourism investment opportunities / projects was managed.
",None,N/A,,None,N/A,300
Tourism,Tourism,National,PROGRAMME 3: DESTINATION DEVELOPMENT,PROGRAMME 3: DESTINATION DEVELOPMENT,Quarterly,Output Indicator 1 - Number of destination planning and investment coordination initiatives undertaken - Implementation of the budget resort network and brand concept,Not Applicable,Not  Applicable,Not Applicable,Not Applicable,,"• ToR for shared website and content creation templates published. 
• ToRs for upgrades/refurbishments assessments developed.",,,,"• Service provider for website and templates appointed.
• Upgrade/ refurbishment costs assessed.","•	Service provider for website and templates was not appointed.
•	Upgrade/ refurbishment costs were assessed.
","• Website & templates 1st draft developed.
• Pilot products upgrades/refurbishments initiated.
","•	Website & templates 1st draft was developed.
•	Pilot products upgrades / refurbishments process was initiated.
",None,N/A,"• Website/page tested and finalised to go live. Website or page?
• Pilot products upgrades / refurbishments completed.","• Website/page tested and was finalised to go live.
• Pilot products upgrades / refurbishments were completed.
",None,N/A,1. Implementation of the budget resort network and brand concept.,-,"The budget resort network and brand concept were implemented.
",None,N/A,,"•	Procurement delays due to technical challenges experienced in receiving RFQs from bidders.
•	None

","•	To be concluded in early quarter 3 once the relevant unit resolves the matter.
•	N/A
",300
Tourism,Tourism,National,PROGRAMME 3: DESTINATION DEVELOPMENT,PROGRAMME 3: DESTINATION DEVELOPMENT,Quarterly,Output Indicator 1 - Number of destination planning and investment coordination initiatives undertaken - Two investment promotion platforms facilitated,Not Applicable,Not  Applicable,Not Applicable,Not Applicable,,"Concept for investment promotion platforms revised.
",,,,Concept for investment promotion platforms finalised.,Concept for investment promotion platforms finalised.,Facilitate one investment promotion platform.,"Two investment promotion platforms were facilitated: 1) Vietnam-South Africa Investment, Trade and Tourism Promotion; 2) Soweto Investment Conference.","There was a demand for another investment promotion platform as  Investment Work is demand-driven. The first investment platform was held in Sandton on 29 October 2024 and the second in Soweto on 5 November 2024.
",N/A,Facilitate one investment promotion platform.,One investment promotion platform was not facilitated.,"No investment promotion platform was facilitated in this quarter which was initially planned to take place in the Middle East. However, there was a Departmental change of focus from Middle East to West Africa (Ghana).

The proposal was to host the Tourism Investment Seminar during the Minister’s Outreach Programme to Ghana in March 2025. However, the proposed Tourism Investment Seminar was later (by end of February) removed from the Outreach Programme as the focus had shifted from tourism investment to tourism growth.",N/A,"3. Two investment promotion platforms facilitated.  
",-,"Four investment promotion platforms were facilitated.
",,,,None,N/A,300
Tourism,Tourism,National,PROGRAMME 3: DESTINATION DEVELOPMENT,PROGRAMME 3: DESTINATION DEVELOPMENT,Quarterly,Output Indicator 2 - Number of destination enhancement initiatives supported - Implementation of Twenty-two (22)  Community-based Tourism Projects monitored,Not Applicable,Not  Applicable,Not Applicable,Not Applicable,,Implementation of Twenty-two (22) Community-based Tourism Projects monitored.,Implementation of Twenty-two (22) Community-based Tourism Projects were monitored.,None,N/A,Implementation of Twenty-two (22) Community-based Tourism Projects monitored.,Implementation of Twenty-two (22) Community-based Tourism Projects was monitored.,Implementation of Twenty-two (22) Community-based Tourism Projects monitored.,"Implementation of  Twenty-two (22) Community-based Tourism Projects was monitored.
",None,N/A,Implementation of Twenty-two (22) Community-based Tourism Projects monitored.,"Twenty-two (22) Community-based Tourism Projects were implemented and monitored.
",None,N/A,"2.	Implementation of Twenty-two (22) Community-based Tourism Projects monitored.
",-,"Implementation of Twenty-two (22) Community-based Tourism Projects was monitored.
",None,N/A,,None,N/A,300
Tourism,Tourism,National,PROGRAMME 3: DESTINATION DEVELOPMENT,PROGRAMME 3: DESTINATION DEVELOPMENT,Quarterly,Output Indicator 2 - Number of destination enhancement initiatives supported - Infrastructure maintenance and beautification programme implemented in four (4) provinces,Not Applicable,Not  Applicable,Not Applicable,Not Applicable,,Report on the progress made on the project deliverables of the infrastructure Maintenance and Beautification Programme in each of the 4 selected provinces.,Report on the progress made on the project deliverables of the infrastructure Maintenance and Beautification Programme in each of the 4 selected provinces was developed.,None,N/A,"Report on the progress made on the project deliverables of the infrastructure Maintenance and Beautification Programme in each of the 4 selected provinces.
",Report on the progress made on the project deliverables of the infrastructure Maintenance and Beautification Programme in each of the 4 selected provinces was developed.,Report on the progress made on the project deliverables of the infrastructure Maintenance and Beautification Programme in each of the 4 selected provinces.,"Report on the progress made on the project deliverables of the infrastructure Maintenance and Beautification Programme in each of the 4 selected provinces was developed.
",None,N/A,"Report on the progress made on the project deliverables of the infrastructure Maintenance and Beautification Programme in each of the 4 selected provinces.
",Report on the progress made on the project deliverables of the infrastructure Maintenance and Beautification Programme in each of the 4 selected provinces was developed.,None,N/A,"1. Infrastructure maintenance and beautification programme implemented in four (4) provinces:
•	Gauteng
•	KwaZulu-Natal
•	North West
•	Northern Cape
",-,"Infrastructure maintenance and beautification programme was implemented in four (4) provinces:
•	Gauteng
•	KwaZulu-Natal
•	North West
•	Northern Cape
",None,N/A,,None,N/A,300
Tourism,Tourism,National,PROGRAMME 3: DESTINATION DEVELOPMENT,PROGRAMME 3: DESTINATION DEVELOPMENT,Quarterly,Output Indicator 2 - Number of destination enhancement initiatives supported - Tourism enhancement projects implemented in one (1) World Heritage Site: Robben Island Museum (RIM),Not Applicable,Not  Applicable,Not Applicable,Not Applicable,,"Progress report on the development of Alpha 1 Recreational Lounge at RIM.
",Progress report on the development of Alpha 1 Recreational Lounge at RIM was developed.,None,N/A,"Progress report on the development of Alpha 1 Recreational Lounge at RIM.
",Progress report on the development of Alpha 1 Recreational Lounge at RIM was developed.,"Progress report on the development of Alpha 1 Recreational Lounge at RIM.
","Progress report on the development of Alpha 1 Recreational Lounge at RIM was developed.
",None,N/A,"Progress report on the development of Alpha 1 Recreational Lounge at RIM.
",Progress report on the development of Alpha 1 Recreational Lounge at RIM was developed.,None,N/A,"3. Tourism enhancement projects implemented in one (1) World Heritage Site: Robben Island Museum (RIM)
",-,"Tourism enhancement projects were implemented in one (1) World Heritage Site: Robben Island Museum (RIM).
",None,N/A,,None,N/A,300
Tourism,Tourism,National,PROGRAMME 3: DESTINATION DEVELOPMENT,PROGRAMME 3: DESTINATION DEVELOPMENT,Quarterly,Output Indicator 3 - Number of work opportunities created through Working for Tourism projects,Not Applicable,Not  Applicable,Not Applicable,Not Applicable,,873,,,,873,,2037,"13 Work opportunities were created.
",,,2037,Progress not yet available,,,5820 Work opportunities created.,-,"3282 Work opportunities were created.
",,,,,,300
Tourism,Tourism,National,PROGRAMME 4: TOURISM SECTOR SUPPORT SERVICES,PROGRAMME 4: TOURISM SECTOR SUPPORT SERVICES,Quarterly,Output Indicator 1 - Number of incentive programmes implemented,Not Applicable,Not  Applicable,Not Applicable,Not Applicable,,"Report on implementation progress for one incentive programme (GTIP) for the quarter submitted.
",Report on implementation progress for one incentive programme (GTIP) for the quarter submitted.,None,N/A,Report on implementation progress for one incentive programme (GTIP) for the quarter submitted.,"Report on implementation progress for one incentive programme (GTIP) for the quarter submitted.
",Report on implementation progress for one incentive programme (GTIP) for the quarter submitted.,Report on implementation progress for one incentive programme (GTIP) for the quarter submitted.,None,N/A,Report on implementation progress for one incentive programme (GTIP) for the quarter submitted.,Report on implementation progress for one incentive programme (GTIP) for the quarter was submitted.,None,N/A,"One incentive programme implemented:

Green Tourism Incentive Programme (GTIP).
",-,"Green Tourism Incentive Programme (GTIP) was implemented.
",None,N/A,,None,N/A,300
Tourism,Tourism,National,PROGRAMME 4: TOURISM SECTOR SUPPORT SERVICES,PROGRAMME 4: TOURISM SECTOR SUPPORT SERVICES,Quarterly,Output Indicator 2 - Number of Domestic Tourism Awareness campaigns implemented,Not Applicable,Not  Applicable,Not Applicable,Not Applicable,,"• Concept document for the implementation of the four Domestic Tourism Awareness campaigns developed.
• Social Tourism campaign Implemented.",,,,Sports Tourism Campaign implemented.,"Sports Tourism Campaign was implemented  on 27-28 September 2024 in Northern Cape Province, Kimberley.
",Festive Tourism campaign Implemented.,"Festive Tourism campaign was implemented on November 2024 in North West, Moruleng Village.",None,N/A,Easter campaign Implemented.,"Easter campaign was implemented on 4-5 March 2025, Hekpoort Mogale City Local Municipality, Gauteng Province.",None,N/A,"Four Domestic Tourism Awareness Campaigns implemented:

• Social Tourism
• Sports Tourism
• Festive Season
• Easter Season.",-,"Four domestic tourism campaigns were implemented as follows:
•	Social Tourism - 13 to 14 June 2024 in Eastern Cape, Mthatha.
•	Sports Tourism - 27 to 28 September 2024 in Northern Cape, Kimberley.
•	Festive Season - 5 to 6 November 2024 in North West, Moruleng Village.
•	Easter Season - 4 to 5 March 2025 in Hekpoort, Mogale City Local Municipality, Gauteng Province.
",None,N/A,,None,N/A,300
Tourism,Tourism,National,PROGRAMME 4: TOURISM SECTOR SUPPORT SERVICES,PROGRAMME 4: TOURISM SECTOR SUPPORT SERVICES,Quarterly,Output Indicator 3 - Number of initiatives implemented to support tourism SMMEs - 150 SMMEs supported with compliance and resilience support ,Not Applicable,Not  Applicable,Not Applicable,Not Applicable,,"Demand analysis for support required.
",Demand analysis for support required done.,None,N/A,"Matching with SMMEs 
and contracting.
","Matching with SMMEs 
and contracting not conducted.
","Implementation of compliance and resilience support provided to 150 SMMEs.
","Compliance and resilience support was provided to 155 SMMEs.
","The Tourism Incentive Programme database used had an overall declines of 252 businesses. Activities carried out included all of them, an overwhelming response of 155 was received from SMMEs.
",N/A,"Compliance and resilience support provided to 150 SMMEs and annual report developed.
",Compliance and resilience support was provided to 55 SMMEs and annual report developed.,,,"2. 150 SMMEs supported with compliance and resilience support
",-,"155 SMMEs were provided with compliance and resilience support.
",,,,SMMEs not matched due to pending appointment of business advisors/ service providers.,Bid advertisement and appointment of service providers to be finalised in quarter 3.,300
Tourism,Tourism,National,PROGRAMME 4: TOURISM SECTOR SUPPORT SERVICES,PROGRAMME 4: TOURISM SECTOR SUPPORT SERVICES,Quarterly,Output Indicator 3 - Number of initiatives implemented to support tourism SMMEs - Business Incubation programme implemented,Not Applicable,Not  Applicable,Not Applicable,Not Applicable,,"Business Support and Development Incubation Programme implemented through:

•	Community-based Tourism Enterprises Incubator.

•	Business Advisory Services focusing on Women in Tourism in Limpopo implemented.
•	Business Advisory Services focusing on Homestay Pilot Programme implemented in Eastern Cape.
","Business Support and Development Incubation Programme partially implemented through:

•	Community-based tourism enterprises Incubator.
•	Business Advisory Services focusing on Women in Tourism in Limpopo implemented.
•	Business Advisory Services focusing on Homestay Pilot Programme implemented in Eastern Cape.
",Project deliverables delayed due to notice of breach of agreement: unsatisfactory performance by implementer (service provider) in respect of the Community-Based Tourism Enterprise Incubation Programme issued.,"Re-negotiations of the Service Level Agreement timeframes and deliverables to be made.
","Business Support and Development Incubation Programme implemented through:

•	Community-based Tourism Enterprises Incubator.

•	Business Advisory Services focusing on Women in Tourism in Limpopo implemented.
•	Business Advisory Services focusing on Homestay Pilot Programme implemented in Eastern Cape.
","Business Support and Development Incubation Programme partially implemented through:
•	Community-based tourism enterprises Incubator.
•	Business Advisory Services focusing on Women in Tourism in Limpopo implemented.
•	Business Advisory Services focusing on Homestay Pilot Programme implemented in Eastern Cape.","Business Support and Development Incubation Programme implemented through:

•	Community-based Tourism Enterprises Incubator.

•	Business Advisory Services focusing on Women in Tourism in Limpopo implemented.
•	Business Advisory Services focusing on Homestay Pilot Programme implemented in Eastern Cape.
","Business Support and Development Incubation Programme was implemented through:

• Community-based tourism enterprises Incubator.
• Business Advisory Services focusing on Women in Tourism in Limpopo.
• Business Advisory Services focusing on Homestay Pilot Programme in Eastern Cape.",Non,N/A,"Business Support and Development Incubation Programme implemented through:

•	Community-based Tourism Enterprises Incubator.

•	Business Advisory Services focusing on Women in Tourism in Limpopo implemented.
•	Business Advisory Services focusing on Homestay Pilot Programme implemented in Eastern Cape.
","Business Support and Development Incubation Programme was implemented through:

•Community-based tourism enterprises Incubator.
•Business Advisory Services focusing on Women in Tourism in Limpopo implemented.

•Business Advisory Services focusing on Homestay Pilot Programme implemented in Eastern Cape.",None,N/A,"1. Business Incubation programme implemented:

i.	Community-based Tourism Enterprises Incubator

ii.	Business Advisory Services focusing on Women in Tourism in Limpopo

iii.	Business Advisory Services focusing on Homestay Pilot Programme in Eastern Cape.
",-,"Business Incubation Programme was implemented: 

i.	Community-based Tourism Enterprises Incubator.

ii.	Business Advisory Services focusing on Women in Tourism in Limpopo.

iii.	Business Advisory Services focusing on the Homestay Pilot Programme in Eastern Cape.
",None,N/A,,"Recovery implementation plan submitted by service provider signed and under implementation. Year 2 of the programme will only start in January 2025.
None
None
","Recovery Plan developed and signed. Amendment of SLA ending December 2024 being processed to allow for year 2 of the programme to commence in January 2025.
N/A
N/A
",300
Tourism,Tourism,National,PROGRAMME 4: TOURISM SECTOR SUPPORT SERVICES,PROGRAMME 4: TOURISM SECTOR SUPPORT SERVICES,Quarterly,Output Indicator 3 - Number of initiatives implemented to support tourism SMMEs - Resource Efficiency Cleaner Production (RECP) Training and Business Support Programme implemented,Not Applicable,Not  Applicable,Not Applicable,Not Applicable,,"RECP Training and Business Support Programme implemented.
",RECP Training and Business Support Programme implemented.,None,N/A,"RECP Training and Business Support Programme implemented.
",RECP Training and Business Support Programme was implemented.,"RECP Training and Business Support Programme implemented.
",RECP Training and Business Support Programme was implemented.,None,N/A,"RECP Training and Business Support Programme implemented and annual report developed.
",RECP Training and Business Support Programme was implemented.,None,N/A,"3. Resource Efficiency Cleaner Production (RECP) Training and Business Support Programme implemented
",-,"RECP Training and Business Support Programme was implemented.
",None,N/A,,None,N/A,300
Tourism,Tourism,National,PROGRAMME 4: TOURISM SECTOR SUPPORT SERVICES,PROGRAMME 4: TOURISM SECTOR SUPPORT SERVICES,Quarterly,Output Indicator 4 - Number of programmes implemented to enhance visitor service and experiences - Implement Service Excellence Standard (SANS 1197) with focus on Small towns and Tourism product support,Not Applicable,Not  Applicable,Not Applicable,Not Applicable,,"Stakeholder consultation with the Provincial Tourism Office, Municipality and Tourism Stakeholders.
","Stakeholder consultation with the Provincial Tourism Office, Municipality and Tourism Stakeholders conducted.",None,N/A,"Capacity building Provincial Tourism Office, Municipality, and Tourism Stakeholders conducted.
","Capacity building Provincial Tourism Office, Municipality, and Tourism Stakeholders was conducted as follows:
• Mthatha: 6, 7 and 8 August 2024;
• Komani: 13, 14 and 15 August 2024.
","Service Excellence. needs analysis and assessment conducted for tourism service providers and municipality. 
","Service Excellence needs analysis and assessment for tourism service providers and municipality were conducted on 11-15 November 2024 in Mthatha and Queenstown.
",Mone,N/A,"Report on the implementation of the Service Excellence Standard (SANS:1197) focusing on Small Towns and Tourism product support.
",Report on the implementation of the Service Excellence Standard (SANS:1197) focusing on Small Towns and Tourism product support was developed.,None,N/A,"Implementation of Service Excellence Standard (SANS: 1197) with a focus on:

• Small Towns
• Tourism product support.

",-,"Service Excellence Standard (SANS 1197) was implemented with focus on:
•	Small towns and
•	Tourism product support.
",None,N/A,,None,N/A,300
Tourism,Tourism,National,PROGRAMME 4: TOURISM SECTOR SUPPORT SERVICES,PROGRAMME 4: TOURISM SECTOR SUPPORT SERVICES,Quarterly,Output Indicator 4 - Number of programmes implemented to enhance visitor service and experiences - Implementation of the Tourism Monitors Programme in all provinces,Not Applicable,Not  Applicable,Not Applicable,Not Applicable,,"Report on the implementation of the Tourism Monitors Programme, including entities, developed.
","Report on the implementation of the Tourism Monitors Programme, including entities, developed.",None,N/A,"Report on the implementation of the Tourism Monitors Programme, including entities, developed.
","Report on the implementation of the Tourism Monitors Programme, including entities, was developed.","Report on the implementation of the Tourism Monitors Programme, including entities, developed.
","Report on the implementation of the Tourism Monitors Programme, including entities, was developed.",None,N/A,"Report on the implementation of the Tourism Monitors Programme including:

•	SANBI Gardens
•	iSimangaliso Wetland Park
•	ACSA Managed Airports
•	Ezemvelo Nature Reserve.
","Report was developed on the implementation of the Tourism Monitors Programme including:

• SANBI Gardens
• iSimangaliso Wetland Park
• ACSA Managed Airports
• Ezemvelo Nature Reserve",None,N/A,"Implementation of the Tourism Monitors Programme in all provinces including the following entities: 

• SANBI Gardens
•iSimangaliso Wetland Park
• ACSA Managed Airports
• Ezemvelo Nature Reserve.
",-,"The Tourism Monitors was implemented in all provinces including the following entities:
•	SANBI Gardens
•	iSimangaliso Wetland Park
•	ACSA managed Airports
•	Ezemvelo Nature Reserve
",None,N/A,,None,N/A,300
Tourism,Tourism,National,PROGRAMME 4: TOURISM SECTOR SUPPORT SERVICES,PROGRAMME 4: TOURISM SECTOR SUPPORT SERVICES,Quarterly,Output Indicator 4 - Number of programmes implemented to enhance visitor service and experiences - Joint tourist safety awareness sessions conducted,Not Applicable,Not  Applicable,Not Applicable,Not Applicable,,"• Joint tourist safety awareness sessions
conducted. 
• Report on the session developed.
","• Joint Tourist safety awareness session conducted on 13-14 June 2024 in Mthatha.
• Report on the session developed.
",None,N/A,"• Joint tourist safety awareness sessions
conducted. 
• Report on the session developed.
","• Joint tourist safety awareness sessions were conducted in Manguzi, KwaZulu-Natal on 22 August 2024.
• Report on the session was developed.
","• Joint tourist safety awareness sessions
conducted. 
• Report on the session developed.
","• Joint tourist safety awareness sessions were conducted in Sun City, North West Province on 5-7 November 2024.
• Report on the session was developed.
",None,N/A,"• Joint tourist safety awareness sessions
conducted. 
• Report on the joint tourist safety awareness sessions session developed.
 ","• Joint tourist safety awareness session was conducted in West Rand region of the Gauteng Province on 4 - 6 March 2025.
• Report on the joint tourist safety awareness sessions was developed.",None,N/A,"Joint tourist safety Campaigns sessions conducted.
",-,"Four Joint tourist safety awareness sessions were conducted as follows:
•	Eastern Cape - 13 to June 2024 in Mthatha;
•	KwaZulu-Natal - 20 to 22 August 2024 in Manguzi;
•	North West - 5 to 7 November 2024 in Sun City.
•	Gauteng - 4 to 6 March 2025 in Mogale City Local Municipality.
",None,N/A,,None,N/A,300
Tourism,Tourism,National,PROGRAMME 4: TOURISM SECTOR SUPPORT SERVICES,PROGRAMME 4: TOURISM SECTOR SUPPORT SERVICES,Quarterly,Output Indicator 5 - Number of capacity building programmes implemented - 250 SMMEs trained on norms and standards for safe tourism operations in all nine provinces,Not Applicable,Not  Applicable,Not Applicable,Not Applicable,,"Project plan for training of 250 SMMEs developed. 
",Project plan for the training of 250 SMMEs developed.,None,N/A,"Recruitment and selection of SMMEs undertaken.
",Recruitment and selection of SMMEs was undertaken.,"Training of 125 SMMEs on the norms and standards for safe tourism operations in five provinces.
","Training of 194 SMMEs on the norms and standards for safe tourism operations was undertaken in seven provinces.
","The target was overachieved for quarter 3 due to the availability and commitment received from all the provinces.
",N/A,"• Training of 125 SMMEs on the norms and standards for safe tourism operations in four provinces.
• Report compiled on the 250 SMMEs trained on norms and standards for safe tourism operations in all 9 provinces.
"," • Training of 125 SMMEs on the norms and standards for safe tourism operations in four provinces was undertaken.
• Report was compiled on the 250 SMMEs trained on norms and standards for safe tourism operations in all 9 provinces."," • Training of 194 SMMEs on the norms and standards for safe tourism operations 
in 7 provinces undertaken in quarter 3 due to the availability and commitment received from all the provinces . The training of 194 SMMEs in Q3 surpassed the target set of 125. An additional 80 SMMEs were trained in quarter 4 as part of the TSHRD & G target.

 • The  overall annual target of 250 SMMEs trained on norms and standard for safe tourism operations in all 9 province was exceed by 24 SMMEs and a total of 274 SMMEs were trained in all 9 provinces.  


",N/A,"2. 250 SMMEs trained on norms and standards for safe tourism operations in all nine provinces.
",-,"274 SMMEs were trained on norms and standards for safe tourism operations in all nine provinces.
",,N/A,,None,N/A,300
Tourism,Tourism,National,PROGRAMME 4: TOURISM SECTOR SUPPORT SERVICES,PROGRAMME 4: TOURISM SECTOR SUPPORT SERVICES,Quarterly,Output Indicator 5 - Number of capacity building programmes implemented - 2700 unemployed youth trained on norms and standards for safe tourism operations,Not Applicable,Not  Applicable,Not Applicable,Not Applicable,,"675 unemployed youth trained on norms and standards for safe tourism operations.
",,,,"675 unemployed youth trained on norms and standards for safe tourism operations.
","2800 unemployed youth trained on norms and standards for safe tourism operations.
","675 unemployed youth trained on norms and standards for safe tourism operations.
",2305 unemployed youth were trained on norms and standards for safe tourism operations.,The actual number (2305) surpassed the planned quarterly target of 675 for the period under review. This due to the Department responding to the Department of Employment and Labour programme on Massification of Skills Development and Job Creation Opportunities.,N/A,"• 675 unemployed youth trained on norms and standards for safe tourism operations.
• Annual report compiled for training of 2700 unemployed youth on norms and standards for safe tourism operations.
","•2305 unemployed youth were trained on norms and standards for safe tourism operations.

•Annual report was compiled for training of 2700 unemployed youth on norms and standards for safe tourism operations.","The actual number 2305 surpassed the planned quarterly target of 675 for the period under review. This due to the Department responding to the Department of Employment and Labour programme on Massification of Skills Development and Job Creation Opportunities by recruiting more learners.
",N/A,"1. 2700 unemployed youth trained on norms and standards for safe tourism operations.
",-,2800 unemployed youth were trained on norms and standards for safe tourism operations.,"The overachievement of the target was due to the response on the Massification of Skills Development and Job Creation initiative by the Ministry of Employment and Labour.
","N/A
",,"The overachievement of the target was due to the response on the Massification of Skills Development and Job Creation initiative and also the training of Tourism Safety Monitors on norms and standards for safe tourism operations.
",N/A,300
Tourism,Tourism,National,PROGRAMME 4: TOURISM SECTOR SUPPORT SERVICES,PROGRAMME 4: TOURISM SECTOR SUPPORT SERVICES,Quarterly,Output Indicator 5 - Number of capacity building programmes implemented - 450 unemployed youth trained on identified skills development programmes,Not Applicable,Not  Applicable,Not Applicable,Not Applicable,,"Training delivery and placement of 240 unemployed youth with the host employers.
",,,,"Training delivery and placement of 210 unemployed youth with the host employers.
",495 unemployed youth was trained and placed with the host employers.,"Develop Concept Document for the new skills development programmes.
","Concept Document for the new skills development programmes was developed.
",None,N/A,"• Concept Document for the evaluation of skills development programmes approved.
• Annual report compiled for training and placement of 450 unemployed youth on various skills development programmes.
","• Concept Document for the evaluation of skills development 
programmes was approved.
• Annual report was compiled for training and placement of 450 unemployed youth on various skills development programmes.
","The actual number 495 surpassed the planned annual target of 450 for the period under review. This due to the Department responding to the Department of Employment and Labour programme on Massification of Skills Development and Job Creation Opportunities by recruiting more learners.
",N/A,"5. 450 unemployed youth trained on various skills development programmes.
",-,"495 unemployed youth were trained on identified skills development programmes.

The youth were enrolled on the following programmes: 
•	Food and Beverage Training.
•	Professional Cookery.
•	Food Safety Quality Assurers.
","The overachievement can be attributed to the Department responding to the Massification of Skills Development and Job Creation initiative by the Ministry of Employment and Labour.
",N/A,,The overachievement can be attributed to the Department responding to the Massification of Skills Development and Job Creation initiative by the Ministry of Employment and Labour.,N/A,300
Tourism,Tourism,National,PROGRAMME 4: TOURISM SECTOR SUPPORT SERVICES,PROGRAMME 4: TOURISM SECTOR SUPPORT SERVICES,Quarterly,Output Indicator 5 - Number of capacity building programmes implemented - 50 Chefs undergo an RPL process,Not Applicable,Not  Applicable,Not Applicable,Not Applicable,,"Project Plan developed and approved for the RPL of 50 Chefs.
",Project Plan developed and approved for the RPL of 50 Chefs.,None,N/A,"Recruitment, selection, and induction of learners for RPL process.
","Recruitment, selection, and induction of learners for RPL process was conducted.","Report on the implementation of the training of learners for RPL process.
","Report on the implementation of the training of learners for RPL process was developed.
",None,N/A,"Report on the implementation of training for 50 Chefs for RPL process.
",Report on the implementation of training for 50 Chefs for RPL process was developed.,None,N/A,"4. 50 Chefs undergo an RPL process.
",-,"50 Chefs had undergone an RPL process in Gauteng and Free State.
",None,N/A,,None,N/A,300
Tourism,Tourism,National,PROGRAMME 4: TOURISM SECTOR SUPPORT SERVICES,PROGRAMME 4: TOURISM SECTOR SUPPORT SERVICES,Quarterly,Output Indicator 5 - Number of capacity building programmes implemented - NTCE 2024 hosted,Not Applicable,Not  Applicable,Not Applicable,Not Applicable,,"Project Plan for hosting of NTCE 2024 developed.
",Project plan for hosting of NTCE 2024 developed.,None,N/A,"NTCE 2024 Project Plan deliverables implemented.
","NTCE 2024 Project Plan deliverables were implemented.
","• NTCE 2024 hosted.
• Draft Close Out Report developed.
","• NTCE 2024 was hosted on 8-10 October 2024 in Limpopo.
• Draft Close Out Report was developed.
",None,N/A,"NTCE 2024 Close Out Report finalised. 
",NTCE 2024 Close Out Report was finalised.,None,N/A,3. NTCE 2024 hosted.,-,"NTCE 2024 was hosted on 8-10 October 2024 in Limpopo.
",None,N/A,,None,N/A,300
Traditional Affairs,Traditional Affairs,National,ADMINISTRATION,ADMINISTRATION,Quarterly,% of actions in the approved CFM compliance management plan implemented,Non-Standardized,Not  Applicable,"Priority 1: A Capable, Ethical and Developmental State","Governance, State Capacity and Institutional Development cluster",,"CFM Compliance
Management Plan
approved.

86% of actions
in the approved
CFM Compliance
Management Plan for the
quarter implemented","Achieved

100% of actions in the approved CFM Compliance Management Plan for the quarter were implemented
","The Department strives for full compliance, which is, the implementation of 100% of actions in the CFM Compliance Management Plan and thus, for the period under review, the Chief Directorate managed to achieve 100%.",N/A,,"Achieved

100% of actions in the approved CFM Compliance Management Plan for the quarter were implemented
",,"Achieved

100% of actions in the approved CFM Compliance Management Plan for the quarter were implemented
","The Department strives for full compliance and  thus, for the period under review, the Chief Directorate managed to achieve 100%",N/A,,"Achieved

100% of actions in the approved CFM Compliance Management Plan for the quarter were implemented
",These are compliance requirements in line with PFMA and TR hence the overachievement,N/A,86%,-,,,,,"The Department strives for full compliance and thus, for the period under review, the Chief Directorate managed to achieve 100%.",N/A,300
Traditional Affairs,Traditional Affairs,National,ADMINISTRATION,ADMINISTRATION,Quarterly,% of compliance indicators in the approved Organisational performance information compliance management plan implemented,Non-Standardized,Not  Applicable,"Priority 1: A Capable, Ethical and Developmental State","Governance, State Capacity and Institutional Development cluster",,"Organisational
Performance
Information Compliance
Management Plan
approved

86% of compliance
indicators in the
approved. organisational
performance
information Compliance
Management Plan for the
quarter Implemented

","Achieved

100% of compliance indicators in the approved organisational
Performance information Compliance Management Plan for the quarter were implemented performance
information Compliance
Management Plan for the
quarter were implemented
","The Department strives for 100% compliance with the government timeframes on organisational performance information and thus, for the period under review, the Chief Directorate managed to achieve 100%.",N/A,,"Achieved

86% of compliance indicators in the approved organisational
Performance information Compliance Management Plan for the quarter were implemented performance
information Compliance
Management Plan for the
quarter were implemented
",,"Achieved

86% of compliance indicators in the approved organisational
Performance information Compliance Management Plan for the quarter were implemented 
",N/A,N/A,,"Not Achieved

78% of compliance
indicators in the approved
Organisational performance
Information compliance
management plan for the quarter were implemented 
","The Department did not submit by 31 March 2025, the 2025/2026 APP to the DPME and National Treasury due to the Fiscal Framework not being considered and adopted until 2 April 2025. This led to the tabling of the APP in Parliament on 04 April 2025",Revise the 2025/26 Organizational Performance Information Compliance Management Plan to indicate that the 2026/27 APP will be submitted to the assurance providers a day after tabling in Parliament.,86%,-,,,,,N/A,N/A,300
Traditional Affairs,Traditional Affairs,National,ADMINISTRATION,ADMINISTRATION,Quarterly,% of DTA employees trained through various interventions as per the approved Training Plan,Non-Standardized,Not  Applicable,"Priority 1: A Capable, Ethical and Developmental State","Governance, State Capacity and Institutional Development cluster",,Training Plan Approved,"Achieved

The Training Plan was approved
",None,N/A,,0,,,,,,"Achieved

103,8% of employees trained on various training interventions
","Training interventions on Ethics Management, Labour Relations were extended to all DTA employees",N/A,65%,-,,,,,0,0,300
Traditional Affairs,Traditional Affairs,National,ADMINISTRATION,ADMINISTRATION,Quarterly,% of compliance indicators in the approved Organisational performance information compliance management plan implemented,Non-Standardized,Not  Applicable,"Priority 1: A Capable, Ethical and Developmental State","Governance, State Capacity and Institutional Development cluster",,0 %,,,,0 %,,0 %,,,,0 %,,,,0 %,0 %,,,,,,,300
Traditional Affairs,Traditional Affairs,National,ADMINISTRATION,ADMINISTRATION,Quarterly,% of actions in the approved CFM compliance management plan implemented,Non-Standardized,Not  Applicable,"Priority 1: A Capable, Ethical and Developmental State","Governance, State Capacity and Institutional Development cluster",,0 %,,,,0 %,,0 %,,,,0 %,,,,0 %,0 %,,,,,,,300
Traditional Affairs,Traditional Affairs,National,ADMINISTRATION,ADMINISTRATION,Quarterly, % of DTA employees trained through various interventions as per the approved Training Plan,Non-Standardized,Not  Applicable,"Priority 1: A Capable, Ethical and Developmental State","Governance, State Capacity and Institutional Development cluster",,0 %,,,,0 %,,0 %,,,,0 %,"Achieved

4 provinces implemented
interventions for the
reduction of GBVF in
traditional leadership
 %",,,0 %,0 %,,,,,,,300
Traditional Affairs,Traditional Affairs,National,ADMINISTRATION,ADMINISTRATION,Quarterly,Number of provinces implementing interventions for the reduction of GBVF in traditional leadership,Non-Standardized,Not  Applicable,Priority 6: Social Cohesion and Safer Communities,"The Social Protection, Community and Human Development cluster",,0,,0,0,4,"Achieved

4 provinces implemented
interventions for the reduction of GBVF in traditional leadership
",0,,,,4,"Achieved

4 provinces implemented
interventions for the
reduction of GBVF in
traditional leadership
",,,8,0,,,,,N/A,N/A,300
Traditional Affairs,Traditional Affairs,National,"PROGRAMME 2: RESEARCH, POLICY AND LEGISLATION","PROGRAMME 2: RESEARCH, POLICY AND LEGISLATION",Quarterly,4 kingships/queenships (KQs) and PTL Royal families for which customary laws of succession and genealogies have been documented,Non-Standardized,Not  Applicable,Priority 6: Social Cohesion and Safer Communities,"The Social Protection, Community and Human Development cluster",,1,0,None,,1,,1,,,,1,"Achieved

customary law of succession and genealogy was documented for 1  kingship Royal family
",N/A,,4,0,,,,,,,300
Traditional Affairs,Traditional Affairs,National,"PROGRAMME 2: RESEARCH, POLICY AND LEGISLATION","PROGRAMME 2: RESEARCH, POLICY AND LEGISLATION",Quarterly,Draft Customary Initiation Regulations gazetted for public comments,Non-Standardized,Not  Applicable,Priority 6: Social Cohesion and Safer Communities,"The Social Protection, Community and Human Development cluster",,0,0,0,0,0,,Consultations with Provincial Departments under which customary initiation matters fall on the draft Ministerial Determinations,"Achieved

Consultations were done  with Provincial Departments under which customary initiation matters fall on the draft Ministerial Determinations
",N/A,N/A,0,"Achieved

Draft Customary Initiation Regulations were published in a government gazette for public comments
",N/A,,Draft Ministerial Determinations on fees paid for customary initiation published in a government gazette for public comments,-,,,,,,,300
Traditional Affairs,Traditional Affairs,National,"PROGRAMME 2: RESEARCH, POLICY AND LEGISLATION","PROGRAMME 2: RESEARCH, POLICY AND LEGISLATION",Quarterly,Draft Ministerial Determinations on fees paid for customary initiation gazetted for public comments,Non-Standardized,Not  Applicable,"Priority 1: A Capable, Ethical and Developmental State","Governance, State Capacity and Institutional Development cluster",,,,,,,,,,,,,"Achieved

Draft Ministerial Determinations on fees paid for customary initiation were published in a government gazette for public comments
",N/A,,,-,,,,,,,300
Traditional Affairs,Traditional Affairs,National,"PROGRAMME 2: RESEARCH, POLICY AND LEGISLATION","PROGRAMME 2: RESEARCH, POLICY AND LEGISLATION",Quarterly,Number of Kingships/Queenships applications processed,Non-Standardized,Not  Applicable,"Priority 1: A Capable, Ethical and Developmental State","Governance, State Capacity and Institutional Development cluster",,0,0,,,0,,0,,,,7,"Achieved

7 Kingships/ Queenships applications were processed 
",N/A,,7,0,,,,,,,300
Traditional Affairs,Traditional Affairs,National,"PROGRAMME 2: RESEARCH, POLICY AND LEGISLATION","PROGRAMME 2: RESEARCH, POLICY AND LEGISLATION",Quarterly,Number of Kingships/Queenships applications processed,Non-Standardized,Not  Applicable,"Priority 1: A Capable, Ethical and Developmental State","Governance, State Capacity and Institutional Development cluster",,0,0,,,0,,0,,,,7,,,,7,0,,,,,,,300
Traditional Affairs,Traditional Affairs,National,"PROGRAMME 2: RESEARCH, POLICY AND LEGISLATION","PROGRAMME 2: RESEARCH, POLICY AND LEGISLATION",Quarterly,Number of Ministerial Determinations on the fees paid for customary initiation to decommercialise the customary initiation practice submitted to the Minister by 31 March 2025,Non-Standardized,Not  Applicable,"Priority 1: A Capable, Ethical and Developmental State","Governance, State Capacity and Institutional Development cluster",,"Draft Ministerial
Determinations on
the fees paid for
customary initiation
to decommercialise
the customary
initiation practice
developed


Consultations
with PICCs, NIOC
and DoH on the
Draft Ministerial
Determinations","Achieved

Draft Ministerial Determinations on the fees paid for customary initiation to decommercialise
decommercialize the customary initiation practice developed
",None,N/A,"Consultations
with National and
Provincial Houses
of Traditional and
Khoi-San Leaders on
the Draft Ministerial
Determinations","Achieved

Consultation with the NHTKL and PHTKL (Secretaries of Houses)
","Consultations with
relevant Provincial
and National
Departments on
the Draft Ministerial
Determinations","Achieved

Consultations were done  with Provincial Departments under which customary initiation matters fall on the draft Ministerial Determinations
",N/A,N/A,"Ministerial
Determinations on
the fees paid for
customary initiation
to decommercialise
the customary
initiation practice
submitted to the
Minister",,,,"Ministerial
Determinations on
the fees paid for
customary initiation
to decommercialise
the customary
initiation practice
developed",-,,,,,N/A,N/A,300
Traditional Affairs,Traditional Affairs,National,"PROGRAMME 2: RESEARCH, POLICY AND LEGISLATION","PROGRAMME 2: RESEARCH, POLICY AND LEGISLATION",Quarterly,Number of PICCs monitored on compliance with the Customary Initiation Act in respect of customary initiation seasons,Non-Standardized,Not  Applicable,Priority 6: Social Cohesion and Safer Communities,"The Social Protection, Community and Human Development cluster",,0,0,,,0,,0,,,,8,"chieved

9 PICCs were monitored on compliance with the Customary Initiation Act in respect of customary initiation seasons
",N/A,,8,0,,,,,,,300
Traditional Affairs,Traditional Affairs,National,"PROGRAMME 2: RESEARCH, POLICY AND LEGISLATION","PROGRAMME 2: RESEARCH, POLICY AND LEGISLATION",Quarterly,"Number of PICCs monitored on traditional leaders’ performance of their statutory functions i.r.o conducting inspections in initiation schools and screening of initiation principals, traditional surgeons, caregivers and traditional health practitioners",Non-Standardized,Not  Applicable,Priority 6: Social Cohesion and Safer Communities,"The Social Protection, Community and Human Development cluster",,0,0,None,,0,,0,,,,6,"Achieved

8 PICCs were monitored on traditional leaders’ performance of their statutory functions i.r.o conducting inspections in initiation schools and screening of initiation principals, traditional surgeons, caregivers and traditional health practitioners
","During the planning period (when finalising and tabling the APP) the target was set at six (6) PICCs because one PICC was not established and the other PICC was not fully operational. One PICC was established in June 2024 and became operational during the 2024 summer initiation season, and it was only able to collect initiation data and submit its summer initiation season report in Quarter 4, hence it was also monitored during quarter 4. 

The other PICC became fully operational from the 2024 winter initiation season, and was thus monitored throughout the 2024 initiation seasons, including during quarter 4.  

In view of the above, additional two PICCs were monitored in quarter 4 (for the summer initiation season), 
",,6,0,,,,,,,300
Traditional Affairs,Traditional Affairs,National,"PROGRAMME 2: RESEARCH, POLICY AND LEGISLATION","PROGRAMME 2: RESEARCH, POLICY AND LEGISLATION",Quarterly,Number of Provincial Houses of Traditional and Khoi-San Leaders workshopped on the documentation of customary laws of succession and genealogies,Non-Standardized,Not  Applicable,Priority 6: Social Cohesion and Safer Communities,"The Social Protection, Community and Human Development cluster",,0,0,,,0,,0,,,,2,"Achieved

2 Provincial Houses of Traditional and Khoi-San Leaders were capacitated on the documentation of customary laws of succession and genealogies
",,,2,0,,,,,,,300
Traditional Affairs,Traditional Affairs,National,"PROGRAMME 2: RESEARCH, POLICY AND LEGISLATION","PROGRAMME 2: RESEARCH, POLICY AND LEGISLATION",Quarterly,Number of customary laws of succession and genealogies documented for kingships/ queenships (KQs) and Principal Traditional Leaders (PTL) royal families,Non-Standardized,Not  Applicable,Priority 6: Social Cohesion and Safer Communities,"The Social Protection, Community and Human Development cluster",,1,0,"

Non-availability of Royal Family members and as such a verification meeting with the Royal Family to confirm the draft documented customary law of succession and genealogy could not take place and as such the Branch could not finalise and submit the documented, updated, adapted and transformed Customary Law of Succession and Genealogy to the Bakoena Ba Mopeli PTL for sign-off.
","Continuous follow-ups on the requests for meetings with the Royal Family members. 

Based on the inputs received during  the meeting with the  Royal Family, develop a draft customary law and genealogy, and thereafter
request another meeting for verification of the draft.


Following the verification, develop 1 documented, updated, and transformed  customary
laws of succession (CLS)
and genealogies for
that particular  Principal Traditional Community Royal family.

Prepare a Memorandum and a letter for the DG’s signature submitting a documented, updated and transformed CLS and Genealogy
",1,"Achieved 

2 customary laws of succession
and genealogies documented
for Principal Traditional Leader (PTL) royal family (Batlokwa ba Mota) and Bakoena ba Mopeli)
",1,"Achieved 

1 customary laws of succession and genealogies for amaRharhabe kingship was documented
",N/A,N/A,1,,,,4,0,,,,,Outstanding target from previous quarter,N/A,300
Traditional Affairs,Traditional Affairs,National,"PROGRAMME 2: RESEARCH, POLICY AND LEGISLATION","PROGRAMME 2: RESEARCH, POLICY AND LEGISLATION",Quarterly,Number of PICCs closing illegal customary initiation schools,Non-Standardized,Not  Applicable,Priority 6: Social Cohesion and Safer Communities,"The Social Protection, Community and Human Development cluster",,3,3,None,N/A,0,,3,,,,0,,,,3,0,,,,,,,300
Traditional Affairs,Traditional Affairs,National,"PROGRAMME 2: RESEARCH, POLICY AND LEGISLATION","PROGRAMME 2: RESEARCH, POLICY AND LEGISLATION",Quarterly,Number of traditional leaders/ traditional councils conducting inspections/ visits in customary initiation schools in hotspot districts per season,Non-Standardized,Not  Applicable,Priority 6: Social Cohesion and Safer Communities,"The Social Protection, Community and Human Development cluster",,10,10,None,N/A,0,,10,,,,0,,,,10,0,,,,,,,300
Traditional Affairs,Traditional Affairs,National,"PROGRAMME 2: RESEARCH, POLICY AND LEGISLATION","PROGRAMME 2: RESEARCH, POLICY AND LEGISLATION",Quarterly,Number of Customary Initiation Act awareness campaigns conducted in hotspot districts,Non-Standardized,Not  Applicable,Priority 6: Social Cohesion and Safer Communities,"The Social Protection, Community and Human Development cluster",,1,1,None,N/A,1,"Achieved


1  Customary Initiation Act
Awareness campaign conducted in the Ngaka Modiri Molema District Municipality, North West, specifically at Boitshoko Secondary School (Mafikeng) on 01 August 2024
",1,"Achieved


1 Customary Initiation Act awareness
Campaign conducted in the  Sekhukune District Municipality, Limpopo Province, specifically at Loskop, Forever Resorts) on 04 December 2024
",N/A,N/A,0,,,,3,1,,,,,N/A,N/A,300
Traditional Affairs,Traditional Affairs,National,"PROGRAMME 2: RESEARCH, POLICY AND LEGISLATION","PROGRAMME 2: RESEARCH, POLICY AND LEGISLATION",Quarterly,Number of Ministerial Determinations on the fees paid for customary initiation to decommercialise the customary initiation practice submitted to the Minister by 31 March 2025,Non-Standardized,Not  Applicable,Priority 6: Social Cohesion and Safer Communities,"The Social Protection, Community and Human Development cluster",,0,0,,,0,,0,,,,0,,,,0,0,,,,,,,300
Traditional Affairs,Traditional Affairs,National,PROGRAMME 3: INSTITUTIONAL SUPPORT AND COORDINATION,PROGRAMME 3: INSTITUTIONAL SUPPORT AND COORDINATION,Quarterly,% of Inter-Ministerial Task Team (IMTT) resolutions on the issues raised by traditional leaders with Government implemented,Non-Standardized,Not  Applicable,Priority 6: Social Cohesion and Safer Communities,"The Social Protection, Community and Human Development cluster",,"IMTT Dialogue
convened


IMTT Report","Achieved

•	The NHTKL convened the IMTT dialogue on 16 April 2024.

•	A report was developed on the IMTT dialogue.

•	A matrix on the issues raised by traditional leaders with the government was developed.

•	The decision matrix was updated using information contained in the reports of the 5 Workstreams that were presented during the dialogue of 16 April 2024.



",None,N/A,IMTT Report,"Achieved

•	Obtained Annual Performance Plans of Departments comprising the Workstreams.
•	Studied the APPs and identified output indicators with a likelihood to contribute to resolving the matters that traditional leaders raised with government.
•	Attended NHTKL Committee meetings convened to discuss progress regarding the implementation of Resolutions on issues raised by the Traditional Leaders with government
•	On 2 August 2024, attended a meeting organised by the Presidency which discussed the delegations to the Deputy President that have a bearing on the institution of traditional leadership and the work of the IMTT on traditional leadership.
•	Attended meetings convened by the Director-General (DTA) to discuss matters raised by traditional leaders and being considered by the IMTT (on traditional leadership).

The meetings were held with the following departments:
•	SAPS - 15 August 2024
•	DSD – 19 August 2024
•	DLRRD – 28 August 2024 
",IMTT Report,,,,5%,,,,5%,-,,,,,N/A,N/A,300
Traditional Affairs,Traditional Affairs,National,PROGRAMME 3: INSTITUTIONAL SUPPORT AND COORDINATION,PROGRAMME 3: INSTITUTIONAL SUPPORT AND COORDINATION,Quarterly,% of recognised Kings/ Queens constituting the Kings/Queens Forum,Non-Standardized,Not  Applicable,Priority 6: Social Cohesion and Safer Communities,"The Social Protection, Community and Human Development cluster",,"Consultations with
Kings/Queens and
other Stakeholders","Not Achieved

Although the target was not achieved, the following work was undertaken:
•	 Studied legislative frameworks in order to improve the draft Concept Document and the Terms of Reference (ToR).  The legislative framework included the following:

o	White Paper on Traditional leadership;
o	TKLA;
o	House of Traditional Leaders Act (EC) as amended.
o	House of Traditional Leaders Act (FS) as amended.
o	House of Traditional Leaders Act (KwaZulu-Natal).
o	House of Traditional Leaders Act (Limpopo) as amended.
o	House of Traditional Leaders Act (Mpumalanga) as amended.

•	Held internal discussions within the Chief Directorate and reviewed the draft Concept document and the draft Terms of Reference.
•	Revised the Concept document and ToRs in line with received proposals, comments and inputs.
•	Revised the concept document on the establishment of the Forum and aligned it to policy documents and legislative frameworks.

•	Revised the Terms of Reference developed to guide the establishment of the Kings/ Queens Forum.

•	Consulted the Kings/Queens on the establishment of the Forum during the engagements which discussed the election results and the inauguration of the President.
",,,"Consultations with
Kings/Queens and
other Stakeholders","Achieved

•	On 7 August consulted Technical MinMec on the Concept Paper and Terms of Reference for the establishment of the Forum for South African Majesties.
•	Received comments and input and effected into the ToRs.
•	On 12 August 2024 briefed and consulted the Deputy Minister on the Concept Paper and Terms of Reference for the establishment of the Forum for South African Majesties.  Received comments and input that were used to revise the two documents.
•	On 7 August consulted Technical MinMec on the Concept Paper and Terms of Reference for the establishment of the Forum for South African Majesties. 
•	Received comments and input and effected into the ToRs.

On 12 August 2024 briefed and consulted the Deputy Minister on the Concept Paper and Terms of Reference for the establishment of the Forum for South African Majesties.  Received comments and input that were used to revise the two documents.
","Consultations with
Kings/Queens and
other Stakeholders","Achieved

On 25 to 27 October 2024 a meeting of their Majesties was held at the Southern Sun Hotel in Pretoria to formally establish the Forum for the South African Majesties.

The establishment of the Forum for Majesties in quarter three as opposed to quarter four translates into over-achievement due to the Minister having called for this meeting earlier than planned.

Their Majesties signed a Pledge for the Forum.

A Road Map containing activities with identified dates for implementation was developed.
A report to this effect was developed
",N/A,N/A,"Forum constituted
with 60% of Kings/
Queens",,,,60%,-,,,,,N/A,N/A,300
Traditional Affairs,Traditional Affairs,National,PROGRAMME 3: INSTITUTIONAL SUPPORT AND COORDINATION,PROGRAMME 3: INSTITUTIONAL SUPPORT AND COORDINATION,Quarterly,% of SLP’s socio economic development projects in 10 traditional communities implemented,Non-Standardized,Not  Applicable,Priority 2: Economic Transformation And Job Creation,"The Economic Sectors, Employment and Infrastructure Development cluster",,"Consultation with
stakeholders","Achieved

•A report on SLP assessment for Sekhukhune District was presented at the Train-the-Trainer Workshop for the officials of the Limpopo Traditional Affairs where they agreed to participate in the implementation of the intervention plan. 
•	Engaged the DMRE on 28 June 2024 on the 2023/24 findings following the assessment of the implementation of SLPs where the intervention process was agreed upon. 
",None,N/A,"Consultation with
stakeholders","Achieved

Four meetings were held with DMR regional offices to discuss the implementation of the decisions of the meeting held during Q1 as follows: 
•	Limpopo: 12 September 2024
•	Northern Cape: 12 September 2024 
•	KwaZulu Natal: 11 September 2024 
•	North West: 10 September 2024

Key decisions of the engagement with DRME regional offices: 

•	To collaborate in arranging workshops to capacitate traditional leaders on the SLP processes;
•	To collaborate in arranging joint sessions of DTA, DMRE, traditional leaders, municipalities, mining companies and other relevant role players to discuss broad issues related to mining in traditional communal areas.
To organise a combined meeting of the four regions to agree on a common process for implementing the Q1 decisions during Q2 and Q3.
","Consultation with
stakeholders",,,,5%,,,,5%,-,,,,,N/A,N/A,300
Traditional Affairs,Traditional Affairs,National,PROGRAMME 3: INSTITUTIONAL SUPPORT AND COORDINATION,PROGRAMME 3: INSTITUTIONAL SUPPORT AND COORDINATION,Quarterly,1 Forum of South African Majesties established.,Non-Standardized,Not  Applicable,"Priority 1: A Capable, Ethical and Developmental State","Governance, State Capacity and Institutional Development cluster",,0,0,,,0,,0,"Achieved

•	On 25 to 27 October 2024 a meeting of their Majesties was held at the Southern Sun Hotel in Pretoria to formally establish the Forum for the South African Majesties.

•	The establishment of the Forum for Majesties in quarter three as opposed to quarter four translates into over-achievement due to the Minister having called for this meeting earlier than planned.

•	Their Majesties signed a Pledge for the Forum.

•	A Road Map containing activities with identified dates for implementation was developed.
A report to this effect was developed
",N/A,N/A,1,"Not Achieved

Tracked the DTA’s implementation of the Road Map adopted during the meeting of the Minister with Their Majesties held on 25-27 October 2025
Implemented decisions of the meeting of the Minister with the Kings which required that a structure for the Queens/Consorts of the Majesties be established.
South African Queens Council established during a meeting that took place on 27 and 28 March 2025
",Minister’s Programme of Action on traditional leadership necessitated that the Forum for South African Majesties be established in Q3 rather than Q4.,,1,0,,,,,,,300
Traditional Affairs,Traditional Affairs,National,PROGRAMME 3: INSTITUTIONAL SUPPORT AND COORDINATION,PROGRAMME 3: INSTITUTIONAL SUPPORT AND COORDINATION,Quarterly,Forum of South African Majesties established,Non-Standardized,Not  Applicable,"Priority 1: A Capable, Ethical and Developmental State","Governance, State Capacity and Institutional Development cluster",,,,,,,,,,,,,,,,,-,,,,,,,300
Traditional Affairs,Traditional Affairs,National,PROGRAMME 3: INSTITUTIONAL SUPPORT AND COORDINATION,PROGRAMME 3: INSTITUTIONAL SUPPORT AND COORDINATION,Quarterly,Number of consultation sessions with the 4 Local Houses of Traditional and Khoi-San Leaders on the Eastern Seaboard Development (ESD) Regional Master Plan ,Non-Standardized,Not  Applicable,Priority 2: Economic Transformation And Job Creation,"The Economic Sectors, Employment and Infrastructure Development cluster",,0,0,None,N/A,0,,0,"Achieved

•	Participation by Traditional Leaders in the Eastern Seaboard Ministerial Engagement Session facilitated whereby the Minister consulted with key stakeholders on the ESD programme;
•	Inputs were received on the establishment of the Special Purpose Vehicle (SPV) for the ESD;
•	 A meeting with MISA and MIVJ was held on 22/11/2024 were the details of the Proposed ESD Traditional Leader’s Summit were discussed. Subsequently, MIJV circulated the draft Concept note for the summit. The meeting also  agreed to facilitate the participation by Traditional Leaders in the ESD Project Management Committee (PMC) by scheduling briefing sessions with the affected Kingships
",N/A,N/A,1,"Achieved

1 session with 4 Local Houses of Traditional and Khoi-San Leaders on the Eastern Seaboard Regional Master Plan was consulted on the 22-23 March 2025 at the Wild Coast Sun Hotel. A detailed report was developed
",N/A,,1,0,,,,,,,300
Traditional Affairs,Traditional Affairs,National,PROGRAMME 3: INSTITUTIONAL SUPPORT AND COORDINATION,PROGRAMME 3: INSTITUTIONAL SUPPORT AND COORDINATION,Quarterly,"Number of Hectares of land availed by Traditional Councils within the 4 Local Houses of traditional and Khoi-San leaders (OR Tambo, Alfred Nzo; Ugu and Harry Gwala) for the implementation of the Invest Rural Master Plan in the Eastern Seaboard Development",Non-Standardized,Not  Applicable,Priority 2: Economic Transformation And Job Creation,"The Economic Sectors, Employment and Infrastructure Development cluster",,0,0,,,0,,0,,,,0,,,,0,0,,,,,,,300
Traditional Affairs,Traditional Affairs,National,PROGRAMME 3: INSTITUTIONAL SUPPORT AND COORDINATION,PROGRAMME 3: INSTITUTIONAL SUPPORT AND COORDINATION,Quarterly,"Number of Hectares of land availed by Traditional Councils within the 4 Local Houses of traditional and Khoi-San leaders (OR Tambo, Alfred Nzo; Ugu and Harry Gwala) for the implementation of the Invest Rural Master Plan in the Eastern Seaboard Development",Non-Standardized,Not  Applicable,Priority 2: Economic Transformation And Job Creation,"The Economic Sectors, Employment and Infrastructure Development cluster",,Consultations,"Achieved

Consultations were done with the Eastern Seaboard Steering Committee which set on 3 June 2024 and confirmed the role of traditional leaders and meeting with MISA as the SED facilitator on 26 June 2024 agreed on the engagement process with traditional leadership.  
",None,N/A,Consultations,"Achieved

Workshop on the ESD Approach, Role and Engagement with Traditional Leaders held on 9 July 2024
•	The Key outcome was to organise the ESD Traditional Leaders Summit.
Participation in the ESD Programme Implementation Committee established in July 2024 to perform, among others the following functions: 
•	Provide implementation oversight of ESD projects 
•	Provide strategic policy and public budgetary guidance;
•	Review the priority list of projects Identify strategic emerging risks that will impact the ESD Programme for escalation and resolutions.
•	Ensure alignment to ESD/RSDF objectives on projects/programmes selected for implementation. 
Coordinating the participation of ESD LHTKL members in ESD PIC 
Eastern Cape and KwaZulu-Natal have submitted the lists of members as well as officials
",Consultations,,,,20 000,,,,20 000,-,,,,,N/A,N/A,300
Traditional Affairs,Traditional Affairs,National,PROGRAMME 3: INSTITUTIONAL SUPPORT AND COORDINATION,PROGRAMME 3: INSTITUTIONAL SUPPORT AND COORDINATION,Quarterly,Number of Houses of Traditional and Khoi-San Leaders provided with tools of trade as provided for in the Framework for the Provision of Enabling Resources to qualifying Traditional Leaders (or Handbook for Traditional Leaders once approved),Non-Standardized,Not  Applicable,"Priority 1: A Capable, Ethical and Developmental State","Governance, State Capacity and Institutional Development cluster",,"Status Report on tools
of trade provided to 8
Houses of Traditional
and Khoi-San Leaders","Achieved

A status report on tools of trade provided to 8 Houses of Traditional and Khoisan leaders has been developed.
",None,N/A,"Consultation with
Provincial CoGTAs,
Houses and other
Stakeholders","Achieved

DTA consulted with four provinces on the provision of tools of trade as follows:
1.	NW Consultation-14 August 2024
2.	MPG Consultation-26 July 2024 
3.	NC Consultation-04 September 2024
4.	FS Consultation-18/19 September 2024


","Consultation with
Provincial CoGTAs,
Houses and other
Stakeholders","Achieved

DTA consulted with three provinces and the NHTKL on the provision of tools of trade as follows:
Limpopo (11/10/2024), KZN (01/11/2024), EC (03/12/2024) and NHTKL (04/11/2024).
",N/A,N/A,8,"Achieved

A quarterly report of 8 Houses of Traditional and Khoi-San Leaders provided with tools of trade as provided for in the Framework for the Provision of Enabling Resources to qualifying Traditional was developed

",N/A,,8,-,,,,,N/A,N/A,300
Traditional Affairs,Traditional Affairs,National,PROGRAMME 3: INSTITUTIONAL SUPPORT AND COORDINATION,PROGRAMME 3: INSTITUTIONAL SUPPORT AND COORDINATION,Quarterly,Number of Houses of Traditional and Khoi-San Leaders workshopped to contribute to disaster prevention and relief in line with the disaster management act,Non-Standardized,Not  Applicable,Priority 6: Social Cohesion and Safer Communities,"The Social Protection, Community and Human Development cluster",,"Consultation with the
NDMC","Achieved

Consultation meeting with NDMC took place on the 8 May 2024 virtually. The purpose of the meeting was to seek collaboration with NDMC to jointly implement capacity building programs in disaster management for the houses of traditional and khoi-san leadership.
",None,N/A,2,"Achieved

•	NHTKL capacitated in disaster management on the 17 July 2024.
•	Members of the Free State PHTKL and LHTKL capacitated on disaster management from 26 -30 August 2024. 
•	North West PHTKL trained on disaster management from 16-20 September 2024 in Suncity
",3,"Not Achieved

3 Provincial Houses of Traditional and Khoi-San leadership were not capacitated on disaster prevention and relief during the quarter under review due to non-availability of the NDMC
","During the quarter under review, the NDMC had other commitments, that is, hosting the International Day for Disaster Reduction (IDDR) in October in Polokwane, Limpopo Province and the National Fire Service Indaba in December in George, Western Cape Province","A contingency plan to achieve the quarter three target is that, in quarter four, six (6) Houses of Traditional and Khoi-San Leadership will be workshopped on Disaster Management instead of the three (3) Houses planned for quarter four (4",3,"Achieved

5 Houses of Traditional
and Khoi-San Leaders
workshopped to contribute
to disaster prevention and
relief in line with the Disaster
Management Act
","
2 more houses of traditional and Khoi-san Leadership capacitated in Disaster Management Act as the result of Q3 target which was not achieved",,8,-,,,,,"Three (3) houses were capacitated instead of the planned two (2) houses because in the training of the Art of Facilitating Socio-Economic Development programme for traditional communities which took place from 16-20 September 2024 , NW PMDC was requested to come and make presentation on the role of traditional leaders in Disaster Management",N/A,300
Traditional Affairs,Traditional Affairs,National,PROGRAMME 3: INSTITUTIONAL SUPPORT AND COORDINATION,PROGRAMME 3: INSTITUTIONAL SUPPORT AND COORDINATION,Quarterly,Number of sector departments coordinated on the implementation of resolutions on issues raised by traditional leaders with Government ,Non-Standardized,Not  Applicable,"Priority 1: A Capable, Ethical and Developmental State","Governance, State Capacity and Institutional Development cluster",,0,0,,N/A,0,,6," Achieved
•	On 17 October 2024, a meeting was convened and was attended by the Conveners of the Technical IMTT Workstreams on traditional leadership.  The meeting was attended by Conveners of Technical Workstreams 1, 3 and 5. The meeting sought to assess overall progress on the IMTT Programme of Action.

•	On 25 to 27 October 2024, the CoGTA Minister convened a meeting with the Majesties and key sector departments. While the purpose of the meeting was to establish a Forum for the Majesties of South Africa, various developmental issues were also deliberated on as well as the work of workstreams 1 and 3of the IMTT 
Achieved

A report was developed
",N/A,N/A,6,"Not Achieved

Letters written to Workstream Conveners to submit report indicating progress regarding the implementation of resolutions on issues raised by traditional leaders with Government
",The Workstream leaders did not coordinate meetings to deal with the IMTT matters despite a letter from the DG DTA requesting such.,,6,0,,,,,,,300
Traditional Affairs,Traditional Affairs,National,PROGRAMME 3: INSTITUTIONAL SUPPORT AND COORDINATION,PROGRAMME 3: INSTITUTIONAL SUPPORT AND COORDINATION,Quarterly,Number of Social Labour Plans (SLP) projects monitored on the role and participation of traditional leadership in their implementation  ,Non-Standardized,Not  Applicable,Priority 2: Economic Transformation And Job Creation,"The Economic Sectors, Employment and Infrastructure Development cluster",,0,0,,N/A,0,,2,"Not Achieved 

•	Two DMRE regions (NW and NC) made comments on the summarised (per their request) SLP assessment report
•	The above regions also provided updates on the implementation of the identified projects as per the distributed tracking template
•	 A meeting with all four regions (NW, NC, LM and KZN) was held and it was agreed to visit the 4 mining communities during January to March 2025 
","Whilst 2 DMRE regions provided updates on the implementation of some identified projects, the meeting on 27 October 2024 resolved to visit 4 projects during the months of January to February 2025 for in loco monitoring. ",Visit  4 SLP projects in collaboration with the DMRE,2,"Achieved 

7 Social Labour Plans (SLP) projects on the role and participation of traditional leadership in their implementation were monitored in 4 provinces North-West, Limpopo, KwaZulu Natal and the Northern Cape.
In North-West province on the 17 – 18 March 2025, Limpopo 20 and 31 March 2025, KZN on the 25 March 2025 and Northern Cape on the 27 March 2025.
A detailed report was developed.
leadership in their implementation were monitored in 4 provinces North-West, Limpopo, KwaZulu Natal and the Northern Cape.
In North-West province  on the 17 – 18 March 2025,Limpopo 20 and 31 March 2025,KZN on the 25 March 2025 and Northern Cape on the 27 March 2025.
A detailed report was developed
","Quarter 3 target was not achieved  and therefore rolled over to Quarter 4 ;
Two regions, Limpopo and North West identified more projects. They were requested to do so to mitigate against the risk of some mining companies being unavailable. The risk however, did not materialise.
",,4,0,,,,,,,300
Traditional Affairs,Traditional Affairs,National,PROGRAMME 3: INSTITUTIONAL SUPPORT AND COORDINATION,PROGRAMME 3: INSTITUTIONAL SUPPORT AND COORDINATION,Quarterly,"Number of Hectares of land availed by Traditional Councils within the 4 Local Houses of traditional and Khoi-San leaders (OR Tambo, Alfred Nzo; Ugu and Harry Gwala) for the implementation of the Invest Rural Master Plan in the Eastern Seaboard Development",Non-Standardized,Not  Applicable,Priority 2: Economic Transformation And Job Creation,"The Economic Sectors, Employment and Infrastructure Development cluster",,0,0,,,0,,0,,,,0,,,,0,0,,,,,,,300
Traditional Affairs,Traditional Affairs,National,PROGRAMME 3: INSTITUTIONAL SUPPORT AND COORDINATION,PROGRAMME 3: INSTITUTIONAL SUPPORT AND COORDINATION,Quarterly,% of SLP’s socio economic development projects in 10 traditional communities implemented,Non-Standardized,Not  Applicable,Priority 2: Economic Transformation And Job Creation,"The Economic Sectors, Employment and Infrastructure Development cluster",,0 %,0 %,,,0 %,,0 %,,,,0 %,,,,0 %,0 %,,,,,,,300
Traditional Affairs,Traditional Affairs,National,PROGRAMME 3: INSTITUTIONAL SUPPORT AND COORDINATION,PROGRAMME 3: INSTITUTIONAL SUPPORT AND COORDINATION,Quarterly,% of Inter-Ministerial Task Team (IMTT) resolutions on the issues raised by traditional leaders with Government implemented,Non-Standardized,Not  Applicable,"Priority 1: A Capable, Ethical and Developmental State","The Social Protection, Community and Human Development cluster",,0 %,0 %,,,0 %,,0 %,,,,0 %,,,,0 %,0 %,,,,,,,300
Traditional Affairs,Traditional Affairs,National,PROGRAMME 3: INSTITUTIONAL SUPPORT AND COORDINATION,PROGRAMME 3: INSTITUTIONAL SUPPORT AND COORDINATION,Quarterly,Number of Houses of Traditional and Khoi- San Leaders provided with tools of trade as provided for in the Framework for the Provision of Enabling Resources to qualifying Traditional Leaders (or Handbook for Traditional Leaders once approved),Non-Standardized,Not  Applicable,Priority 2: Economic Transformation And Job Creation,"The Economic Sectors, Employment and Infrastructure Development cluster",,0,0,,,0,,0,,,,0,,,,0,0,,,,,,,300
Traditional Affairs,Traditional Affairs,National,PROGRAMME 3: INSTITUTIONAL SUPPORT AND COORDINATION,PROGRAMME 3: INSTITUTIONAL SUPPORT AND COORDINATION,Quarterly,"Number of traditional leadership structures capacitated on Gender Mainstreaming, on reducing Gender Based Violence and Femicide (GBVF) and Customary Initiation Act (CIA)",Non-Standardized,Not  Applicable,Priority 6: Social Cohesion and Safer Communities,"The Social Protection, Community and Human Development cluster",,10,10,None,N/A,15,"Achieved

DTA capacitated 15 structures on GBVF and CIA as follows: 
1.	Four (4) TCs from Northwest; Dr Ruth Mompati District attended from 29 July to 02 August 2024.
2.	Ten (10)TCs from Limpopo Capricorn District attended a 2 days' workshop in GBVF and CIA from 19 -23  August 2024.

The Free State Provincial house attended  training on GBVF and CIA from 26-30 August 2024. 
",15,"Achieved


DTA capacitated 15 structures on GBVF and CIA as follows:

 1.One (1) Initiation structure capacitated in GBVF and CIA from 29-30 October 2024 in Kokstad, KZN Province. 

2.Ten (10) TCs from Bushbuckridge capacitated in GBVF and CIA from 18-19 November 2024 in Hazyview, Mpumalanga. Province

3. Four (4) TCs Bojanala capacitated in GBVF and CIA from 27-28 November in Brits, NW Province.
 
",N/A,N/A,10,"Achieved

15 Traditional Leadership structures capacitated on GBVF and CIA
",5 more traditional councils were capacitated in Gert Sibande District in Mpumalanga due to their proximity to each other,,50,10,,,,,N/A,N/A,300
Traditional Affairs,Traditional Affairs,National,PROGRAMME 3: INSTITUTIONAL SUPPORT AND COORDINATION,PROGRAMME 3: INSTITUTIONAL SUPPORT AND COORDINATION,Quarterly,Number of Houses of Traditional and Khoi-San Leaders workshopped to contribute to disaster prevention and relief in line with the disaster management act,Non-Standardized,Not  Applicable,Priority 6: Social Cohesion and Safer Communities,"The Social Protection, Community and Human Development cluster",,0,0,,,0,,0,,,,0,,,,0,0,,,,,,,300
Traditional Affairs,Traditional Affairs,National,PROGRAMME 3: INSTITUTIONAL SUPPORT AND COORDINATION,PROGRAMME 3: INSTITUTIONAL SUPPORT AND COORDINATION,Quarterly,% of recognised Kings/ Queens constituting the Kings/Queens Forum,Non-Standardized,Not  Applicable,Priority 6: Social Cohesion and Safer Communities,"The Social Protection, Community and Human Development cluster",,0 %,0 %,,,0 %,,0 %,,,,0 %,,,,0 %,0 %,,,,,,,300
