Sector,Institution,Programme,SubProgramme,Location,Frequency,Indicator,Type,SubType,Outcome,Priority,Cluster,Target_Q1,ActualOutput_Q1,ReasonforDeviation_Q1,CorrectiveAction_Q1,Target_Q2,ActualOutput_Q2,ReasonforDeviation_Q2,CorrectiveAction_Q2,Target_Q3,ActualOutput_Q3,ReasonforDeviation_Q3,CorrectiveAction_Q3,OTP_Q3,Target_Q4,ActualOutput_Q4,ReasonforDeviation_Q4,CorrectiveAction_Q4,AnnualTarget_Summary2,Preliminary_Summary2,PrelimaryAudited_Summary2,ReasonforDeviation_Summary,CorrectiveAction_Summary,ValidatedAudited_Summary2,OTP_Q1,OTP_Q2,National_Q4,National_Q1,National_Q2,National_Q3,UID
,Cooperative Governance,Eastern Cape,Programme 1.	Administration,Sub Programme 1.1.	Office of the MEC,Quarterly,Default,Non-Standardized,Not  Applicable,"Priority 1: A Capable, Ethical and Developmental State",-,Governance and Administration cluster,,,,,,,,,,,,,,,,,,,,,,,,,,,,,,202
,Cooperative Governance,Eastern Cape,Programme 1.	Administration,Sub Programme 1.2.	Corporate Services,Quarterly,Default,Non-Standardized,Not  Applicable,"Priority 1: A Capable, Ethical and Developmental State",-,Governance and Administration cluster,0,,,,0,,,,0,,,,,0,,,,0,0,,,,,,,,,,,202
,Cooperative Governance,Eastern Cape,Programme 1.	Administration,Sub Programme 1.2.	Corporate Services,Quarterly,Number of District and Metro Municipalities monitored on implementation of IGR function,Non-Standardized,Max,"Priority 1: A Capable, Ethical and Developmental State","Capable, Ethical and Developmental State","Governance, State Capacity and Institutional Development cluster",8,8,,,8,8,,,8,8,,,,8,8,,,8,8,,,,,,,,,,,202
,Cooperative Governance,Eastern Cape,Programme 1.	Administration,Sub Programme 1.2.	Corporate Services,Quarterly,"Number of District/Metro monitored on the implementation One Plans (MTSF 2019 – 2024, Priority 5: Spatial integration, human settlements, and local government)",Standardized,Max,"Priority 1: A Capable, Ethical and Developmental State","Capable, Ethical and Developmental State","Governance, State Capacity and Institutional Development cluster",0,0,,,0,,,,0,,,,,8,8,,,8,8,,,,,,,,,,,202
,Cooperative Governance,Eastern Cape,Programme 1.	Administration,Sub Programme 1.2.	Corporate Services,Quarterly,"Number of municipalities monitored on the extent to which anti-corruption measures are implemented (Linked to MTSF 2019-2024, Priority 1)",Standardized,Not  Applicable,"Priority 1: A Capable, Ethical and Developmental State","Capable, Ethical and Developmental State","Governance, State Capacity and Institutional Development cluster",1,7,"Targeted 1 municipality being Port St. Johns however we also received additional requests from Joe Gqabi DM, Inxuba Yethemba LM, BCMDA, Elundini LM, Emalahleni LM and Ngqushwa LM.
","Ethics Officers have been appointed in all 6 District Municipalities and the two Metros. These ethics officers will be trained which will enhance their capabilities to drive  proactive anti-corruption programmes within their respective municipalities.
",1,4,"The department capacitated Ethics Officers in  Alfred Nzo, OR Tambo, Amathole municipalities who will drive the anti-corruption programmes in their respective municipalities. Training of the ethics officers is one of the areas on the Local Government Anti-Corruption Strategy and Municipal Integrity Management Framework  Assessment Tool wherein municipalities are monitored.",The Local Government Anti-Corruption Strategy and Municipal Integrity Management Framework requires the establishment of Ethics Offices in municipalities.,1,3,"Targeted 1 municipality being Dr. AB Xuma LM for Q3; however the department  also received additional requests from OR Tambo DM and KSD LM 
","To ensure by end of fourth quarter 2024/25 financial year all municipalities have appointed Ethics Officers. All Ethics Officers appointed to be capacitated in the Local Government Anti-Corruption Strategy and Municipal Integrity Management Framework as well as the Code for Ethical Leadership in municipalities.
",,1,2,"Targeted for the quarter was Sarah Baartman DM, however the department received additional requests from Joe Gqabi DM and Mhlontlo.  Joe Gqabi was not counted as it was supported during Q1 and since the calculation type is cumulative.
","N/A: All planned municipalities were supported.
",4,16,,,,,,,,,,,202
,Cooperative Governance,Eastern Cape,Programme 1.	Administration,Sub Programme 1.2.	Corporate Services,Quarterly,Number of Municipalities monitored on the implementation of GBVF responsive programmes (Final M&E Plan for NSP on GBVF) (Pillar 2: Prevention and Restoration of Social Fabric),Standardized,Not  Applicable,"Priority 1: A Capable, Ethical and Developmental State","Capable, Ethical and Developmental State","Governance, State Capacity and Institutional Development cluster",3,3,,,2,2,,,2,2,,,,5,5,,,12,12,,,,,,,,,,,202
,Cooperative Governance,Eastern Cape,Programme 1.	Administration,Sub Programme 1.2.	Corporate Services,Quarterly,Number of reports on paperless business solutions compiled in line with the ICT Strategic Plan,Non-Standardized,Not  Applicable,"Priority 1: A Capable, Ethical and Developmental State","Capable, Ethical and Developmental State","Governance, State Capacity and Institutional Development cluster",1,1,,,1,1,,,1,1,,,,1,1,,,4,4,,,,,,,,,,,202
,Cooperative Governance,Eastern Cape,Programme 1.	Administration,Sub Programme 1.2.	Corporate Services,Quarterly,Number of reports on vacant funded posts filled,Non-Standardized,Not  Applicable,"Priority 1: A Capable, Ethical and Developmental State","Capable, Ethical and Developmental State","Governance, State Capacity and Institutional Development cluster",1,1,,,1,1,,,1,1,,,,1,1,,,4,4,,,,,,,,,,,202
,Cooperative Governance,Eastern Cape,Programme 2: Local Governance,Sub Programme 2.1: Municipal Administration,Quarterly,Number of municipal compliance assessment with relevant legislation(s) conducted,Non-Standardized,Not  Applicable,"Priority 1: A Capable, Ethical and Developmental State","Capable, Ethical and Developmental State","Governance, State Capacity and Institutional Development cluster",10,10,,,12,12,,,9,9,,,,8,8,,,39,39,,,,,,,,,,,202
,Cooperative Governance,Eastern Cape,Programme 2: Local Governance,Sub Programme 2.1: Municipal Administration,Quarterly,"Number of municipalities monitored on the extent to which anti-corruption measures are implemented (Linked to MTSF 2019 – 2024, Priority 1)",Standardized,Not  Applicable,"Priority 1: A Capable, Ethical and Developmental State",-,"The Economic Sectors, Employment and Infrastructure Development cluster",0,0,,,0,,,,0,,,,,0,,,,0,0,,,,,,,,,,,202
,Cooperative Governance,Eastern Cape,Programme 2: Local Governance,Sub Programme 2.1: Municipal Administration,Quarterly,"Number of municipalities supported to comply with MSA Regulations on the appointment of senior managers (Linked to MTSF 2019 – 2024, Priority 1)",Standardized,Not  Applicable,"Priority 1: A Capable, Ethical and Developmental State",-,"The Economic Sectors, Employment and Infrastructure Development cluster",0,,,,0,,,,0,,,,,0,,,,0,0,,,,,,,,,,,202
,Cooperative Governance,Eastern Cape,Programme 2: Local Governance,Sub Programme 2.2:  Municipal Finance,Quarterly,"Number of assessment reports developed on audit response plans implemented by municipalities towards improvement of audit outcomes (Linked to MTSF 2019-2024, Priority 1)",Standardized,Not  Applicable,"Priority 1: A Capable, Ethical and Developmental State","Capable, Ethical and Developmental State","Governance, State Capacity and Institutional Development cluster",1,1,,,1,1,,,1,1,,,,1,1,,,4,4,,,,,,,,,,,202
,Cooperative Governance,Eastern Cape,Programme 2: Local Governance,Sub Programme 2.2:  Municipal Finance,Quarterly,"Number of municipalities guided to comply with the MPRA (Linked to MTSF 2019 – 2024, Priority 1) (B2B Pillar 4)",Standardized,Not  Applicable,"Priority 1: A Capable, Ethical and Developmental State",-,"The Economic Sectors, Employment and Infrastructure Development cluster",0,,,,0,,,,0,,,,,0,,,,0,0,,,,,,,,,,,202
,Cooperative Governance,Eastern Cape,Programme 2: Local Governance,Sub Programme 2.2:  Municipal Finance,Quarterly,Number of municipalities supported to have functional Municipal Public Accounts Committees (MPACs),Non-Standardized,Max,"Priority 1: A Capable, Ethical and Developmental State","Capable, Ethical and Developmental State","Governance, State Capacity and Institutional Development cluster",12,12,,,10,10,,,9,9,,,,8,8,,,39,12,,,,,,,,,,,202
,Cooperative Governance,Eastern Cape,Programme 2: Local Governance,Sub Programme 2.2:  Municipal Finance,Quarterly,"Number of municipalities supported to reduce Unauthorized, Irregular, Wasteful and Fruitless expenditure (Linked to MTSF 2019 – 2024, Priority 1)",Standardized,Not  Applicable,"Priority 1: A Capable, Ethical and Developmental State",-,"The Economic Sectors, Employment and Infrastructure Development cluster",0,,,,0,,,,0,,,,,0,,,,0,0,,,,,All indicators that are not active for this financial year must be removed or if they are active kindly populate all the indicators with gaps ,,,,,,202
,Cooperative Governance,Eastern Cape,Programme 2: Local Governance,Sub Programme 2.2:  Municipal Finance,Quarterly,"Number of quarterly Interventions conducted to monitor government debt payable to municipalities (Sub-outcome 3, Action 1)",Standardized,Max,"Priority 1: A Capable, Ethical and Developmental State","Capable, Ethical and Developmental State","Governance, State Capacity and Institutional Development cluster",6,6,,,6,6,,,6,6,,,,6,6,,,6,6,,,,,Please check if the annual target is correct if each quarterly target for all quarters is 6,,,,,,202
,Cooperative Governance,Eastern Cape,Programme 2: Local Governance,Sub Programme 2.3:  Public Participation,Quarterly,Number of Municipalities monitored on the implementation of GBVF responsive programmes (Final M&E Plan for NSP on GBVF) (Pillar 2: Prevention and Restoration of Social Fabric),Standardized,Not  Applicable,"Priority 1: A Capable, Ethical and Developmental State",-,"The Economic Sectors, Employment and Infrastructure Development cluster",0,,,,0,,,,0,,,,,0,,,,0,0,,,,,,,,,,,202
,Cooperative Governance,Eastern Cape,Programme 2: Local Governance,Sub Programme 2.3:  Public Participation,Quarterly,"Number of municipalities supported to maintain functional ward committees (MTSF 2019 – 2024, Priority 1)",Standardized,Not  Applicable,"Priority 1: A Capable, Ethical and Developmental State",-,"The Economic Sectors, Employment and Infrastructure Development cluster",9,9,,,10,10,,,9,9,,,,5,5,,,33,33,,,,,,,,,,,202
,Cooperative Governance,Eastern Cape,Programme 2: Local Governance,Sub Programme 2.3:  Public Participation,Quarterly,"Number of municipalities supported to promote participation in community based local governance processes (Priority 1: Capable, Ethical and Developmental State) (Priority 6 MTEF indicatory: Social Cohesion and Safer Communities)",Standardized,Not  Applicable,"Priority 1: A Capable, Ethical and Developmental State",-,"The Economic Sectors, Employment and Infrastructure Development cluster",2,1,"Clashing of programmes with the 2024 General elections.
","Will be held in the 2nd Quarter.
",2,3,"Sarah Baartman outreach programme that was planned but could not be done during the Q1 was done quring Q2 to catch up.
",,2,2,,,,2,2,,,8,2,,,,,,,,,,,202
,Cooperative Governance,Eastern Cape,Programme 2: Local Governance,Sub Programme 2.3:  Public Participation,Quarterly,Number of municipalities supported to resolve community concerns,Standardized,Not  Applicable,"Priority 1: A Capable, Ethical and Developmental State",-,"The Economic Sectors, Employment and Infrastructure Development cluster",0,,,,0,,,,0,,,,,0,,,,0,0,,,,,,,,,,,202
,Cooperative Governance,Eastern Cape,Programme 2: Local Governance,Sub Programme 2.3:  Public Participation,Quarterly,Number of municipalities supported to resolve community concerns (Outcome-9: Sub-Outcome 2) (B2B Pillar 1),Standardized,Not  Applicable,"Priority 1: A Capable, Ethical and Developmental State","Capable, Ethical and Developmental State","Governance, State Capacity and Institutional Development cluster",Demand driven,10,"N/A: Demand-driven target
","N/A
",Demand driven,3,,,Demand driven,3,N/A: Demand driven,N/A: Demand driven,Accepted.,Demand driven,9,,,Demand driven,-,,,,,,,,,,,202
,Cooperative Governance,Eastern Cape,Programme 2: Local Governance,Sub Programme 2.4:  Capacity Development,Quarterly,"Number of capacity building interventions conducted in municipalities (Linked to MTSF 2019 – 2024, Priority 1) (B2B Pillar 5)",Standardized,Not  Applicable,"Priority 1: A Capable, Ethical and Developmental State",-,"The Economic Sectors, Employment and Infrastructure Development cluster",0,,,,0,,,,0,,,,,0,,,,0,0,,,,,,,,,,,202
,Cooperative Governance,Eastern Cape,Programme 2: Local Governance,Sub Programme 2.4:  Capacity Development,Quarterly,"Number of capacity building interventions conducted in municipalities (Linked to MTSF 2019 – 2024, Priority 1) (B2B Pillar 5)",Standardized,Not  Applicable,"Priority 1: A Capable, Ethical and Developmental State","Capable, Ethical and Developmental State","Governance, State Capacity and Institutional Development cluster",1,1,,,1,2,Responded to request from Sarah Baartman Municipality,,1,1,,,,1,1,,,4,5,,,,,,,,,,,202
,Cooperative Governance,Eastern Cape,Programme 2: Local Governance,Sub Programme 2.4:  Capacity Development,Quarterly,"Number of municipalities supported to comply with MSA Regulations on the appointment of senior managers (Linked to MTSF 2019 – 2024, Priority 1) MTSF 2019 – 2024, Priority 1)",Standardized,Not  Applicable,"Priority 1: A Capable, Ethical and Developmental State","Capable, Ethical and Developmental State","Governance, State Capacity and Institutional Development cluster",Demand driven,3,"N/A: Demand-driven target
","N/A
",Demand driven,8,N/A: Demand Driven,Demand driven,Demand driven,10,N/A: Demand driven,N/A: Demand driven,,Demand driven,7,,,Demand driven,-,,,,,,,,,,,202
,Cooperative Governance,Eastern Cape,Programme 2: Local Governance,Sub Programme 2.4:  Capacity Development,Quarterly,Number of municipalities supported to comply with underlying Municipal Staff Regulations when reviewing their HR Plans,Non-Standardized,Not  Applicable,"Priority 1: A Capable, Ethical and Developmental State","Capable, Ethical and Developmental State","Governance, State Capacity and Institutional Development cluster",3,4,"The department responded to the requested support by INgquza Hill Municipality.
","N/A
",3,3,,,3,3,,,,3,3,,,12,13,,,,,,,,,,,202
,Cooperative Governance,Eastern Cape,Programme 2: Local Governance,Sub Programme 2.4:  Capacity Development,Quarterly,Number of municipalities supported to review Organograms to comply with the underlying Municipal Staff Regulations linking with powers and functions as identified in the IDP,Non-Standardized,Not  Applicable,"Priority 1: A Capable, Ethical and Developmental State","Capable, Ethical and Developmental State","Governance, State Capacity and Institutional Development cluster",1,2,The department responded to the requested support by INgquza Hill Municipality.,"N/A
",2,2,,,2,2,,,,1,1,,,6,7,,,,,,,,,,,202
,Cooperative Governance,Eastern Cape,Programme 2: Local Governance,Sub Programme 2.4:  Capacity Development,Quarterly,Number of reports on the enhancement of sound labour relations in municipalities,Non-Standardized,Not  Applicable,"Priority 1: A Capable, Ethical and Developmental State","Capable, Ethical and Developmental State","Governance, State Capacity and Institutional Development cluster",1,1,,,1,2,The deviation was necessitated by a need to urgently intervene at Kumkani Mhlontlo Municipality.,,1,1,,,,1,1,,,4,5,,,,,,,,,,,202
,Cooperative Governance,Eastern Cape,Programme 2: Local Governance,"Sub Programme 2.5: Municipal Performance Monitoring, Reporting and Evaluation",Annually,"Number of Section 47 Reports compiled as prescribed by the MSA (Linked to MTSF 2019 – 2024, Priority 1) (B2B Pillar 5)",Standardized,Not  Applicable,"Priority 1: A Capable, Ethical and Developmental State",-,"The Economic Sectors, Employment and Infrastructure Development cluster",,,,,,,,,,,,,,,,,,,,,,,,,,,,,,202
,Cooperative Governance,Eastern Cape,Programme 2: Local Governance,"Sub Programme 2.5: Municipal Performance Monitoring, Reporting and Evaluation",Quarterly,"Number of municipalities supported to institutionalize the performance management system (PMS) (Linked to MTSF 2019 – 2024, Priority 1)",Standardized,Not  Applicable,"Priority 1: A Capable, Ethical and Developmental State",-,"The Economic Sectors, Employment and Infrastructure Development cluster",8,11,"The department responded to the request of support by Enoch Mgijima, Ingquza Hill and Mhlontlo Municipalities 
","N/A
",9,10,"There was a request of support from one of the municipalities that the department had to respond to, whilst other municipalities were replaced by others that also needed urgent assistance.",,12,13,Blue Crane Route which was planned to be supported in Q2 was supported on the implementation of MFMA Circular 88.,,Accepted,10,10,,,39,44,,,,,,Next time please do mention the name of the municipality that was assisted,,,,,202
,Cooperative Governance,Eastern Cape,Programme 2: Local Governance,"Sub Programme 2.5: Municipal Performance Monitoring, Reporting and Evaluation",Quarterly,"Number of Section 47 reports compiled as prescribed by the MSA (Linked to MTSF 2019 – 2024, Priority 1) (B2B Pillar 5)",Standardized,Max,"Priority 1: A Capable, Ethical and Developmental State","Capable, Ethical and Developmental State","Governance, State Capacity and Institutional Development cluster",0,0,,,1,1,,,0,,,,,0,,,,1,1,,,,,,,,,,,202
,Cooperative Governance,Eastern Cape,Programme 3: Development and Planning,Sub Programme 3.1.	Spatial Planning,Annually,"Number of Districts/ Metros monitored on the implementation One Plans (MTSF 2019 – 2024, Priority 5: Spatial integration, human settlements and local government)",Standardized,Not  Applicable,"Priority 5: Spatial Integration, Human Settlements and Local Government",-,Governance and Administration cluster,,,,,,,,,,,,,,,,,,,,,,,,,,,,,,202
,Cooperative Governance,Eastern Cape,Programme 3: Development and Planning,Sub Programme 3.1.	Spatial Planning,Quarterly,Default,Standardized,Not  Applicable,"Priority 5: Spatial Integration, Human Settlements and Local Government",-,"The Economic Sectors, Employment and Infrastructure Development cluster",,,,,,,,,,,,,,,,,,,-,,,,,,,,,,,202
,Cooperative Governance,Eastern Cape,Programme 3: Development and Planning,Sub Programme 3.1.	Spatial Planning,Quarterly,Number of municipalities supported to develop functional Integrated Geographic Information Systems,Standardized,Not  Applicable,"Priority 1: A Capable, Ethical and Developmental State","Capable, Ethical and Developmental State","Governance, State Capacity and Institutional Development cluster",4,4,,,3,3,,,3,3,,,,2,3,"There was a written request from the NMBM for GIS training to the disaster management division.
",,12,13,,,,,,,,,,,202
,Cooperative Governance,Eastern Cape,Programme 3: Development and Planning,Sub Programme 3.1.	Spatial Planning,Quarterly,"Number of municipalities supported with the implementation of SPLUMA (Outcome 9, Sub-outcome 1) non-standardised (B2B Pillars 1, 2 and 3)",Standardized,Not  Applicable,"Priority 1: A Capable, Ethical and Developmental State","Capable, Ethical and Developmental State","Governance, State Capacity and Institutional Development cluster",3,4,"A request was recived from the Dr Beyers Naude Municipality requesting training of its newly established Municipal Planning Tribunal
",,4,4,,,3,3,,,,3,3,,,13,14,,,,,,,,,,,202
,Cooperative Governance,Eastern Cape,Programme 3: Development and Planning,Sub Programme 3.1.	Spatial Planning,Quarterly,Number of phases completed in the review of the Provincial Spatial Development Framework (PSDF),Standardized,Not  Applicable,"Priority 1: A Capable, Ethical and Developmental State","Capable, Ethical and Developmental State","Governance, State Capacity and Institutional Development cluster",0,0,,,1,0,The tender was non-responsive as no tender document complied to the requirement of the Terms of Reference for the review of the PSDF.,The project procurement process will be resuscitated which will have an impact on the remaining plans within the APP and OPS. During the adjustment period the indicator or target will need to be revised through consultation of the Strategic Planning and M&E directorates.,0,,,,,1,1,,,2,1,,,,,,,,,,,202
,Cooperative Governance,Eastern Cape,Programme 3: Development and Planning,Sub Programme 3.2.	Land Use Management ,Quarterly,Default,Standardized,Not  Applicable,"Priority 5: Spatial Integration, Human Settlements and Local Government",-,"The Economic Sectors, Employment and Infrastructure Development cluster",,,,,,,,,,,,,,,,,,,-,,,,,,,,,,,202
,Cooperative Governance,Eastern Cape,Programme 3: Development and Planning,Sub Programme 3.2.	Land Use Management ,Quarterly,Number of district municipalities supported to conduct cadastral surveys for access to land rights,Non-Standardized,Max,"Priority 1: A Capable, Ethical and Developmental State","Capable, Ethical and Developmental State","Governance, State Capacity and Institutional Development cluster",3,3,,,3,3,,,3,3,,,,3,3,,,3,3,,,,,,,,,,,202
,Cooperative Governance,Eastern Cape,Programme 3: Development and Planning,Sub Programme 3.2.	Land Use Management ,Quarterly,"Number of municipalities guided to comply with the MPRA (Linked to MTSF 2019 – 2024, Priority 1) (B2B Pillar 4)",Standardized,Not  Applicable,"Priority 1: A Capable, Ethical and Developmental State","Capable, Ethical and Developmental State","Governance, State Capacity and Institutional Development cluster",3,3,,,3,3,,,3,3,,,,4,4,,,13,13,,,,,,,,,,,202
,Cooperative Governance,Eastern Cape,Programme 3: Development and Planning,Sub Programme 3.2.	Land Use Management ,Quarterly,Number of municipalities supported to administer land use management in the implementation of SPLUMA,Non-Standardized,Not  Applicable,"Priority 1: A Capable, Ethical and Developmental State","Capable, Ethical and Developmental State","Governance, State Capacity and Institutional Development cluster",5,6,"Additional support was provided at DR A B Xuma LM per request.
","N/A
",6,6,,,4,4,,,,4,4,,,19,20,,,,,,,,,,,202
,Cooperative Governance,Eastern Cape,Programme 3: Development and Planning,Sub Programme 3.3.	Local Economic Development (LED),Quarterly,Number of EPWP job opportunities created through CWP norms and standards,Non-Standardized,Max,"Priority 1: A Capable, Ethical and Developmental State","Capable, Ethical and Developmental State","Governance, State Capacity and Institutional Development cluster",170,170,,,170,169,An EPWP participant resigned due to ill health.,A replacement for the exited EPWP participant has been contracted to start working in October 2024.,170,171,"One extra EPWP work opportunity was created to  compensate for under expenditure caused by high level of absenteeism. CWP policy accepts over- recruitment to the maximum of 10%.
",,Accepted,170,170,,,170,171,,,,,,,,,,,202
,Cooperative Governance,Eastern Cape,Programme 3: Development and Planning,Sub Programme 3.3.	Local Economic Development (LED),Quarterly,Number of LED IGR structures supported in municipalities to promote strategic collaboration,Standardized,Max,"Priority 1: A Capable, Ethical and Developmental State","Capable, Ethical and Developmental State","Governance, State Capacity and Institutional Development cluster",6,6,,,6,6,,,6,6,,,,6,6,,,6,6,,,,,Check targeting,,,,,,202
,Cooperative Governance,Eastern Cape,Programme 3: Development and Planning,Sub Programme 3.3.	Local Economic Development (LED),Quarterly,Number of municipalities monitored to implement Local Economic Development projects in line with updated municipal LED Strategies (Sub-outcome 4),Standardized,Max,"Priority 1: A Capable, Ethical and Developmental State","Capable, Ethical and Developmental State","Governance, State Capacity and Institutional Development cluster",12,12,,,12,12,,,12,12,,,,12,12,,,12,12,,,,,Check targeting,,,,,,202
,Cooperative Governance,Eastern Cape,Programme 3: Development and Planning,Sub Programme 3.3.	Local Economic Development (LED),Quarterly,Number of municipalities supported to implement Community Work Programme (CWP),Non-Standardized,Not  Applicable,"Priority 1: A Capable, Ethical and Developmental State","Capable, Ethical and Developmental State","Governance, State Capacity and Institutional Development cluster",14,14,,,17,17,,,15,15,,,,14,14,,,33,60,,,,,,,,,,,202
,Cooperative Governance,Eastern Cape,Programme 3: Development and Planning,Sub Programme 3.3.	Local Economic Development (LED),Quarterly,Number of municipalities supported to promote the Small-Town Development,Non-Standardized,Max,"Priority 1: A Capable, Ethical and Developmental State","Capable, Ethical and Developmental State","Governance, State Capacity and Institutional Development cluster",7,7,,,7,7,,,7,7,,,,7,7,,,7,7,,,,,,,,,,,202
,Cooperative Governance,Eastern Cape,Programme 3: Development and Planning,Sub Programme 3.3.	Local Economic Development (LED),Quarterly,Number of municipalities supported with LED capacity programmes,Non-Standardized,Max,"Priority 1: A Capable, Ethical and Developmental State","Capable, Ethical and Developmental State","Governance, State Capacity and Institutional Development cluster",0,0,,,3,3,,,3,3,,,,0,,,,6,3,,,,,,,,,,,202
,Cooperative Governance,Eastern Cape,Programme 3: Development and Planning,Sub Programme 3.3.	Local Economic Development (LED),Quarterly,"Number of work opportunities reported through Community Work Programme (CWP) (MTSF 2019-2024, Priority 2)",Standardized,Not  Applicable,Priority 2: Economic Transformation And Job Creation,-,"The Economic Sectors, Employment and Infrastructure Development cluster",0,,,,0,,,,0,,,,,0,,,,0,0,,,,,,,,,,,202
,Cooperative Governance,Eastern Cape,Programme 3: Development and Planning,Sub Programme 3.4:	Municipal Infrastructure,Annually,Number of Districts monitored on the spending of National grants,Standardized,Not  Applicable,"Priority 1: A Capable, Ethical and Developmental State",-,"The Economic Sectors, Employment and Infrastructure Development cluster",,,,,,,,,,,,,,,,,,,,,,,,,,,,,,202
,Cooperative Governance,Eastern Cape,Programme 3: Development and Planning,Sub Programme 3.4:	Municipal Infrastructure,Quarterly,Number of Districts monitored on the spending of National Grants,Standardized,Max,"Priority 1: A Capable, Ethical and Developmental State","Capable, Ethical and Developmental State","Governance, State Capacity and Institutional Development cluster",6,6,,,6,6,,,6,6,,,,6,6,,,6,6,,,,,,,,,,,202
,Cooperative Governance,Eastern Cape,Programme 3: Development and Planning,Sub Programme 3.4:	Municipal Infrastructure,Quarterly,Number of municipalities monitored on the implementation of indigent policies (Sub-outcome 1) (B2B Pillar 2),Standardized,Not  Applicable,"Priority 1: A Capable, Ethical and Developmental State",-,"The Economic Sectors, Employment and Infrastructure Development cluster",10,10,,,10,10,,,9,9,,,,9,9,,,38,38,,,,,,,,,,,202
,Cooperative Governance,Eastern Cape,Programme 3: Development and Planning,Sub Programme 3.4:	Municipal Infrastructure,Quarterly,"Number of municipalities monitored on the implementation of infrastructure delivery programmes (Outcome 9, Sub-outcome 1) (B2B Pillar 5)",Standardized,Not  Applicable,"Priority 1: A Capable, Ethical and Developmental State",-,"The Economic Sectors, Employment and Infrastructure Development cluster",36,36,,,36,36,,,36,36,,,,36,36,,,36,144,,,,,,,,,,,202
,Cooperative Governance,Eastern Cape,Programme 3: Development and Planning,Sub Programme 3.4:	Municipal Infrastructure,Quarterly,Number of supported municipalities assessed with the implementation of Institutional and Social Development (ISD) principles in line with the ISD Framework,Non-Standardized,Max,"Priority 1: A Capable, Ethical and Developmental State","Capable, Ethical and Developmental State","Governance, State Capacity and Institutional Development cluster",36,36,,,36,36,,,36,36,,,,36,36,,,36,36,,,,,,,,,,,202
,Cooperative Governance,Eastern Cape,Programme 3: Development and Planning,Sub Programme 3.5: Disaster Management,Quarterly,Number of municipalities supported on Fire Brigade Services,Standardized,Not  Applicable,"Priority 1: A Capable, Ethical and Developmental State",-,"The Economic Sectors, Employment and Infrastructure Development cluster",8,8,,,8,8,,,8,8,,,,8,8,,,8,32,,,,,,,,,,,202
,Cooperative Governance,Eastern Cape,Programme 3: Development and Planning,Sub Programme 3.5: Disaster Management,Quarterly,Number of municipalities supported to maintain functional Disaster Management Centres,Standardized,Not  Applicable,"Priority 1: A Capable, Ethical and Developmental State",-,"The Economic Sectors, Employment and Infrastructure Development cluster",8,8,,,8,8,,,8,8,,,,8,8,,,8,8,,,,,,,,,,,202
,Cooperative Governance,Eastern Cape,Programme 3: Development and Planning,Sub Programme 3.6:	IDP Coordination,Annually,Number of municipalities with legally compliant IDPs,Standardized,Not  Applicable,"Priority 1: A Capable, Ethical and Developmental State",-,"The Economic Sectors, Employment and Infrastructure Development cluster",,,,,,,,,,,,,,,,,,,,,,,,,,,,,,202
,Cooperative Governance,Eastern Cape,Programme 3: Development and Planning,Sub Programme 3.6:	IDP Coordination,Quarterly,Default,Standardized,Not  Applicable,"Priority 5: Spatial Integration, Human Settlements and Local Government",-,"The Economic Sectors, Employment and Infrastructure Development cluster",0,,,,0,,,,0,,,,,0,,,,0,0,,,,,Remove all the defaults,,,,,,202
,Cooperative Governance,Eastern Cape,Programme 3: Development and Planning,Sub Programme 3.6:	IDP Coordination,Quarterly,Number of municipalities with legally compliant IDPs,Standardized,Max,"Priority 1: A Capable, Ethical and Developmental State","Capable, Ethical and Developmental State","Governance, State Capacity and Institutional Development cluster",39,39,,,39,39,,,39,39,,,,39,32,"07 Sarah Baartman LMs not supported in Q4.
",,39,39,,,,,,,,,,,202
,Cooperative Governance,Eastern Cape,Programme 4: Traditional Institutional Management,Programme 4: Traditional Institutional Management,Quarterly,Number of Anti GBVF Intervention/campaigns for traditional leadership (Final M&E Plan for the NSP on GBVF) (Pillar 2: Prevention and Restoration of Social Fabric),Standardized,Not  Applicable,"Priority 1: A Capable, Ethical and Developmental State",-,"The Economic Sectors, Employment and Infrastructure Development cluster",,,,,,,,,,,,,,,,,,,0,,,,,Remove if not active or populate targets if active,,no report,,,,202
,Cooperative Governance,Eastern Cape,Programme 4: Traditional Institutional Management,Programme 4: Traditional Institutional Management,Quarterly,Number of policies developed for improved governance,Non-Standardized,Max,"Priority 1: A Capable, Ethical and Developmental State","Capable, Ethical and Developmental State","Governance, State Capacity and Institutional Development cluster",0,,,,0,,,,0,,,,,2,,,,2,0,,,,,,,,,,,202
,Cooperative Governance,Eastern Cape,Programme 4: Traditional Institutional Management,Programme 4: Traditional Institutional Management,Quarterly,Number of policies reviewed for improved governance,Non-Standardized,Max,"Priority 1: A Capable, Ethical and Developmental State","Capable, Ethical and Developmental State","Governance, State Capacity and Institutional Development cluster",0,,,,0,,,,0,,,,,1,,,,1,0,,,,,,,,,,,202
,Cooperative Governance,Eastern Cape,Programme 4: Traditional Institutional Management,Programme 4: Traditional Institutional Management,Quarterly,Number of research reports on genealogies of Royal Families conducted,Non-Standardized,Not  Applicable,"Priority 1: A Capable, Ethical and Developmental State","Capable, Ethical and Developmental State","Governance, State Capacity and Institutional Development cluster",2,,,,3,,,,3,,,,,2,,,,10,0,,,,,,Nothing written on actual output and there is no reason for deviation,,,,,202
,Cooperative Governance,Eastern Cape,Programme 4: Traditional Institutional Management,Programme 4: Traditional Institutional Management,Quarterly,Number of Traditional Councils supported to perform their functions,Standardized,Not  Applicable,"Priority 1: A Capable, Ethical and Developmental State",-,"The Economic Sectors, Employment and Infrastructure Development cluster",40,,,,60,,,,60,,,,,79,,,,239,0,,,,,,Nothing written on actual output and there is no reason for deviation,somewhere we say the annual target was 23 and for 4th quarter is 4,,,,202
,Cooperative Governance,Eastern Cape,Programme 4: Traditional Institutional Management,Programme 4: Traditional Institutional Management,Quarterly,Percentage of Traditional Leadership succession disputes processed,Standardized,Not  Applicable,"Priority 5: Spatial Integration, Human Settlements and Local Government",-,Governance and Administration cluster,,,,,,,,,,,,,,,,,,,0 %,,,,,Remove if not active or populate targets if active,Remove all the indicators that are not active for this financial year,,,,,202
,Cooperative Governance,Eastern Cape,Programme 4: Traditional Institutional Management,Sub Programme 4.1: Traditional Institutional Administration,Quarterly,Default,Standardized,Not  Applicable,Priority 6: Social Cohesion and Safer Communities,-,Governance and Administration cluster,,,,,,,,,,,,,,,,,,,-,,,,,,,,,,,202
,Cooperative Governance,Eastern Cape,Programme 4: Traditional Institutional Management,Sub Programme 4.1: Traditional Institutional Administration,Quarterly,Number of policies developed for improved governance,Non-Standardized,Not  Applicable,"Priority 1: A Capable, Ethical and Developmental State","Capable, Ethical and Developmental State","Governance, State Capacity and Institutional Development cluster",0,0,,,0,0,,,0,,,,,2,2,,,2,2,,,,,,,,,,,202
,Cooperative Governance,Eastern Cape,Programme 4: Traditional Institutional Management,Sub Programme 4.1: Traditional Institutional Administration,Quarterly,Number of policies reviewed for improved governance,Non-Standardized,Not  Applicable,"Priority 1: A Capable, Ethical and Developmental State","Capable, Ethical and Developmental State","Governance, State Capacity and Institutional Development cluster",0,0,,,0,0,,,0,,,,,1,1,,,1,1,,,,,,,,,,,202
,Cooperative Governance,Eastern Cape,Programme 4: Traditional Institutional Management,Sub Programme 4.1: Traditional Institutional Administration,Quarterly,Number of research reports on genealogies of Royal Families conducted,Non-Standardized,Not  Applicable,"Priority 1: A Capable, Ethical and Developmental State","Capable, Ethical and Developmental State","Governance, State Capacity and Institutional Development cluster",2,2,,,3,3,,,3,3,,,,2,2,,,10,10,,,,,,,,,,,202
,Cooperative Governance,Eastern Cape,Programme 4: Traditional Institutional Management,Sub Programme 4.2: Traditional Resource Administration,Quarterly,Default,Standardized,Not  Applicable,Priority 6: Social Cohesion and Safer Communities,-,Governance and Administration cluster,,,,,,,,,,,,,,,,,,,-,,,,,,,,,,,202
,Cooperative Governance,Eastern Cape,Programme 4: Traditional Institutional Management,Sub Programme 4.2: Traditional Resource Administration,Quarterly,Number of Anti GBVF Intervention/campaigns for traditional leaders (Final M&E Plan for the NSP on GBVF) (Pillar 2: Prevention and Restoration of Social Fabric of the NSP),Standardized,Not  Applicable,"Priority 1: A Capable, Ethical and Developmental State","Capable, Ethical and Developmental State","Governance, State Capacity and Institutional Development cluster",0,0,,,1,1,,,0,,,,,1,1,,,2,2,,,,,,,,,,,202
,Cooperative Governance,Eastern Cape,Programme 4: Traditional Institutional Management,Sub Programme 4.2: Traditional Resource Administration,Quarterly,Number of bursaries awarded to qualifying traditional leaders,Non-Standardized,Max,"Priority 1: A Capable, Ethical and Developmental State","Capable, Ethical and Developmental State","Governance, State Capacity and Institutional Development cluster",15,15,,,15,15,,,15,15,,,,15,8,Closure of Damelin & Intec College and  non-registration.,Assist in registration in other institutions.,15,15,,,,,,,,,,,202
,Cooperative Governance,Eastern Cape,Programme 4: Traditional Institutional Management,Sub Programme 4.2: Traditional Resource Administration,Quarterly,Number of induction sessions (orientation and re-orientation) conducted for Traditional Leaders,Non-Standardized,Not  Applicable,"Priority 1: A Capable, Ethical and Developmental State","Capable, Ethical and Developmental State","Governance, State Capacity and Institutional Development cluster",1,1,,,1,1,,,1,1,,,,1,1,,,4,4,,,,,,,,,,,202
,Cooperative Governance,Eastern Cape,Programme 4: Traditional Institutional Management,Sub Programme 4.2: Traditional Resource Administration,Quarterly,Number of Traditional Councils supported to perform their functions,Standardized,Not  Applicable,"Priority 1: A Capable, Ethical and Developmental State","Capable, Ethical and Developmental State","Governance, State Capacity and Institutional Development cluster",40,40,,,60,60,,,60,60,,,,79,79,,,239,239,,,,,,,,,,,202
,Cooperative Governance,Eastern Cape,Programme 4: Traditional Institutional Management,Sub Programme 4.2: Traditional Resource Administration,Quarterly,Number of Traditional Leadership Institutions monitored in construction towards completion,Non-Standardized,Not  Applicable,"Priority 1: A Capable, Ethical and Developmental State","Capable, Ethical and Developmental State","Governance, State Capacity and Institutional Development cluster",0,0,,,3,3,,,3,3,,,,5,5,,,5,11,,,,,,,,,,,202
,Cooperative Governance,Eastern Cape,Programme 4: Traditional Institutional Management,Sub Programme 4.3: Rural Development Facilitation ,Quarterly,Default,Standardized,Not  Applicable,Priority 6: Social Cohesion and Safer Communities,-,Governance and Administration cluster,,,,,,,,,,,,,,,,,,,-,,,,,,,,,,,202
,Cooperative Governance,Eastern Cape,Programme 4: Traditional Institutional Management,Sub Programme 4.3: Rural Development Facilitation ,Quarterly,Number of Traditional Councils monitored on implementation of completed development plans,Non-Standardized,Max,"Priority 1: A Capable, Ethical and Developmental State","Capable, Ethical and Developmental State","Governance, State Capacity and Institutional Development cluster",14,14,,,17,17,,,14,14,,,,4,4,,,49,17,,,,,,,,,,,202
,Cooperative Governance,Eastern Cape,Programme 4: Traditional Institutional Management,Sub Programme 4.3: Rural Development Facilitation ,Quarterly,Number of Traditional Councils supported on formulation of Development Plans,Non-Standardized,Not  Applicable,"Priority 1: A Capable, Ethical and Developmental State","Capable, Ethical and Developmental State","Governance, State Capacity and Institutional Development cluster",7,7,,,6,6,,,6,6,,,,4,4,,,23,23,,,,,,,,,,,202
,Cooperative Governance,Eastern Cape,Programme 4: Traditional Institutional Management,Sub Programme 4.3: Rural Development Facilitation ,Quarterly,Number of Traditional Leadership Institutions supported through partnerships,Non-Standardized,Not  Applicable,"Priority 1: A Capable, Ethical and Developmental State","Capable, Ethical and Developmental State","Governance, State Capacity and Institutional Development cluster",3,3,,,5,5,,,3,3,,,,3,3,,,14,14,,,,,,,,,,,202
,Cooperative Governance,Eastern Cape,Programme 4: Traditional Institutional Management,Sub Programme 4.4: Traditional Land Administration,Quarterly,Default,Standardized,Not  Applicable,Priority 6: Social Cohesion and Safer Communities,-,Governance and Administration cluster,,,,,,,,,,,,,,,,,,,,,,,,,,,,,,202
,Cooperative Governance,Eastern Cape,Programme 5: House of Traditional Leaders,-Sub Programme 5.1: Administration of Houses of Traditional Leaders,Quarterly,Default,Standardized,Not  Applicable,Priority 6: Social Cohesion and Safer Communities,-,Governance and Administration cluster,,,,,,,,,,,,,,,,,,,-,,,,,,,,,,,202
,Cooperative Governance,Eastern Cape,Programme 5: House of Traditional Leaders,-Sub Programme 5.1: Administration of Houses of Traditional Leaders,Quarterly,Number of reports on partnerships entered into to support pro poor initiatives for Traditional Leadership Institutions.,Non-Standardized,Max,"Priority 1: A Capable, Ethical and Developmental State","Capable, Ethical and Developmental State","Governance, State Capacity and Institutional Development cluster",1,1,,,1,1,,,1,1,,,,1,1,,,4,1,,,,,,,,,,,202
,Cooperative Governance,Eastern Cape,Programme 5: House of Traditional Leaders,Sub Programme 5.2: Committees and Local Houses of Traditional Leaders,Quarterly,Default,Standardized,Not  Applicable,Priority 6: Social Cohesion and Safer Communities,-,Governance and Administration cluster,,,,,,,,,,,,,,,,,,,-,,,,,,,,,,,202
,Cooperative Governance,Eastern Cape,Programme 5: House of Traditional Leaders,Sub Programme 5.2: Committees and Local Houses of Traditional Leaders,Quarterly,Number of District initiation fora monitored on the extent of compliance with the National Customary Male Initiation Act,Non-Standardized,Max,"Priority 1: A Capable, Ethical and Developmental State","Capable, Ethical and Developmental State","Governance, State Capacity and Institutional Development cluster",8,8,,,8,8,,,8,8,,,,8,8,,,8,8,,,,,,,,,,,202
"Agriculture, Forestry and Fisheries",Agriculture,Eastern Cape,Programme 1: Administration,Sub Programme 1.1: Office of the MEC,Quarterly,Number of MEC’s engagements held with Stakeholders to ensure optimum alignment of the Department.,Non-Standardized,Not  Applicable,"Priority 1: A Capable, Ethical and Developmental State","Capable, Ethical and Developmental State","Governance, State Capacity and Institutional Development cluster",6,6,No deviation ,None as there are no underperformances.,10,10,N/A as the performance reported is equal to the targeted performance.,N/A as the performance reported is equal to the targeted performance.,10,10,"N/A, as the performance reported is equal to the targeted performance.","N/A, as the performance reported is equal to the targeted performance.",,4,21,"Over performance due to the appointment of the new MEC under the 7th Administration required her to prioritize critical objectives, including acclimatizing to her new environment, building strong relationships with stakeholders with emphasis on youth development which was evident during the Back-to-School opening events, with a strong focus on youth empowerment to embrace positive change towards Agricultural Sector. ","N/A, as the performance reported is higher than the target",30,47,,,,,,,,,,,202
"Agriculture, Forestry and Fisheries",Agriculture,Eastern Cape,Programme 1: Administration,Sub Programme 1.1: Office of the MEC,Quarterly,Number of MEC’s special programmes’ interventions implemented to cater for designated groups.,Non-Standardized,Not  Applicable,"Priority 1: A Capable, Ethical and Developmental State","Capable, Ethical and Developmental State","Governance, State Capacity and Institutional Development cluster",3,3,No deviation ,None as there are no underperformances.,3,3,N/A as the performance reported is equal to the targeted performance.,N/A as the performance reported is equal to the targeted performance.,3,3,"N/A, as the performance reported is equal to the targeted performance.","N/A, as the performance reported is equal to the targeted performance.",,3,3,"N/A, as the performance reported is equal to the targeted performance","N/A, as the performance reported is equal to the targeted performance",12,12,,,,,,,,,,,202
"Agriculture, Forestry and Fisheries",Agriculture,Eastern Cape,Programme 1: Administration,Sub Programme 1.1: Office of the MEC,Quarterly,Number of performance review sessions held with departmental entity and colleges.,Non-Standardized,Not  Applicable,"Priority 1: A Capable, Ethical and Developmental State","Capable, Ethical and Developmental State","Governance, State Capacity and Institutional Development cluster",3,3,No deviation ,None as there are no underperformances.,3,3,N/A as the performance reported is equal to the targeted performance.,N/A as the performance reported is equal to the targeted performance.,3,3,"N/A, as the performance reported is equal to the targeted performance.","N/A, as the performance reported is equal to the targeted performance.",,3,3,"N/A, as the performance reported is equal to the targeted performance","N/A, as the performance reported is equal to the targeted performance",12,12,,,,,,,,,,,202
"Agriculture, Forestry and Fisheries",Agriculture,Eastern Cape,Programme 1: Administration,Sub Programme 1.1: Office of the MEC,Quarterly,Number of performance reviewal sessions held with senior management.,Non-Standardized,Not  Applicable,"Priority 1: A Capable, Ethical and Developmental State","Capable, Ethical and Developmental State","Governance, State Capacity and Institutional Development cluster",2,2,No deviation ,None as there are no underperformances.,3,3,N/A as the performance reported is equal to the targeted performance.,N/A as the performance reported is equal to the targeted performance.,3,3,"N/A, as the performance reported is equal to the targeted performance.","N/A, as the performance reported is equal to the targeted performance.",,2,3,Over Performance due  to MEC’s Strategic Alignment & Prioritisation which was vital for the department,"N/A, as the performance reported is higher than the target",10,11,,,,,,,,,,,202
"Agriculture, Forestry and Fisheries",Agriculture,Eastern Cape,Programme 1: Administration,Sub Programme 1.2: Senior Management ,Quarterly,"Number of governance committees held to enhance effective oversight in the department (Ethics, Risk & Audit).",Non-Standardized,Not  Applicable,"Priority 1: A Capable, Ethical and Developmental State","Capable, Ethical and Developmental State","Governance, State Capacity and Institutional Development cluster",3,8,"Ethics Committee met on 25 April 2024, Risk Committee met on  21 May 2024, 2 Special meetings were held during May to recommend the draft Annual Report and the Annual Financial Statements for AG submission, hence the over performance.",None as the performance reported is higher than the target.,3,4,"Due to the Special Ethics committee held on 12 August 2024. 
The rest of the committees sat as per scheduled period: Ethics committee sat on 25 July 2024, Risk committee – 13 August 2024 and Audit committee – 02 September 2024.
",N/A as the performance reported is higher than the target.,3,3,N/A as the performance reported is equal to the targeted performance.,N/A as the performance reported is equal to the targeted performance.,,3,3,"N/A, as the performance reported is equal to the targeted performance","N/A, as the performance reported is equal to the targeted performance",12,18,,,,,,,,,,,202
"Agriculture, Forestry and Fisheries",Agriculture,Eastern Cape,Programme 1: Administration,Sub Programme 1.2: Senior Management ,Quarterly,Number of organizational performance review sessions concluded.,Non-Standardized,Not  Applicable,"Priority 1: A Capable, Ethical and Developmental State","Capable, Ethical and Developmental State","Governance, State Capacity and Institutional Development cluster",1,1,No deviation ,None as there is no underperformance ,1,1,N/A as the performance reported is equal to the targeted performance.,N/A as the performance reported is equal to the targeted performance.,1,1,N/A as the performance reported is equal to the targeted performance.,N/A as the performance reported is equal to the targeted performance.,,1,3,Additional sessions were held to monitor performance and expenditure towards the end of the quarter,"N/A, as the performance reported is higher than the target",4,6,,,,,,,,,,,202
"Agriculture, Forestry and Fisheries",Agriculture,Eastern Cape,Programme 1: Administration,Sub Programme 1.2: Senior Management ,Quarterly,Number of reports on mainstreaming programs that documents measurable improvements in the lives of designated group members.,Non-Standardized,Not  Applicable,"Priority 1: A Capable, Ethical and Developmental State","Capable, Ethical and Developmental State","Governance, State Capacity and Institutional Development cluster",1,1,No deviation ,None as there is no underperformance ,1,1,N/A as the performance reported is equal to the targeted performance.,N/A as the performance reported is equal to the targeted performance.,1,1,N/A as the performance reported is equal to the targeted performance.,N/A as the performance reported is equal to the targeted performance.,,1,1,"N/A, as the performance reported is equal to the targeted performance","N/A, as the performance reported is equal to the targeted performance",4,4,,,,,,,,,,,202
"Agriculture, Forestry and Fisheries",Agriculture,Eastern Cape,Programme 1: Administration,Sub Programme 1.2: Senior Management ,Quarterly,Number of strategic leadership sessions held to enhance efficiency in the Department.,Non-Standardized,Not  Applicable,"Priority 1: A Capable, Ethical and Developmental State","Capable, Ethical and Developmental State","Governance, State Capacity and Institutional Development cluster",1,4,"The Acting Head of Department (AHoD) reinstated monthly management meetings, hence the overperformance",None as the performance reported is higher than the target.,1,2,2 additional meetings held to review SPU plans and preparations for the Portfolio Committee Budget presentations. ,N/A as the performance reported is higher than the target.,1,1,N/A as the performance reported is equal to the targeted performance.,N/A as the performance reported is equal to the targeted performance.,,1,1,"N/A, as the performance reported is equal to the targeted performance","N/A, as the performance reported is equal to the targeted performance",4,8,,,,,,,,,,,202
"Agriculture, Forestry and Fisheries",Agriculture,Eastern Cape,Programme 1: Administration,Sub Programme 1.3: Corporate Services,Annually,Number of ICT interventions implemented in accordance with the ICT Governance Framework to enhance technological efficiencies.,Non-Standardized,Not  Applicable,"Priority 1: A Capable, Ethical and Developmental State","Capable, Ethical and Developmental State","Governance, State Capacity and Institutional Development cluster",,,,,,,,,,,,,,3,3,,,3,3,,"N/A, as the performance reported is equal to the targeted performance.","N/A, as the performance reported is equal to the targeted performance.",,,,,,,,202
"Agriculture, Forestry and Fisheries",Agriculture,Eastern Cape,Programme 1: Administration,Sub Programme 1.3: Corporate Services,Quarterly,Number of evidence-based Policies developed.,Non-Standardized,Not  Applicable,"Priority 1: A Capable, Ethical and Developmental State","Capable, Ethical and Developmental State","Governance, State Capacity and Institutional Development cluster",0,0,Not targeted during the quarter under review ,Not targeted during the quarter under review ,0,0,0,0,3,3,"N/A, as the performance reported is equal to the targeted performance.","N/A, as the performance reported is equal to the targeted performance.",,2,2,"N/A, as the performance reported is equal to the targeted performance","N/A, as the performance reported is equal to the targeted performance",5,5,,,,,,,,,,,202
"Agriculture, Forestry and Fisheries",Agriculture,Eastern Cape,Programme 1: Administration,Sub Programme 1.3: Corporate Services,Quarterly,Number of Human Resource Management and Development practices implemented to improve overall performance of the Department as per compliance accountability framework.,Non-Standardized,Not  Applicable,"Priority 1: A Capable, Ethical and Developmental State","Capable, Ethical and Developmental State","Governance, State Capacity and Institutional Development cluster",1,1,No deviation ,None as there is no underperformance ,1,1,N/A as the performance reported is equal to the targeted performance.,N/A as the performance reported is equal to the targeted performance.,1,1,"N/A, as the performance reported is equal to the targeted performance.","N/A, as the performance reported is equal to the targeted performance.",,1,1,"N/A, as the performance reported is equal to the targeted performance","N/A, as the performance reported is equal to the targeted performance",4,4,,,,,,,,,,,202
"Agriculture, Forestry and Fisheries",Agriculture,Eastern Cape,Programme 1: Administration,Sub Programme 1.3: Corporate Services,Quarterly,Number of interventions implemented on auxiliary services as per legislative framework to ensure conducive working environment.,Non-Standardized,Not  Applicable,"Priority 1: A Capable, Ethical and Developmental State","Capable, Ethical and Developmental State","Governance, State Capacity and Institutional Development cluster",1,1,No deviation ,None as there is no underperformance ,1,1,N/A as the performance reported is equal to the targeted performance.,N/A as the performance reported is equal to the targeted performance.,1,1,"N/A, as the performance reported is equal to the targeted performance.","N/A, as the performance reported is equal to the targeted performance.",,1,1,"N/A, as the performance reported is equal to the targeted performance","N/A, as the performance reported is equal to the targeted performance",4,4,,,,,,,,,,,202
"Agriculture, Forestry and Fisheries",Agriculture,Eastern Cape,Programme 1: Administration,Sub Programme 1.3: Corporate Services,Quarterly,"Number of service delivery improvement intervention implemented as per the Public Service Regulations, 2016.",Non-Standardized,Not  Applicable,"Priority 1: A Capable, Ethical and Developmental State","Capable, Ethical and Developmental State","Governance, State Capacity and Institutional Development cluster",1,1,No deviation ,None as there is no underperformance,1,1,N/A as the performance reported is equal to the targeted performance.,N/A as the performance reported is equal to the targeted performance.,1,1,"N/A, as the performance reported is equal to the targeted performance.","N/A, as the performance reported is equal to the targeted performance.",,2,2,"N/A, as the performance reported is equal to the targeted performance","N/A, as the performance reported is equal to the targeted performance",5,5,,,,,,,,,,,202
"Agriculture, Forestry and Fisheries",Agriculture,Eastern Cape,Programme 1: Administration,Sub Programme 1.3: Corporate Services,Quarterly,Number of strategic documents developed in accordance with the Framework for Strategic and Annual Performance Plans.,Non-Standardized,Not  Applicable,"Priority 1: A Capable, Ethical and Developmental State","Capable, Ethical and Developmental State","Governance, State Capacity and Institutional Development cluster",0,0,Not targeted during the quarter under review ,Not targeted during the quarter under review ,0,0,0,0,3,3,"N/A, as the performance reported is equal to the targeted performance.","N/A, as the performance reported is equal to the targeted performance.",,3,3,"N/A, as the performance reported is equal to the targeted performance","N/A, as the performance reported is equal to the targeted performance",6,6,,,,,,,,,,,202
"Agriculture, Forestry and Fisheries",Agriculture,Eastern Cape,Programme 1: Administration,Sub Programme 1.3: Corporate Services,Quarterly,Number of validated reports submitted to measure departmental performance against pre-determined objectives.,Non-Standardized,Not  Applicable,"Priority 1: A Capable, Ethical and Developmental State","Capable, Ethical and Developmental State","Governance, State Capacity and Institutional Development cluster",2,2,No deviation ,None as there is no underperformance,1,1,N/A as the performance reported is equal to the targeted performance.,N/A as the performance reported is equal to the targeted performance.,2,2,"N/A, as the performance reported is equal to the targeted performance.","N/A, as the performance reported is equal to the targeted performance.",,1,1,"N/A, as the performance reported is equal to the targeted performance","N/A, as the performance reported is equal to the targeted performance",6,6,,,,,,,,,,,202
"Agriculture, Forestry and Fisheries",Agriculture,Eastern Cape,Programme 1: Administration,Sub Programme 1.4: Financial Management,Quarterly,Default,Not Applicable,Not  Applicable,Not Applicable,-,Not Applicable,0,0,0,0,0,0,0,0,0,0,0,0,,0,,,,0,0,,,,,,,,,,,202
"Agriculture, Forestry and Fisheries",Agriculture,Eastern Cape,Programme 1: Administration,Sub Programme 1.4: Financial Management,Quarterly,Number of budget documents submitted to Provincial Treasury in terms of the PFMA to monitor monthly expenditure performance.,Non-Standardized,Not  Applicable,"Priority 1: A Capable, Ethical and Developmental State","Capable, Ethical and Developmental State","Governance, State Capacity and Institutional Development cluster",4,4,No deviation,None as there is no underperformance ,3,3,N/A as the performance reported is equal to the targeted performance.,N/A as the performance reported is equal to the targeted performance.,3,3,"N/A, as the performance reported is equal to the targeted performance.","N/A, as the performance reported is equal to the targeted performance.",,4,4,"N/A, as the performance reported is equal to the targeted performance.","N/A, as the performance reported is equal to the targeted performance.",14,14,,,,,,,,,,,202
"Agriculture, Forestry and Fisheries",Agriculture,Eastern Cape,Programme 1: Administration,Sub Programme 1.4: Financial Management,Quarterly,Number of credible Interim and Annual Financial Statements submitted on due date in accordance with the modified cash accounting guidelines.,Non-Standardized,Not  Applicable,"Priority 1: A Capable, Ethical and Developmental State","Capable, Ethical and Developmental State","Governance, State Capacity and Institutional Development cluster",1,1,No deviation,None as there is no underperformance ,1,1,N/A as the performance reported is equal to the targeted performance.,N/A as the performance reported is equal to the targeted performance.,1,1,"N/A, as the performance reported is equal to the targeted performance.","N/A, as the performance reported is equal to the targeted performance.",,1,1,"N/A, as the performance reported is equal to the targeted performance.","N/A, as the performance reported is equal to the targeted performance.",4,4,,,,,,,,,,,202
"Agriculture, Forestry and Fisheries",Agriculture,Eastern Cape,Programme 1: Administration,Sub Programme 1.4: Financial Management,Quarterly,Number of days taken to pay suppliers in terms of the PFMA.,Non-Standardized,Not  Applicable,"Priority 1: A Capable, Ethical and Developmental State","Capable, Ethical and Developmental State","Governance, State Capacity and Institutional Development cluster",30,30,No deviation ,None as there is no underperformance ,30,16,N/A as the performance reported is equal to the targeted performance.,N/A as the performance reported is equal to the targeted performance.,30,10,"N/A, as the performance reported is equal to the targeted performance.","N/A, as the performance reported is equal to the targeted performance.",,30,,,,30,0,,,,,,,,,,,202
"Agriculture, Forestry and Fisheries",Agriculture,Eastern Cape,Programme 1: Administration,Sub Programme 1.4: Financial Management,Quarterly,Number of reports compiled on contracts management to manage contracts and monitor Supplier Performance to ensure that goods and services are procured through valid contracts.,Non-Standardized,Not  Applicable,"Priority 1: A Capable, Ethical and Developmental State","Capable, Ethical and Developmental State","Governance, State Capacity and Institutional Development cluster",1,1,No deviation,None as there is no underperformance ,1,1,N/A as the performance reported is equal to the targeted performance.,N/A as the performance reported is equal to the targeted performance.,1,1,"N/A, as the performance reported is equal to the targeted performance.","N/A, as the performance reported is equal to the targeted performance.",,1,1,"N/A, as the performance reported is equal to the targeted performance.","N/A, as the performance reported is equal to the targeted performance.",4,4,,,,,,,,,,,202
"Agriculture, Forestry and Fisheries",Agriculture,Eastern Cape,Programme 1: Administration,Sub Programme 1.5: Communication Services  ,Quarterly,Default,Not Applicable,Not  Applicable,Not Applicable,-,Not Applicable,0,0,0,0,0,0,0,0,0,0,0,0,,0,,,,0,0,,,,,,,,,,,202
"Agriculture, Forestry and Fisheries",Agriculture,Eastern Cape,Programme 1: Administration,Sub Programme 1.5: Communication Services  ,Quarterly,Number of client queries resolved  ,Non-Standardized,Not  Applicable,"Priority 1: A Capable, Ethical and Developmental State","Capable, Ethical and Developmental State","Governance, State Capacity and Institutional Development cluster",350,472,"While there is over performance in this area, activities feeding to this output indicator include community and client roadshows where we underperformed as 10 Customer and community roadshows could not be finished. The Taxi strike in Libode, Mthatha and Port St Johns OR Tambo districts delayed three roadshows, but we had an opportunity to catch up and this was not done. During this quarter, there was an unfortunate incident where the official responsible for this area was part of the team that was high jacked, was booked off for 5 days and attended counselling sessions outstanding roadshows will be conducted in the second quarter. In this output indicator performed well in many other activities supporting this OI. ",None as the performance reported is higher than the target.,350,1062,"Reasons for over performance was informed by community and customer care roadshows, publishing of household and farmer support service delivery adverts and application forms, there was a notable increase of engagements from social media.",N/A as the performance reported is higher than the target.,350,460,"Concerning this deliverable, the department engaged with a lot of clients during roadshows and recorded more calls from farmers calling in to check the status of their applications since the closing date. ","N/A, as the performance reported is higher than the target.",,350,701,The reason for over performance was informed by community and customer care roadshows and there were notable engagements from social media platforms. ,"N/A, as the performance reported is higher than the target",1400,2695,,,,,,,,,,,202
"Agriculture, Forestry and Fisheries",Agriculture,Eastern Cape,Programme 1: Administration,Sub Programme 1.5: Communication Services  ,Quarterly,Number of employees reached through employee engagements,Non-Standardized,Max,"Priority 1: A Capable, Ethical and Developmental State","Capable, Ethical and Developmental State","Governance, State Capacity and Institutional Development cluster",2655,2390,"2 390 reached through email message and 269 through in person communication, 265 were not reached as their emails were returned by the system. In person communication registered low numbers and action will be taken to address this under performance. The number of employees attended and participated to the survey on three districts conducted was less than the number of people in the district. Employees do not respond to internal communication emails also most of employees in the districts use private emails they don’t use DRDAR emails, and their offices are without network. One of the challenges experienced was the unfortunate incident where the official responsible for this area was part of the team that was high jacked. ","On procurement, we will engage SCM to speed the processing of the procurement of goods and services. These delays frustrate our performance and the spending of the allocated budget. We have since redone our cashflow projections and submitted them to finance. We will spend all the allocated money during the current financial year. Some items have been put to tender due to the monetary threshold. There will be consequence management for targets not met. Activities not delivered in the first quarter, like the roadshows, will be done in the second quarter of the financial year.",2655,2586,Some employees’ email addresses need to be attended to as information including statutory documents bounces back when emailed to them. ,The department is working on refreshing its server to increase the email capacity,2655,2 655,"N/A, as the performance reported is equal to the targeted performance.","N/A, as the performance reported is equal to the targeted performance.",,2655,2655,"N/A, as the performance reported is equal to the targeted performance.","N/A, as the performance reported is equal to the targeted performance.",2655,2655,,,,,,,,,,,202
"Agriculture, Forestry and Fisheries",Agriculture,Eastern Cape,Programme 1: Administration,Sub Programme 1.5: Communication Services  ,Quarterly,Number of people reached through media plan,Non-Standardized,Max,"Priority 1: A Capable, Ethical and Developmental State","Capable, Ethical and Developmental State","Governance, State Capacity and Institutional Development cluster",44735419,168740181,"The target was exceeded due to the newsworthiness of the activities of the Department, especially the loading of livestock to Kuwait, LITS launch, cannabis Investor introduction and FMD outbreak. More media outlets with more audience numbers published our content during the first quarter. The number is more about the frequency of the stories on the media platforms. Most importantly, the media Liaison office was continuously following up on the media to check of the availability to attend and media package was sent after the activities for maximum coverage for those that can't attend. In this output indicator performed well. ",None as the performance reported is higher than the target.,44735419,306 057 498,"A concerted media relations programme communicating the work of the Department with diverse audiences, stakeholders within and outside the Eastern Cape yielded substantial results with notable increase in audience as our stories were on high rotation with high frequency across various media platforms including radio, print and digital. Audiences were exposed to each of our stories more than three times. ",N/A as the performance reported is higher than the target.,44735419,307 892 323,"The over performance was caused by ongoing increase in activities of the implementation of the media plan, which led to more media platforms publishing and airing our content, these include the news bulletins/iindaba zika DRDAR. ","N/A, as the performance reported is higher than the target.",,44735419,59 094 000,"A strategic communication approach, encompassing proactive media liaison for newspaper placements and a targeted advertising campaign across community radio, newspapers, and national media, played a key role in the overperformance","N/A, as the performance reported is higher than the target",44735419,307892323,,,,,,,,,,,202
"Agriculture, Forestry and Fisheries",Agriculture,Eastern Cape,Programme 1: Administration,Sub Programme 1.5: Communication Services  ,Quarterly,Number of people reached through the marketing plan,Non-Standardized,Max,"Priority 1: A Capable, Ethical and Developmental State","Capable, Ethical and Developmental State","Governance, State Capacity and Institutional Development cluster",7834376,3400000,"While we have under performance in procuring media airtime on radio, TV to rollout marketing and communication activities, social media campaign performed well.  We only under performed in getting procurement completed within the first quarter for the rollout of the planned activities. ","On procurement, we will engage SCM to speed the processing of the procurement of goods and services. These delays frustrate our performance and the spending of the allocated budget. We have since redone our cashflow projections and submitted them to finance. We will spend all the allocated money during the current financial year. Some items have been put to tender due to the monetary threshold. There will be consequence management for targets not met. Activities not delivered in the first quarter, like the roadshows, will be done in the second quarter of the financial year.",7834376,8 059 932,"Over performance was occasioned by the increase in number of communication activities, media placements on radio, TV, social media platforms during Q2. ",N/A as the performance reported is higher than the target.,7834376,8 500 000,"Overperformance in this area was the result of increased marketing activities about the programmes and services of the Department. The department focused on road safety, appealing to owners of livestock to keep their animals safe during the festive season, provided more content about the support the department gave to the farmers to prepare for the festive season demand of their products, the news bulletins are also contributing to this over performance. ","N/A, as the performance reported is higher than the target.",,7834376,8 000 000,"Over performance was occasioned by an increase in the number of communication activities, media placements on radio, TV, social media platforms in Q4","N/A, as the performance reported is higher than the target",7834376,8500000,,,,,,,,,,,202
"Agriculture, Forestry and Fisheries",Agriculture,Eastern Cape,Programme 1: Administration,Sub Programme 1.5: Communication Services  ,Quarterly,Number of stakeholder engagement sessions undertaken,Non-Standardized,Not  Applicable,"Priority 1: A Capable, Ethical and Developmental State","Capable, Ethical and Developmental State","Governance, State Capacity and Institutional Development cluster",17,21,The target was exceeded due to the more support provided to MEC events.,None as the performance reported is higher than the target.,17,23,"Engagements with stakeholders regarding farmer support forms, working relationships and collaborations, policy speech of the Department. ",N/A as the performance reported is higher than the target.,17,22,"The increase was caused by concerted efforts to connect with the stakeholders of the department, and implementation of the service delivery events of the Department. ","N/A, as the performance reported is higher than the target.",,17,17,"N/A, as the performance reported is equal to the targeted performance.","N/A, as the performance reported is equal to the targeted performance.",68,83,,,,,,,,,,,202
"Agriculture, Forestry and Fisheries",Agriculture,Eastern Cape,Programme 2: Sustainable Resource Use and Management,Sub Programme 2.1: Agricultural Engineering Services,Quarterly,Number of agricultural infrastructure established,Standardized,Not  Applicable,"Priority 5: Spatial Integration, Human Settlements and Local Government",-,"The Economic Sectors, Employment and Infrastructure Development cluster",1,5,"The  overperformance is attributed to projects that were planned for completion in the 2023/24 financial year but did not, those projects were now completed in quarter one of 2024/25.",N/A as the performance reported is higher than the targeted.,7,21,Projects were advertised early and completed earlier than planned time due to efficiency of the appointed service providers.,N/A as the performance reported is higher than the target.,57,34,"Two Shearing Shed-Projects to be cancelled in Joe Gqabi, while there were delays on 4 Multipurpose Shed-Projects in Joe Gqabi due to a dispute between the District and Contractors. NBZ Poultry in OR Tambo was cancelled due to demand by Mhlontlo Business Forum members to allow only local contractors to attend tender briefings.",Delayed projects to be completed in Q4. ,,16,13,Underperformance due to poor performance by contractors leading to cancellation of contracts in Joe Gqabi and Amathole Districts,"Improved screening of contractor during evaluation of tender submissions, specifically looking at their balance sheet (cash flow and financial ratios) is recommended. Defaulting contractors must be blacklisted through National Treasury.",81,73,,,,,,,None ,"Corrective action should be provided for both under and over performance, if the challenge is with contract management, the action show speak to  how the challenges with contract management will be  handled going forward.",The reason for variance does not elaborate on factors that contributed to projects being advertised and completed earlier. It is also important to provide corrective action that ensures alignment of actual performance with the planned targets.,Reasons for  deviation is noted.,202
"Agriculture, Forestry and Fisheries",Agriculture,Eastern Cape,Programme 2: Sustainable Resource Use and Management,Sub Programme 2.1: Agricultural Engineering Services,Quarterly,"Number of engineering advisory reports/job cards to clients to enable them to plan, operate and maintain infrastructure, machinery or equipment",Non-Standardized,Not  Applicable,Priority 2: Economic Transformation And Job Creation,Economic Transformation and Job Creation,"The Economic Sectors, Employment and Infrastructure Development cluster",103,260,"The overperformance is attributed to the demand-driven nature of engineering services, consequently too many requests for engineering advice were received during the quarter.",N/A as the performance reported is higher than the targeted,125,288,Too many requests received and attended to from farmers for engineering advise and maintenance on of the farming machinery.,N/A as the performance reported is higher than the target.,123,211,As it was the start of the cropping season there were too many requests received and attended to from farmers for engineering advise and maintenance on of the farming machinery,"N/A, as the performance reported is higher than the target.",,127,203,Over performance as a result of increased request from farmers for support in services and maintenance of tractors and mechanical equipment,"N/A, as the performance reported is higher than the target",478,203,,,,,,,,,The reason for variance does not clarify factors that led to many requests received from farmers. It is important to cater to the demands and needs of clients in the plans to enable realistic target setting and resource allocation.,It is important to elaborate on factors that led to overperformance.,202
"Agriculture, Forestry and Fisheries",Agriculture,Eastern Cape,Programme 2: Sustainable Resource Use and Management,Sub Programme 2.2: Land Care,Annually,Number of hectares of cultivated land under Conservation Agriculture practices,Standardized,Not  Applicable,Priority 2: Economic Transformation And Job Creation,-,"The Economic Sectors, Employment and Infrastructure Development cluster",,,,,,,,,,,,,,0,0,,,0,0,,0,0,,,,,,,,202
"Agriculture, Forestry and Fisheries",Agriculture,Eastern Cape,Programme 2: Sustainable Resource Use and Management,Sub Programme 2.2: Land Care,Quarterly,Number of awareness campaigns conducted on Land Care to promote conservation of natural resources ,Non-Standardized,Not  Applicable,Priority 2: Economic Transformation And Job Creation,Economic Transformation and Job Creation,"The Economic Sectors, Employment and Infrastructure Development cluster",6,6,No deviation ,N/A,7,8,More awareness campaigns were conducted for junior LandCare to cover the deficit of the first quarter,N/A as the performance reported is higher than the target.,2,7,More campaigns were done in Western districts,"N/A, as the performance reported is higher than the target.",,1,3,Overperfomance recorded because of outstanding campaigns from previous quarter,"N/A, as the performance reported is higher than the target",16,24,,,,,,,,,Noted.,It is important to elaborate on factors that led to overperformance.,202
"Agriculture, Forestry and Fisheries",Agriculture,Eastern Cape,Programme 2: Sustainable Resource Use and Management,Sub Programme 2.2: Land Care,Quarterly,Number of beneficiaries practicing sustainable production technologies and practices for improved livelihoods,Standardized,Max,Priority 2: Economic Transformation And Job Creation,Economic Transformation and Job Creation,"The Economic Sectors, Employment and Infrastructure Development cluster",337,337,No deviation ,N/A,337,337,N/A as the performance reported is equal to the targeted performance.,N/A as the performance reported is equal to the targeted performance.,337,337,"N/A, as the performance reported is equal to the targeted performance.","N/A, as the performance reported is equal to the targeted performance.",,337,337,"N/A, as the performance reported is equal to the targeted performance","N/A, as the performance reported is equal to the targeted performance",337,337,,,,,,,,,Performance target achieved as planned.,Performance achieved as planned.,202
"Agriculture, Forestry and Fisheries",Agriculture,Eastern Cape,Programme 2: Sustainable Resource Use and Management,Sub Programme 2.2: Land Care,Quarterly,Number of capacity building exercises conducted within approved Land Care projects,Non-Standardized,Not  Applicable,Priority 2: Economic Transformation And Job Creation,Economic Transformation and Job Creation,"The Economic Sectors, Employment and Infrastructure Development cluster",13,10,"Underperformance emanates from delays in the delivery of materials (chainsaws, PPEs, chemicals, etc.) for training to commence",Fast tracking of procurement processes.,7,16,Some trainings that were planned for the first quarter were conducted in the second quarter when all the procured equipment were delivered.,N/A as the performance reported is higher than the target.,6,8,More capacity building were conducted on request of the OR. Tambo district,"N/A, as the performance reported is higher than the target.",,0,3,The capacity building exercises were mainly facilitated by the SETA unit which included some of the VeldCare project beneficiaries and thus LandCare program partially participated as collaboration exists between the two units in the district.,"N/A, as the performance reported is higher than the target",26,37,,,,,,,,,Noted.,It is important to elaborate on factors that led to overperformance.,202
"Agriculture, Forestry and Fisheries",Agriculture,Eastern Cape,Programme 2: Sustainable Resource Use and Management,Sub Programme 2.2: Land Care,Quarterly,Number of green jobs created,Standardized,Not  Applicable,"Priority 5: Spatial Integration, Human Settlements and Local Government",-,"The Economic Sectors, Employment and Infrastructure Development cluster",222,100,"Green jobs were affected because some work could not be done before training which was affected by delays in delivery of materials as stipulated in 2.2.2 above, hence the underperformance.",Fast tracking of procurement processes.,429,433,Extra casual workers had to be employed in Joe Gqabi District to fast-track harvesting of maize and avoid the havoc of veld fires that could have damaged the maize stands.,N/A as the performance reported is higher than the target.,256,280,More jobs were created ,"N/A, as the performance reported is higher than the target.",,231,232,"Overperformance, because of additional employee in Sara Baartman","N/A, as the performance reported is higher than the target",469,1045,,,,,,,"Upon reviewing the quarterly targets against the overall annual target, there is a clear misalignment warranting further examination. This discrepancy suggests a possible planning oversight, where the annual target does not accurately reflect the cumulative intent of the quarterly goals( as reflected in the approved APP). It is recommended that the Department takes a good look at its target-setting process to ensure alignment and coherence between quarterly and annual targets. ",Noted,Noted.,Kindly elaborate on the factors that led to the creation of more jobs.,202
"Agriculture, Forestry and Fisheries",Agriculture,Eastern Cape,Programme 2: Sustainable Resource Use and Management,Sub Programme 2.2: Land Care,Quarterly,Number of hectares of agricultural land rehabilitated,Standardized,Not  Applicable,"Priority 5: Spatial Integration, Human Settlements and Local Government",-,"The Economic Sectors, Employment and Infrastructure Development cluster",319,55,"Land rehabilitation could not be started as planned due to the late delivery of materials thus delaying the training, hence the underperformance.",Fast tracking of procurement processes.,2145,4436,Land rehabilitation that could not be done in the first quarter was then concluded during the second quarter hence there is overperformance.,N/A as the performance reported is higher than the target.,2700,"1749,16",Some of the VeldCare projects sites had already completed their planned and targeted work-outputs in the previous quarters and have thus stopped working during the current reporting period leading to under-performance currently and over-performance in the last quarters.,Attention will be given to the outstanding work of this quarter in the ensuing quarter.,,1431,"1443,25","More work-output was facilitated to recover under-performance that may have emanated from procurement delays, and due to the task-based payment of workers, rather than daily rate, more work was performed by workers in anticipation of better wage.","N/A, as the performance reported is higher than the target",6595,"7683,41",,,,,,,None ,Noted,Noted.,Reason provided for deviation and corrective action is noted.,202
"Agriculture, Forestry and Fisheries",Agriculture,Eastern Cape,Programme 2: Sustainable Resource Use and Management,Sub Programme 2.2: Land Care,Quarterly,Number of hectares of cultivated land under Conservation Agriculture practises,Standardized,Not  Applicable,Priority 2: Economic Transformation And Job Creation,Economic Transformation and Job Creation,"The Economic Sectors, Employment and Infrastructure Development cluster",1.32,4,The overperformance is attributable to cover crop planting from the previous financial year that was extended until this financial year ,N/A as the performance reported is higher than the target.,0,0,0,0,372.32,"64,5",Unfortunately implementation in two projects sites could not commence in Sara Baartman due to delays in procurement of protective clothing for casual workers and was further delayed by occurrence of rainfall during the targeted time and thus work will only commence in the fourth quarter.,Improvement of procurement processes,,30,171,More hectors recorded during cultivation of land under conservation in Joe Gqabi,"N/A, as the performance reported is higher than the target",404,"239,5",,,,,,,Corrective action is required for both over and underperformance ,"Corrective action should be provided for both under and over performance, in this case it could be to review planning assumptions to ensure that similar extensions are anticipated and accounted for in future planning cycles. ",N/A,Reason provided for deviation and corrective action is noted.,202
"Agriculture, Forestry and Fisheries",Agriculture,Eastern Cape,Programme 2: Sustainable Resource Use and Management,Sub Programme 2.3: Land Use Management,Annually,Number of agro-ecosystem management plans developed,Standardized,Not  Applicable,"Priority 5: Spatial Integration, Human Settlements and Local Government",-,"The Economic Sectors, Employment and Infrastructure Development cluster",,,,,,,,,,,,,,6,6,,,6,6,,"N/A, as the performance reported is equal to the targeted performance.","N/A, as the performance reported is equal to the targeted performance.",,,,,,,,202
"Agriculture, Forestry and Fisheries",Agriculture,Eastern Cape,Programme 2: Sustainable Resource Use and Management,Sub Programme 2.3: Land Use Management,Quarterly,Number of advices guiding subdivision/ rezoning/ change of agricultural land use to protect agricultural land,Non-Standardized,Not  Applicable,Priority 2: Economic Transformation And Job Creation,Economic Transformation and Job Creation,"The Economic Sectors, Employment and Infrastructure Development cluster",0,5,"The overperformance is attributed to the demand-driven nature of advices guiding subdivision/ rezoning/ change of agricultural land use to protect agricultural land consequently, requests were made in this quarter.",N/A as the performance reported is higher than the target.,4,4,N/A as the performance reported is equal to the targeted performance.,N/A as the performance reported is equal to the targeted performance.,8,3,"Few applications received, hence underperformance",This output indicator is demand-driven,,1,5,"Demand driven, more requests were recorded in the Sara Baartman district","N/A, as the performance reported is higher than the target.",13,17,,,,,,,,,Performance target achieved as planned.,Noted.,202
"Agriculture, Forestry and Fisheries",Agriculture,Eastern Cape,Programme 2: Sustainable Resource Use and Management,Sub Programme 2.3: Land Use Management,Quarterly,Number of advices guiding sustainable use of agricultural natural resources,Non-Standardized,Not  Applicable,Priority 2: Economic Transformation And Job Creation,Economic Transformation and Job Creation,"The Economic Sectors, Employment and Infrastructure Development cluster",20,38,"The overperformance is attributed to the demand-driven nature of natural /agricultural resources maps consequently, more requests were received than anticipated in this quarter. ",N/A as the performance reported is higher than the target.,31,33,More requests were received than anticipated hence overperformance. ,N/A as the performance reported is higher than the target.,27,30,"More applications were received and attended, hence overperformance","N/A, as the performance reported is higher than the target.",,22,27,"Demand driven, more request received","N/A, as the performance reported is higher than the target.",100,128,,,,,,,,,It is important to analyse and identify demand during the planning phase to ensure realistic plans and resource allocation that caters for the client's demand for services ,It is important to elaborate on factors that led to overperformance.,202
"Agriculture, Forestry and Fisheries",Agriculture,Eastern Cape,Programme 2: Sustainable Resource Use and Management,Sub Programme 2.3: Land Use Management,Quarterly,Number of farm management plans developed,Standardized,Not  Applicable,"Priority 5: Spatial Integration, Human Settlements and Local Government",-,"The Economic Sectors, Employment and Infrastructure Development cluster",12,16,"The overperformance is attributed to the demand-driven nature of farm management plans consequently, more requests were received than anticipated in this quarter.  ",N/A as the performance reported is higher than the target.,15,16,"Due to many requests from the clients, more farm management plans were developed.",N/A as the performance reported is higher than the target.,15,8,Some applications arrived in the beginning of December and were unable to be attended and they will be done in the last quarter.,To continue with awareness campaigns,,13,17,"More plans were requested, hence overperformance","N/A, as the performance reported is higher than the target.",55,57,,,,,,,"In the previous quarter underperformance was attributed to aplications that arrived in December and could not be completed. The reason provided for deviation in Q4 does not provide any feedback with regards to the incomplete work of Q3 but rather attributes all overpeformance in Q4 to ""demand driven"". what happened to the work of Q3?",None ,"The 
for variance does not provide justification of the overperformance as the demand for services should have been catered for during the planning phase.",Noted.,202
"Agriculture, Forestry and Fisheries",Agriculture,Eastern Cape,Programme 2: Sustainable Resource Use and Management,Sub Programme 2.3: Land Use Management,Quarterly,Number of natural /agricultural resources maps produced for planning and decision-making purposes,Non-Standardized,Not  Applicable,Priority 2: Economic Transformation And Job Creation,Economic Transformation and Job Creation,"The Economic Sectors, Employment and Infrastructure Development cluster",89,133,"The overperformance is attributed to the demand-driven nature of natural /agricultural resources maps consequently, more requests were received than anticipated in this quarter. ",N/A as the performance reported is higher than the target.,130,193,Many clients requested natural resource maps than planned and these were done and distributed.,N/A as the performance reported is higher than the target.,106,169,More applications were received and attended in good time,"N/A, as the performance reported is higher than the target.",,93,153,"Demand driven, more request received.","N/A, as the performance reported is higher than the target.",418,153,,,,,,,,,The reason for variance does not justify the overperformance as the demand for services should have been catered for during the planning phase. It is therefore important to provide corrective action to address planning shortcomings for better future planning. ,It is important to elaborate on factors that led to overperformance.,202
"Agriculture, Forestry and Fisheries",Agriculture,Eastern Cape,Programme 2: Sustainable Resource Use and Management,Sub Programme 2.4: Disaster Risk Reduction,Annually,Number of Reports submitted on the operationalization of the Early Warning and Disaster Management Centre,Non-Standardized,Not  Applicable,Priority 2: Economic Transformation And Job Creation,Economic Transformation and Job Creation,"The Economic Sectors, Employment and Infrastructure Development cluster",,,,,,,,,,,,,,1,1,,,1,1,,"N/A, as the performance reported is equal to the targeted performance.","N/A, as the performance reported is equal to the targeted performance.",,,,,,,,202
"Agriculture, Forestry and Fisheries",Agriculture,Eastern Cape,Programme 2: Sustainable Resource Use and Management,Sub Programme 2.4: Disaster Risk Reduction,Annually,Number of surveys on uptake for early warning information conducted.,Standardized,Not  Applicable,Priority 2: Economic Transformation And Job Creation,Economic Transformation and Job Creation,"The Economic Sectors, Employment and Infrastructure Development cluster",,,,,,,,,,,,,,1,1,,,1,1,,"N/A, as the performance reported is equal to the targeted performance.","N/A, as the performance reported is equal to the targeted performance.",,,,,,,,202
"Agriculture, Forestry and Fisheries",Agriculture,Eastern Cape,Programme 2: Sustainable Resource Use and Management,Sub Programme 2.4: Disaster Risk Reduction,Quarterly,Number of advisories issued regarding Early warning,Non-Standardized,Not  Applicable,Priority 2: Economic Transformation And Job Creation,Economic Transformation and Job Creation,"The Economic Sectors, Employment and Infrastructure Development cluster",30,3,"Weather advisories rely on natural weather conditions and due to climate change it is not possible to project exactly the number of weather incidents, hence the underperformance.",It is a positive phenomenon to have fewer adverse weather alerts.,40,37,The underperformance was caused by fewer warning alerts for disasters or bad conditions. Disasters are natural phenomenon and no warning can be made if they will not occur.,"The underperformance will be corrected by always trying to use the previous years baseline data for planning, otherwise with the effects of climate it will be very difficult to predict the exact number of warnings that will be made for each quarter or year. ",50,56,"The overperformance was a result of more advisories on possible disasters that had to be communicated to farmers, caused by the impact of climate change, which led to disruptive rainfall and highly varying temperatures, as well as damaging winds, flooding, drought conditions, and dry natural vegetation-fueled raging fires that led to disaster incidents. The weather conditions also led to stormy sea conditions that posed a threat to the adjacent mainland.","N/A, as the performance reported is higher than the target.",,30,45,Due to the effect of climate change.,"N/A, as the performance reported is higher than the target.",150,141,,,,,,,,,Noted.,Reason for deviation is noted.,202
"Agriculture, Forestry and Fisheries",Agriculture,Eastern Cape,Programme 2: Sustainable Resource Use and Management,Sub Programme 2.4: Disaster Risk Reduction,Quarterly,Number of awareness campaigns on disaster risk reduction conducted,Standardized,Not  Applicable,"Priority 5: Spatial Integration, Human Settlements and Local Government",-,"The Economic Sectors, Employment and Infrastructure Development cluster",0,0,N/A as the performance reported is equal to the targeted performance.,N/A as the performance reported is equal to the targeted performance.,1,4,"Over performance was caused by awareness campaigns that were made on wild fires that affected Mhlontlo Local Municipality, Joe Gqabi district municipality, Amathole District Municipality and the press conference that was organized by the Office of the MEC and addressed by the Hon. MEC with all the Media houses at Amathole Offices.",N/A as the performance reported is higher than the target.,1,0,"The annual target of 2 was already met and exceeded in the second quarter due to excessive veld fires that were destroying agricultural resources. 
","The annual target of 2 was already met and exceeded in the second quarter due to  excessive veld y fires that were destroying agricultural resources. 
",,0,0,"N/A, as the performance reported is equal to the targeted performance.","N/A, as the performance reported is equal to the targeted performance.",2,4,,,,,,,No target for the period under review.,Not planned for the period under review.,Noted. ,Noted.,202
"Agriculture, Forestry and Fisheries",Agriculture,Eastern Cape,Programme 2: Sustainable Resource Use and Management,Sub Programme 2.4: Disaster Risk Reduction,Quarterly,Number of spatial data disseminated to end users for planning purposes,Non-Standardized,Not  Applicable,Priority 2: Economic Transformation And Job Creation,Economic Transformation and Job Creation,"The Economic Sectors, Employment and Infrastructure Development cluster",20,20,N/A as the performance reported is equal to the targeted performance.,N/A as the performance reported is equal to the targeted performance.,50,61,The demand for maps that are used for planning and the development of brochures for simplification of research information resulted to exceeding of the target.,N/A as the performance reported is higher than the target.,30,50,"The demand for maps that are used for planning and the development of reports, posters, brochures, and presentations for simplification of research information resulted in an overperformance.	","N/A, as the performance reported is higher than the target.",,20,31,Demand for analogue material increased.,"N/A, as the performance reported is higher than the target.",120,162,,,,,,,,,The reason for variance does not clarify factors that led to many requests received from farmers. It is important to cater to the demands and needs of clients in the plans to enable realistic target setting and resource allocation.,Reason for deviation is noted.,202
"Agriculture, Forestry and Fisheries",Agriculture,Eastern Cape,Programme 2: Sustainable Resource Use and Management,Sub Programme 2.4: Disaster Risk Reduction,Quarterly,Number of surveys on uptake for early warning information conducted,Standardized,Not  Applicable,"Priority 5: Spatial Integration, Human Settlements and Local Government",-,"The Economic Sectors, Employment and Infrastructure Development cluster",0,0,0,0,0,0,0,0,0,0,0,0,,1,1,"N/A, as the performance reported is equal to the targeted performance.","N/A, as the performance reported is equal to the targeted performance.",1,1,,,,,,,None ,"According to the APP that was provided to DALRRD, there is an annual target of 1 planned for this indicator to be implemented in Q4. Kindly correct accordingly or share proof of approved exemption  not to implement the indicator. ",N/A,Not targeted for the period under review.,202
"Agriculture, Forestry and Fisheries",Agriculture,Eastern Cape,Programme 3: Agricultural Producer Support and Development ,Sub Programme 3.1: Producer Support Services,Quarterly,Number of agricultural infrastructure completed.,Non-Standardized,Not  Applicable,Priority 2: Economic Transformation And Job Creation,Economic Transformation and Job Creation,"The Economic Sectors, Employment and Infrastructure Development cluster",0,4,Over Performance: Due to Chris Hani vegetable packshed that was scheduled to be completed in March 2024,N/A as the performance reported is higher than the targeted performance.,14,30,"Overperformance: Overperformance is due to the following projects that were planned for the 3rd quarter. Lukhanyiso Borehole, Fieldin Borehole, Godidi Dip Renovation, Goshen Dip Renovation, Hili Dam, Mdingi Dip Renovation, Krila Fence, Outspan and Glenview Borehole, Westondale Dam Scooping x 2, Lupapas shearing shed, Soetfontein and Nyoka shearing shed, Schoemanshoek Large Stock Handling Facility, Amabomvini Irrigation – fence. ",N/A as the performance reported is higher than the target.,57,36,"•	Underperformance is due to delays in the construction in Alfred Nzo and Joe Gqabi caused by contractor and client disagreements on the design and materials. This issue has since been resolved, and contractors are now on site. The projects, including Fletcherville, Rockcliff, Spambo, Koppiesfontein, Sihlahleni, and Moeketsi Reserve, will be completed in quarter 4.
•	There were delays in the construction of Upper Tokoana and Tsolobeng shearing sheds and Amabomvu Gap Storage shed due to the contractor’s financial capability. These projects were ultimately canceled, and replacement contractors will complete them in the 1st quarter of the 2025 financial year.
•	The procurement of 3 KSD boreholes was delayed due to contractor litigations.
•	There were delays in municipal connection approval for the Sterkstroom Abattoir.
•	The Twinbird borehole could not be equipped as the testing results were not positive. New site has been identified and contractor has started the drilling process to be completed in quarter 4. ",The department is looking at alternative procurement methods to improve contractor performance. ,,52,27,"One project was cancelled due to poor contractor performance, another was put on hold due to compliance issues, a borehole project was unsuccessful as it was drilled dry, and the completion of irrigation systems and fences planned for the fourth quarter was achieved earlier in the second and third quarters.",Underperformance is a counter effect which happened during the year,123,97,,,,,,,,,The reason for the variance does not elaborate on factors that led to these projects being achieved earlier than anticipated. It is also important to provide corrective action to address planning shortcomings for better future planning. ,Noted.,202
"Agriculture, Forestry and Fisheries",Agriculture,Eastern Cape,Programme 3: Agricultural Producer Support and Development ,Sub Programme 3.1: Producer Support Services,Quarterly,Number of jobs created through infrastructure projects in support of sustainable agricultural development. ,Non-Standardized,Not  Applicable,Priority 2: Economic Transformation And Job Creation,Economic Transformation and Job Creation,"The Economic Sectors, Employment and Infrastructure Development cluster",0,90,Over Performance:  due to carry-through projects from Chris Hani and OR Tambo as well as early start of construction projects across all districts as a result of early procurement. ,N/A as the performance reported is higher than the targeted performance.,114,150," 
Overperformance: Overperformance is due to more than anticipated temporal jobs were created to accelerate progress for the following projects: a multi-purpose shed at Sihlahleni (8), (6) plunge dip tank at Lusuthu Dip., Ntlantsana (8) and Slatsha (10) fences as well as Boniswa (11) shearing shed and Tshapile (10) dipping tank. 
 
",N/A as the performance reported is higher than the target.,387,292,"Underperformance due to Work stoppages due to disputes and withdrawal of contractors resulted in no new jobs created at the sites for 4 multipurpose sheds and 2 shearing sheds during the quarter. Furthermore, contractors delay in reporting the jobs created in the month of December.",Under-performing projects are expected to recover in the 4th quarter ,,52,58,An additional 37 jobs were created through the spraying of jointed cactus under the Land Care programme in the Amathole district.,"N/A, as the performance reported is higher than the target.",553,58,,,,,,,,,Noted.,Noted.,202
"Agriculture, Forestry and Fisheries",Agriculture,Eastern Cape,Programme 3: Agricultural Producer Support and Development ,Sub Programme 3.1: Producer Support Services,Quarterly,Number of producers supported in other provincial priority commodities.,Non-Standardized,Not  Applicable,Priority 2: Economic Transformation And Job Creation,Economic Transformation and Job Creation,"The Economic Sectors, Employment and Infrastructure Development cluster",0,3,"The over performance is due to Chris Hani sheds that were scheduled to be completed in March 2024 as well as Sarah Baartman Forest Cliff, Karkotskraal and Hedraweb beneficiaries supported with large stock portable kraals, which were procured earlier than planned",N/A as the performance reported is higher than the targeted performance.,45,70,"Overperformance: The over-performance is due to Vegetable producers that were supported at Amabomvu irrigation (7) supported with fencing of irrigation project,  Westondale (3) Weltevrede (3)  in Blue Crane Route Municipality, Nottingham (1) in Ndlambe and Shuaib Desai (4) in Nelson Mandela Metro were supported with siting, drilling and testing of borehole as well shade nets structures (6) and Amangagingqi Farm projects which were targeted for quarter three. 
 
",N/A as the performance reported is higher than the target.,60,13,"Underperformance also results from projects (Hili, Gubevu, Mdingi, Godidi, Goshen, Gxethu, Krila) that were scheduled for completion in Q3 but were completed in Q2.","N/A, as the year-to-date performance is an overperformance.",,6,30,"Producers were supported  during the 4th quarter instead of the 3rd quarter, making it an overperformance for the 4th quarter in Alfred Nzo District. Support in the form of supply and delivery of tractors and implements to vegetables, grain, and fodder producers. ","N/A, as the performance reported is higher than the target.",111,116,,,,,,,,,The reason for variance should elaborate on why more producers were supported those additional producers supported were supposed to have been provided for in the plans.,Noted.,202
"Agriculture, Forestry and Fisheries",Agriculture,Eastern Cape,Programme 3: Agricultural Producer Support and Development ,Sub Programme 3.1: Producer Support Services,Quarterly,Number of producers supported in the Citrus Commodity,Standardized,Not  Applicable,"Priority 5: Spatial Integration, Human Settlements and Local Government",-,"The Economic Sectors, Employment and Infrastructure Development cluster",0,0,N/A as the performance reported is equal to the targeted performance.,N/A as the performance reported is equal to the targeted performance.,0,2,Overperformance: The overperformance is due to the earlier completion of Krila fencing than anticipated; the project was targeted for the third quarter.  ,N/A as the performance reported is higher than the target.,25,5,"Underperformance is due to the installation of a fence in Krila, which was planned for completion in Q3 but was actually completed in Q2.","N/A, as the year-to-date performance is an overperformance.",,13,27,"Early completion of grain fencing projects in the OR Tambo District that were planned to be completed in Quarter 4, were completed in Quarter 3, resulting in a shortfall in the number of beneficiaries targeted to be supported. ","N/A, as the performance reported is higher than the target.",38,34,,,,,,,Reason provided for deviation not aligned to reported performance.,Noted,The reason for variance does not elaborate on factors that led to earlier completion. It is important to elaborate for transparent reporting.,None,202
"Agriculture, Forestry and Fisheries",Agriculture,Eastern Cape,Programme 3: Agricultural Producer Support and Development ,Sub Programme 3.1: Producer Support Services,Quarterly,Number of producers supported in the Cotton Commodity,Standardized,Not  Applicable,"Priority 5: Spatial Integration, Human Settlements and Local Government",-,"The Economic Sectors, Employment and Infrastructure Development cluster",0,0,0,0,0,0,0,0,0,0,0,0,,0,0,"N/A, as the performance reported is equal to the targeted performance.","N/A, as the performance reported is equal to the targeted performance.",0,0,,,,,,,Proof of exemption from planning for the indicator should be provided. It is important to not plan for an indicator that the province is not exempted from implementing may lead to audit queries .,Kindly provide proof of  exemption from planning for the indicator. It is important to note that not planning for an indicator that the province is not exempted from implementing may lead to audit queries  .,"
Proof of exemption from planning for the indicator should be provided. It is important to not plan for an indicator that the province is not exempted from implementing may lead to audit queries .
",N/A,202
"Agriculture, Forestry and Fisheries",Agriculture,Eastern Cape,Programme 3: Agricultural Producer Support and Development ,Sub Programme 3.1: Producer Support Services,Quarterly,Number of producers supported in the Grain Commodity,Standardized,Not  Applicable,"Priority 5: Spatial Integration, Human Settlements and Local Government",-,"The Economic Sectors, Employment and Infrastructure Development cluster",0,19,Over Performance:  due to OR Tambo completing fences that were scheduled to be completed in March 2024.,N/A as the performance reported is higher than the target.,40,7,"Underperformance: Underperformance is due to the increase in scope for Mt Zion in Alfred Nzo (18); on the other hand, the targeted Baziya Makaula (22) in OR Tambo. The project is expected to recover in the third quarter and not cause underperformance at year-end.  ",Under-performing projects are expected to recover in the 3rd and 4th quarters and no underperformance is anticipated at year-end. The department is looking at alternative procurement methods to improve contractor performance. ,54,147,Overperformance is attributed to more beneficiaries joining Ntlantsana after the project's completion.,"N/A, as the performance reported is higher than the target.",,349,316,Due to the completion of irrigation systems and fences that were planned for the fourth quarter but were achieved earlier in the second and third quarters,Underperformance is a counter effect which happened during the year,443,489,,,,,,,Noted ,Corrective action should be provided to indicate how contract management will be improved going. it is important to make provision for rollover projects based of past performance trends. ,Noted ,Reason provided for deviation and corrective action is noted.,202
"Agriculture, Forestry and Fisheries",Agriculture,Eastern Cape,Programme 3: Agricultural Producer Support and Development ,Sub Programme 3.1: Producer Support Services,Quarterly,Number of producers supported in the Red Meat Commodity,Standardized,Not  Applicable,"Priority 5: Spatial Integration, Human Settlements and Local Government",-,"The Economic Sectors, Employment and Infrastructure Development cluster",0,24,"The over performance is due to Chris Hani sheds that were scheduled to be completed in March 2024 as well as Sarah Baartman Forest Cliff, Karkotskraal and Hedraweb beneficiaries supported with large stock portable kraals, which were procured earlier than planned",N/A as the performance reported is higher than the target.,83,423,"Overperformance: The resultant overperformance is due to over-and under-performance counteraction across the districts. It is mainly due to the completion of Lukhanyiso Borehole (5), Fieldin Borehole (7), Godidi Dip Renovation (6), Goshen Dip Renovation (8), Hili Dam (29), Mdingi Dip Renovation (11), Lupapasi (+76), Soetfontein (+5) and Nyoka (+29), Waterval (5), Gxethu Diptank Renovation (44), Khanya Stockwater (20 and Zweliyazuza/Colosa shed (22) beneficiaries ",N/A as the performance reported is higher than the target.,942,488,"Underperformance is caused by projects (Hili, Gubevu, Mdingi, Godidi, Goshen , Gxethu, ) planned to be completed in Q3 but completed in in Q2 in Aamthole as well as due to the withdrawal of the contractor appointed for the construction of the Tsolobeng (35 producers) and Upper Tokoana (91 producers)shearing sheds, was not supported during the quarter as planned. The dispute regarding the self-manufacturing of steel structures for the Fletcherville (50 producers), Spambo (20 producers), Rockliff (33 producers) and Koppiesfontein (3 producers) multipurpose sheds also resulted in producers not supported as planned and, KSD Boreholes delayed being awarded due to contractor litigations and will only be completed in the fourth quarter.",Underperforming projects are expected to recover in the 4th quarter. ,,358,363,"Additional producers, who were not project members during the project initiation stage but joined later, were supported during the completion of KSD boreholes in OR Tambo District.","N/A, as the performance reported is higher than the target.",1383,1298,,,,,,,Corrective action must be provided for both over and under performance.,Corrective action should be provided to indicate how contract management will be improved going forward,"The reason for variance does not specify achieved targets that relate to the previous quarter or financial year. It is important to specify achievements carried over to the new reporting period for transparency, accountability and decision making.",Reason provided for deviation and corrective action is noted.,202
"Agriculture, Forestry and Fisheries",Agriculture,Eastern Cape,Programme 3: Agricultural Producer Support and Development ,Sub Programme 3.2: Extension and Advisory Services,Quarterly,Default,Not Applicable,Not  Applicable,Not Applicable,-,Not Applicable,0,0,0,0,0,0,0,0,0,0,0,0,,0,,,,0,0,,,,,,,,,,,202
"Agriculture, Forestry and Fisheries",Agriculture,Eastern Cape,Programme 3: Agricultural Producer Support and Development ,Sub Programme 3.2: Extension and Advisory Services,Quarterly,Number of agricultural demonstrations conducted to practically educate producers on production methods.,Non-Standardized,Not  Applicable,Priority 2: Economic Transformation And Job Creation,Economic Transformation and Job Creation,"The Economic Sectors, Employment and Infrastructure Development cluster",4061,4417,The overperformance on both output indicators is caused by the delivery of production inputs under the Food Security Program of the department which resulted in enhanced demand for technical support in the form of demonstrations.,N/A as the performance reported is higher than the target.,4556,5230,"Over performance was enhanced during this quarter by the delivery of the household food security production inputs, such as variety of seedlings throughout the province which then yielded a positive impact in increasing the number of demonstrations.",N/A as the performance reported is higher than the target.,4556,3697,"Under performance of both Output Indicators for the quarter emanates from heavy rains and localized flooding in most areas across the province, which hampered the officials rendering technical support. Furthermore, the PES 3 and farmer support application process received needed attention for correction and screening of service centres negatively affected performance ","No corrective measure. During Q1 and Q2, there was overperformance on this performance indicator, and to date, when combining all three quarters, 
there is no shortfall, instead the target is on track. ",,4094,5172,"Over performance on this indicator was enhanced by the PES 3 deliveries to the beneficiaries throughout the province, who were supported with production inputs for broiler management as well as the projects that have received poultry inputs under the department’s import substitution. Furthermore, under the cropping programme, officials were busy conducting crop yield estimates as the maize is in dough stage at the fields.","N/A, as the performance reported is higher than the target.",17276,18516,,,,,,,,,Noted.,Noted.,202
"Agriculture, Forestry and Fisheries",Agriculture,Eastern Cape,Programme 3: Agricultural Producer Support and Development ,Sub Programme 3.2: Extension and Advisory Services,Quarterly,Number of information days held to promote knowledge transfer and skills to producers towards commodity development.,Non-Standardized,Not  Applicable,Priority 2: Economic Transformation And Job Creation,Economic Transformation and Job Creation,"The Economic Sectors, Employment and Infrastructure Development cluster",2601,2832,The overperformance on both output indicators is caused by the delivery of production inputs under the Food Security Program of the department which resulted in enhanced demand for technical support in the form of information days,N/A as the performance reported is higher than the target.,2913,2984,"Over performance on Information days was enhanced by the awareness campaigns during the veld fires in the month of August. Awareness campaigns were conducted through Information days to various localities that were affected and to those that were prone to veld fires in various parts of the province, particularly at Amathole district.",N/A as the performance reported is higher than the target.,2953,1854,"Under performance of both Output Indicators for the quarter emanates from heavy rains and localized flooding in most areas across the province, which hampered the officials rendering technical support. Furthermore, the PES 3 and farmer support application process received needed attention for correction and screening of service centres negatively affected performance ","During Q1 and Q2, there was overperformance on this performance indicator, and to date, when combining all three quarters, the shortfall on the target is 
797, which will be incorporated into the Q4 targets for catch-up. 
",,2721,3459,"Over performance on this indicator was enhanced by the PES 3 deliveries to the beneficiaries throughout the province, who were supported with production inputs for broiler management as well as the projects that have received poultry inputs under the department’s import substitution. Furthermore, under the cropping programme, officials were busy conducting crop yield estimates as the maize is in dough stage at the fields.","N/A, as the performance reported is higher than the target.",11188,11129,,,,,,,,,Noted.,Noted.,202
"Agriculture, Forestry and Fisheries",Agriculture,Eastern Cape,Programme 3: Agricultural Producer Support and Development ,Sub Programme 3.2: Extension and Advisory Services,Quarterly,Number of trainings attended by extension practitioners on priority commodities.,Non-Standardized,Not  Applicable,Priority 2: Economic Transformation And Job Creation,Economic Transformation and Job Creation,"The Economic Sectors, Employment and Infrastructure Development cluster",27,148,The overperformance is attributable to the ad-hoc Cannabis workshop held at Gqeberha to upskill Extension Practitioners,N/A as the performance reported is higher than the target.,70,101,"Over-performance emanates from the technical trainings attended by Extension Practitioners to upskill them on various commodities such as Wool Sorting and Veld management, Animal nutrition and feed formulation, and an adhoc course on Agro-chemicals offered by UPL company,",N/A as the performance reported is higher than the target.,61,81,"Over-performance emanates from the technical trainings attended by Extension Practitioners to upskill them on various commodities such as Wool Sorting and Veld management, Animal nutrition and feed formulation, and an adhoc course on Agro-chemicals offered by UPL company, Cannabis training and Climate smart training by Agricultural Research Council (ARC) as well as the Extension awards held by various districts and the Provincial Awards.","N/A, as the performance reported is higher than the target.",,62,141,"More Extension Practitioners attended technical trainings on key commodities, which were mostly prompted by demand from the producers","N/A, as the performance reported is higher than the target.",220,471,,,,,,,,,The reason for variance does not provide factors that contributed to an increased attendance in the quarter under review.,Noted.,202
"Agriculture, Forestry and Fisheries",Agriculture,Eastern Cape,Programme 3: Agricultural Producer Support and Development ,Sub Programme 3.3: Food Security,Quarterly,Number of hectares planted for production of field crops.,Non-Standardized,Not  Applicable,Priority 2: Economic Transformation And Job Creation,Economic Transformation and Job Creation,"The Economic Sectors, Employment and Infrastructure Development cluster",0,51,"The over performance in this indicator is attributed to the delivery of production inputs to smallholder producers in preparation for the coming season. At the same time, the local Extension and Advisory Services interacted with farmers for the provision of advise at different levels.  The over-perfromance in this indicator is therefore an indication of a continuous interactions between farmers and the officials.",N/A as the performance reported is higher than the target.,157,393,The overachievement in this indicator is due to the hectares that were planted. The deliveries of production inputs towards the end of the previous financial year enabled these farmers to adhere to the fodder production timelines in terms of planting. ,N/A as the performance reported is higher than the target.,20167,20601.5,"The overperformance is attributed to the favorable climatic conditions in terms of rainfall, which enabled planting across the province. This means that the department was able to utilize the available resources according to plan. The department will continue to monitor the progress on the grain crop planted to ensure that the cropping principles are adhered to, which will ensure good quality crop and value for money.","N/A, as the performance reported is higher than the target.",,2260,6992,"The overperformance on the number of hectares planted was a result of contributions from the Import Substitute project through the planting of soybean and sunflower. In addition to this, the districts that could not complete their planting in December 2024, utilized the January window for completion of the season.","N/A, as the performance reported is higher than the target.",22584,444,,,,,,,,,Noted.,Noted.,202
"Agriculture, Forestry and Fisheries",Agriculture,Eastern Cape,Programme 3: Agricultural Producer Support and Development ,Sub Programme 3.3: Food Security,Quarterly,Number of Livestock enterprises supported in support of sustainable Agriculture Value Chains.,Non-Standardized,Not  Applicable,Priority 2: Economic Transformation And Job Creation,Economic Transformation and Job Creation,"The Social Protection, Community and Human Development cluster",0,19,"The over-performance was mainly a result of the support provided to subsistence producers in Amathole. It should be noted that the early deliveries for these Households will assist the province in responding to the Human Rights Commission’s recommendation, which stated that the department should prioritise supporting vulnerable households.  ",N/A as the performance reported is higher than the target.,0,14,The over-performance is due to the deliveries of livestock under the Livestock Production Improvement Scheme. These deliveries were a continuation of a process that was initiated in the previous financial year.,N/A as the performance reported is higher than the target.,111,116,The overperformance was a result of the deliveries of various cattle breeds that were distributed under the Livestock Production Improvement Scheme (LIPS) coupled with the support provided through the Livestock Identification and Traceability System (LITS) of the Kaonafatso ya Dikgomo (KyD) Programme.,"N/A, as the performance reported is higher than the target.",,279,305,"The over-performance on the number of livestock enterprises supported is attributed to the distribution of biological assets (sheep and cattle) across the province. The department supported livestock producers with different breeds of sheep and cattle under the Livestock Production Improvement Scheme. In addition to this, the support to poultry under the Import Substitute Project with feed and broiler chicks assisted the department in improving the performance on this indicator.","N/A, as the performance reported is higher than the target.",390,454,,,,,,,,,Noted.,Noted.,202
"Agriculture, Forestry and Fisheries",Agriculture,Eastern Cape,Programme 3: Agricultural Producer Support and Development ,Sub Programme 3.3: Food Security,Quarterly,Number of smallholder producers supported,Standardized,Not  Applicable,"Priority 5: Spatial Integration, Human Settlements and Local Government",-,"The Economic Sectors, Employment and Infrastructure Development cluster",710,1710,"The over performance in this indicator is attributed to the delivery of production inputs to smallholder producers in preparation for the coming season. At the same time, the local Extension and Advisory Services interacted with farmers for the provision of advise at different levels.  The over-perfromance in this indicator is therefore an indication of a continuous interactions between farmers and the officials.",N/A as the performance reported is higher than the target.,2750,3 879,"The over performance in this indicator is attributed to the delivery of production inputs to smallholder producers in preparation for the coming season. At the same time, the local Extension and Advisory Services interacted with farmers for the provision of advise at different levels.  The over-perfromance in this indicator is therefore an indication of a continuous interactions between farmers and the officials.",N/A as the performance reported is higher than the target.,4611,4 611,"N/A, as the performance reported is equal to the targeted performance.","N/A, as the performance reported is equal to the targeted performance.",,629,522,The under- performance of the number of smallholder producers supported in the quarter under review is attributed to the limited activity with farmers in the fourth quarter. The Quarter 4 performance is always implemented in line with achievements of the previous quarters as influenced by the availability of financial and non-financial resources. ,N/A as the annual target has been met.,8700,10722,,,,,,,None ,"145% over performance. it is important to use past trends to inform future plans, and thus avert over or under targeting.  ","41% over performance is noted, however, it is important to use past trends to inform future plans, and thus, avert over or under target setting.",Target achieved as planned.,202
"Agriculture, Forestry and Fisheries",Agriculture,Eastern Cape,Programme 3: Agricultural Producer Support and Development ,Sub Programme 3.3: Food Security,Quarterly,Number of subsistence producers supported,Standardized,Not  Applicable,"Priority 5: Spatial Integration, Human Settlements and Local Government",-,"The Economic Sectors, Employment and Infrastructure Development cluster",0,209,"The over-performance was mainly a result of the support provided to subsistence producers in Amathole. It should be noted that the early deliveries for these Households will assist the province in responding to the Human Rights Commission’s recommendation, which stated that the department should prioritise supporting vulnerable households.  ",N/A as the performance reported is higher than the target.,409,7 996,"The over-performance was mainly a result of the support provided to subsistence producers. It should be noted that the early deliveries for these Households will assist the province to respond to the Human Rights Commision’s recommendation, which stated that the department should prioritise the support to vulnerable households.  ",N/A as the performance reported is higher than the target.,20867,16973,"The underperformance was attributed to deliveries that were achieved in the previous Quarter, which reduced the targeted beneficiaries to be supported in the Quarter under review. Essentially, the department will ensure that any of the districts that did not perform satisfactorily will provide a recovery plan with a clear implementable execution. ","Essentially, the department will ensure that any of the districts that did not perform satisfactorily will provide a recovery plan with a clear implementable execution. ",,8724,3901,"The recovery plans that were implemented earlier in the financial year meant that the districts would focus on servicing the remaining subsistence producers, which was less than the target set earlier in the financial year.",N/A as the annual target has been met.,30000,29079,,,,,,,Noted ,None ,"Over performance of 1855% is noted, however, it is important to clearly elaborate on factors that contributed to early deliveries.",Reason provided for deviation and corrective action is noted.,202
"Agriculture, Forestry and Fisheries",Agriculture,Eastern Cape,Programme 4:  Veterinary Services,Sub Programme 4.1:	Animal Health,Quarterly,Number of animals vaccinated against controlled animal diseases according to Animal Disease Act (Act 35 of 1984),Non-Standardized,Not  Applicable,Priority 2: Economic Transformation And Job Creation,Economic Transformation and Job Creation,"The Economic Sectors, Employment and Infrastructure Development cluster",793937,882304,Over performance due to the additional FMD vaccination that was not planned for as well as rabies vaccination in districts that experienced outbreaks,N/A as the performance reported is higher than the target.,279093,312 014,Over performance due to the second round of FMD vaccination that were prompted by flare up outbreaks in already vaccinated farms.,N/A as the performance reported is higher than the target.,77164,54 113,Under performance due to limited rabies vaccination conducted at Sarah Baartman districts as the district is still grappling with the control of FMD outbreak,The district will be conducting rabies vaccination campaign in the fourth quarter,,142124,89287,Under performance due to heavy rains that interfered with vaccinations in most districts around the province ,N/A as the annual target has been met.,1292318,1337718,,,,,,,,,Noted.,Noted.,202
"Agriculture, Forestry and Fisheries",Agriculture,Eastern Cape,Programme 4:  Veterinary Services,Sub Programme 4.1:	Animal Health,Quarterly,Number of samples collected for targeted animal disease surveillance,Standardized,Not  Applicable,"Priority 5: Spatial Integration, Human Settlements and Local Government",-,"The Economic Sectors, Employment and Infrastructure Development cluster",15109,24574,Overperformance due to surveillance for Brucellosis (Br)  in Alfred Nzo after an outbreak at Mzongwane village together with the FMD surveillance as a result of the outbreak in Humansdorp and Berlin.,N/A as the performance reported is higher than the target.,16434,25 901,Over performance due to intensified surveillance in the Kouga and Koukamma local municipalities as a result of the continuing outbreak of FMD,N/A as the performance reported is higher than the target.,15402,18 989,Over performance due to intensified surveillance in the Kouga and Koukamma local municipalities as a result of the continuing outbreak of FMD,"N/A, as the performance reported is higher than the target.",,45027,49312,Sarah Baartman and Amathole districts intensified surveillance for Brucellosis after outbreaks were confirmed in 2 farms in Makana,"N/A, as the performance reported is higher than the target.",91972,118776,,,,,,,None ,None ,"The overperformance of 57% is noted, however, it is important to set realistic targets 
and ensure actual performance is aligned to the planned targets. It also important to provide corrective action for both over and under performance.",Noted ,202
"Agriculture, Forestry and Fisheries",Agriculture,Eastern Cape,Programme 4:  Veterinary Services,Sub Programme 4.1:	Animal Health,Quarterly,Number of treatments applied to animals for external parasites control,Standardized,Not  Applicable,Priority 2: Economic Transformation And Job Creation,Economic Transformation and Job Creation,"The Economic Sectors, Employment and Infrastructure Development cluster",1010376,697826,Under performance due to some dip tanks experiencing scarcity of water necessary for plunge and spray race dipping due to the extended dry periods caused by EL Nino which resulted in prolonged dry periods.,The districts are advised to include borehole drilling for all new diptank constructions and renovations  to ensure availability of stock water and livestock dipping . This strategy is long term strategy which will assist going forward.,531620,479 875,Under performance due to shortage of water in some dip tanks which makes it impossible to dip especially in dip tanks with many animals. ,The districts are advised to include borehole for all new dip tank constructions and possible dip tanks under renovation to ensure availability of water. This strategy will assist going forward.,785388,697 034,"Underperformance due to shortage of water in some dip tanks, which makes it impossible to dip, especially in dip tanks with many animals. ",The districts are advised to include borehole for all new dip tank constructions and possible dip tanks under renovation to ensure availability of water. This strategy will assist going forward.,,1056280,1522408,Large stock farmers benefitted on the PES 3 initiative and most districts concentrated on dipping during the PES 3 delivery of inputs hence the over performance,"N/A, as the performance reported is higher than the target.",3383664,3397143,,,,,,,,,Noted.,Noted.,202
"Agriculture, Forestry and Fisheries",Agriculture,Eastern Cape,Programme 4:  Veterinary Services,Sub Programme 4.1:	Animal Health,Quarterly,Number of Treatments applied to sheep for the control of sheep scab to improve the quality and quantity of the wool clip,Standardized,Not  Applicable,Priority 2: Economic Transformation And Job Creation,Economic Transformation and Job Creation,"The Economic Sectors, Employment and Infrastructure Development cluster",0,25706,Over performance due animals treated after identifying sheep  showing  sheep scab clinical symptoms in some parts of Amathole and Joe Gqabi districts,N/A as the performance reported is higher than the target.,572092,963 560,Over performance due more sheep presented for treatment as a result of the good veld conditions that resulted in more lambs born,N/A as the performance reported is higher than the target.,5246959,5 724 598,Over performance due more sheep presented for treatment as a result of the good veld conditions that resulted in more lambs born,"N/A, as the performance reported is higher than the target.",,2420627,2016577,"The number of unpresented sheep was limited as farmers brought large contingencies of their sheep in the  previous quarter, negating the provision made.",N/A as the annual target has been met.,8194678,8730441,,,,,,,,,It is important to analyse the needs and demand for service provision during planning phase to inform the realistic planning and resource allocation.,Noted.,202
"Agriculture, Forestry and Fisheries",Agriculture,Eastern Cape,Programme 4:  Veterinary Services,Sub Programme 4.1:	Animal Health,Quarterly,Number of visits to epidemiological units for veterinary interventions,Standardized,Not  Applicable,"Priority 5: Spatial Integration, Human Settlements and Local Government",-,"The Economic Sectors, Employment and Infrastructure Development cluster",2947,3990,Over performance due to the awareness and surveillance conducted for FMD outbreak in the Province to determine the spread of the disease.,N/A as the performance reported is higher than the target.,3443,4 613,Over achievement due to the awareness and information days conducted during the Rabies month in an attempt to increase vigilance against rabies outbreaks in OR Tambo district,N/A as the performance reported is higher than the target.,1328,1 480,Over achievement due to the awareness and information days conducted during the Rabies month in an attempt to increase vigilance against rabies outbreaks in OR Tambo district,"N/A, as the performance reported is higher than the target.",,1548,2310,More visits were done during surveillance of brucellosis as a result of outbreaks experienced in Sarah Baartman and Amathole,"N/A, as the performance reported is higher than the target.",9266,12393,,,,,,,None ,None ,"The over performance of 34% is noted, however, it is important to set realistic targets 
and ensure actual performance is aligned to the planned target. And to also important to provide corrective action for both over and under performance.",Noted,202
"Agriculture, Forestry and Fisheries",Agriculture,Eastern Cape,Programme 4:  Veterinary Services,Sub Programme 4.2: Veterinary International Trade Facilitation,Quarterly,"Number of outreach events supported to capacitate the communities, public and staff on veterinary services",Standardized,Not  Applicable,Priority 2: Economic Transformation And Job Creation,Economic Transformation and Job Creation,"The Economic Sectors, Employment and Infrastructure Development cluster",8,8,N/A as the performance reported is equal to the targeted performance.,N/A as the performance reported is equal to the targeted performance.,9,16,Over performance due to more requests received from the Office of The Premier (OTP) for Services on Wheels.,The underperformance is expected to be compensated for in the 3rd and 4th quarters as suspension of dairy export facilities has been lifted and exports of dairy products has resumed to some of the importing countries. ,7,3,Underperformance as a result of the festivity of the festive season overtaking the planned outreach programs.,"The underperformance in this output indicator will not impact the annual achievement, as the previous quarter overperformance compensated for the underperformance experienced.",,10,7,"Under performance as priority travelling for apex challenges was implemented.
",Not applicable as the annual target has been met.,34,34,,,,,,,,,The corrective action not in line with the performance achieved. Kindly review and correct the corrective action provided.,,202
"Agriculture, Forestry and Fisheries",Agriculture,Eastern Cape,Programme 4:  Veterinary Services,Sub Programme 4.2: Veterinary International Trade Facilitation,Quarterly,Number of veterinary certificates issued for export facilitation,Standardized,Not  Applicable,"Priority 5: Spatial Integration, Human Settlements and Local Government",-,"The Economic Sectors, Employment and Infrastructure Development cluster",1200,1414,Overperformance is mainly due to increased demand for greasy wool exports to China.,N/A as the performance reported is higher than the target.,980,944,A slight under performance due to suspension of dairy export facilities because of FMD outbreak in Kouga and Koukamma.,N/A as the performance reported is higher than the target.,1300,1 228,Under performance is due to suspension of exports of dairy products as a result of FMD outbreak in Kouga and Koukamma Local Municipalities in Gqeberha.,The FMD outbreak in the province is stable as we have not recorded any new cases since mid-September 2024. This will hopefully assist in getting more dairy products exported and offset the underperformance.,,1320,1 118,"Under performance is due to suspension of exports of dairy products as a result of FMD outbreak in Kouga and Koukamma Local Municipalities in Gqeberha.
",Not applicable as the annual target has been met.,4800,4704,,,,,,Review the corrective action,Noted ,None ,Noted ,Noted.,202
"Agriculture, Forestry and Fisheries",Agriculture,Eastern Cape,Programme 4:  Veterinary Services,Sub Programme 4.3: Veterinary Public Health,Quarterly,Number of compliant abattoirs registered to support livestock value chain.,Standardized,Not  Applicable,Priority 2: Economic Transformation And Job Creation,Economic Transformation and Job Creation,"The Economic Sectors, Employment and Infrastructure Development cluster",85,86,N/A as the performance reported is higher than the target.,Over performance due to registration of Claremont abattoir that was not registered in the previous financial year and therefore not targeted.,4,3,"Under performance due to one abattoir that registered in the first quarter, earlier than targeted.",One abattoir registration achieved in the first quarter.,0,0,"N/A, as the performance reported is equal to the targeted performance.","N/A, as the performance reported is equal to the targeted performance.",,0,0,"N/A, as the performance reported is equal to the targeted performance.","N/A, as the performance reported is equal to the targeted performance.",89,89,,,,,,,,,Noted.,,202
"Agriculture, Forestry and Fisheries",Agriculture,Eastern Cape,Programme 4:  Veterinary Services,Sub Programme 4.3: Veterinary Public Health,Quarterly,Number of inspections conducted on facilities producing meat,Standardized,Not  Applicable,"Priority 5: Spatial Integration, Human Settlements and Local Government",-,"The Economic Sectors, Employment and Infrastructure Development cluster",270,302,Overperformance is mainly due to follow-up inspections on non-compliance at abattoirs and cutting plants. ,N/A as the performance reported is higher than the target.,290,323,Over performance due to more inspections conducted at abattoirs to ensure that meat produced is safe for the public.,N/A as the performance reported is higher than the target.,286,370,Overperformance due to more inspections conducted to ensure compliance with the Meat Safety Act.,"N/A, as the performance reported is higher than the target.",,267,328,Over performance due to more inspections conducted to ensure compliance with the Meat Safety Act.,"N/A, as the performance reported is higher than the target.",1113,1323,,,,,,,Noted ,None ,Noted.,The reason for deviation is noted. Current performance trends must inform setting of targets for the 2025/26 financial year.,202
"Agriculture, Forestry and Fisheries",Agriculture,Eastern Cape,Programme 4:  Veterinary Services,Sub Programme 4.3: Veterinary Public Health,Quarterly,Number of interactions to respond to the Provisions of the Meat Safety Act (Act 40 of 2000).,Standardized,Not  Applicable,Priority 2: Economic Transformation And Job Creation,Economic Transformation and Job Creation,"The Economic Sectors, Employment and Infrastructure Development cluster",247,333,Over performance due to unplanned contact sessions and inspections of new butcheries in Chris Hani district.,N/A as the performance reported is higher than the target.,248,338,Over performance due to more visits to butcheries to monitor authenticity of meat sold to the public.,N/A as the performance reported is higher than the target.,248,326,Over performance due to inspection raids conducted in the districts to respond to food safety issues,"N/A, as the performance reported is higher than the target.",,248,315,Over performance due to inspection raids conducted in the districts to respond to food safety issues,"N/A, as the performance reported is higher than the target.",991,1312,,,,,,,,,The need to conduct more visits was supposed to have been identified during planning to inform realistic target setting.  ,,202
"Agriculture, Forestry and Fisheries",Agriculture,Eastern Cape,Programme 4:  Veterinary Services,Sub Programme 4.3: Veterinary Public Health,Quarterly,Number of samples collected to monitor the safety of meat produced at abattoirs as per Meat Safety Act (Act 40 of 2000),Standardized,Not  Applicable,Priority 2: Economic Transformation And Job Creation,Economic Transformation and Job Creation,"The Economic Sectors, Employment and Infrastructure Development cluster",469,633,Over performance due to increased sampling in order to monitor safety of meat produced at abattoirs,N/A as the performance reported is higher than the target.,475,609,Over performance due to more BSE samples collected than targeted for. ,N/A as the performance reported is higher than the target.,473,810,Over performance due to increased sampling in order to monitor safety of meat produced at abattoirs. ,"N/A, as the performance reported is higher than the target.",,471,560,Over performance due to increased sampling in order to monitor safety of meat produced at abattoirs,"N/A, as the performance reported is higher than the target.",1888,2612,,,,,,,,,It is important to analyse the needs and demand for service provision during the planning phase to inform the realistic planning and resource allocation.,,202
"Agriculture, Forestry and Fisheries",Agriculture,Eastern Cape,Programme 4:  Veterinary Services,Sub Programme 4.4: Veterinary Diagnostics Services,Quarterly,Number of laboratory tests performed according to approved standards,Standardized,Not  Applicable,"Priority 5: Spatial Integration, Human Settlements and Local Government",-,"The Economic Sectors, Employment and Infrastructure Development cluster",18400,16960,Underperformance due to fewer samples tested because of fewer samples received.,Field officials will be encouraged to take more samples in the second quarter to compensate for the shortfall.,18900,20 457,Over performance due to more farms in the Blue Crane Route that tested positive for brucellosis. ,N/A as the performance reported is higher than the target.,18200,10 912,Under performance due to less samples submitted as a result of officials assisting in the control of FMD outbreak in Kouga and Koukamma Local Municipalities.,The under performance will be compensated for in the 4th quarter.,,18215,47049,Over performance as a result of more samples submitted to the Lab to compensate for the under performance of the previous quarters due to focus on FMD outbreak ,"N/A, as the performance reported is higher than the target.",73715,95378,,,,,,,Noted ,Noted,Noted,Noted.,202
"Agriculture, Forestry and Fisheries",Agriculture,Eastern Cape,Programme 4:  Veterinary Services,Sub Programme 4.4: Veterinary Diagnostics Services,Quarterly,Number of primary animal health care (PAHC) interactions held to minimize the impact of disease occurrence,Standardized,Not  Applicable,Priority 2: Economic Transformation And Job Creation,Economic Transformation and Job Creation,"The Economic Sectors, Employment and Infrastructure Development cluster",3000,4650,Overperformance due to demand for primary animal health care services in resource-poor communities.,N/A as the performance reported is higher than the target.,3000,5 571,Over performance due to increased demand for primary animal health care services in resource poor communities.,N/A as the performance reported is higher than the target.,3009,3 889,Over performance due to increased demand for primary animal health care services in resource poor communities.,"N/A, as the performance reported is higher than the target.",,2900,4838,Over performance due to increased demand for primary animal health care services in resource poor communities.,"N/A, as the performance reported is higher than the target.",11909,18948,,,,,,,,,The need to provide more primary animal health care should have been identified during the planning phase. ,,202
"Agriculture, Forestry and Fisheries",Agriculture,Eastern Cape,Programme 4:  Veterinary Services,Sub Programme 4.4: Veterinary Diagnostics Services,Quarterly,Number of specimen tested for diagnostic purposes,Standardized,Not  Applicable,Priority 2: Economic Transformation And Job Creation,Economic Transformation and Job Creation,"The Economic Sectors, Employment and Infrastructure Development cluster",25300,21541,Underperformance due to fewer samples received as a result of more focus on controlling the Foot and Mouth Disease (FMD) outbreak in Humansdorp. ,Field officials will be encouraged to take more samples in the second quarter to compensate for the shortfall.,26100,25 119,"A slight under performance attributed to officials assisting on FMD control in Kouga and Koukamma Local Municipalities and therefore unable to meet sampling target for the quarter. Secondly, OBP, sole supplier for Milk Ring Test (MRT) antigen, had no stock of MRT antigen for the past two months and therefore unable to meet the target for MRT testing. ",The slight under performance will be compensated for in the 3rd quarter as testing for MRT will resume. ,25400,14 588,Under performance due to less samples submitted as a result of officials assisting in the control of FMD outbreak in Kouga and Koukamma Local Municipalities.,The under performance will be compensated for in the 4th quarter.,,25050,41920,Over performance as a result of more tests performed according to approved standards due to more samples submitted.,"N/A, as the performance reported is higher than the target.",101850,103168,,,,,,,,,Noted.,,202
"Agriculture, Forestry and Fisheries",Agriculture,Eastern Cape,Programme 4:  Veterinary Services,Sub Programme 4.5: Veterinary Technical Support Services,Quarterly,Number of Performing Animals Protection Act (PAPA) registration licences issued,Standardized,Not  Applicable,"Priority 5: Spatial Integration, Human Settlements and Local Government",-,"The Economic Sectors, Employment and Infrastructure Development cluster",5,4,Underperformance due to applications submitted late and are being followed up.,The underperformance will be compensated for in the second quarter. The clients will be encouraged to submit applications without delay.,10,5,Under performance due to pending applications that are in progress to be finalised.,The underperformance will be compensated for in the 3rd quarter once the pending applications are finalised.,5,7,The overperformance is due to a new facility as well as a facility whose application in the second quarter was delayed and has now been finalised in the 3rd quarter. ,"N/A, as the performance reported is higher than the target.",,1,3,Over performance due to two new facilities registered.,"N/A, as the performance reported is higher than the target.

",21,19,,,,,,,None ,None ,Factors that contributed to the delays in finalising applications should be provided in the reason for variance. ,Noted.,202
"Agriculture, Forestry and Fisheries",Agriculture,Eastern Cape,Programme 5:	Research and Technology Development Services,Sub Programme 5.1: Agricultural Research,Annually,Number of research projects implemented to improve agricultural production,Standardized,Not  Applicable,"Priority 5: Spatial Integration, Human Settlements and Local Government",-,"The Economic Sectors, Employment and Infrastructure Development cluster",,,,,,,,,,,,,,38,42,,,38,42,,Over performance is due to appointment research personnel ,"N/A, as the performance reported is higher than the target",,,,,,,,202
"Agriculture, Forestry and Fisheries",Agriculture,Eastern Cape,Programme 5:	Research and Technology Development Services,Sub Programme 5.1: Agricultural Research,Quarterly,Default,Non-Standardized,Not  Applicable,Not Applicable,-,Not Applicable,0,0,0,0,0,0,0,0,0,0,0,0,,0,,,,0,0,,,,,,,,,,,202
"Agriculture, Forestry and Fisheries",Agriculture,Eastern Cape,Programme 5:	Research and Technology Development Services,Sub Programme 5.1: Agricultural Research,Quarterly,Number of aquaculture projects supported.,Standardized,Not  Applicable,Priority 2: Economic Transformation And Job Creation,Economic Transformation and Job Creation,"The Economic Sectors, Employment and Infrastructure Development cluster",1,2,Due to a task-dependent workshop facilitated by the Department of Fisheries and Forestry for the Sea Urchins Project in Humburg for International Funding.,N/A as the performance reported is higher than the target.,2,2,N/A as the performance reported is equal to the targeted performance.,N/A as the performance reported is equal to the targeted performance.,2,2,"N/A, as the performance reported is equal to the targeted performance.","N/A, as the performance reported is equal to the targeted performance.",,3,2,"N/A, as the performance reported is equal to the targeted performance.","N/A, as the performance reported is equal to the targeted performance.",8,8,,,,,,,,,Performance target achieved as planned.,,202
"Agriculture, Forestry and Fisheries",Agriculture,Eastern Cape,Programme 5:	Research and Technology Development Services,Sub Programme 5.1: Agricultural Research,Quarterly,Number of fishing co-operatives supported.,Standardized,Not  Applicable,Priority 2: Economic Transformation And Job Creation,Economic Transformation and Job Creation,"The Economic Sectors, Employment and Infrastructure Development cluster",1,1,N/A as the performance reported is equal to the targeted performance.,N/A as the performance reported is equal to the targeted performance.,2,2,N/A as the performance reported is equal to the targeted performance.,N/A as the performance reported is equal to the targeted performance.,2,1,Procurement of fishing gear could not be completed as on time as some of the items could not be soured locally.,The procurement of items that could not be sourced locally will be finalised in quarter 4.,,5,5,"N/A, as the performance reported is equal to the targeted performance.","N/A, as the performance reported is equal to the targeted performance.",10,9,,,,,,,,,Performance target achieved as planned.,,202
"Agriculture, Forestry and Fisheries",Agriculture,Eastern Cape,Programme 5:	Research and Technology Development Services,Sub Programme 5.1: Agricultural Research,Quarterly,Number of research projects implemented to improve agricultural production.,Standardized,Not  Applicable,Priority 2: Economic Transformation And Job Creation,Economic Transformation and Job Creation,"The Economic Sectors, Employment and Infrastructure Development cluster",0,0,N/A as the performance reported is equal to the targeted performance,N/A as the performance reported is equal to the targeted performance,0,0,0,0,0,0,0,0,,38,42,"Over performance is due to appointment research personnel 
","N/A, as the performance reported is higher than the target.",38,42,,,,,,,Noted ,,N/A,,202
"Agriculture, Forestry and Fisheries",Agriculture,Eastern Cape,Programme 5:	Research and Technology Development Services,Sub Programme 5.1: Agricultural Research,Quarterly,"Number of samples (Soils, Plants, Feed and Water) analysed to support decision making of clients.",Standardized,Not  Applicable,Priority 2: Economic Transformation And Job Creation,Economic Transformation and Job Creation,"The Economic Sectors, Employment and Infrastructure Development cluster",200,448,Gas Chromatography Mass Spectrometer (GC-MS) machine which is faster contributed to the over performance as well as the dedicated staff who worked after hours.,N/A as the performance reported is higher than the target.,1000,1074,Over performance as in service students attached to analytical laboratory positively contributed to the positive deviation.,N/A as the performance reported is higher than the target.,1000,1186,Advocacy following provision of analytical services for free as well as improved functionality of laboratory equipment led to overperformance ,"N/A, as the performance reported is higher than the target.",,400,759,"Over performance is due to students attached to Analytical services doing in service training 
","N/A, as the performance reported is higher than the target.",2600,3467,,,,,,,,,Noted.,,202
"Agriculture, Forestry and Fisheries",Agriculture,Eastern Cape,Programme 5:	Research and Technology Development Services,Sub Programme 5.2: Technology Transfer Services,Annually,Number of new technologies developed for the smallholder producers,Standardized,Not  Applicable,"Priority 5: Spatial Integration, Human Settlements and Local Government",-,"The Economic Sectors, Employment and Infrastructure Development cluster",,,,,,,,,,,,,,4,4,,,4,4,,"N/A, as the performance reported is equal to the targeted performance.

","N/A, as the performance reported is equal to the targeted performance.

",,,,,,,,202
"Agriculture, Forestry and Fisheries",Agriculture,Eastern Cape,Programme 5:	Research and Technology Development Services,Sub Programme 5.2: Technology Transfer Services,Annually,Number of scientific papers published,Standardized,Not  Applicable,"Priority 5: Spatial Integration, Human Settlements and Local Government",-,"The Economic Sectors, Employment and Infrastructure Development cluster",,,,,,,,,,,,,,6,13,,,6,13,,Over performance is ascribed to earlier than anticipated completion of reviewing systems applied by journal editorial staff,"N/A, as the performance reported is higher than the target.",,,,,,,,202
"Agriculture, Forestry and Fisheries",Agriculture,Eastern Cape,Programme 5:	Research and Technology Development Services,Sub Programme 5.2: Technology Transfer Services,Quarterly,Number of booklets developed for the smallholder producers,Non-Standardized,Not  Applicable,Priority 2: Economic Transformation And Job Creation,Economic Transformation and Job Creation,"The Economic Sectors, Employment and Infrastructure Development cluster",0,0,N/A as the performance reported is equal to the targeted performance.,N/A as the performance reported is equal to the targeted performance.,2,2,N/A as the performance reported is equal to the targeted performance.,N/A as the performance reported is equal to the targeted performance.,2,2,"N/A, as the performance reported is equal to the targeted performance.","N/A, as the performance reported is equal to the targeted performance.",,2,2,"N/A, as the performance reported is equal to the targeted performance.","N/A, as the performance reported is equal to the targeted performance.",6,6,,,,,,,,,Performance target achieved as planned.,,202
"Agriculture, Forestry and Fisheries",Agriculture,Eastern Cape,Programme 5:	Research and Technology Development Services,Sub Programme 5.2: Technology Transfer Services,Quarterly,Number of demonstration trials conducted with farmers in order to impart knowledge and skills on farming practices,Non-Standardized,Not  Applicable,Priority 2: Economic Transformation And Job Creation,Economic Transformation and Job Creation,"The Economic Sectors, Employment and Infrastructure Development cluster",0,0,N/A as the performance reported is equal to the targeted performance.,N/A as the performance reported is equal to the targeted performance.,3,3,N/A as the performance reported is equal to the targeted performance.,N/A as the performance reported is equal to the targeted performance.,3,5,The need for cannabis demonstrations led to the overperformance ,"N/A, as the performance reported is higher than the target.",,3,3,"N/A, as the performance reported is equal to the targeted performance.","N/A, as the performance reported is equal to the targeted performance.",9,11,,,,,,,,,Performance target achieved as planned.,,202
"Agriculture, Forestry and Fisheries",Agriculture,Eastern Cape,Programme 5:	Research and Technology Development Services,Sub Programme 5.2: Technology Transfer Services,Quarterly,Number of new technologies developed for smallholder producers,Non-Standardized,Not  Applicable,Priority 2: Economic Transformation And Job Creation,Economic Transformation and Job Creation,"The Economic Sectors, Employment and Infrastructure Development cluster",0,0,N/A as the performance reported is equal to the targeted performance.,N/A as the performance reported is equal to the targeted performance.,0,0,0,0,0,0,0,0,,4,4,"N/A, as the performance reported is equal to the targeted performance.","N/A, as the performance reported is equal to the targeted performance.",4,4,,,,,,,None ,,N/A,,202
"Agriculture, Forestry and Fisheries",Agriculture,Eastern Cape,Programme 5:	Research and Technology Development Services,Sub Programme 5.2: Technology Transfer Services,Quarterly,Number of research presentations made at peer reviewed events,Standardized,Not  Applicable,"Priority 5: Spatial Integration, Human Settlements and Local Government",-,"The Economic Sectors, Employment and Infrastructure Development cluster",1,1,N/A as the performance reported is equal to the targeted performance.,N/A as the performance reported is equal to the targeted performance.,24,31,"More Scientific Congresses were held than anticipated and researchers had compatible research work to present.

",N/A as the performance reported is higher than the target.,4,4,"N/A, as the performance reported is equal to the targeted performance.","N/A, as the performance reported is equal to the targeted performance.",,0,11,Over performance is caused by maturity and experience in the professional staff which has opened opportunities for researchers and technicians to utilise diverse platforms to present their research work,"N/A, as the performance reported is higher than the target",29,47,,,,,,,None ,None ,Noted.,Achieved as planned.,202
"Agriculture, Forestry and Fisheries",Agriculture,Eastern Cape,Programme 5:	Research and Technology Development Services,Sub Programme 5.2: Technology Transfer Services,Quarterly,Number of research presentations made at technology transfer events,Standardized,Not  Applicable,"Priority 5: Spatial Integration, Human Settlements and Local Government",-,"The Economic Sectors, Employment and Infrastructure Development cluster",4,10,Invitations to present during Government and Departmental events have resulted in over-performance as the output indicator is demand-driven.,N/A as the performance reported is higher than the target.,6,15,More research presentations were done on the second term seminar.,N/A as the performance reported is higher than the target.,5,5,"N/A, as the performance reported is equal to the targeted performance.","N/A, as the performance reported is equal to the targeted performance.",,5,6,Invitation to Programme 5 to present during Landcare Awareness in Ngqeleni resulted in more presentations being done (The PI is demand driven),"N/A, as the performance reported is higher than the target",20,36,,,,,,,None ,None ,The reason for variance should elaborate why more presentations were done in the quarter under review.,Achieved as planned. ,202
"Agriculture, Forestry and Fisheries",Agriculture,Eastern Cape,Programme 5:	Research and Technology Development Services,Sub Programme 5.2: Technology Transfer Services,Quarterly,Number of scientific papers published,Non-Standardized,Not  Applicable,"Priority 5: Spatial Integration, Human Settlements and Local Government",Economic Transformation and Job Creation,"The Economic Sectors, Employment and Infrastructure Development cluster",0,0,N/A as the performance reported is equal to the targeted performance,N/A as the performance reported is equal to the targeted performance,0,0,0,0,0,0,0,0,,6,13,Over performance is ascribed to earlier than anticipated completion of reviewing systems applied by journal editorial staff,"N/A, as the performance reported is higher than the target",6,13,,,,,,,Corrective action is required for both under and over performance. ,,N/A,,202
"Agriculture, Forestry and Fisheries",Agriculture,Eastern Cape,Programme 5:	Research and Technology Development Services,Sub Programme 5.3: Research Infrastructure Support Services,Annually,Number of research infrastructure managed,Standardized,Not  Applicable,"Priority 5: Spatial Integration, Human Settlements and Local Government",-,"The Economic Sectors, Employment and Infrastructure Development cluster",,,,,,,,,,,,,,7,7,,,7,7,,"N/A, as the performance reported is equal to the targeted performance.","N/A, as the performance reported is equal to the targeted performance.",,,,,,,,202
"Agriculture, Forestry and Fisheries",Agriculture,Eastern Cape,Programme 5:	Research and Technology Development Services,Sub Programme 5.3: Research Infrastructure Support Services,Quarterly,Default,Non-Standardized,Not  Applicable,Not Applicable,-,Not Applicable,0,0,0,0,0,0,0,0,0,0,0,0,,0,,,,0,0,,,,,,,,,N/A,,202
"Agriculture, Forestry and Fisheries",Agriculture,Eastern Cape,Programme 5:	Research and Technology Development Services,Sub Programme 5.3: Research Infrastructure Support Services,Quarterly,Number of research infrastructure managed ,Standardized,Not  Applicable,Priority 2: Economic Transformation And Job Creation,Economic Transformation and Job Creation,"The Economic Sectors, Employment and Infrastructure Development cluster",0,0,N/A as the performance reported is equal to the targeted performance.,N/A as the performance reported is equal to the targeted performance.,0,0,0,0,0,0,0,0,,7,7,"N/A, as the performance reported is equal to the targeted performance.","N/A, as the performance reported is equal to the targeted performance.",7,7,,,,,,,None ,,N/A,,202
"Agriculture, Forestry and Fisheries",Agriculture,Eastern Cape,Programme 6: Agricultural Economic Services,Sub Programme 6.1: Production Economics and Marketing Support,Quarterly,Number of agribusinesses supported with Black Economic Empowerment advisory services,Standardized,Not  Applicable,"Priority 5: Spatial Integration, Human Settlements and Local Government",-,"The Economic Sectors, Employment and Infrastructure Development cluster",0,7,"The advisory services were planned for the second quarter, however, the increased interest on Agri-BEE Fund resulted in over performance.",N/A as the performance reported is higher than the target.,17,16,"Most Agri-BEE advisories were done in the 1st Quarter, the Programme is busy following up on projects that require Agri-BEE fund. ","Most Agri-BEE advisories were done in the 1st Quarter, the mid year performance is an over performance. ",20,16,"Most Agri-BEE advisories were done in the 1st Quarter, the Programme is busy following up on projects that require Agri-BEE fund. ",The outstanding Agri-BEE advisories will be finalised in the 4th Quarter.,,5,15,There were advisories planned for 5 agribusinesses but other agribusinesses also shown interest. ,"N/A, as the performance reported is higher than the target.",42,54,,,,,,,None ,Noted,Noted,Noted.,202
"Agriculture, Forestry and Fisheries",Agriculture,Eastern Cape,Programme 6: Agricultural Economic Services,Sub Programme 6.1: Production Economics and Marketing Support,Quarterly,Number of agri-businesses supported with marketing services,Standardized,Not  Applicable,"Priority 5: Spatial Integration, Human Settlements and Local Government",-,"The Economic Sectors, Employment and Infrastructure Development cluster",6,6,N/A as the performance reported is equal to the targeted performance.,N/A as the performance reported is equal to the targeted performance.,40,55,"The session for wool and mohair had to be shifted to the 28th October, due to clashes with other Provinces ",N/A as the performance reported is higher than the target.,29,34,"The wool and mohair marketing exposure and linkage sessions attracted more farmers than planned, hence the over- achievement.","N/A, as the performance reported is higher than the target.",,19,5,"The planned initiatives on this indicator were done in the second and third quarter, hence the under-performance in the 4th quarter.",N/A as the annual target has been met,94,100,,,,,,,None ,None ,"The reason provided for deviation is not aligned with the reported performance as the PDAs have overperformance on the indicator despite the shifting of the session. kindly review and adjust. secondly, corrective action is required for both over and under performance.",Noted.,202
"Agriculture, Forestry and Fisheries",Agriculture,Eastern Cape,Programme 6: Agricultural Economic Services,Sub Programme 6.1: Production Economics and Marketing Support,Quarterly,Number of clients supported with production economic services,Standardized,Not  Applicable,"Priority 5: Spatial Integration, Human Settlements and Local Government",-,"The Economic Sectors, Employment and Infrastructure Development cluster",122,149,The over-performance is attributed to the early compilation of CASP business plans for 2025/26 which is one of the services offered in production economic services. The business plans were planned to be compiled in the second quarter. ,N/A as the performance reported is higher than the target.,97,104,The over-performance was due to CAS business plans.,N/A as the performance reported is higher than the target.,85,73,Changes in the approach of assisting smallholder farmers delayed performance of the indicator.,The outstanding production economics support will be provided in the 4th Quarter.,,72,89,"Factors that lead to over performance include participation on PES, financial record keeping workshops in preparation for 2025/26 financial year","N/A, as the performance reported is higher than the target.",376,415,,,,,,,None ,Noted,Noted,Noted.,202
"Agriculture, Forestry and Fisheries",Agriculture,Eastern Cape,Programme 6: Agricultural Economic Services,Sub Programme 6.1: Production Economics and Marketing Support,Quarterly,Number of commercially viable partnerships established to drive productivity and competitiveness.,Non-Standardized,Not  Applicable,Priority 2: Economic Transformation And Job Creation,Economic Transformation and Job Creation,"The Economic Sectors, Employment and Infrastructure Development cluster",0,0,N/A as the performance reported is equal to the targeted performance.,N/A as the performance reported is equal to the targeted performance.,0,0,0,0,0,0,0,0,,6,6,"N/A, as the performance reported is higher than the target","N/A, as the performance reported is higher than the target",6,6,,,,,,,,,N/A,,202
"Agriculture, Forestry and Fisheries",Agriculture,Eastern Cape,Programme 6: Agricultural Economic Services,Sub Programme 6.1: Production Economics and Marketing Support,Quarterly,Number of producers with SA Gap certification.,Standardized,Not  Applicable,Priority 2: Economic Transformation And Job Creation,Economic Transformation and Job Creation,"The Economic Sectors, Employment and Infrastructure Development cluster",0,0,N/A as the performance reported is equal to the targeted performance.,N/A as the performance reported is equal to the targeted performance.,0,0,0,0,0,0,0,0,,9,9,"N/A, as the performance reported is equal to the targeted performance.","N/A, as the performance reported is equal to the targeted performance.",9,9,,,,,,,,,N/A,,202
"Agriculture, Forestry and Fisheries",Agriculture,Eastern Cape,Programme 6: Agricultural Economic Services,Sub Programme 6.2: Agro-Processing Support,Annually,Number of agri-businesses supported with agro-processing initiatives,Standardized,Not  Applicable,"Priority 5: Spatial Integration, Human Settlements and Local Government",-,"The Economic Sectors, Employment and Infrastructure Development cluster",,,,,,,,,,,,,,3,1,,,3,1,,Support for the twin-bird poultry abattoir was done in the 1st Quarter  and therefore the annual target of 2 was achieved.,N/A as the annual target has been met,,,,,,,,202
"Agriculture, Forestry and Fisheries",Agriculture,Eastern Cape,Programme 6: Agricultural Economic Services,Sub Programme 6.2: Agro-Processing Support,Quarterly,Default,Not Applicable,Not  Applicable,Not Applicable,-,Not Applicable,0,0,0,0,0,0,0,0,0,0,0,0,,0,,,,0,0,,,,,,,,,N/A,,202
"Agriculture, Forestry and Fisheries",Agriculture,Eastern Cape,Programme 6: Agricultural Economic Services,Sub Programme 6.2: Agro-Processing Support,Quarterly,Number of agri-businesses supported with agro-processing initiatives,Non-Standardized,Not  Applicable,"Priority 5: Spatial Integration, Human Settlements and Local Government",Economic Transformation and Job Creation,"The Economic Sectors, Employment and Infrastructure Development cluster",0,0,N/A as the performance reported is equal to the targeted performance.,N/A as the performance reported is equal to the targeted performance.,0,0,0,0,0,0,0,0,,3,1,Support for the twin-bird poultry abattoir was done in the 1st Quarter  and therefore the annual target of 2 was achieved.,N/A as the annual target has been met,3,1,,,,,,,"According to the APP that was submitted to DALRRD as well as the target captured on the system, the annual target is 3.",,N/A,N/A,202
"Agriculture, Forestry and Fisheries",Agriculture,Eastern Cape,Programme 6: Agricultural Economic Services,Sub Programme 6.3: Macroeconomics Support,Quarterly,Number of economic reports compiled,Standardized,Not  Applicable,"Priority 5: Spatial Integration, Human Settlements and Local Government",-,"The Economic Sectors, Employment and Infrastructure Development cluster",1,10,The over-performance was due to the requests by the department on commodity performance.,N/A as the performance reported is higher than the target.,4,4,N/A as the performance reported is equal to the targeted performance.,N/A as the performance reported is equal to the targeted performance.,7,10,Requests of different reports by internal and external clients led to overperformance.,"N/A, as the performance reported is higher than the target.",,8,11,Requests of different reports by internal and external clients led to Over performance.,"N/A, as the performance reported is higher than the target",20,35,,,,,,,Corrective action is required for both over and underperformance.,Noted,Performance target achieved as planned.,Noted.,202
"Agriculture, Forestry and Fisheries",Agriculture,Eastern Cape,Programme 7: Agricultural Education and Training,Sub Programme 7.1: Higher Education and Training,Annually,Number of students enrolled to complete accredited Higher Education and Training (HET) qualifications,Non-Standardized,Not  Applicable,Priority 2: Economic Transformation And Job Creation,Economic Transformation and Job Creation,"The Economic Sectors, Employment and Infrastructure Development cluster",,,,,,,,,,,,,,,,,,600,,,,,,,,,,,,202
"Agriculture, Forestry and Fisheries",Agriculture,Eastern Cape,Programme 7: Agricultural Education and Training,Sub Programme 7.1: Higher Education and Training,Annually,Number of students graduated with agricultural qualification,Standardized,Not  Applicable,"Priority 5: Spatial Integration, Human Settlements and Local Government",-,"The Economic Sectors, Employment and Infrastructure Development cluster",,,,,,,,,155,187,,,,,,,,155,187,,Due to the delayed students progressing to finalize their studies more graduated that what was planned.,"N/A, as the performance reported is higher than the target.",,,,,,,,202
"Agriculture, Forestry and Fisheries",Agriculture,Eastern Cape,Programme 7: Agricultural Education and Training,Sub Programme 7.1: Higher Education and Training,Annually,Number of youth supported towards agri-business services,Non-Standardized,Not  Applicable,Priority 2: Economic Transformation And Job Creation,Economic Transformation and Job Creation,"The Economic Sectors, Employment and Infrastructure Development cluster",,,,,,,,,,,,,,,,,,145,,,,,,,,,,,,202
"Agriculture, Forestry and Fisheries",Agriculture,Eastern Cape,Programme 7: Agricultural Education and Training,Sub Programme 7.1: Higher Education and Training,Quarterly,Default,Not Applicable,Not  Applicable,Not Applicable,-,Not Applicable,0,0,0,0,0,0,0,0,0,,,,,0,,,,0,0,,,,,,,,,N/A,,202
"Agriculture, Forestry and Fisheries",Agriculture,Eastern Cape,Programme 7: Agricultural Education and Training,Sub Programme 7.2: Agricultural Skills Development,Annually,Number of farms/projects mentored according to different commodities in order to make them profitable.,Non-Standardized,Not  Applicable,Priority 2: Economic Transformation And Job Creation,Economic Transformation and Job Creation,"The Economic Sectors, Employment and Infrastructure Development cluster",,,,,,,,,,,,,,20,20,,,20,20,,"N/A, as the performance reported is equal to the targeted performance.","N/A, as the performance reported is equal to the targeted performance.",,,,,,,,202
"Agriculture, Forestry and Fisheries",Agriculture,Eastern Cape,Programme 7: Agricultural Education and Training,Sub Programme 7.2: Agricultural Skills Development,Annually,Number of infrastructure programmes implemented in Agricultural Colleges developed to improve the farmer training capacity.,Non-Standardized,Not  Applicable,Priority 2: Economic Transformation And Job Creation,Economic Transformation and Job Creation,"The Economic Sectors, Employment and Infrastructure Development cluster",,,,,,,,,,,,,,2,2,,,2,2,,"N/A, as the performance reported is equal to the targeted performance.","N/A, as the performance reported is equal to the targeted performance.",,,,,,,,202
"Agriculture, Forestry and Fisheries",Agriculture,Eastern Cape,Programme 7: Agricultural Education and Training,Sub Programme 7.2: Agricultural Skills Development,Quarterly,Number of Educators capacitated in agricultural science related fields to improve their understanding of the sector needs.,Non-Standardized,Not  Applicable,Priority 2: Economic Transformation And Job Creation,Economic Transformation and Job Creation,"The Economic Sectors, Employment and Infrastructure Development cluster",0,51,The Veterinary & Para-Veterinary Program and the Agri-Teen Summit that was run across the province for learners also exposed Educators as they accompanied their learners to these career exposures and were capacitated to assist learners where they lack understanding and guide during application processes.,N/A as the performance reported is higher than the target.,30,30,N/A as the performance reported is equal to the targeted performance.,N/A as the performance reported is equal to the targeted performance.,30,0,"The educator's targets for the year were exceeded by the second quarter; hence, no training was conducted this quarter","N/A, as the annual target has already been met",,0,0,"N/A, as the performance reported is equal to the targeted performance.

","N/A, as the performance reported is equal to the targeted performance.

",60,81,,,,,,,,,Performance target achieved as planned.,,202
"Agriculture, Forestry and Fisheries",Agriculture,Eastern Cape,Programme 7: Agricultural Education and Training,Sub Programme 7.2: Agricultural Skills Development,Quarterly,Number of Farmworkers completing accredited and/ or non-accredited training to develop skilled Farmworkers.,Non-Standardized,Not  Applicable,Priority 2: Economic Transformation And Job Creation,Economic Transformation and Job Creation,"The Economic Sectors, Employment and Infrastructure Development cluster",0,0,N/A as the performance reported is equal to the targeted performance,N/A as the performance reported is equal to the targeted performance,130,118,Specification for Farm Workers were resent to the Demand Section of SCM on the 27th June 2024 and an advert for Service Providers was closed on the 8th August 2024 and a technical report submitted on the 29th August and there has been no update from SCM of the appointed service providers. All this has led to the Program having to rely solely on Mpofu Training Centre to conduct some of the training hence the under-performance. ,The under-performance on the Farm Workers training will be addressed in the 3rd Quarter through a follow-up again with SCM on the advert that should have been adjudicated by now so as to ensure that there is no underperformance by the end of the financial year.,120,129,7.2.5 The overperformance is a result of the execution of a recovery plan to recover the underperformance experience at the mid-year level.,"N/A, as the performance reported is higher than the target.",,0,0,"N/A, as the performance reported is equal to the targeted performance.
","N/A, as the performance reported is equal to the targeted performance.
",250,247,,,,,,,,,Noted.,,202
"Agriculture, Forestry and Fisheries",Agriculture,Eastern Cape,Programme 7: Agricultural Education and Training,Sub Programme 7.2: Agricultural Skills Development,Quarterly,Number of participants trained in skills development programmes in the sector,Standardized,Not  Applicable,"Priority 5: Spatial Integration, Human Settlements and Local Government",-,"The Economic Sectors, Employment and Infrastructure Development cluster",400,496,Working in cooperation with the Small Enterprise Development Agency (SEDA) in the Sarah Baartman District and the Department of Social Development has enabled the program to reach beneficiaries that otherwise would not be covered due to limited departmental resources thus enabling the training of over 96 candidates to be realized. ,N/A as the performance reported is higher than the target.,800,1103,"In an effort to ensure that Program does not underperform on the set targets due to Fort Cox College’s non-performance and the back and forth with the adverts on Farm Together, TARDI and Mpofu TC were requested to reschedule some of their trainings for earlier training than planned and this resulted in over performance.",N/A as the performance reported is higher than the target.,800,835,The overperformance is attributed to the high numbers from Fort Cox College; the department had to respond to higher demand of training needs from our esteemed primary stakeholders.,"N/A, as the performance reported is higher than the target.",,400,654,Training done by TARDI as requested by OTP led to an overperformance,"N/A, as the performance reported is higher than the target.",2400,3088,,,,,,,None ,None ,Noted ,Noted,202
"Agriculture, Forestry and Fisheries",Agriculture,Eastern Cape,Programme 7: Agricultural Education and Training,Sub Programme 7.2: Agricultural Skills Development,Quarterly,Number of school going learners exposed to various fields in the agriculture and rural development sector in order to attract new entrants to the sectors.,Non-Standardized,Not  Applicable,Priority 2: Economic Transformation And Job Creation,Economic Transformation and Job Creation,"The Economic Sectors, Employment and Infrastructure Development cluster",800,1523,Several Career Awareness Programs were rolled out across the province in the form of Career Expos led by the Office of the MEC; Career Awareness programs and Agri-Teen Symposium led by Program 7 in collaboration with the University of Pretoria; Department of Education; Tshwane University of Technology; HWSETA and AgriSETA saw a big turn out that exceeded the planned target.,N/A as the performance reported is higher than the target.,500,643,The partnership with DoE is ensuring the release of Learners by schools and this also ensures targeting of Maths and Science learners hence the increase of interest in these career awareness programs.,N/A as the performance reported is higher than the target.,500,440,Target could not be reached as learners had started with preparing for exams and were not keen to miss out on revision work and the program could not disturb exams for those that had already started writing.,Not applicable as the year-to-date performance exceeds the year-to-date target.,,600,607,Number of learners reached tipped the scale by 7 and no learner could be turned away.,"N/A, as the performance reported is higher than the target.",2400,3213,,,,,,,,,Noted.,,202
"Agriculture, Forestry and Fisheries",Agriculture,Eastern Cape,Programme 8: Rural Development ,Sub Programme 8.1: Rural Development Coordination ,Annually,Number of District Planning Model supported,Non-Standardized,Not  Applicable,Priority 2: Economic Transformation And Job Creation,Economic Transformation and Job Creation,"The Economic Sectors, Employment and Infrastructure Development cluster",,,,,,,,,,,,,,8,8,,,8,8,,"N/A, as the performance reported is equal to the targeted performance.","N/A, as the performance reported is equal to the targeted performance.",,,,,,,,202
"Agriculture, Forestry and Fisheries",Agriculture,Eastern Cape,Programme 8: Rural Development ,Sub Programme 8.1: Rural Development Coordination ,Quarterly,Default,Not Applicable,Not  Applicable,Not Applicable,-,Not Applicable,0,0,0,0,0,0,0,0,0,0,0,0,,0,,,,0,0,,,,,,,,,,,202
"Agriculture, Forestry and Fisheries",Agriculture,Eastern Cape,Programme 8: Rural Development ,Sub Programme 8.1: Rural Development Coordination ,Quarterly,Number of oversight reports consolidated on rural development projects implemented through ECRDA.,Non-Standardized,Not  Applicable,Priority 2: Economic Transformation And Job Creation,Economic Transformation and Job Creation,"The Economic Sectors, Employment and Infrastructure Development cluster",1,1,N/A as the performance reported is equal to the targeted performance.,N/A as the performance reported is equal to the targeted performance.,2,2,N/A as the performance reported is equal to the targeted performance.,N/A as the performance reported is equal to the targeted performance.,2,2,"N/A, as the performance reported is equal to the targeted performance.","N/A, as the performance reported is equal to the targeted performance.",,2,2,"N/A, as the performance reported is equal to the targeted performance.","N/A, as the performance reported is equal to the targeted performance.",7,7,,,,,,,,,,,202
"Agriculture, Forestry and Fisheries",Agriculture,Eastern Cape,Programme 8: Rural Development ,Sub Programme 8.1: Rural Development Coordination ,Quarterly,Number of profiling reports conducted for promotion of sustainable rural livelihoods in identified areas,Non-Standardized,Not  Applicable,Priority 2: Economic Transformation And Job Creation,Economic Transformation and Job Creation,"The Economic Sectors, Employment and Infrastructure Development cluster",1,1,N/A as the performance reported is equal to the targeted performance.,N/A as the performance reported is equal to the targeted performance.,1,1,N/A as the performance reported is equal to the targeted performance.,N/A as the performance reported is equal to the targeted performance.,1,1,"N/A, as the performance reported is equal to the targeted performance.","N/A, as the performance reported is equal to the targeted performance.",,1,1,"N/A, as the performance reported is equal to the targeted performance.","N/A, as the performance reported is equal to the targeted performance.",4,4,,,,,,,,,,,202
"Agriculture, Forestry and Fisheries",Agriculture,Eastern Cape,Programme 8: Rural Development ,Sub Programme 8.2: Social Facilitation ,Quarterly,Default,Not Applicable,Not  Applicable,Not Applicable,-,Not Applicable,0,0,0,0,0,0,0,0,0,0,0,0,,0,,,,0,0,,,,,,,,,,,202
"Agriculture, Forestry and Fisheries",Agriculture,Eastern Cape,Programme 8: Rural Development ,Sub Programme 8.2: Social Facilitation ,Quarterly,Number of basic infrastructure projects implemented using innovations and appropriate technologies.,Non-Standardized,Not  Applicable,Priority 2: Economic Transformation And Job Creation,Economic Transformation and Job Creation,"The Economic Sectors, Employment and Infrastructure Development cluster",2,0,Underperformance on the implementation of spring water projects was due to noncompliance to PFMA precincts of some of the chosen suppliers of materials needed.,"The department will conduct a thorough audit of the chosen suppliers to ensure they adhere to the Public Finance Management Act (PFMA) regulations. Verify their compliance with procurement processes, financial transparency, and quality standards.",3,3,N/A as the performance reported is equal to the targeted performance.,N/A as the performance reported is equal to the targeted performance.,3,4,Over performance as Chamama project was a village with few households and there was existing infrastructure which made it easy for the implementors,"N/A, as the performance reported is higher than the target.",,2,2,"N/A, as the performance reported is equal to the targeted performance.","N/A, as the performance reported is equal to the targeted performance.",10,9,,,,,,,,,,,202
"Agriculture, Forestry and Fisheries",Agriculture,Eastern Cape,Programme 8: Rural Development ,Sub Programme 8.2: Social Facilitation ,Quarterly,Number of IGR sessions conducted ,Non-Standardized,Not  Applicable,Priority 2: Economic Transformation And Job Creation,Economic Transformation and Job Creation,"The Economic Sectors, Employment and Infrastructure Development cluster",1,1,N/A as the performance reported is equal to the targeted performance.,N/A as the performance reported is equal to the targeted performance,1,1,N/A as the performance reported is equal to the targeted performance.,N/A as the performance reported is equal to the targeted performance.,1,1,"N/A, as the performance reported is equal to the targeted performance.","N/A, as the performance reported is equal to the targeted performance.",,1,1,"N/A, as the performance reported is equal to the targeted performance.","N/A, as the performance reported is equal to the targeted performance.",4,4,,,,,,,,,,,202
"Agriculture, Forestry and Fisheries",Agriculture,Eastern Cape,Programme 8: Rural Development ,Sub Programme 8.2: Social Facilitation ,Quarterly,Number of rural development enterprises supported ,Non-Standardized,Not  Applicable,Priority 2: Economic Transformation And Job Creation,Economic Transformation and Job Creation,"The Economic Sectors, Employment and Infrastructure Development cluster",0,0,N/A as the performance reported is equal to the targeted performance.,N/A as the performance reported is equal to the targeted performance,104,104,N/A as the performance reported is equal to the targeted performance.,N/A as the performance reported is equal to the targeted performance.,1,0,Suppliers that responded to the pottery advert did not meet the PFMA requirements.,The department is committed in closely monitoring the SCM processes,,0,19,"Over performance due to extra sewing machines procured from savings to support 19 rural development enterprises in Chris Hani (17), Amathole (1) and Alfred Nzo (1) districts.","N/A, as the performance reported is higher than the target.",105,123,,,,,,,,,,,202
