Sector,Institution,Programme,SubProgramme,Location,Frequency,Indicator,Type,SubType,Outcome,Priority,Cluster,Target_Q1,ActualOutput_Q1,Target_Q2,ActualOutput_Q2,Target_Q3,ActualOutput_Q3,Target_Q4,ActualOutput_Q4,AnnualTarget_Summary2,Preliminary_Summary2,PrelimaryAudited_Summary2,ReasonforDeviation_Summary,CorrectiveAction_Summary,ValidatedAudited_Summary2,ReasonforDeviation_Q1,CorrectiveAction_Q1,ReasonforDeviation_Q2,CorrectiveAction_Q2,ReasonforDeviation_Q3,CorrectiveAction_Q3,OTP_Q3,ReasonforDeviation_Q4,CorrectiveAction_Q4,OTP_Q1,OTP_Q4,National_Q1,National_Q2,National_Q3,National_Q4,OTP_Q2,UID
,Eastern Cape: Provincial Treasury,Eastern Cape,Programme 1: Administration,Sub - Programme 1.1: Office of the MEC,Annually,Default,Non-Standardized,Not  Applicable,"An efficient, effective and development-oriented public service",-,Governance and Administration cluster,,,,,,,,,,,,,,,,,,,,,,,,,,,,,,,212
,Eastern Cape: Provincial Treasury,Eastern Cape,Programme 1: Administration,Sub - Programme 1.1: Office of the MEC,Quarterly,Default,Non-Standardized,Not  Applicable,"An efficient, effective and development-oriented public service",-,Governance and Administration cluster,,,,,,,,,,,,,,,,,,,,,,,,,,,,,,,212
,Eastern Cape: Provincial Treasury,Eastern Cape,Programme 1: Administration,Sub - Programme 1.2: Management Services,Annually,Default,Non-Standardized,Not  Applicable,"An efficient, effective and development-oriented public service",-,Governance and Administration cluster,,,,,,,,,,,,,,,,,,,,,,,,,,,,,,,212
,Eastern Cape: Provincial Treasury,Eastern Cape,Programme 1: Administration,Sub - Programme 1.2: Management Services,Annually,Percentage of organisational productivity achieved,Not Applicable,Not  Applicable,"Priority 1: A Capable, Ethical and Developmental State","Capable, Ethical and Developmental State","Governance, State Capacity and Institutional Development cluster",,,,,,,85 %,85 %,85 %,85 %,,,,,,,,,,,,,,,,,,,,,212
,Eastern Cape: Provincial Treasury,Eastern Cape,Programme 1: Administration,Sub - Programme 1.2: Management Services,Quarterly,Default,Non-Standardized,Not  Applicable,"An efficient, effective and development-oriented public service",-,Governance and Administration cluster,,,,,,,,,,-,,,,,,,,,,,,,,,,,,,,,212
,Eastern Cape: Provincial Treasury,Eastern Cape,Programme 1: Administration,Sub - Programme 1.2: Management Services,Quarterly,Number of ICT Strategy projects implemented,Not Applicable,Not  Applicable,"Priority 1: A Capable, Ethical and Developmental State","Capable, Ethical and Developmental State","Governance, State Capacity and Institutional Development cluster",2,2,4,"
4",4,4,2,2,12,12,,,,,"
0","
0",,,,,,,,,,,,,,,212
,Eastern Cape: Provincial Treasury,Eastern Cape,Programme 1: Administration,Sub - Programme 1.3: Corporate Services,Annually,Default,Non-Standardized,Not  Applicable,"An efficient, effective and development-oriented public service",-,Governance and Administration cluster,,,,,,,,,,,,,,,,,,,,,,,,,,,,,,,212
,Eastern Cape: Provincial Treasury,Eastern Cape,Programme 1: Administration,Sub - Programme 1.3: Corporate Services,Annually,Percentage o f HR Plan Targets achieved,Not Applicable,Not  Applicable,"Priority 1: A Capable, Ethical and Developmental State","Capable, Ethical and Developmental State","Governance, State Capacity and Institutional Development cluster",,,,,,,95 %,95 %,95 %,95 %,,,,,,,,,,,,,,,,,,,,,212
,Eastern Cape: Provincial Treasury,Eastern Cape,Programme 1: Administration,Sub - Programme 1.3: Corporate Services,Quarterly,Default,Non-Standardized,Not  Applicable,"An efficient, effective and development-oriented public service",-,Governance and Administration cluster,,,,,,,,,,,,,,,,,,,,,,,,,,,,,,,212
,Eastern Cape: Provincial Treasury,Eastern Cape,Programme 1: Administration,Sub - Programme 1.4: Financial Management (Office of the CFO),Annually,Default,Non-Standardized,Not  Applicable,"An efficient, effective and development-oriented public service",-,Governance and Administration cluster,,,,,,,,,0 %,,,,,,,,,,,,,,,,,,,,,,212
,Eastern Cape: Provincial Treasury,Eastern Cape,Programme 1: Administration,Sub - Programme 1.4: Financial Management (Office of the CFO),Annually,Percentage implementation on financial and nonfinancial information audit findings,Not Applicable,Not  Applicable,"Priority 1: A Capable, Ethical and Developmental State","Capable, Ethical and Developmental State","Governance, State Capacity and Institutional Development cluster",,,100 %,,,,,,100 %,,,,,,,,,,,,,,,,,,,,,,212
,Eastern Cape: Provincial Treasury,Eastern Cape,Programme 1: Administration,Sub - Programme 1.4: Financial Management (Office of the CFO),Quarterly,Default,Non-Standardized,Not  Applicable,"An efficient, effective and development-oriented public service",-,Governance and Administration cluster,0,,0,,0,,0,,0,0,,,,,,,,,,,,,,All defaults should be removed. Identify all defaults OTP&DPME will assist,,,,,,,212
,Eastern Cape: Provincial Treasury,Eastern Cape,Programme 1: Administration,Sub - Programme 1.4: Financial Management (Office of the CFO),Quarterly,Percentage of departmental procurement spend on EC based suppliers,Not Applicable,Not  Applicable,"Priority 1: A Capable, Ethical and Developmental State","Capable, Ethical and Developmental State","Governance, State Capacity and Institutional Development cluster",60 %,60 %,60 %,60 %,60 %,93 %,60 %,83.80 %,60 %,93 %,,,,,,,,,The department procured more services with the suppliers that reside within the Eastern Cape Province than anticipated,,Accepted,The reason for the overachievement is that SCMU had a total amount of R30 844794.40 and an amount of R25 850 453.10 is for the procurement of suppliers within the Eastern Cape. ,PT will ensure that the procurement of EC based suppliers is spent within the planned targets.,,,,,,,,212
,Eastern Cape: Provincial Treasury,Eastern Cape,Programme 1: Administration,Sub - Programme 1.4: Financial Management (Office of the CFO),Quarterly,Percentage of valid invoices / claims paid / settled within 30 days,Not Applicable,Not  Applicable,"Priority 1: A Capable, Ethical and Developmental State","Capable, Ethical and Developmental State","Governance, State Capacity and Institutional Development cluster",100 %,100 %,100 %,100 %,100 %,100 %,100 %,100 %,100 %,100 %,,,,,,,,,,,Accepted,,,,,,,,,,212
,Eastern Cape: Provincial Treasury,Eastern Cape,Programme 1: Administration,Sub - Programme 1.5: Internal Audit and Risk Management,Annually,Default,Non-Standardized,Not  Applicable,"An efficient, effective and development-oriented public service",-,Governance and Administration cluster,,,,,,,,,,,,,,,,,,,,,,,,,,,,,,,212
,Eastern Cape: Provincial Treasury,Eastern Cape,Programme 1: Administration,Sub - Programme 1.5: Internal Audit and Risk Management,Quarterly,Default,Non-Standardized,Not  Applicable,"An efficient, effective and development-oriented public service",-,Governance and Administration cluster,0,,0,,0,,0,,0,0,,,,,,,,,,,,,,,,,,,,,212
,Eastern Cape: Provincial Treasury,Eastern Cape,Programme 2: Sustainable Resource Management,Sub - Programme 2.1: Programme Support  ,Annually,Default,Non-Standardized,Not  Applicable,"An efficient, effective and development-oriented public service",-,Governance and Administration cluster,,,,,,,,,,,,,,,,,,,,,,,,,,,,,,,212
,Eastern Cape: Provincial Treasury,Eastern Cape,Programme 2: Sustainable Resource Management,Sub - Programme 2.1: Programme Support  ,Quarterly,Default,Non-Standardized,Not  Applicable,"An efficient, effective and development-oriented public service",-,Governance and Administration cluster,,,,,,,,,,,,,,,,,,,,,,,,,,,,,,,212
,Eastern Cape: Provincial Treasury,Eastern Cape,Programme 2: Sustainable Resource Management,Sub - Programme 2.2: Economic Analysis,Annually,Default,Non-Standardized,Not  Applicable,"An efficient, effective and development-oriented public service",-,Governance and Administration cluster,,,,,,,,,,,,,,,,,,,,,,,,,,,,,,,212
,Eastern Cape: Provincial Treasury,Eastern Cape,Programme 2: Sustainable Resource Management,Sub - Programme 2.2: Economic Analysis,Quarterly,Default,Non-Standardized,Not  Applicable,"An efficient, effective and development-oriented public service",-,Governance and Administration cluster,,,,,,,,,,-,,,,,,,,,,,,,,,,,,,,,212
,Eastern Cape: Provincial Treasury,Eastern Cape,Programme 2: Sustainable Resource Management,Sub - Programme 2.2: Economic Analysis,Quarterly,Number of policy briefs produced on key sector focus areas,Not Applicable,Not  Applicable,"Priority 1: A Capable, Ethical and Developmental State","Capable, Ethical and Developmental State","Governance, State Capacity and Institutional Development cluster",1,1,1,"
1",1,1,1,1,4,4,,,,,NONE,NONE,,,,,,,,,Make follow-up on the issue of non-compliance by the Indicator owner,,,,,,212
,Eastern Cape: Provincial Treasury,Eastern Cape,Programme 2: Sustainable Resource Management,Sub - Programme 2.3: Fiscal Policy ,Annually,Default,Non-Standardized,Not  Applicable,"An efficient, effective and development-oriented public service",-,Governance and Administration cluster,,,,,,,,,,,,,,,,,,,,,,,,,,,,,,,212
,Eastern Cape: Provincial Treasury,Eastern Cape,Programme 2: Sustainable Resource Management,Sub - Programme 2.3: Fiscal Policy ,Quarterly,Amount of own revenue collected,Not Applicable,Not  Applicable,"Priority 1: A Capable, Ethical and Developmental State","Capable, Ethical and Developmental State","Governance, State Capacity and Institutional Development cluster",R323 million,R412 million ,R748 million,R888 million,"R1,156 billion ",R1.368 billion ,"R1,745 billion","R1,799 billion",R1.745 billion,-,,,,,"The over collection was mainly attributed to Provincial Treasury due to interest received from exchequer investments, Education from expenditure recoveries and Transport from higher than the anticipated revenue in respect of motor vehicle license fee.
","The collected funds will be transferred to Provincial Revenue Fund.
","Over collection was mainly attributed to the Provincial Treasury (PT), Education, Transport and Human Settlements. The over collection against PT was mainly due to higher than anticipated interest received from exchequer investments such as South African Reserve Bank (SARB) or other four accredited commercial banks.  Transport over collected as a result of the auction of the government fleet by GFMS and the increase of landing fees collection and abnormal loads permits issued, and improvement of traffic fines or penalties paid by traffic offenders.  Education over collected due to recoveries from the previous year from a school building programme by an implementing agent.  Human Settlements was due to higher than anticipated interest received from the trust accounts and expenditure recoveries.
","The unit is supporting departments mainly DPWI, Transport, Health, and DEDEAT (which are the main revenue departments) by tariff submissions and engagements at monthly workgroups to achieve the revenue study targets.  This work includes the placement of TVET student interns at DPWI to maximise the revenue collection in respect of the property rentals.
","The over collection was mainly attributed to the Provincial Treasury (PT), Human Settlement, Education, Transport.  ",,Accepted,Revenue of R53.779 is over collected and is mainly against Provincial Treasury and Human Settlements in respect of interest earned on exchequer investments and on trust accounts respectively.,Revenue collected will be surrendered to the Provincial revenue Fund.,,,,,,,,212
,Eastern Cape: Provincial Treasury,Eastern Cape,Programme 2: Sustainable Resource Management,Sub - Programme 2.3: Fiscal Policy ,Quarterly,Default,Non-Standardized,Not  Applicable,"An efficient, effective and development-oriented public service",-,Governance and Administration cluster,,,,,,,,,,-,,,,,,,,,,,,,,,,,,,,,212
,Eastern Cape: Provincial Treasury,Eastern Cape,Programme 2: Sustainable Resource Management,Sub - Programme 2.4: Budget Management,Annually,CoE Ratio,Not Applicable,Not  Applicable,"Priority 1: A Capable, Ethical and Developmental State","Capable, Ethical and Developmental State","Governance, State Capacity and Institutional Development cluster",,,,,,,61:39,65.4:34.6,61:39,65.4:34.6,,"At the end of the fourth quarter, the ratio is 65.4 per cent. Comparing it to the target set, it is 4.4 per cent above the target ratio of 61:39.
The 0.1 per cent that is more than the Adjusted Budget is mainly due to Health not reducing its Compensation of Employees costs when budgets were reduced due to fiscal consolidation and the payments of March year end Human Resource (HR) accruals and payables.
","The CoE ratio is preliminary at 65.4 per cent for the province, which is above the target set of 61:39 for 2024/25. This percentage is still subject to the year-end processes that needs to be finalised, which can impact on the final percentage.",,,,,,,,,,,,,,,,,,212
,Eastern Cape: Provincial Treasury,Eastern Cape,Programme 2: Sustainable Resource Management,Sub - Programme 2.4: Budget Management,Annually,Default,Non-Standardized,Not  Applicable,"An efficient, effective and development-oriented public service",-,Governance and Administration cluster,,,,,,,,,0 %,,,,,,,,,,,,,,,,,,,,,,212
,Eastern Cape: Provincial Treasury,Eastern Cape,Programme 2: Sustainable Resource Management,Sub - Programme 2.4: Budget Management,Quarterly,Default,Non-Standardized,Not  Applicable,"An efficient, effective and development-oriented public service",-,Governance and Administration cluster,0,,0,,0,,0,,0,0,,,,,,,,,,,,,,,,,,,,,212
,Eastern Cape: Provincial Treasury,Eastern Cape,Programme 2: Sustainable Resource Management,Sub - Programme 2.4: Budget Management,Quarterly,Percentage expenditure by departments within allocated budget,Not Applicable,Not  Applicable,"Priority 1: A Capable, Ethical and Developmental State","Capable, Ethical and Developmental State","Governance, State Capacity and Institutional Development cluster",25 %,25 %,50 %,52 %,75 %,77.8 %,98 %,99.8 %,98 %,69 %,,,,,,,"The main reasons for exceeding the target by 1.7 per cent are:
•	Payment of accruals that was not anticipated.
•	Payment of rates and taxes that are paid for the full year and not monthly.
•	Transfer to public entities under DEDEAT that are done in 3 tranches instead 4 
tranches.
","Departments spending will be monitored on a monthly basis through the IYM process so that the departments remain within their budget.
",The Provincial expenditure at the end of December 2024 is more than the planned target of 75%.,,Accepted,Transport is the only department with a projected material over expenditure that emanated mostly from Goods and Services. This has resulted in over achievement under this indicator.  ,"PT will continue to monitor, and departments are advised to spend in line with their projections.",,,,,,,,212
,Eastern Cape: Provincial Treasury,Eastern Cape,Programme 2: Sustainable Resource Management,Sub - Programme 2.6: Financial Asset Management,Annually,Net provincial position of the Revenue Fund (Next to Chequer account and PMG's),Not Applicable,Not  Applicable,"Priority 1: A Capable, Ethical and Developmental State","Capable, Ethical and Developmental State","Governance, State Capacity and Institutional Development cluster",,,,,,,R200 million,R8.401 billion,R200 million,R8.401 billion,,"The reasons for deviation are as follows:
•	Balance of funds set aside to cover the excess facilities provided to departments of Education, Health, Transport and Public Works.
•	Funds set aside over the 2024 and 2025 MTEF years to fund priorities of the province, such as for Broadband as well as for department of Health to deal amongst others with issues emanating from medico legal scourge. This is to ensure that budget over the MTEF years are cash backed instead of relying on borrowings,
•	Rescheduling of funds to 2026 MTEF year, such as for BFI for the department of Economic Affairs
•	Funds set aside to an amount of R5.103 to fund hard commitments.
•	Unspent conditional grants at year end, subject to rollover process to 2025/26 adjustment estimate, as well as unspent equitable.
",PT will ensure that the projection for the planned targets are in line with the baseline.,,,,,,,,,,,,,,,,,,212
,Eastern Cape: Provincial Treasury,Eastern Cape,Programme 2: Sustainable Resource Management,Sub - Programme 2.6: Financial Asset Management,Quarterly,Number of departments paying creditors within 30 days,Not Applicable,Not  Applicable,"Priority 1: A Capable, Ethical and Developmental State","Capable, Ethical and Developmental State","Governance, State Capacity and Institutional Development cluster",13,11,13,12,13,12,13,12,13,12,,,,,"As a province, 11 provincial departments took on average of 20 days to a pay a total of 102 196 supplier invoices, with the exception for Departments of Health and Transport that had taken on average 109 days and 31 days on average to settle their creditors respectively, exceeding the acceptable 30 days timeframe.", Continue Finance Forum and Technical Working Group with DoH. Organise meetings to assist DoT.,"Twelve (12) of the thirteen (13) department complied with the payment of suppliers within 30 days, except for the Departments of Health that had taken on average 69 days to pay 21 334 as at 30 September 2024.


","Medico Legal Task team comprising OTP, PT & DOH formed to assist DOH in their medico legal claims.
Creditor management forums are held quarterly to deal with best practices for creditor payments for departments. 

","Twelve(12) of the thirteen(13) departments complied with the payment of suppliers within 30 days, except for DOH that had taken an average of 67 days to pay 20 229 invoices as at 31 December 2024. 
At a provincial level departments took on average 15 days to pay a total of 80 461 invoices as at 31 December 2024.","Medico Legal Task team comprising OTP, PT & DOH formed to assist DOH in their medico legal claims.
Creditor management forums are held quarterly to deal with best practices for creditor payments for departments.",Accepted,"Twelve (12) of the thirteen (13) departments complied with the payment of suppliers within 30 days, except for the Department of Health that took 86 days to pay 93 276 invoices on average as at 31 March 2025. At a provincial level, departments took 17 days to pay 289 577 invoices as at 31 March 2025.","Medico Legal Task team comprising OTP, PT & DOH formed to assist DOH in their medico legal claims.
Creditor management forums are held quarterly to deal with best practices for creditor payments for departments. ",,,,,,,,212
,Eastern Cape: Provincial Treasury,Eastern Cape,Programme 2: Sustainable Resource Management,Sub - Programme 2.7: Infrastructure Management,Annually,Percentage gross capital formation for Provincial Infrastructure Departments,Not Applicable,Not  Applicable,"Priority 1: A Capable, Ethical and Developmental State","Capable, Ethical and Developmental State","Governance, State Capacity and Institutional Development cluster",,,,,,,10.7 %,4.05 %,10.7 %,4.05 %,,"The underperformance in the gross capital formation was mainly due to the rescheduling by DEDEAT in the 2024/25 adjustment processes of an amount of R432.000 million in relation to the Coega SEZ Water Security Programme. Furthermore, the under expenditure was realised by the following Departments of Transport, Health, DSRAC and Social Development by R191.772 million, R81.231 million, R31.245 million and R10.782 million, respectively, also adds to the under performance against the target",The indicator is discontinued in the 2025/26 financial year.,,,,,,,,,,,,,,,,,,212
,Eastern Cape: Provincial Treasury,Eastern Cape,Programme 2: Sustainable Resource Management,Sub - Programme 2.7: Infrastructure Management,Quarterly,Number of Infrastructure plans aligned to planning reforms,Not Applicable,Not  Applicable,"Priority 1: A Capable, Ethical and Developmental State","Capable, Ethical and Developmental State","Governance, State Capacity and Institutional Development cluster",11,11,11,11,11,11,11,11,11,11,,,,,None,None,,,,,,,,,,,,,,,212
,Eastern Cape: Provincial Treasury,Eastern Cape,Programme 2: Sustainable Resource Management,Sub - Programme 2.7: Infrastructure Management,Quarterly,Percentage expenditure of allocated infrastructure budget by infrastructure departments,Not Applicable,Not  Applicable,"Priority 1: A Capable, Ethical and Developmental State","Capable, Ethical and Developmental State","Governance, State Capacity and Institutional Development cluster",25 %,22.73 %,50 %,46.06% %,75 %,76.81 %,98 %,97.35 %,98 %,0 %,,,,,"Whilst the Province had projected to spend 25 per cent as per linear requirements as at the end of June 2024, the Infrastructure departments had projected to spend 21.06 per cent of the infrastructure allocations and managed to achieve a 22.73 per cent spending as at the end of June 2024. The reason for the exceeding of the projections by the department is due to the efforts of the three streams model (PICC governance structures)",The department will continue to participate in the  efforts of the three streams model (PICC governance structures) so that infrastructure spending is aligned to the departmental projections,"In terms of overall over and under expenditure as of the end of September 2024, three departments were the main contributors to under expenditure against their projections namely: the Departments of Economic Development, Environmental Affairs and Tourism underspent by R204.900 million, Transport by R272.963 million and the Education by R77.587 million.","In respect of the remedial measures, the infrastructure bottlenecks identified will continue to be progressively escalated through the recently established institutional structures for Infrastructure:
i.e. through the Departmental Provincial Steering Committees (PISCs) and thereafter for further
intervention and escalation to the Technical Provincial Infrastructure Coordination Council (TPICC) and Provincial Infrastructure Coordinating Council (PICC) for final resolution. As such the PICC institutional structures need to continue to undertake robust monitoring of project statuses
such that the progression of the projects through the various IDMS stages materialize and where required recovery plans are initiated, and the projects lists amended through the upcoming

","Departments were advised through provincial structures such as PISC, TPICC, Sub CBC, CBC and EXCO to ensure that they monitor closely their existing projects and implement their procurement plans to ensure that the pipeline of project for the financial year is committed to begin realizing expenditure.",,Accepted,"The infrastructure unit under achieved by 0.65 per cent compared to the target of 98 per cent for this indicator. The under achievement of 0.65 per cent was due to under expenditure of four departments, the Department of Transport by R191.772 million, Department of Health by R81.231 million, Sport, Recreation, Arts and Culture (DSRAC) by R31.245 million and Social Development by R10.782 million.","Although the target of 98 per cent was not achieved by marginal 0.65 per cent, the infrastructure expenditure over the last three financial years reflects improvements from 90.72 per cent in 2021/22, 90.97 per cent in 2022/23 and 93.65 per cent in 2023/24. The preliminary outcome of 97.35 per cent in 2024/25 shows a significant improvement of 3.7 per cent compared to the audited outcome of 2023/24. 
In the 2025/26 FY  APP  the targets for this indicator was revised to 90 per cent.
In respect of the remedial measures, the infrastructure bottlenecks identified will continue to be progressively escalated through institutional structures for Infrastructure i.e. through the Departmental Provincial Steering Committees (PISCs) and thereafter for further intervention and escalation to the Technical Premiers Infrastructure Coordination Council (T-PICC) and Premiers Infrastructure Coordinating Council (PICC) for final resolution.",,,,,,,,212
,Eastern Cape: Provincial Treasury,Eastern Cape,Programme 2: Sustainable Resource Management,Sub-Programme 2.5: Public Finance,Annually,default,Not Applicable,Not  Applicable,Not Applicable,-,Not Applicable,,,,,,,,,0,,,0,0,,,,,,,,,,,,,,,,,,212
,Eastern Cape: Provincial Treasury,Eastern Cape,Programme 2: Sustainable Resource Management,Sub-Programme 2.5: Public Finance,Quarterly,default,Not Applicable,Not  Applicable,Not Applicable,-,Not Applicable,0,,0,,0,,0,,0,0,,,,,,,,,,,,,,,,,,,,,212
,Eastern Cape: Provincial Treasury,Eastern Cape,Programme 2: Sustainable Resource Management,Sub-Programme 2.5: Public Finance,Quarterly,Percentage expenditure by entities within allocated budget ,Not Applicable,Not  Applicable,"Priority 1: A Capable, Ethical and Developmental State","Capable, Ethical and Developmental State","Governance, State Capacity and Institutional Development cluster",0 %,,0 %,,50 %,67 %,98 %,90 %,98 %,90 %,,,,,,,,,The overspending is due to overspending against projections by some entities.  ,,Accepted,"The APP target of 98% for the quarter review has not been achieved. The Actual Expenditure recorded is preliminary, due to the adjusting journals that are being processed by the entities following the closure of the accounting systems.",A complete analysis of the achievement will be done on the final IYM submissions with variance explanations by 24 April 2025.                  ,,,,,,,,212
,Eastern Cape: Provincial Treasury,Eastern Cape,Programme 3: Asset and Liabilities Management,Sub - Programme 3.1: Programme Support  ,Annually,Default,Non-Standardized,Not  Applicable,"An efficient, effective and development-oriented public service",-,Governance and Administration cluster,,,,,,,,,,,,,,,,,,,,,,,,,,,,,,,212
,Eastern Cape: Provincial Treasury,Eastern Cape,Programme 3: Asset and Liabilities Management,Sub - Programme 3.1: Programme Support  ,Quarterly,Default,Non-Standardized,Not  Applicable,"An efficient, effective and development-oriented public service",-,Governance and Administration cluster,,,,,,,,,,,,,,,,,,,,,,,,,,,,,,,212
,Eastern Cape: Provincial Treasury,Eastern Cape,Programme 3: Asset and Liabilities Management,Sub - Programme 3.2: Asset Management  ,Annually,Default,Non-Standardized,Not  Applicable,"An efficient, effective and development-oriented public service",-,Governance and Administration cluster,,,,,,,,,0,0,,0,0,,,,,,,,,,,,,,,,,,212
,Eastern Cape: Provincial Treasury,Eastern Cape,Programme 3: Asset and Liabilities Management,Sub - Programme 3.2: Asset Management  ,Annually,Number of departments achieving an unqualified audit opinion on asset management,Not Applicable,Not  Applicable,"Priority 1: A Capable, Ethical and Developmental State","Capable, Ethical and Developmental State","Governance, State Capacity and Institutional Development cluster",,,11,,,,,,11,,,,,,,,,,,,,,,,,,,,,,212
,Eastern Cape: Provincial Treasury,Eastern Cape,Programme 3: Asset and Liabilities Management,Sub - Programme 3.2: Asset Management  ,Quarterly,Default,Non-Standardized,Not  Applicable,"An efficient, effective and development-oriented public service",-,Governance and Administration cluster,,,,,,,,,,,,,,,,,,,,,,,,,,,,,,,212
,Eastern Cape: Provincial Treasury,Eastern Cape,Programme 3: Asset and Liabilities Management,Sub - Programme 3.3: Supply Chain Management Office,Annually,Level of infrastructure procurement management maturity achieved,Not Applicable,Not  Applicable,"Priority 1: A Capable, Ethical and Developmental State","Capable, Ethical and Developmental State","Governance, State Capacity and Institutional Development cluster",,,,,,,Level 3,0,Level 3,0,,Performance on this indicator has been negatively impacted by the lack of a dedicated specialist. ,There is an approved organisational structure. The department is in a process of recruiting and the position will be dully filled.,,,,,,,,,,,,,,,,,,212
,Eastern Cape: Provincial Treasury,Eastern Cape,Programme 3: Asset and Liabilities Management,Sub - Programme 3.3: Supply Chain Management Office,Quarterly,Percentage of procurement plans implemented by provincial departments,Not Applicable,Not  Applicable,"Priority 1: A Capable, Ethical and Developmental State","Capable, Ethical and Developmental State","Governance, State Capacity and Institutional Development cluster",80 %,52 %,80 %,"

67 %",80 %,52.34 %,80 %,85.50 %,80 %,0 %,,,,,"Delays in finalisation of specification, delays in submission of draft specification by end users, bid committees not meeting as planned, delays in appointment of professional service providers for infrastructure projects.",Feedback letters have been issued to the relevant department and persistent non-adherence to plan targets will be escalated in terms of FMAF.,"Delays in finalisation of specification, delays in submission of draft specification by end users, bid committees not meeting as planned, delays in  appointment of professional service providers for infrastructure projects.","Feedback letters have been issued to the relevant department and persistent non adherence to plan targets will be escalated interms of FMAF. The Departments of Health, Education, Public Works and Infrastructure and Transport were required to implement catch-up plans which are being monitored and reported on.","Delays in finalisation of specification, delays in submission of draft specification by end users, bid committees not meeting as planned, delays in appointment of professional service providers for infrastructure projects.",Feedback letters have been issued to the relevant departments and persistent non-adherence to planned targets will be escalated in terms of the FMAF. ,Please provide Corrective Action,The over-achievement is due to departments being encouraged to expedite the approval of specifications for contracts in the current financial year as well as for the ensuing financial year to ensure that service delivery is expedited and allocated budgets are spent as per the resolution of the Provincial Management and oversight exercised by the Cabinet Budget Committee and the Provincial Executive Council. ,"PT will continue to monitor, and departments are advised to spend in line with their procurement plans.",,,,,,,,212
,Eastern Cape: Provincial Treasury,Eastern Cape,Programme 3: Asset and Liabilities Management,Sub - Programme 3.3: Supply Chain Management Office,Quarterly,Percentage of provincial departments procurement spend on EC based suppliers,Not Applicable,Not  Applicable,"Priority 1: A Capable, Ethical and Developmental State","Capable, Ethical and Developmental State","Governance, State Capacity and Institutional Development cluster",45 %,46.19 %,50 %,"

67.49 %",55 %,0 %,60 %,0 %,60 %,0 %,,,,,The spend for the month of April amounted to R2 083 112 714.48 and out of this amount R962 092 537.85 (46.19%) was spent on Eastern Cape based suppliers. The spend for the months of May and June is still being analysed owing to it being received later than usual from National Treasury.,,"in the previous quarters, departments awarded the majority of the contracts to Eastern Cape based suppliers, which is now evident in the payments made.",,The information is not yet available due to NT has not provided the information. ,The information will be submitted as soon as the figures are available. ,Please provide Corrective Action,Please note that the final figures for March 2025 are not yet available for the Programme to finalise the report.,The spend for the month of March is not yet available as we still awaiting the report from the National Treasury. ,,,,,,,,212
,Eastern Cape: Provincial Treasury,Eastern Cape,Programme 3: Asset and Liabilities Management,Sub-Programme 3.3: Liabilities management ,Annually,default,Not Applicable,Not  Applicable,Not Applicable,-,Not Applicable,,,,,,,,,0,,,,,,,,,,,,,,,,,,,,,,212
,Eastern Cape: Provincial Treasury,Eastern Cape,Programme 3: Asset and Liabilities Management,Sub-Programme 3.3: Liabilities management ,Quarterly,default,Not Applicable,Not  Applicable,Not Applicable,-,Not Applicable,0,,0,,0,,0,,0,0,,,,,,,,,,,,,,,,,,,,,212
,Eastern Cape: Provincial Treasury,Eastern Cape,Programme 3: Asset and Liabilities Management,Sub-Programme 3.4: Supporting and Interlinked Financial Systems,Annually,default,Not Applicable,Not  Applicable,Not Applicable,-,Not Applicable,,,,,,,,,,,,,,,,,,,,,,,,,,,,,,,212
,Eastern Cape: Provincial Treasury,Eastern Cape,Programme 3: Asset and Liabilities Management,Sub-Programme 3.4: Supporting and Interlinked Financial Systems,Quarterly,default,Not Applicable,Not  Applicable,Not Applicable,-,Not Applicable,,,,,,,,,,,,,,,,,,,,,,,,,,,,,,,212
,Eastern Cape: Provincial Treasury,Eastern Cape,Programme 4: Financial Governance,Sub - Programme 4.1 Programme Support,Annually,Default,Non-Standardized,Not  Applicable,"An efficient, effective and development-oriented public service",-,Governance and Administration cluster,,,,,,,,,,,,,,,,,,,,,,,,,,,,,,,212
,Eastern Cape: Provincial Treasury,Eastern Cape,Programme 4: Financial Governance,Sub - Programme 4.1 Programme Support,Quarterly,Default,Non-Standardized,Not  Applicable,"An efficient, effective and development-oriented public service",-,Governance and Administration cluster,,,,,,,,,,,,,,,,,,,,,,,,,,,,,,,212
,Eastern Cape: Provincial Treasury,Eastern Cape,Programme 4: Financial Governance,Sub - Programme 4.2: Accounting Services,Annually,Default,Non-Standardized,Not  Applicable,"An efficient, effective and development-oriented public service",-,Governance and Administration cluster,,,,,,,,,0,,,,,,,,,,,,,,,,,,,,,,212
,Eastern Cape: Provincial Treasury,Eastern Cape,Programme 4: Financial Governance,Sub - Programme 4.2: Accounting Services,Annually,Number of Audited Consolidated Financial Statements submitted at Legislature,Not Applicable,Not  Applicable,"Priority 1: A Capable, Ethical and Developmental State","Capable, Ethical and Developmental State","Governance, State Capacity and Institutional Development cluster",,,,,1,1,,,1,1,,,,,,,,,,,,,,,,,,,,,212
,Eastern Cape: Provincial Treasury,Eastern Cape,Programme 4: Financial Governance,Sub - Programme 4.2: Accounting Services,Annually,Number of credible AFS submitted by PFMA Institutions,Not Applicable,Not  Applicable,"Priority 1: A Capable, Ethical and Developmental State","Capable, Ethical and Developmental State","Governance, State Capacity and Institutional Development cluster",,,24,,,,,,24,,,,,,,,,,,,,,,,,,,,,,212
,Eastern Cape: Provincial Treasury,Eastern Cape,Programme 4: Financial Governance,Sub - Programme 4.2: Accounting Services,Quarterly,Default,Non-Standardized,Not  Applicable,"An efficient, effective and development-oriented public service",-,Governance and Administration cluster,,,,,,,,,,,,,,,,,,,,,,,,,,,,,,,212
,Eastern Cape: Provincial Treasury,Eastern Cape,Programme 4: Financial Governance,Sub - Programme 4.3: Norms and Standards,Annually,Default,Non-Standardized,Not  Applicable,"An efficient, effective and development-oriented public service",-,Governance and Administration cluster,,,,,,,,,,,,,,,,,,,,,,,,,,,,,,,212
,Eastern Cape: Provincial Treasury,Eastern Cape,Programme 4: Financial Governance,Sub - Programme 4.3: Norms and Standards,Quarterly,Default,Non-Standardized,Not  Applicable,"An efficient, effective and development-oriented public service",-,Governance and Administration cluster,0,,0,,0,,0,,0,0,,,,,,,,,,,,,,,,,,,,,212
,Eastern Cape: Provincial Treasury,Eastern Cape,Programme 4: Financial Governance,Sub - Programme 4.3: Norms and Standards,Quarterly,Percentage of Financial Management Accountability Framework (FMAF) standards complied with,Not Applicable,Not  Applicable,"Priority 1: A Capable, Ethical and Developmental State","Capable, Ethical and Developmental State","Governance, State Capacity and Institutional Development cluster",70 %,77 %,70 %,85% %,70 %,79 %,70 %,82 %,70 %,77 %,,,,,"Departments have significantly improved on the standards relating to Equitable share spending where only one department overspent on their vote and only a few departments spent in excess of 2% of Equitable share and Conditional grants. There has also been improvements on COE spending, number of Conflicted employees, Creditors payment within 30 days and Non-Compliance findings.",," Departments have mainly transgressed the standards relating to overspending of vote, non adherence to procurement plans, incurrence of new Irregular and Fruitless & Wasteful Expenditure, payment of creditors, audit outcomes",PT will continue to work with departments and escalate issues for the attention of the Executive Authority for further corrective action.,"PT has supported the Departments to improve their performance with regards to FMAF standards compliance. However, a lot still needs to be done as the departments have mainly transgressed the standards relating to overspending of vote, spending on conditional and infrastructure grants, non-adherence to procurement plans, incurrence of new Irregular and Fruitless & Wasteful Expenditure, payment of creditors.",,Accepted,"Departments have demonstrated notable progress in equitable share spending and positive trends are also observed in areas such as creditor payments, and compliance. However, challenges persist in areas including vote overspending, spending on conditional and infrastructure grants, adherence to procurement plans, and the occurrence of irregular and fruitless expenditure"," PT will continue to work with departments and escalate issues for the attention of the Executive Authority for further corrective action.

",,,,,,,,212
,Eastern Cape: Provincial Treasury,Eastern Cape,Programme 4: Financial Governance,Sub - Programme 4.3: Norms and Standards,Quarterly,Percentage of Financial Management Capacity Study elements implemented,Not Applicable,Not  Applicable,"Priority 1: A Capable, Ethical and Developmental State","Capable, Ethical and Developmental State","Governance, State Capacity and Institutional Development cluster",95 %,94 %,95 %,94% %,95 %,94 %,95 %,95 %,95 %,94 %,,,,,"Organograms for DSD, DRDAR and DCS still not finalised.
","OTP and the three departments who have outstanding organograms are still working in finalising them with the DPSA approval. PT will continue to track the progress on these and provide further inputs where necessary.
","Organograms for DSD, DRDAR and DCS still not finalised.",OTP and the three departments who have outstanding organograms are still working in finalising them with the DPSA approval. PT will continue to track the progress on these and provide further inputs where necessary.,"Organograms for DSD, DRDAR and DCS still not finalised.",OTP and the three departments who have outstanding organograms are still working in finalising them with the DPSA approval. PT will continue to track the progress on these and provide further inputs where necessary,Accepted,,,,,,,,,,212
,Eastern Cape: Provincial Treasury,Eastern Cape,Programme 4: Financial Governance,Sub - Programme 4.4: Risk Management ,Annually,Default,Non-Standardized,Not  Applicable,"An efficient, effective and development-oriented public service",-,Governance and Administration cluster,,,,,,,,,0,,,,,,,,,,,,,,,,,,,,,,212
,Eastern Cape: Provincial Treasury,Eastern Cape,Programme 4: Financial Governance,Sub - Programme 4.4: Risk Management ,Annually,Level of risk maturity achieved by departments,Not Applicable,Not  Applicable,"Priority 1: A Capable, Ethical and Developmental State","Capable, Ethical and Developmental State","Governance, State Capacity and Institutional Development cluster",,,4,,,,,,4,,,,,,,,,,,,,,,,,,,,,,212
,Eastern Cape: Provincial Treasury,Eastern Cape,Programme 4: Financial Governance,Sub - Programme 4.4: Risk Management ,Annually,Percentage of provincial risk profile mitigation measures implemented by departments,Not Applicable,Not  Applicable,"Priority 1: A Capable, Ethical and Developmental State","Capable, Ethical and Developmental State","Governance, State Capacity and Institutional Development cluster",,,100 %,,,,,,100 %,,,,,,,,,,,,,,,,,,,,,,212
,Eastern Cape: Provincial Treasury,Eastern Cape,Programme 4: Financial Governance,Sub - Programme 4.4: Risk Management ,Quarterly,Default,Non-Standardized,Not  Applicable,"An efficient, effective and development-oriented public service",-,Governance and Administration cluster,,,,,,,,,,,,,,,,,,,,,,,,,,,,,,,212
,Eastern Cape: Provincial Treasury,Eastern Cape,Programme 4: Financial Governance,Sub - Programme 4.5: Provincial Internal Audit Services,Annually,Default,Non-Standardized,Not  Applicable,"An efficient, effective and development-oriented public service",-,Governance and Administration cluster,,,,,,,,,0,,,,,,,,,,,,,,,,,,,,,,212
,Eastern Cape: Provincial Treasury,Eastern Cape,Programme 4: Financial Governance,Sub - Programme 4.5: Provincial Internal Audit Services,Annually,Number of departments assessed for Internal Audit capability,Not Applicable,Not  Applicable,"Priority 1: A Capable, Ethical and Developmental State","Capable, Ethical and Developmental State","Governance, State Capacity and Institutional Development cluster",,,13,,,,,,13,,,,,,,,,,,,,,,,,,,,,,212
,Eastern Cape: Provincial Treasury,Eastern Cape,Programme 4: Financial Governance,Sub - Programme 4.5: Provincial Internal Audit Services,Quarterly,Default,Non-Standardized,Not  Applicable,"An efficient, effective and development-oriented public service",-,Governance and Administration cluster,,,,,,,,,,,,,,,,,,,,,,,,,,,,,,,212
,Eastern Cape: Provincial Treasury,Eastern Cape,Programme 4: Financial Governance,Sub-Programme 4.6: Supporting and Interlinked Financial Systems,Quarterly,Number of Departments with no material review findings on FIS User Account Management,Not Applicable,Not  Applicable,"Priority 1: A Capable, Ethical and Developmental State","Capable, Ethical and Developmental State","Governance, State Capacity and Institutional Development cluster",13,14,13,"

14",13,14,13,14,13,14,,,,,The over achievement is due to Legislature being included in the reviews as an addition to the 13 departments as the department has not fully migrated to its new financial system as they are running behind on their project. Reviews were therefore also conducted at Provincial Legislature.,N/A,"All departments co-operated with PT user account management reviews and this target was overachieved as no department had findings arising from the reviews.  This is encouraging as it provides that the controls institutes by PT are taken seriously by CFO’s and System Controllers


",,All departments co-operated with PT user account management reviews and this target was overachieved as no department had findings arising from the reviews.  This is encouraging as it provides that the controls institutes by PT are taken seriously by CFO's  and System Controllers.,,Accepted,"All departments co-operated with PT user account management reviews and this target was overachieved, with inclusion of Eastern Cape Provincial Legislature, as no department had findings arising from the reviews.  ",PT will focus only on the 13 departments as per the set target.,,,,,,,,212
,Eastern Cape: Provincial Treasury,Eastern Cape,Programme 5: Municipal Financial Governance,Sub - Programme 5.1: Municipal Budget and Institutional Governance,Annually,Number of funded annual budgets adopted by municipalities,Not Applicable,Not  Applicable,"Priority 1: A Capable, Ethical and Developmental State","Capable, Ethical and Developmental State","Governance, State Capacity and Institutional Development cluster",36,22,,,,,,,36,22,,"1. High cost of employees                                                 2. Low collection rate for rates and service charges        3. Arrear Bulk accounts attracting interest and penalties and unaffordable to be paid in one financial year
","1. Implementation of Cost Containment measures to curb expenditure                                          2. Implementation of revenue enhancement strategies and budget funding plans                        3. Participation in Municipal Debt Relief programme and restructuring of arrear bet to be payable over a period longer than a year
",,,,,,,,,,,,,,,,,,212
,Eastern Cape: Provincial Treasury,Eastern Cape,Programme 5: Municipal Financial Governance,Sub - Programme 5.1: Municipal Budget and Institutional Governance,Annually,Percentage expenditure of Municipal Infrastructure Conditional Grants,Not Applicable,Not  Applicable,"Priority 1: A Capable, Ethical and Developmental State","Capable, Ethical and Developmental State","Governance, State Capacity and Institutional Development cluster",,,,,100 %,91.72 %,,,100 %,91.72 %,,"Additional budget for Municipal Disaster Response Grant (S7B), Municipal Disaster Response Grant (R & R) S5B, INEP (S5B), WSIG (S5B), & USDG (S7B) amount to R830,273 million has reduced the expenditure percentage hence 92% ",Municipalities have been advised to utilize Panel of Contractors especial on disaster & for additional funding to avoid long procurement processes.,,,,,,,,,,,,,,,,,,212
,Eastern Cape: Provincial Treasury,Eastern Cape,Programme 5: Municipal Financial Governance,Sub - Programme 5.2: Municipal Accounting and Reporting,Annually,Number of credible AFS submitted by municipalities,Not Applicable,Not  Applicable,"Priority 1: A Capable, Ethical and Developmental State","Capable, Ethical and Developmental State","Governance, State Capacity and Institutional Development cluster",,,,,,,36,20,36,20,,"The poor state of affairs in municipalities are multifaceted but one of the key causal factor is the basic principles of good financial management that are not adhere to and there is no consequence management, several of the major challenges can be directly linked to poor financial management and lack of record management .
","MFG  revised the audit strategy during Q4 & identified & prioritised 18 Municipalities to provide support to and have developed individual municipal support plans. AFS engagements have started earlier than the year before with prioritised municipalities in March & will hold engagements again in May to August 2025 to assess the readiness of Municipalities in the preparation of the AFS.  Furthermore, working sessions will be held with CAE's for the review of AFS utilising developed AFS Tools.

",,,,,,,,,,,,,,,,,,212
,Eastern Cape: Provincial Treasury,Eastern Cape,Programme 5: Municipal Financial Governance,Sub - Programme 5.2: Municipal Accounting and Reporting,Annually,Percentage performance on mSCOA assessment criteria,Not Applicable,Not  Applicable,"Priority 1: A Capable, Ethical and Developmental State","Capable, Ethical and Developmental State","Governance, State Capacity and Institutional Development cluster",,,,,,,100 %,80 %,100 %,80 %,,"There is a challenge on the credibility of the information which is the result of the utalisation of  the financial system and also the lact of the functonality of mSCOA Governance Structures
","To improve ICU scores, conducts regular workshop to municipalities on mSCOA on budgeting, transacting and reporting through Master Classes, to improve credibility of data strings. Analysis of monthly data strings (IYM), provide feedback and track progress through register as well as in the Audit Committee Meetings.  Quarterly review of ICU assessments and provide one- on- one feedback with municipalities and engage with municipalities where mSCOA Governance Structures are not functional and session with Financial System Vendors where the financial system is not utilised

",,,,,,,,,,,,,,,,,,212
,Eastern Cape: Provincial Treasury,Eastern Cape,Programme 5: Municipal Financial Governance,Sub - Programme 5.2: Municipal Accounting and Reporting,Annually,Percentage reduction of irregular expenditure,Not Applicable,Not  Applicable,"Priority 1: A Capable, Ethical and Developmental State","Capable, Ethical and Developmental State","Governance, State Capacity and Institutional Development cluster",,,,,,,100 %,32 %,100 %,32 %,,"Some municipalities are not dealing with their irregular expenditure and  further incurring more by using Reg 36 and utilisation of Panels, therefore there are weaknesses in the internal controls as the preventative measures are not in place . MPAC's are taking long in investigating or not investigating and Council is not making decisions on reports tabled. 
","Irregular expenditure strategy has been reviewed during Q4 and 10 delegated municipalities identified for support with roadmap. Review of irregular expenditure registers and conducting training to MPAC committee members partnering with both CoGTA & SALGA. UIFWE is also an agenda item on our AFS engagements, our next engagements be held  during May to August 2025. Checklist are being finalised on the preventative measures on implementation of SCM Regulation 36 on deviations as well as the guideline on the utilisation of panels.
",,,,,,,,,,,,,,,,,,212
Basic Education,Education,Eastern Cape,Programme 1:  Administration,Programme 1:  Administration,Annually,NSOI 104 :Percentage of schools visited at least  twice a year by District officials for  monitoring and support purposes.,Non-Standardized,Not  Applicable,"Priority 3: Education, Skills And Health","Education, Skills and Health","The Social Protection, Community and Human Development cluster",,,,,,,65 %,99.8 %,65 %,99.8 %,99.8,"District officials participated in School Readiness visits led by Eastern Cape Provincial Legislature. 
•	District officials participated in First Push activities opening of study camps. 
•	Schools were visited to monitor development of Annual Academic Performance Report (AAPR); Development of School Improvement Plan by Circuit Managers.
",Not applicable,,,,,,,,,,,,,,,,,,212
Basic Education,Education,Eastern Cape,Programme 1:  Administration,Programme 1:  Administration,Annually,"NSOI 106 :Number of qualified Grade R-12 teachers  aged 30 and below, entering the public  service as teachers for the first time  during the financial year.",Non-Standardized,Not  Applicable,"Priority 3: Education, Skills And Health","Education, Skills and Health","The Social Protection, Community and Human Development cluster",,,,,,,400,1165,400,1165,1165,The Department experienced a high number of staff that exited through natural attrition and replaced them with new and young educators matching available vacancies.,"•	Weekly Suspense File reports monitored
•	Bulletins issued and Temp Educators Appointed against Promotion posts.
",,,,,,,,,,,,,,,,,,212
Basic Education,Education,Eastern Cape,Programme 1:  Administration,Programme 1:  Administration,Annually,SOI 103:  Percentage of expenditure going towards non- personnel Iterms,Standardized,Not  Applicable,"Priority 3: Education, Skills And Health","Education, Skills and Health","The Social Protection, Community and Human Development cluster",,,,,,,20 %,14 %,20 %,14 %,14,The actual performance has dropped due to the implementation of austerity measures.,Expenditure monitoring on the spending towards service delivery items will be closely analyzed and monitored with the aim of strengthening spending on non-negotiables which are key service delivery items for the Department.,,,,,,,,,,,,,,,,,,212
Basic Education,Education,Eastern Cape,Programme 1:  Administration,Programme 1:  Administration,Quarterly,Default,Standardized,Not  Applicable,"Priority 3: Education, Skills And Health",-,"The Social Protection, Community and Human Development cluster",0,,0,,0,,0,,0,0,,,,,,,,,,,,,,Provide annual target ,,,,,,,212
Basic Education,Education,Eastern Cape,Programme 1:  Administration,Programme 1:  Administration,Quarterly,NSOI 105: Percentage of schools having access to  information through: (a)  Connectivity.,Non-Standardized,Not  Applicable,"Priority 3: Education, Skills And Health","Education, Skills and Health","The Social Protection, Community and Human Development cluster",64 %,64 %,64 %,100 %,64 %,100% %,64 %,52% %,0 %,164 %,52,The Department has managed to provide a minimum form of connectivity to more than the targeted number of schools through mobile routers.,Ringfence the budget for this project to ensure it gets delivered fully. Ensure that we improve planning to inform Management in preparation for financial support.,52,Target achieved.,None,The department has managed to provide a minimum form of connectivity to more than the targeted number of schools through provision of mobile routers.,"NRingfence the budget for this project to ensure it gets delivered fully.
-	Ensure that we improve planning in order to inform management in preparation for financial support.
one",Target achieved. The Department has rolled out mobile routers to schools that have not yet benefitted from  Broadband as a stop-gap measure,Mobile routers have been purchased for schools.,,"•	The department has continued to work with SITA and OTP to alert and resolve challenges posed by vandalism of broadband equipment that eventually is recorded as non-utilization by OTP.
•	The department has managed to provide a minimum form of connectivity to more than the targeted number of schools through mobile routers
•	Due to school rationalization processes, the total number of schools has changed, with some having closed and others newly established. As a result, the Department now manages a reduced number of schools, and equipment has been reallocated to institutions that previously lacked such resources.
•	The department has planned to procure and install iMaster, an automated network monitoring tool, to ensure that we have control of schools that lose connectivity","•	Ringfence the budget for this project to ensure it gets delivered fully.
•	Ensure that we improve planning to inform management in preparation for financial support.
",Provide annual target ,,"There is  alignment between the targets in the e-QPR and the 2024/25 APP for all the quarters  of the  2024/25 financial year. The outcome for the 1st quarter of the 2024/25 financial year is 100% of the set target.  
"," The outcome for the 2nd quarter of the 2024/25 financial year is 156% of the set target.  The PED has provided a reason for the attainment of the outcome for the quarter under review.  Further, what is the annual target for this strategic output indicator.

","The PED has achieved 156,3% of the set target for the quarter under review.   The PED has provided a reason for the attainment of the set target.   
","The PED has achieved  156,3%  of the set target for the quarter under review. The variance is 36.    The PED has  included a reason for the attainment of the target for the quarter under review.
",,212
Basic Education,Education,Eastern Cape,Programme 1:  Administration,Programme 1:  Administration,Quarterly,NSOI 105: Percentage of schools having access to  information through: (b)  Broadband.,Non-Standardized,Not  Applicable,"Priority 3: Education, Skills And Health","Education, Skills and Health","The Social Protection, Community and Human Development cluster",25 %,34 %,25 %,36 %,25 %,36 %,25 %,41% %,0 %,142 %,41,The department continued to work with SITA and OTP to alert and resolve challenges posed by vandalism of broadband equipment that eventually is recorded as non-utilization by OTP.,Not applicable,41,The Department has procured WiFi infrastructure and the installation in the 700 schools has been completed. ,None.,The department has managed to provide a minimum form of connectivity to more than the targeted number of schools through provision of mobile routers.,"-Ringfence the budget for this project to ensure it gets delivered fully.
-	Ensure that we improve planning in order to inform management in preparation for financial support.
","The department has overshot the target, but more effort needs to be given in strengthening the quality of the connectivity provided","No corrective measure.
Advances continue to be made towards securing budget for ICT and to enhance the HR component for ICT through the Digital Evolution Strategy.",,"•	The department has continued to work with SITA and OTP to alert and resolve challenges posed by vandalism of broadband equipment that eventually is recorded as non-utilization by OTP.
•	The department has managed to provide a minimum form of connectivity to more than the targeted number of schools through mobile routers
•	Due to school rationalization processes, the total number of schools has changed, with some having closed and others newly established. As a result, the Department now manages a reduced number of schools, and equipment has been reallocated to institutions that previously lacked such resources.
•	The department has planned to procure and install iMaster, an automated network monitoring tool, to ensure that we have control of schools that lose connectivity
","•	Ringfence the budget for this project to ensure it gets delivered fully.
•	Ensure that we improve planning in order to inform management in preparation for financial support.
",Provide annual target ,,"There is  alignment between the targets in the e-QPR and the 2024/25 APP for all the quarters of the 2024/25 financial year. The outcome for the 1st quarter of the 2024/25 financial year is 136% of the set target.   The PED has provided a reason for the attainment of the set target for the quarter under review. 
"," The outcome for the 2nd  quarter of the 2024/25 financial year is 144% of the set target.  The PED has provided a reason for the attainment of the outcome for the quarter under review. Further, what is the annual target for this strategic output indicator.
","The PED has achieved 144% of the set target for the quarter under review.   The PED has provided a reason for the attainment of the set target.   
","The PED has achieved  144%  of the set target for the quarter under review. The variance is 11.    The PED has  included a reason for the attainment of the target for the quarter under review.
",,212
Basic Education,Education,Eastern Cape,Programme 1:  Administration,Programme 1:  Administration,Quarterly,SOI 101:  Number of public schools that use the South African Schools Administration and Management Systems (SA-SAMS) or any alternative electronic solution to provide data,Standardized,Max,"Priority 3: Education, Skills And Health","Education, Skills and Health","The Social Protection, Community and Human Development cluster",5045,4994,5045,5017,5045,4993,5045,4979,0,5017,4979,"The monthly reporting requires schools which submitted data in the month of reporting, The February submission form part of the 10th day survey submission period which started on the 24th January 2025 and is excluded because they submitted in January.",The submission dates should be standardised in all provinces between Curriculum and Assessments. ,4979,51 public schools had not yet uploaded for quarter 1.,These schools will be prioritised for uploading with the current term two learner performance collection. ,Delays in submission of EMIS data by schools.results to EMIS. ,Issue circular to schools reinforcing adherence to stipulated timeframes.,"Of the 5045 schools that we began the academic year with, 52 schools formed part of the variance.
Some of these schools could have closed organically and rationalization processes may still be in progress. 
","•	For the 2025/26 planning cycle, learners in schools marked as pending closure must be considered when determining the number of learners requiring transportation.",,"•	Of the 5045 schools that we began the academic year with, 66 formed part of the variance.
•	Some of these schools could have closed organically and rationalization processes may still be in progress.
•	A letter of confirmation from the District Director will be sought for the ones that have indeed closed.",The Department plans to enhance its Helpdesk system and find more creative means to provide Human Resource capacitation to support schools,Provide annual target ,,"There is  alignment between the targets in the e-QPR and the 2024/25 APP for all the quarters  of the  2024/25 financial year. The outcome for the 1st quarter of the 2024/25 financial year is 99% of the set target.  The PED has  provided a reason for the attainment of the set target for the quarter under review. The PED is advised to monitor the outcome of the corrective action to be taken.
"," The outcome for the 2nd  quarter of the 2024/25 financial year is 93% of the set target. The variance is -352. The PED has provided a reason for the attainment of the outcome for the quarter under review. The PED is advised to monitor the outcome of the corrective action to be undertaken.
","The PED has achieved 99% of the set target for the quarter under review. The variance is -52.  The PED has provided a reason for the attainment of the set target.  In addition, the corrective action to be undertaken should be checked as the assumption is that all schools thatt are operational are connected to SASAMS versus those that have been closed. The PED is advised to track the impact of the rationalisation and whether the resources from the schools have been reallocated and if there are savings thereof.
","The PED has achieved  69,3%  of the set target for the quarter under review. The variance is -1 548.    The PED has  include a reason for the attainment of the target for the quarter under review. The outcome of the corrective action to be undertaken should be monitored.
",,212
Basic Education,Education,Eastern Cape,Programme 1:  Administration,Programme 1:  Administration,Quarterly,SOI 102:  Number of Public schools that can be contacted electronically (e-mail),Standardized,Max,"Priority 3: Education, Skills And Health","Education, Skills and Health","The Social Protection, Community and Human Development cluster",5045,5045,5045,4824,5045,4993,5045,4979,0,5045,4979,"Of the 5045 schools that we began the academic year with, 66 formed part of the variance. Some of these schools could have closed organically and rationalisation process will still be in progress.",The Department plans enhance its   helpdesk system and find no creative means to provide Human Resource capacitation to support schools.,4979,Target achieved.	,None.,The schools that organically closed and those where rationalization process was in progress had emails that were not operational.,A letter of confirmation for all the schools that have been closed will be sought from districts.,"
Of the 5045 schools that we began the academic year with, 52 schools formed part of the variance. This is a result of delays in the rationalisation process due to resistance by communities and lack of scholar transport","•For the 2025/26 planning cycle, learners in schools marked as pending closure will be considered when determining the number of learners requiring transportation.",,"-	The monthly reporting requires schools which submitted data in the month of reporting, The February submission form part of the 10th Day Survey submission period which started on 24 January 2025 and is excluded because they submitted in January.
",The submission dates should be standardized in all provinces between Curriculum and Assessments.,Provide annual target ,,"There is  alignment between the targets in the e-QPR and the 2024/25 APP for all the quarters  of the  2024/25 financial year. The outcome for the 1st quarter of the 2024/25 financial year is 100% of the set target.   
"," The outcome for the 2nd  quarter of the 2024/25 financial year is 96% of the set target. The variance is -221. The PED has provided a reason for the attainment of the outcome for the quarter under review. The PED is advised to monitor the outcome of the corrective action to be undertaken. The PED is advised to track the impact of the rationalisation and whether the resources from the schools have been reallocated and if there are savings thereof.
","The PED has achieved 99% of the set target for the quarter under review. The variance is -52.  The PED has provided a reason for the attainment of the set target.   The PED is advised to track the impact of the rationalisation and whether the resources from the schools have been reallocated and if there are savings thereof. The effectiveness of the corrective action to be undertaken should be monitored.
","The PED has achieved  69,3%  of the set target for the quarter under review. The variance is -66.    The PED has  included a reason for the attainment of the target for the quarter under review. he PED is advised to track the impact of the rationalisation and whether the resources from the schools have been reallocated and if there are savings thereof.
",,212
Basic Education,Education,Eastern Cape,Programme 1:  Administration,Sub Programme 1.1: Office of the MEC,Quarterly,Default,Non-Standardized,Not  Applicable,Not Applicable,-,Not Applicable,,,,,,,,,,,,,,,,,,,,,,,,,,,,,,,212
Basic Education,Education,Eastern Cape,Programme 1:  Administration,Sub-Programme 1.2: Corporate Services,Quarterly,Default,Non-Standardized,Not  Applicable,Not Applicable,-,Not Applicable,,,,,,,,,,,,,,,,,,,,,,,,,,,,,,,212
Basic Education,Education,Eastern Cape,Programme 1:  Administration,Sub-Programme 1.3: Education Management,Quarterly,Default,Non-Standardized,Not  Applicable,Not Applicable,-,Not Applicable,,,,,,,,,,,,,,,,,,,,,,,,,,,,,,,212
Basic Education,Education,Eastern Cape,Programme 1:  Administration,Sub-Programme 1.4: Human Resource Development,Quarterly,Default,Non-Standardized,Not  Applicable,Not Applicable,-,Not Applicable,,,,,,,,,,,,,,,,,,,,,,,,,,,,,,,212
Basic Education,Education,Eastern Cape,Programme 1:  Administration,Sub-Programme 1.5: Education Management Information System (EMIS),Quarterly,Default,Not Applicable,Not  Applicable,Not Applicable,-,Not Applicable,,,,,,,,,,,,,,,,,,,,,,,,,,,,,,,212
Basic Education,Education,Eastern Cape,Programme 1:  Administration,Sub-Programme 1.6: Conditional Grants,Quarterly,Default,Not Applicable,Not  Applicable,Not Applicable,-,Not Applicable,,,,,,,,,,,,,,,,,,,,,,,,,,,,,,,212
Basic Education,Education,Eastern Cape,Programme 2.	Public Ordinary School Education,Programme 2.	Public Ordinary School Education,Annually,"NOI 210:  Percentage of learners  with English First  Additional Language  (EFAL) and  Mathematics textbooks  in Grades 3, 6, 9 and  12.",Non-Standardized,Not  Applicable,"Priority 3: Education, Skills And Health","Education, Skills and Health","The Social Protection, Community and Human Development cluster",,,,,,,80 %,95.04 %,80 %,95.04 %,95.04,"•	The variance could be ascribed to various factors: good retrievals, focused procurement based on needs provided in the needs analysis and minimal vandalism.",Not applicable,95.04,,,,,,,,,,,,,,,,,212
Basic Education,Education,Eastern Cape,Programme 2.	Public Ordinary School Education,Programme 2.	Public Ordinary School Education,Annually,NSOI 208:Number of educators  with training on  inclusion.,Non-Standardized,Not  Applicable,"Priority 3: Education, Skills And Health","Education, Skills and Health","The Social Protection, Community and Human Development cluster",,,,,,,500,593,500,593,593,"More teachers were trained, and this was additional to the number of teachers with training on inclusion already in the system.
Budget availability and Specialists to train teachers.
",Not applicable,593,,,,,,,,,,,,,,,,,212
Basic Education,Education,Eastern Cape,Programme 2.	Public Ordinary School Education,Programme 2.	Public Ordinary School Education,Annually,NSOI 209:  Percentage of schools  where allocated  teaching posts are all  filled.,Non-Standardized,Not  Applicable,"Priority 3: Education, Skills And Health","Education, Skills and Health","The Social Protection, Community and Human Development cluster",,,,,,,85 %,57.8 %,85 %,57.8 %,57.8,"Note: of the declared number of PPN posts 52,817 the warm bodies in the system as at 31 March 2025 as obtained from PERSAL snapshot was 51,323 which is 99.17% of total number of declared posts however when heads are compared to posts by school some schools will result in having vacant posts as well as additional educators whereas others will have either vacancies or additional.  The above analysis ""Schools Posts Filled considers all schools with zero (0) vacancies when posts are compared to filled educators in any of the post categories. For Quarter 4 - 57,8% of schools (2113) have vacant posts however of these 290 schools the total heads exceed to total post allocation.","-	Additional Educators being identified and placed in substantive vacant posts
-	Circular issued on Filling of vacant substantive posts
-	Bulletins in the process of being filled
",57.8,,,,,,,,,,,,,,,,,212
Basic Education,Education,Eastern Cape,Programme 2.	Public Ordinary School Education,Programme 2.	Public Ordinary School Education,Annually,SOI 201:  Number of schools  provided with multi-media resources,Standardized,Not  Applicable,"Priority 3: Education, Skills And Health","Education, Skills and Health","The Social Protection, Community and Human Development cluster",,,,,,,4200,4230,4200,4230,4230,"The set target was exceeded 
Schools determine their individual school need for multi-media resources, and therefore the minimum number of 4200 schools may be exceeded or it may not be achieved pending the classroom needs.
",Not applicable.,4230,,,,,,,,,,,,,,,,,212
Basic Education,Education,Eastern Cape,Programme 2.	Public Ordinary School Education,Programme 2.	Public Ordinary School Education,Annually,SOI 202:  Number of learners in  public ordinary schools  benefiting from the No  Fee School Policy.,Standardized,Not  Applicable,"Priority 3: Education, Skills And Health","Education, Skills and Health","The Social Protection, Community and Human Development cluster",,,,,,,1494556,1477890,1494556,1477890,1477890,"This is an annual reporting SOI. As at end of 4th quarter, 1 477 890 learners in no fee schools benefitted from NNSSF. The reason for the decline is due to the high dropout rate because of the high poverty rates and social ills facing the province. This is as a mainly due to a lack of job opportunities giving rise to the high unemployment rate in the province. Parents are leaving the province in search of income earning opportunities.",Accurate targeting based on historical trend.,1477890,,,,,,,,,,,,,,,,,212
Basic Education,Education,Eastern Cape,Programme 2.	Public Ordinary School Education,Programme 2.	Public Ordinary School Education,Annually,SOI 203:  Percentage of learners  in schools that are  funded at a minimum  level.,Standardized,Not  Applicable,"Priority 3: Education, Skills And Health","Education, Skills and Health","The Social Protection, Community and Human Development cluster",,,,,,,100 %,100 %,100 %,100 %,100,Target met and no variances,Not Applicable,100,,,,,,,,,,,,,,,,,212
Basic Education,Education,Eastern Cape,Programme 2.	Public Ordinary School Education,Programme 2.	Public Ordinary School Education,Annually,SOI 204:  Number of foundation  phase teachers trained  in reading  methodology.,Standardized,Not  Applicable,"Priority 3: Education, Skills And Health","Education, Skills and Health","The Social Protection, Community and Human Development cluster",,,,,,,2000,1226,2000,1226,1226,Same Teachers were trained in different topics relating to the indicator to ensure that there is impact.,To collaborate with internal Directorates and stakeholders from outside to achieve the target.,1226,,,,,,,,,,,,,,,,,212
Basic Education,Education,Eastern Cape,Programme 2.	Public Ordinary School Education,Programme 2.	Public Ordinary School Education,Annually,SOI 205:  Number of foundation  phase teachers trained  in Numeracy content  and methodology.,Standardized,Not  Applicable,"Priority 3: Education, Skills And Health","Education, Skills and Health","The Social Protection, Community and Human Development cluster",,,,,,,2500,2910,2500,2910,2910,"•	Teacher Development collaboration with Human Resource Development and ETDPSETA.
•	Maximum attendance by teachers.
•	Availability of Subject Advisors to conduct trainings.
",Not applicable ,2910,,,,,,,,,,,,,,,,,212
Basic Education,Education,Eastern Cape,Programme 2.	Public Ordinary School Education,Programme 2.	Public Ordinary School Education,Annually,SOI 206: Number of  teachers trained in  Mathematics content  and methodology.,Standardized,Not  Applicable,"Priority 3: Education, Skills And Health","Education, Skills and Health","The Social Protection, Community and Human Development cluster",,,,,,,2500,4317,2500,4317,4317,"Training of all teachers in the Province in Mother Tongue Based Bilingual teaching (MTBBE) in Grade 4 had an impact on the over achievement.
Internal and external collaboration led to the overachievement as there was an injection of funds to conduct the planned trainings.
",Not applicable ,4317,,,,,,,,,,,,,,,,,212
Basic Education,Education,Eastern Cape,Programme 2.	Public Ordinary School Education,Programme 2.	Public Ordinary School Education,Annually,SOI 207:  Number of teachers  trained in  Literacy/Language  content and  methodology.,Standardized,Not  Applicable,"Priority 3: Education, Skills And Health","Education, Skills and Health","The Social Protection, Community and Human Development cluster",,,,,,,2500,3994,2500,3994,3994,"•	Teacher Development collaboration with Human Resource Development and ETDPSETA.
•	Maximum attendance by teachers.
•	Availability of Subject Advisors to conduct trainings
",Not applicable,3994,,,,,,,,,,,,,,,,,212
Basic Education,Education,Eastern Cape,Programme 2.	Public Ordinary School Education,Programme 2.	Public Ordinary School Education,Annually,SOI 211: Percentage of schools  producing a minimum  set of management  documents at a  required standard.,Non-Standardized,Not  Applicable,"Priority 3: Education, Skills And Health","Education, Skills and Health","The Social Protection, Community and Human Development cluster",,,,,,,65 %,69.2 %,65 %,69.2 %,69.2,"•	The Department has reached the annual target of 65% and exceeded the target by 4.9%. 
•	DBE support sessions rolled out to districts in collaboration with SACE and School Administration Directorate assisted to achieve the target.
",Not Applicable,69.2,,,,,,,,,,,,,,,,,212
Basic Education,Education,Eastern Cape,Programme 2.	Public Ordinary School Education,Programme 2.	Public Ordinary School Education,Quarterly,Default,Standardized,Not  Applicable,"Priority 3: Education, Skills And Health",-,"The Social Protection, Community and Human Development cluster",,,,,,,,,,,,,,,,,,,,,,,,,,,,,,,212
Basic Education,Education,Eastern Cape,Programme 2.	Public Ordinary School Education,Sub-Programme 2.1: Public Primary Level,Quarterly,Default,Not Applicable,Not  Applicable,Not Applicable,-,Not Applicable,,,,,,,,,,,,,,,,,,,,,,,,,,,,,,,212
Basic Education,Education,Eastern Cape,Programme 2.	Public Ordinary School Education,Sub-Programme 2.2: Public Secondary Level,Quarterly,Default,Not Applicable,Not  Applicable,Not Applicable,-,Not Applicable,,,,,,,,,,,,,,,,,,,,,,,,,,,,,,,212
Basic Education,Education,Eastern Cape,Programme 2.	Public Ordinary School Education,Sub-Programme 2.3: Human Resource Development,Quarterly,Default,Not Applicable,Not  Applicable,Not Applicable,-,Not Applicable,,,,,,,,,,,,,,,,,,,,,,,,,,,,,,,212
Basic Education,Education,Eastern Cape,Programme 2.	Public Ordinary School Education,"Sub-Programme 2.4: School Sport, Culture and Media Services",Quarterly,Default,Not Applicable,Not  Applicable,Not Applicable,-,Not Applicable,,,,,,,,,,,,,,,,,,,,,,,,,,,,,,,212
Basic Education,Education,Eastern Cape,Programme 2.	Public Ordinary School Education,Sub-Programme 2.5: Conditional Grants,Quarterly,Default,Not Applicable,Not  Applicable,Not Applicable,-,Not Applicable,,,,,,,,,,,,,,,,,,,,,,,,,,,,,,,212
Basic Education,Education,Eastern Cape,Programme 3: Independent School Subsidies,Programme 3: Independent School Subsidies,Annually,Default,Standardized,Not  Applicable,"Priority 3: Education, Skills And Health",-,"The Social Protection, Community and Human Development cluster",,,,,,,,,,,,,,,,,,,,,,,,,,,,,,,212
Basic Education,Education,Eastern Cape,Programme 3: Independent School Subsidies,Programme 3: Independent School Subsidies,Annually,NSOI 303: Percentage of registered independent schools  visited for monitoring and support.,Non-Standardized,Not  Applicable,"Priority 3: Education, Skills And Health","Education, Skills and Health","The Social Protection, Community and Human Development cluster",,,,,,,60 %,80 %,60 %,80 %,80, Schools were visited more than twice during 2024/2025 Financial year.,Not applicable,80,,,,,,,,,,,,,,,,,212
Basic Education,Education,Eastern Cape,Programme 3: Independent School Subsidies,Programme 3: Independent School Subsidies,Annually,SOI 301: Percentage of registered independent schools  receiving subsidies.,Standardized,Not  Applicable,"Priority 3: Education, Skills And Health","Education, Skills and Health","The Social Protection, Community and Human Development cluster",,,,,,,37 %,33.7 %,37 %,33.7 %,33.7,"-	This is due to 8 secondary schools whereby subsidies were withdrawn as they performed below provincial NSC pass rate in 2023.
-	1 School did not qualify for subsidy in 2024/25 due to above average Provincial Average Estimate Per Learner (PAEPL)
",Strengthen monitoring and support to schools performing poorly with Curriculum Management and Governance directorates.,33.7,,,,,,,,,,,,,,,,,212
Basic Education,Education,Eastern Cape,Programme 3: Independent School Subsidies,Programme 3: Independent School Subsidies,Annually,SOI 302 : Number of learners subsidized at registered  independent schools.,Standardized,Not  Applicable,"Priority 3: Education, Skills And Health","Education, Skills and Health","The Social Protection, Community and Human Development cluster",,,,,,,44500,41486,44500,41486,41486,"This is due to 8 secondary schools whereby subsidies were withdrawn as they performed below provincial NSC pass rate in 2023.
1 School did not qualify for subsidy in 2024/25 due to above average Provincial Average Estimate Per Learner (PAEPL)
",Strengthen monitoring and support to schools performing poorly with Curriculum Management and Governance directorates.,41486,,,,,,,,,,,,,,,,,212
Basic Education,Education,Eastern Cape,Programme 3: Independent School Subsidies,Programme 3: Independent School Subsidies,Quarterly,Default,Standardized,Not  Applicable,"Priority 3: Education, Skills And Health",-,"The Social Protection, Community and Human Development cluster",,,,,,,,,,,,,,,,,,,,,,,,,,,,,,,212
Basic Education,Education,Eastern Cape,Programme 3: Independent School Subsidies,Sub-Programme 3.1: Primary Level,Quarterly,Default,Not Applicable,Not  Applicable,Not Applicable,-,Not Applicable,,,,,,,,,,,,,,,,,,,,,,,,,,,,,,,212
Basic Education,Education,Eastern Cape,Programme 3: Independent School Subsidies,Sub-Programme 3.2: Secondary Level,Quarterly,Default,Not Applicable,Not  Applicable,Not Applicable,-,Not Applicable,,,,,,,,,,,,,,,,,,,,,,,,,,,,,,,212
Basic Education,Education,Eastern Cape,Programme 4:  Public Special School Education,Programme 4:  Public Special School Education,Annually,NSOI. 403: Percentage of Public Special Schools serving as Resource Centres,Non-Standardized,Not  Applicable,"Priority 3: Education, Skills And Health","Education, Skills and Health","The Social Protection, Community and Human Development cluster",,,,,,,53 %,53 %,53 %,53 %,53,The number of schools serving as resource centers has stayed the same over the past years and there are currently no plans to increase these schools.,Not applicable,53,,,,,,,,,,,,,,,,,212
Basic Education,Education,Eastern Cape,Programme 4:  Public Special School Education,Programme 4:  Public Special School Education,Annually,SOI 401	Number of learners in public special schools,Standardized,Not  Applicable,"Priority 3: Education, Skills And Health","Education, Skills and Health","The Social Protection, Community and Human Development cluster",,,,,,,10200,10588,10200,10588,10588,More learners are being assessed and placed. Special schools had available space for learners with barriers to learning.  ,Not applicable,10588,,,,,,,,,,,,,,,,,212
Basic Education,Education,Eastern Cape,Programme 4:  Public Special School Education,Programme 4:  Public Special School Education,Quarterly,Default,Standardized,Not  Applicable,"Priority 3: Education, Skills And Health",-,"The Social Protection, Community and Human Development cluster",,,,,,,,,,0,,,,,,,,,,,,,,,,,,,,,212
Basic Education,Education,Eastern Cape,Programme 4:  Public Special School Education,Programme 4:  Public Special School Education,Quarterly,NSOI 402: Number of therapists/specialist  staff in public special schools.,Non-Standardized,Not  Applicable,"Priority 3: Education, Skills And Health","Education, Skills and Health","The Social Protection, Community and Human Development cluster",68,54,68,60,68,70,68,76,68,76,76,The number of Therapists/specialist have increased as the calculation of nurses have been included in the target (according to TID).,Shortlisting to take place in the month of April 2025.,76,"The scarcity of Therapist and Psychologists, as well as the low returnsion level.",	Current vacancies were costed and will be advertised in the current financial year,There were delays in the advertisement of posts by the HR section.,Five more therapists to be appointed in Quarter 3,"
•	Despite advertising positions, not all vacancies have attracted successful candidates. 
",Five more Therapists to be appointed in the following quarter.,,The number of therapist/specialists have increased as the calculation of nurses have been included in the included in the target (according to TID).,Not applicable,,,"There is  alignment between the targets in the e-QPR and the 2024/25 APP for all the quarters  of the  2024/25 financial year. The outcome for the 1st quarter of the 2024/25 financial year is 79% of the set target.  The variance is -14.  The PED has  provided a reason for the attainment of the set target for the quarter under review. The PED is advised to monitor the outcome of the corrective action to be taken. monitored.
"," The outcome for the 2nd  quarter of the 2024/25 financial year is 79% of the set target. The variance is -14. The PED has provided a reason for the attainment of the outcome for the quarter under review. The outcome of the corrective action to be undertaken should be monitored.  The PED is advised to monitor the spending of Compensation pf employees for the remainder of the financial year.
","The PED has achieved 88,2% of the set target for the quarter under review. The variance is -8.  The PED has provided a reason for the attainment of the set target.  The number of posts not filled and that which appears under ""reason for deviation Q3"" does not correspond. The outcome of the correction action to be undertaken should be monitored.
","The PED has achieved 100% of the set target for the quarter under review. 
",,212
Basic Education,Education,Eastern Cape,Programme 4:  Public Special School Education,Sub-Programme 4.1: Schools,Quarterly,Default,Not Applicable,Not  Applicable,Not Applicable,-,Not Applicable,,,,,,,,,,,,,,,,,,,,,,,,,,,,,,,212
Basic Education,Education,Eastern Cape,Programme 4:  Public Special School Education,Sub-Programme 4.2: Human Resource Development,Quarterly,Default,Not Applicable,Not  Applicable,Not Applicable,-,Not Applicable,,,,,,,,,,,,,,,,,,,,,,,,,,,,,,,212
Basic Education,Education,Eastern Cape,Programme 4:  Public Special School Education,"Sub-Programme 4.3: School Sport, Culture and Media Services",Quarterly,Default,Not Applicable,Not  Applicable,Not Applicable,-,Not Applicable,,,,,,,,,,,,,,,,,,,,,,,,,,,,,,,212
Basic Education,Education,Eastern Cape,Programme 4:  Public Special School Education,Sub-Programme 4.4: Conditional Grants,Quarterly,Default,Not Applicable,Not  Applicable,Not Applicable,-,Not Applicable,,,,,,,,,,,,,,,,,,,,,,,,,,,,,,,212
Basic Education,Education,Eastern Cape,Programme 5:  Early Childhood Development,Programme 5:  Early Childhood Development,Annually,Number of Grade R educators/ practitioners with NQF level 6 and above qualification,Non-Standardized,Not  Applicable,"Priority 3: Education, Skills And Health","Education, Skills and Health","The Social Protection, Community and Human Development cluster",,,,,,,1500,2059,1500,2059,2059,"•	Strengthening of partnerships with training service providers. 
•	Increased mentoring of practitioners who are studying. 
",Not Applicable,2059,,,,,,,,,,,,,,,,,212
Basic Education,Education,Eastern Cape,Programme 5:  Early Childhood Development,Programme 5:  Early Childhood Development,Annually,Number of Public Schools that offer Garde R,Non-Standardized,Not  Applicable,"Priority 3: Education, Skills And Health","Education, Skills and Health","The Social Protection, Community and Human Development cluster",,,,,,,3950,3999,3950,3999,3999,"Worked collaboratively with EMIS to verify the schools offering Grade R. This was inclusive of both Public ordinary schools and Special schools.
",Not applicable,399,,,,,,,,,,,,,,,,,212
Basic Education,Education,Eastern Cape,Programme 5:  Early Childhood Development,Programme 5:  Early Childhood Development,Quarterly,Default,Standardized,Not  Applicable,"Priority 3: Education, Skills And Health",-,"The Social Protection, Community and Human Development cluster",,,,,,,,,,0,,,,,,,,,,,,,,,,,,,,,212
Basic Education,Education,Eastern Cape,Programme 5:  Early Childhood Development,Programme 5:  Early Childhood Development,Quarterly,SOI 502 :Number of children accessing registered ECD  services.,Standardized,Not  Applicable,"Priority 3: Education, Skills And Health","Education, Skills and Health","The Social Protection, Community and Human Development cluster",115000,104232,115000,106 839,115000,114642,115000,,115000,0,122124,Successful partnership with Old Mutual assisted in fast-tracking the registration process which resulted in increased number of children accessing registered ECD Centres.,The Department will intensify the registration drive of new ECD Centres by conducting Jamborees to increase the number of children accessing registered ECD services. Support unregistered Centres to help them meet registration requirements. ,122124,Unregistered centres cater for unaccounted children.,The department will intensify the registration drive of new ECD Centres by conducting Jamborees to increase the number of children accessing registered ECD services.  Support unregistered centres to help them meet registration requirements.	,"Incorrect identity numbers captured by districts.
Slow submission of database.",Monthly submissions of database to have corrections effected on time with POE aligned to the reported performance ," Privately owned centres not providing information for children accessing ECD services in their centres.
","Supporting ECD programmes with information. 
•Centres that are newly registered to provide a list of children accessing services in their centres upon registration. 
",,,,,,"There is  alignment between the targets in the e-QPR and the 2024/25 APP for all the quarters  of the  2024/25 financial year. The outcome for the 1st quarter of the 2024/25 financial year is 91% of the set target.   The variance is -10 768. The PED has  provided a reason for the attainment of the set target for the quarter under review. The PED is advised to monitor the outcome of the corrective action to be taken. monitored.
",The outcome for the 2nd quarter of the 2024/25 financial year is 93% of the set target. The variance is -8 161. The PED has provided a reason for the attainment of the outcome for the quarter under review. The outcome of the corrective action to be undertaken should be monitored. The challenge with capturing the wrong identity numbers must be attended to urgently.  ,"The PED has achieved 99,7% of the set target for the quarter under review. The variance is -358.  The PED has provided a reason for the attainment of the set target.   The outcome of the corrective action to be undertaken should be monitored.
","The PED has achieved  106,2%  of the set target for the quarter under review.   The variance is  7 124. The PED has provided a reason for the attainment  of the quarterly target. 
",,212
Basic Education,Education,Eastern Cape,Programme 5:  Early Childhood Development,Programme 5:  Early Childhood Development,Quarterly,SOI 502: Number of children accessing registered ECD programmes,Standardized,Max,"Priority 3: Education, Skills And Health","Education, Skills and Health","The Social Protection, Community and Human Development cluster",115000,104232,115000,,115000,,115000,122 124,115000,122124,122124,Successful partnership with Old Mutual assisted in fast-tracking the registration process which resulted in increased number of children accessing registered ECD Centres.,The Department will intensify the registration drive of new ECD Centres by conducting Jamborees to increase the number of children accessing registered ECD services. Support unregistered Centres to help them meet registration requirements.  ,122124,Unregistered centres cater for unaccounted children.,The department will intensify the registration drive of new ECD Centres by conducting Jamborees to increase the number of children accessing registered ECD services.  Support unregistered centres to help them meet registration requirements.	,,,,,,Successful partnership with Old Mutual assisted in fast-tracking the registration process which resulted in increased number of children accessing registered ECD centres.,"•	The department will intensify the registration drive of new ECD Centres by conducting Jamborees to increase the number of children accessing registered ECD services. 
•	Support unregistered centres to help them meet registration requirements 
•	The department will intensify the registration drive of new ECD Centres by conducting Jamborees to increase the number of children accessing registered ECD services. 
Support unregistered centres to help them meet registration requirements",,,,,,,,212
Basic Education,Education,Eastern Cape,Programme 5:  Early Childhood Development,Programme 5:  Early Childhood Development,Quarterly,SOI 503: Number of fully registered ECD centres. ,Standardized,Max,"Priority 3: Education, Skills And Health","Education, Skills and Health","The Social Protection, Community and Human Development cluster",330,91,330,,330,,330,,330,91,,,,,"•	Unregistered centres that do not meet the Norms and Standards for registration, therefore not eligible for registration.",Encourage ECD centres to formalise their operation.,,,,,,,,,,"There is  alignment between the targets in the e-QPR and the 2024/25 APP for all the quarters  of the  2024/25 financial year. The outcome for the 1st quarter of the 2024/25 financial year is 28% of the set target.  The variance is -239.   The PED has  provided a reason for the attainment of the set target for the quarter under review. The PED is advised to monitor the outcome of the corrective action to be taken. monitored.
",,,,,212
Basic Education,Education,Eastern Cape,Programme 5:  Early Childhood Development,Programme 5:  Early Childhood Development,Quarterly,SOI 503: Number of registered ECD centres,Standardized,Max,"Priority 3: Education, Skills And Health","Education, Skills and Health","The Social Protection, Community and Human Development cluster",330,91,330,,330,,330,434,330,434,434,Successful partnership with Old Mutual assisted in fast-tracking the registration process due to the availability of vehicles to conduct assessments.,Not applicable,434,"•	Unregistered centres that do not meet the Norms and Standards for registration, therefore not eligible for registration.","•	Unregistered centres that do not meet the Norms and Standards for registration, therefore not eligible for registration.",,,,,,•	Successful partnership with Old Mutual assisted in fast-tracking the registration process due to the availability of vehicles to conduct assessments.,Not applicable,,,,,,"The PED has achieved 30,61%  of the set target for the quarter under review.   The variance is -229. The PED has provided a reason for the attainment  of the quarterly target. 
",,212
Basic Education,Education,Eastern Cape,Programme 5:  Early Childhood Development,Sub-Programme 5.1: Grade R in Public Schools,Quarterly,Default,Not Applicable,Not  Applicable,Not Applicable,-,Not Applicable,,,,,,,,,,,,,,,,,,,,,,,,,,,,,,,212
Basic Education,Education,Eastern Cape,Programme 5:  Early Childhood Development,Sub-Programme 5.2: Grade R in Early Childhood Development Centres,Quarterly,Default,Not Applicable,Not  Applicable,Not Applicable,-,Not Applicable,,,,,,,,,,,,,,,,,,,,,,,,,,,,,,,212
Basic Education,Education,Eastern Cape,Programme 5:  Early Childhood Development,Sub-Programme 5.3: Pre-Grade R in Early Childhood Development Centres,Quarterly,Default,Not Applicable,Not  Applicable,Not Applicable,-,Not Applicable,,,,,,,,,,,,,,,,,,,,,,,,,,,,,,,212
Basic Education,Education,Eastern Cape,Programme 5:  Early Childhood Development,Sub-Programme 5.4: Human Resource Development,Quarterly,Default,Not Applicable,Not  Applicable,Not Applicable,-,Not Applicable,,,,,,,,,,,,,,,,,,,,,,,,,,,,,,,212
Basic Education,Education,Eastern Cape,Programme 5:  Early Childhood Development,Sub-Programme 5.5: Conditional Grants,Quarterly,Default,Not Applicable,Not  Applicable,Not Applicable,-,Not Applicable,,,,,,,,,,,,,,,,,,,,,,,,,,,,,,,212
Basic Education,Education,Eastern Cape,Programme 6:  Infrastructure Development,Programme 6:  Infrastructure Development,Annually,NSOI 606 :Number of new schools that have  reached completion (includes  replacement schools).,Standardized,Not  Applicable,"Priority 3: Education, Skills And Health","Education, Skills and Health","The Social Protection, Community and Human Development cluster",,,,,,,11,5,11,5,5," Poor performance by contractor and due to budget constraints leading to 13 schools,  being delayed for various contractual and financial reasons","Continuous monitoring of contractor’s performance and ensuring timeous approval of Vos.
•	Appointment of replacement (completion) contractors will enable these projects to progress towards completion.
",5,,,,,,,,,,,,,,,,,212
Basic Education,Education,Eastern Cape,Programme 6:  Infrastructure Development,Programme 6:  Infrastructure Development,Annually,NSOI 607:  Number of new schools under  construction (includes replacement  schools).,Standardized,Not  Applicable,"Priority 3: Education, Skills And Health","Education, Skills and Health","The Social Protection, Community and Human Development cluster",,,,,,,45,36,45,36,36,"Construction of Mtingwevu SS, Lutateni SS could not be handed over for construction due to delays in procurement.  Pakamani SS, Gwebityala SS, Lusikisiki Village PS and Tyelinzima SS could not be handed over for construction due to scarcity of budget to avoid overcommitment of the department.",Delay projects to commence in the following year when the budget is available.,36,,,,,,,,,,,,,,,,,212
Basic Education,Education,Eastern Cape,Programme 6:  Infrastructure Development,Programme 6:  Infrastructure Development,Annually,"NSOI 608 :Number of new Grade R classrooms  built or provided (includes those in new,  existing and replacement schools).",Standardized,Not  Applicable,"Priority 3: Education, Skills And Health","Education, Skills and Health","The Social Protection, Community and Human Development cluster",,,,,,,19,9,19,9,9,"Poor performance by contractor and due to budget constraints leading to 12 schools, being delayed for various contractual and financial reasons.","•	Continuous monitoring of contractor’s performance and ensuring timeous approval of Vos.
•	Appointment of replacement (completion) contractors will enable these projects to progress towards completion.
",9,,,,,,,,,,,,,,,,,212
Basic Education,Education,Eastern Cape,Programme 6:  Infrastructure Development,Programme 6:  Infrastructure Development,Annually,"NSOI 609 :Number of additional classrooms built  in, or provided for, existing public  schools (includes new and replacement  schools).",Standardized,Not  Applicable,"Priority 3: Education, Skills And Health","Education, Skills and Health","The Social Protection, Community and Human Development cluster",,,,,,,260,300,260,300,300,"The IDT acquired a panel for ABT classrooms. This has assisted the department in expediating overcrowding at schools by providing additional classrooms with shortened procurement processes.

",Not Applicable,300,,,,,,,,,,,,,,,,,212
Basic Education,Education,Eastern Cape,Programme 6:  Infrastructure Development,Programme 6:  Infrastructure Development,Annually,SOI 601: Number of public schools provided with  water infrastructure.,Standardized,Not  Applicable,"Priority 3: Education, Skills And Health","Education, Skills and Health","The Social Protection, Community and Human Development cluster",,,,,,,70,57,70,57,57,"-water provisioning projects have been delayed due to payments and are now completed in February 2025. 
-21 water tanks projects have been delayed due to construction mafia activity in NMB not yet resolved
","-	Appointment of social facilitators in projects
-	Inclusion of buffer on our contract periods
-	Checking the financial capability by the contractor before appointment.
-	Conducting monthly reporting meeting, issuance of default letters and termination where it’s necessary.
",57,,,,,,,,,,,,,,,,,212
Basic Education,Education,Eastern Cape,Programme 6:  Infrastructure Development,Programme 6:  Infrastructure Development,Annually,SOI 602 :Number of public schools provided with  electricity infrastructure.,Standardized,Not  Applicable,"Priority 3: Education, Skills And Health","Education, Skills and Health","The Social Protection, Community and Human Development cluster",,,,,,,25,3,25,3,3,"For generators – There were delays in procurement of the service providers and during the adjustment budget funds were repurposed for project already on stage 5: works. 7 projects for generators are currently at Bid Evaluation Committee, 2 projects have service providers (contactors) appointed. Electrical upgrades through 14 replacement schools’ projects under construction were not completed due to budget.",For the 25/26 financial year – generator procurement has been concluded and budget allocated to the respective projects.,3,,,,,,,,,,,,,,,,,212
Basic Education,Education,Eastern Cape,Programme 6:  Infrastructure Development,Programme 6:  Infrastructure Development,Annually,SOI 603: Number of public schools supplied with  sanitation facilities.,Standardized,Not  Applicable,"Priority 3: Education, Skills And Health","Education, Skills and Health","The Social Protection, Community and Human Development cluster",,,,,,,75,13,75,13,13,"The reason for variance is a twofold in that the procurement of service providers by the IDT was delayed which necessitated an acceleration plan and subsequently, the Education Infrastructure Grant was depleted in January at the beginning of Q4.","•	Close monitoring of projects and contract management 
•	Improve contract periods at planning stage to incorporate the predominant weather.
•	Increased monitoring is required together with the continuation of contractor termination.
•	Utilize accruals on the projects that are already on site and implement water projects earlier in the financial.
•	Write correspondence to the Implementing Agent and determine the level of consequence management required.
",13,,,,,,,,,,,,,,,,,212
Basic Education,Education,Eastern Cape,Programme 6:  Infrastructure Development,Programme 6:  Infrastructure Development,Annually,SOI 604 :Number of schools provided with new or  additional boarding facilities.,Standardized,Not  Applicable,"Priority 3: Education, Skills And Health","Education, Skills and Health","The Social Protection, Community and Human Development cluster",,,,,,,1,0,1,0,0,"-	Project was projected to receive Practical completion in January 2025; however, Education Infrastructure Grant was depleted and the contractor on site struggled with poor performance and could not secure the relevant approvals. The delay was attributed to outstanding work and certification for compliance with bulk sewer, fire protection system and gas installation.","-	Conducting monthly reporting meeting , issuance of default letters and termination where necessary.",0,,,,,,,,,,,,,,,,,212
Basic Education,Education,Eastern Cape,Programme 6:  Infrastructure Development,Programme 6:  Infrastructure Development,Annually,SOI 605: Number of schools where scheduled  maintenance projects were completed.,Standardized,Not  Applicable,"Priority 3: Education, Skills And Health","Education, Skills and Health","The Social Protection, Community and Human Development cluster",,,,,,,148,107,148,107,107,The Minor Maintenance Program was planned for completion in the financial year 24/25 year due to challenges with contractors and suppliers. The program did not proceed as planned and thus majority of the projects did not reach completion. Projects were redirected to Implementing Agents and some deferred to the districts for implementation.,"Minor maintenance: has been reallocated to other Implementing agencies while warehousing has been escalated to HOD. 
Major Maintenance: IDT instructed to procure Professional Service providers
",107,,,,,,,,,,,,,,,,,212
Basic Education,Education,Eastern Cape,Programme 6:  Infrastructure Development,Programme 6:  Infrastructure Development,Annually,SOI 610: Number of additional specialist rooms  built in public schools (includes  specialist rooms built in new and  replacement schools).,Standardized,Not  Applicable,"Priority 3: Education, Skills And Health","Education, Skills and Health","The Social Protection, Community and Human Development cluster",,,,,,,40,7,40,7,7,"Poor performance by contractor and due to budget constraints leading to 13 schools for 42 specialist classrooms, being delayed for various contractual and financial reasons.  ",Continuous monitoring of contractor's performance and ensuring timeous approval of Vos. Appointment of replacement (completion) contractors will enable these projects to progress towards completion. ,7,,,,,,,,,,,,,,,,,212
Basic Education,Education,Eastern Cape,Programme 6:  Infrastructure Development,Programme 6:  Infrastructure Development,Quarterly,Default,Standardized,Not  Applicable,"Priority 3: Education, Skills And Health",-,"The Social Protection, Community and Human Development cluster",,,,,,,,,,,,,,,,,,,,,,,,,,,,,,,212
Basic Education,Education,Eastern Cape,Programme 6:  Infrastructure Development,Sub-Programme 6.1: Administration,Quarterly,Default,Not Applicable,Not  Applicable,Not Applicable,-,Not Applicable,,,,,,,,,,,,,,,,,,,,,,,,,,,,,,,212
Basic Education,Education,Eastern Cape,Programme 6:  Infrastructure Development,Sub-Programme 6.2: Public Ordinary Schools,Quarterly,Default,Not Applicable,Not  Applicable,Not Applicable,-,Not Applicable,,,,,,,,,,,,,,,,,,,,,,,,,,,,,,,212
Basic Education,Education,Eastern Cape,Programme 6:  Infrastructure Development,Sub-Programme 6.3: Special Schools,Quarterly,Default,Not Applicable,Not  Applicable,Not Applicable,-,Not Applicable,,,,,,,,,,,,,,,,,,,,,,,,,,,,,,,212
Basic Education,Education,Eastern Cape,Programme 6:  Infrastructure Development,Sub-Programme 6.4: Early Childhood Development,Quarterly,Default,Not Applicable,Not  Applicable,Not Applicable,-,Not Applicable,,,,,,,,,,,,,,,,,,,,,,,,,,,,,,,212
Basic Education,Education,Eastern Cape,Programme 7: Examination and Education Related Services,Programme 7: Examination and Education Related Services,Annually,SOI 701 :Percentage of learners who  passed the National Senior  Certificate (NSC) examination.,Standardized,Not  Applicable,"Priority 3: Education, Skills And Health","Education, Skills and Health","The Social Protection, Community and Human Development cluster",,,,,,,85 %,84.98 %,85 %,84.98 %,84.98,Planned target was achieved. The intensive Learner Attainment Improvement Strategy (LAIS) contributed towards the achievement of the target.,"Stricter control measures shall be introduced to monitor attendance, followed by consequence measures to curb tis habit. Prioritization should be given to Curriculum officials as teachers are implementing plans developed by them. Differentiated support should be provided to learners to gain maximum benefit in the intervention programmes. Prioritization of core business of the Department over other programmes will favour performance trends and currently core business is not enjoying priority, yet results are expected.",84.98,,,,,,,,,,,,,,,,,212
Basic Education,Education,Eastern Cape,Programme 7: Examination and Education Related Services,Programme 7: Examination and Education Related Services,Annually,SOI 702:  Percentage of Grade 12 learners  passing at the bachelor’s pass  level.,Standardized,Not  Applicable,"Priority 3: Education, Skills And Health","Education, Skills and Health","The Social Protection, Community and Human Development cluster",,,,,,,42 %,45.7 %,42 %,45.7 %,45.7,"•	The last radical push programme resulted in a positive variance.
•	Learners were exposed to preliminary examination papers administered in other provinces
•	Revision programmes integrated administration of topic tests to determine success of intervention programmes, and this led to significant improvement in the quality of responses learners were providing
",Not applicable,45.7,,,,,,,,,,,,,,,,,212
Basic Education,Education,Eastern Cape,Programme 7: Examination and Education Related Services,Programme 7: Examination and Education Related Services,Annually,SOI 703: Percentage of Grade 12 learners  achieving 60% and above  Mathematics.,Standardized,Not  Applicable,"Priority 3: Education, Skills And Health","Education, Skills and Health","The Social Protection, Community and Human Development cluster",,,,,,,15 %,13.3 %,15 %,13.3 %,13.3,"•	There are schools enforcing learners to take Mathematics although their careers do not necessarily need Mathematics (e.g., Mathematics in Humanities Field).
•	8th subject introduced to accommodate for a possible failure of Mathematics makes learners not to put extra effort in Mathematics. 
•	There are teachers who are lacking capacity to produce good results in Mathematics.
•	General attitude of learners to the subject and lack of proper foundation from the previous grades.","•Learners should be exposed to pressure in lower grades so as to be used to working under pressure.
•	Timetable should consider traditional Science and Commerce streams when allocating Mathematics as tight timetable makes learners to choose between spending much time in Mathematics and competing subjects
•	All category groups should receive relevant support.
",13.3,,,,,,,,,,,,,,,,,212
Basic Education,Education,Eastern Cape,Programme 7: Examination and Education Related Services,Programme 7: Examination and Education Related Services,Annually,SOI 704: Percentage of Grade 12 learners  achieving 60% or more in  Physical Sciences.,Standardized,Not  Applicable,"Priority 3: Education, Skills And Health","Education, Skills and Health","The Social Protection, Community and Human Development cluster",,,,,,,18 %,13.3 %,18 %,13.3 %,13.3,"•	There are schools enforcing learners to take Mathematics although their careers do not necessarily need Mathematics (e.g., Mathematics in Humanities Field).
•	8th subject introduced to accommodate for a possible failure of Mathematics makes learners not to put extra effort in Mathematics. 
•	There are teachers who are lacking capacity to produce good results in Mathematics.
•	General attitude of learners to the subject and lack of proper foundation from the previous grades.
","•	Learners should be exposed to pressure in lower grades so as to be used to working under pressure.
•	The timetable should consider traditional Science and Commerce streams when allocating Mathematics as a tight timetable makes learners choose between spending much time in Mathematics and competing subjects
•	All category groups should receive relevant support.
",13.3,,,,,,,,,,,,,,,,,212
Basic Education,Education,Eastern Cape,Programme 7: Examination and Education Related Services,Programme 7: Examination and Education Related Services,Annually,SOI 705 : Number of secondary schools  with National Senior Certificate  (NSC) pass rate of 60% and  above.,Standardized,Not  Applicable,"Priority 3: Education, Skills And Health","Education, Skills and Health","The Social Protection, Community and Human Development cluster",,,,,,,900 %,922 %,900 %,922 %,922,Intensive LAIS Programmes across all districts. Targeted interventions.,Not applicable,922,,,,,,,,,,,,,,,,,212
Basic Education,Education,Eastern Cape,Programme 7: Examination and Education Related Services,Programme 7: Examination and Education Related Services,Quarterly,Default,Standardized,Not  Applicable,"Priority 3: Education, Skills And Health",-,"The Social Protection, Community and Human Development cluster",,,,,,,,,,,,,,,,,,,,,,,,,,,,,,,212
Basic Education,Education,Eastern Cape,Programme 7: Examination and Education Related Services,Sub-Programme 7.1: Payments to SETA,Quarterly,Default,Not Applicable,Not  Applicable,Not Applicable,-,Not Applicable,,,,,,,,,,,,,,,,,,,,,,,,,,,,,,,212
Basic Education,Education,Eastern Cape,Programme 7: Examination and Education Related Services,Sub-Programme 7.2: Professional Services ,Quarterly,Default,Not Applicable,Not  Applicable,Not Applicable,-,Not Applicable,,,,,,,,,,,,,,,,,,,,,,,,,,,,,,,212
Basic Education,Education,Eastern Cape,Programme 7: Examination and Education Related Services,Sub-Programme 7.3: External Examinations,Quarterly,Default,Not Applicable,Not  Applicable,Not Applicable,-,Not Applicable,,,,,,,,,,,,,,,,,,,,,,,,,,,,,,,212
Basic Education,Education,Eastern Cape,Programme 7: Examination and Education Related Services,Sub-Programme 7.4: Special Projects,Quarterly,Default,Not Applicable,Not  Applicable,Not Applicable,-,Not Applicable,,,,,,,,,,,,,,,,,,,,,,,,,,,,,,,212
Basic Education,Education,Eastern Cape,Programme 7: Examination and Education Related Services,Sub-Programme 7.5: Conditional Grants,Quarterly,Default,Not Applicable,Not  Applicable,Not Applicable,-,Not Applicable,,,,,,,,,,,,,,,,,,,,,,,,,,,,,,,212
Environmental Affairs,Environmental Affairs,Eastern Cape,Programme 1:  Administration ,Programme 1:  Administration ,Quarterly,default,Not Applicable,Not  Applicable,Not Applicable,-,Not Applicable,,,,,,,,,,,,,,,,,,,,,,,,,,,,,,,212
Environmental Affairs,Environmental Affairs,Eastern Cape,Programme 1:  Administration ,Sub-Programme 1.1: Office of the MEC,Quarterly,default,Not Applicable,Not  Applicable,Not Applicable,-,Not Applicable,,,,,,,,,,,,,,,,,,,,,,,,,,,,,,,212
Environmental Affairs,Environmental Affairs,Eastern Cape,Programme 1:  Administration ,Sub-Programme 1.2: Senior Management (HOD),Annually,Public Entities Accountability index,Non-Standardized,Not  Applicable,"Priority 1: A Capable, Ethical and Developmental State","Capable, Ethical and Developmental State","Governance, State Capacity and Institutional Development cluster",,,,,,,10,10,10,10,,None,None,,,,,,,,,,,,,,,,,,212
Environmental Affairs,Environmental Affairs,Eastern Cape,Programme 1:  Administration ,Sub-Programme 1.2: Senior Management (HOD),Quarterly,default,Not Applicable,Not  Applicable,Not Applicable,-,Not Applicable,,,,,,,,,,,,,,,,,,,,,,,,,,,,,,,212
Environmental Affairs,Environmental Affairs,Eastern Cape,Programme 1:  Administration ,Sub-Programme 1.3: Corporate Services,Quarterly,% network uptime,Non-Standardized,Average,"Priority 1: A Capable, Ethical and Developmental State","Capable, Ethical and Developmental State","Governance, State Capacity and Institutional Development cluster",95 %,99.9 %,95 %,99.9 %,95 %,99.9 %,95 %,99.9 %,95 %,95 %,,,,,The network experienced only 0.1% (or approximately 43 minutes) of downtime during the quarter.,None ,"The network experienced only 0.1% (or approximately 43 minutes) of downtime during the quarter.
",None,The network experienced only 0.1% (or approximately 43 minutes) of downtime during the quarter.,None,,The network experienced only 0.1% (or approximately 43 minutes) of downtime during the quarter.,None,,,,,,,,212
Environmental Affairs,Environmental Affairs,Eastern Cape,Programme 1:  Administration ,Sub-Programme 1.3: Corporate Services,Quarterly,% of staff complying with all PMDS processes (contracts and reviews),Non-Standardized,Max,"Priority 1: A Capable, Ethical and Developmental State","Capable, Ethical and Developmental State","Governance, State Capacity and Institutional Development cluster",95 %,82 %,0 %,93 %,95 %,97 %,0 %,0 %,95 %,97 %,,,,,"The under-achievement was due to SMS being given extension to submit by 30 August, due to voting year.",,"Due to disputes with supervisors on contracting and review scores resulted in delays with timeouscompletion and submission of performance agreements and reviews. There was also non-compliance by some officials who are on top notches of their salary scales.
The achievement was updated in Quarter 2 due to extension that given to SMS to submit by 30 August, due to election year. ",Communication has been sent to all officials to submit by the revised due date.,Only 3% employees were reported for non-compliance.,None,,None,None,,,,,,,,212
Environmental Affairs,Environmental Affairs,Eastern Cape,Programme 1:  Administration ,Sub-Programme 1.3: Corporate Services,Quarterly,default,Not Applicable,Not  Applicable,Not Applicable,-,Not Applicable,0,,0,,0,,0,,0,0,,,,,,,,,,,,,,,,,,,,,212
Environmental Affairs,Environmental Affairs,Eastern Cape,Programme 1:  Administration ,Sub-Programme 1.4: Financial Management,Quarterly,% of suppliers paid within 30 days,Non-Standardized,Average,"Priority 1: A Capable, Ethical and Developmental State","Capable, Ethical and Developmental State","Governance, State Capacity and Institutional Development cluster",100 %,100 %,100 %,100 %,100 %,100 %,100 %,100 %,100 %,100 %,,,,,None ,None ,None,None,None,None,,None,None,,,,,,,,212
Environmental Affairs,Environmental Affairs,Eastern Cape,Programme 1:  Administration ,Sub-Programme 1.4: Financial Management,Quarterly,Annual audit outcome,Non-Standardized,Not  Applicable,"Priority 1: A Capable, Ethical and Developmental State","Capable, Ethical and Developmental State","Governance, State Capacity and Institutional Development cluster",-,-,Clean,Clean,-,,-,-,Clean,-,,,,,None ,None ,None,None,,,,None ,None,,,,,,,,212
Environmental Affairs,Environmental Affairs,Eastern Cape,Programme 1:  Administration ,Sub-Programme 1.4: Financial Management,Quarterly,default,Not Applicable,Not  Applicable,Not Applicable,-,Not Applicable,0,,0,,0,,0,,0,0,,,,,,,,,,,,,,,,,,,,,212
Environmental Affairs,Environmental Affairs,Eastern Cape,Programme 1:  Administration ,Sub-Programme 1.5: Sector Skills Development and Training,Quarterly,% implementation of the workplace skills plan,Non-Standardized,Average,"Priority 1: A Capable, Ethical and Developmental State", Social Cohesion and Safe Communities,"Governance, State Capacity and Institutional Development cluster",0 %,100 %,95 %,100 %,95 %,100 %,95 %,100 %,95 %,100 %,,,,,Work Skills Plan (WSP) was approved earlier than expected and employees attended the training interventions,None ,Work Skills Plan (WSP) was approved earlier than expected and more employees attended the training interventions than expected.,None,More employees attended the training interventions than expected.,None,,More employees attended the training interventions than expected.,None ,,,,,,,,212
Environmental Affairs,Environmental Affairs,Eastern Cape,Programme 1:  Administration ,Sub-Programme 1.5: Sector Skills Development and Training,Quarterly,default,Not Applicable,Not  Applicable,Not Applicable,-,Not Applicable,0,,0,,0,,0,,0,0,,,,,,,,,,,,,,,,,,,,,212
Environmental Affairs,Environmental Affairs,Eastern Cape,"Programme 2: Environmental Policy,  Planning and Coordination  ",Business Regulation and Governance,Annually,#Interventions undertaken to create a conducive business environment,Non-Standardized,Not  Applicable,Priority 2: Economic Transformation And Job Creation,Economic Transformation and Job Creation,"The Economic Sectors, Employment and Infrastructure Development cluster",,,,,,,1,1,1,1,,None,None,,,,,,,,,,,,,,,,,,212
Environmental Affairs,Environmental Affairs,Eastern Cape,"Programme 2: Environmental Policy,  Planning and Coordination  ",Business Regulation and Governance,Quarterly,# of consumer education programmes implemented,Non-Standardized,Not  Applicable,Priority 2: Economic Transformation And Job Creation,Economic Transformation and Job Creation,"The Economic Sectors, Employment and Infrastructure Development cluster",1,1,1,1,1,1,3,3,6,6,,,,,None,None ,None,None,None ,None ,,None ,None,,,,,,,,212
Environmental Affairs,Environmental Affairs,Eastern Cape,"Programme 2: Environmental Policy,  Planning and Coordination  ",Economic Planning,Quarterly,# of socio-economic intelligence reports produced,Non-Standardized,Not  Applicable,Priority 2: Economic Transformation And Job Creation,Economic Transformation and Job Creation,"The Economic Sectors, Employment and Infrastructure Development cluster",1,1,1,1,1,0,1,1,4,3,,,,,None ,None ,None,None,Data required to complete the QERO will only be available at the end of January 2025. ,QERO will be finalized by the 3rd February 2025.,May the data be included in this report before HOD approves it.,None,None,,Please report on the indicator,,,,,,212
Environmental Affairs,Environmental Affairs,Eastern Cape,"Programme 2: Environmental Policy,  Planning and Coordination  ",Integrated Economic Development Services,Annually,# of qualifying economic development projects funded at local and regional levels,Non-Standardized,Not  Applicable,Priority 2: Economic Transformation And Job Creation,Economic Transformation and Job Creation,"The Economic Sectors, Employment and Infrastructure Development cluster",,,,,,,5,5,5,5,,None ,None,,,,,,,,,,,,,,,,,,212
Environmental Affairs,Environmental Affairs,Eastern Cape,"Programme 2: Environmental Policy,  Planning and Coordination  ",Integrated Economic Development Services,Quarterly,# of cooperatives provided with non- financial support,Non-Standardized,Not  Applicable,Priority 2: Economic Transformation And Job Creation,Economic Transformation and Job Creation,"The Economic Sectors, Employment and Infrastructure Development cluster",50,80,50,69,50,51,50,62,200,262,,,,,The Enterprise Development unit has received more requests for Cooperative Governance capacity building,None,"The Department has received more requests for Cooperative Governance capacity building interventions for primary co-operatives from municipalities. The unit partnered with DGRV, SEDA, and NYDA to facilitate the trainings.",None,"The Enterprise development unit received more requests for Cooperative Governance capacity-building interventions for primary co-operatives from local municipalities and has also partnered with entities to facilitate the trainings, namely SEDA and NYDA.",None ,,"The Enterprise development unit received more requests for Cooperative Governance capacity-building interventions for primary co-operatives from local municipalities and has also partnered with entities to facilitate the trainings, namely SEDA and NYDA.",None,,,,,,,Reason for deviation,212
Environmental Affairs,Environmental Affairs,Eastern Cape,"Programme 2: Environmental Policy,  Planning and Coordination  ","Programme 2: Environmental Policy,  Planning and Coordination  ",Annually,Number of climate change response interventions implemented,Standardized,Not  Applicable,"Priority 1: A Capable, Ethical and Developmental State",-,"The Economic Sectors, Employment and Infrastructure Development cluster",,,,,,,,,,,,,,,,,,,,,,,,,,,,,,,212
Environmental Affairs,Environmental Affairs,Eastern Cape,"Programme 2: Environmental Policy,  Planning and Coordination  ","Programme 2: Environmental Policy,  Planning and Coordination  ",Annually,Number of environmental research projects completed,Standardized,Not  Applicable,"Priority 1: A Capable, Ethical and Developmental State",-,"The Economic Sectors, Employment and Infrastructure Development cluster",,,,,,,,,,,,,,,,,,,,,,,,,,,,,,,212
Environmental Affairs,Environmental Affairs,Eastern Cape,"Programme 2: Environmental Policy,  Planning and Coordination  ","Programme 2: Environmental Policy,  Planning and Coordination  ",Annually,Number of functional environmental information management systems maintained,Standardized,Not  Applicable,"Priority 1: A Capable, Ethical and Developmental State",-,"The Economic Sectors, Employment and Infrastructure Development cluster",,,,,,,,,,,,,,,,,,,,,,,,,,,,,,,212
Environmental Affairs,Environmental Affairs,Eastern Cape,"Programme 2: Environmental Policy,  Planning and Coordination  ","Programme 2: Environmental Policy,  Planning and Coordination  ",Annually,Number of inter-governmental sector programmes implemented,Standardized,Not  Applicable,"Priority 1: A Capable, Ethical and Developmental State",-,"The Economic Sectors, Employment and Infrastructure Development cluster",,,,,,,,,,,,,,,,,,,,,,,,,,,,,,,212
Environmental Affairs,Environmental Affairs,Eastern Cape,"Programme 2: Environmental Policy,  Planning and Coordination  ","Programme 2: Environmental Policy,  Planning and Coordination  ",Annually,Number of legislated tools developed,Standardized,Not  Applicable,"Priority 1: A Capable, Ethical and Developmental State",-,"The Economic Sectors, Employment and Infrastructure Development cluster",,,,,,,,,,,,,,,,,,,,,,,,,,,,,,,212
Environmental Affairs,Environmental Affairs,Eastern Cape,"Programme 2: Environmental Policy,  Planning and Coordination  ","Programme 2: Environmental Policy,  Planning and Coordination  ",Quarterly,Default,Not Applicable,Not  Applicable,Not Applicable,-,Not Applicable,,,,,,,,,,,,,,,,,,,,,,,,,,,,,,,212
Environmental Affairs,Environmental Affairs,Eastern Cape,"Programme 2: Environmental Policy,  Planning and Coordination  ","Sub-Programme 2.1: Intergovernmental Coordination, Spatial and Development Planning",Quarterly,default,Not Applicable,Not  Applicable,Not Applicable,-,Not Applicable,,,,,,,,,,,,,,,,,,,,,,,,,,,,,,,212
Environmental Affairs,Environmental Affairs,Eastern Cape,"Programme 2: Environmental Policy,  Planning and Coordination  ",Sub-Programme 2.2: Legislative Development,Quarterly,Default ,Not Applicable,Not  Applicable,Not Applicable,-,Not Applicable,,,,,,,,,,,,,,,,,,,,,,,,,,,,,,,212
Environmental Affairs,Environmental Affairs,Eastern Cape,"Programme 2: Environmental Policy,  Planning and Coordination  ",Sub-Programme 2.3: Research and Development Support,Quarterly,Default ,Not Applicable,Not  Applicable,Not Applicable,-,Not Applicable,,,,,,,,,,,,,,,,,,,,,,,,,,,,,,,212
Environmental Affairs,Environmental Affairs,Eastern Cape,"Programme 2: Environmental Policy,  Planning and Coordination  ",Sub-Programme 2.4: Environmental Information Management,Quarterly,Default ,Not Applicable,Not  Applicable,Not Applicable,-,Not Applicable,,,,,,,,,,,,,,,,,,,,,,,,,,,,,,,212
Environmental Affairs,Environmental Affairs,Eastern Cape,"Programme 2: Environmental Policy,  Planning and Coordination  ",Sub-Programme 2.5: Climate Change Management,Annually,Default ,Not Applicable,Not  Applicable,Not Applicable,-,Not Applicable,,,,,,,,,,,,,,,,,,,,,,,,,,,,,,,212
Environmental Affairs,Environmental Affairs,Eastern Cape,"Programme 2: Environmental Policy,  Planning and Coordination  ",Sub-Programme 2.5: Climate Change Management,Quarterly,Default ,Not Applicable,Not  Applicable,Not Applicable,-,Not Applicable,,,,,,,,,,,,,,,,,,,,,,,,,,,,,,,212
Environmental Affairs,Environmental Affairs,Eastern Cape,"Programme 2: Environmental Policy,  Planning and Coordination  ",Tourism,Quarterly,# of status reports on the implementation of the Tourism Master Plan 2022-2032,Non-Standardized,Not  Applicable,Priority 2: Economic Transformation And Job Creation,Economic Transformation and Job Creation,"The Economic Sectors, Employment and Infrastructure Development cluster",0,0,1,1,0,0,1,1,2,2,,,,,None ,None,None,None,None ,None,,None ,None ,,,,,,,,212
Environmental Affairs,Environmental Affairs,Eastern Cape,"Programme 2: Environmental Policy,  Planning and Coordination  ",Trade and Sector Development,Annually,# of agro-processing initiatives facilitated,Non-Standardized,Not  Applicable,Priority 2: Economic Transformation And Job Creation,Economic Transformation and Job Creation,"The Economic Sectors, Employment and Infrastructure Development cluster",,,,,,,3,3,3,3,,None ,None ,,,,,,,,,,,,,,,,,,212
Environmental Affairs,Environmental Affairs,Eastern Cape,"Programme 2: Environmental Policy,  Planning and Coordination  ",Trade and Sector Development,Annually,# of investment promotion initiatives facilitated,Non-Standardized,Not  Applicable,Priority 2: Economic Transformation And Job Creation,Economic Transformation and Job Creation,"The Economic Sectors, Employment and Infrastructure Development cluster",,,,,,,3,3,3,3,,None ,None ,,,,,,,,,,,,,,,,,,212
Environmental Affairs,Environmental Affairs,Eastern Cape,"Programme 2: Environmental Policy,  Planning and Coordination  ",Trade and Sector Development,Annually,# of manufacturing initiatives facilitated,Non-Standardized,Not  Applicable,Priority 2: Economic Transformation And Job Creation,Economic Transformation and Job Creation,"The Economic Sectors, Employment and Infrastructure Development cluster",,,,,,,4,4,4,4,,None ,None ,,,,,,,,,,,,,,,,,,212
Environmental Affairs,Environmental Affairs,Eastern Cape,"Programme 2: Environmental Policy,  Planning and Coordination  ",Trade and Sector Development,Annually,# of sustainable energy initiatives facilitated,Non-Standardized,Not  Applicable,Priority 2: Economic Transformation And Job Creation, Social Cohesion and Safe Communities,"The Economic Sectors, Employment and Infrastructure Development cluster",,,,,,,3,3,3,3,,None ,None ,,,,,,,,,,,,,,,,,,212
Environmental Affairs,Environmental Affairs,Eastern Cape,Programme 3: Compliance and Enforcement,Programme 3: Compliance and Enforcement,Quarterly,Number of administrative enforcement notices issued for non-compliance with environmental management legislation,Standardized,Not  Applicable,"Priority 5: Spatial Integration, Human Settlements and Local Government",-,"The Economic Sectors, Employment and Infrastructure Development cluster",20,17,20,38,20,36,19,33,79,124,,,,,"It is difficult to predict the number of contraventions during a quarter, particularly those requiring administrative actions as the preferred enforcement tool",None ,"It is difficult to predict the number of contraventions during a quarter, particularly those requiring administrative actions as the preferred enforcement tool",Environmental crime remains unpredictable in nature. During the reporting period there were more environmental crimes than predicted requiring administrative notices/ action,"It is difficult to predict the number of contraventions during a quarter, particularly those requiring administrative actions as the preferred enforcement tool",None,State reason for deviation,"It is difficult to predict the number 	of contraventions during a quarter, particularly those requiring administrative action as the preferred enforcement tool. ",None ,,,"The province is below Q1 target and has not achieved the target for the quarter 
","The province is above Q2 target and has achieved by exceeding the target for the quarter 
","The province is above Q3 target and has achieved by exceeding the target for the quarter 
","The province is above quarter 4 target and has achieved the quarterly and annual target  
",,212
Environmental Affairs,Environmental Affairs,Eastern Cape,Programme 3: Compliance and Enforcement,Programme 3: Compliance and Enforcement,Quarterly,Number of completed criminal investigations handed to the NPA for prosecution,Standardized,Not  Applicable,"Priority 5: Spatial Integration, Human Settlements and Local Government",-,"The Economic Sectors, Employment and Infrastructure Development cluster",13,9,13,15,13,19,13,24,52,67,,,,,It is difficult to predict the number of contraventions and the extent of the subsequent nature of investigations to prove criminal causes and the availability of resources,None,It is difficult to predict the number of contraventions and the extent of the subsequent nature of investigations to prove criminal causes and the availability of resources,Environmental crime remains unpredictable in nature. During the reporting period there were more environmental crimes than predicted requiring the submission of criminal cases to the NPA for prosecution.,It is difficult to predict the number of contraventions and the extent of the subsequent nature of investigations to prove criminal causes and the availability of resources,None,,It is difficult to predict the number 	of contraventions and the extent of the subsequent nature of investigations to prove criminal cases and the availability of resources.  ,None ,,,"The province is below Q1 target and has not achieved the target for the quarter 
","The province is above Q2 target and has achieved by exceeding the target for the quarter 
","The province is above Q3 target and has achieved by exceeding the target for the quarter 
","The province is above quarter 4 target and has achieved the quarterly and annual target  
",,212
Environmental Affairs,Environmental Affairs,Eastern Cape,Programme 3: Compliance and Enforcement,Programme 3: Compliance and Enforcement,Quarterly,Number of compliance inspections conducted,Standardized,Not  Applicable,"Priority 5: Spatial Integration, Human Settlements and Local Government",-,"The Economic Sectors, Employment and Infrastructure Development cluster",27,25,28,30,27,20,24,24,106,99,,,,,"Access denied for inspectors due to the concerns and complaints received, both internal and external, regarding these projects. Furthermore, some of these projects were approaching completion, and a follow-up inspection was needed during this critical stage.",None,The output is demand driven. It is difficult to predict the number of contraventions during a quarter  ,None,Some of the projects had not yet commenced. Project commencement relates to funds being released and it is beyond the DEDEAT to know when a project may or may not commence.,None,,None ,None ,"The reason for deviation is not clear, more explanation is need.",,"The province is below Q1 target and has not achieved the target for the quarter 
","The province is above Q2 target and has achieved by exceeding the target for the quarter 
","The province is below Q3 target and has not achieved the target for the quarter 
","The province is on target for quarter 4 and has achieved the quarterly target but did not achieve the annual target  
",,212
Environmental Affairs,Environmental Affairs,Eastern Cape,Programme 3: Compliance and Enforcement,Sub-Programme 3.1: Environmental quality management compliance and enforcement,Quarterly,default,Not Applicable,Not  Applicable,Not Applicable,-,Not Applicable,,,,,,,,,,,,,,,,,,,,,,,,,,,,,,,212
Environmental Affairs,Environmental Affairs,Eastern Cape,Programme 4: Environmental Quality Management,"Environmental Policy, Planning and Coordination",Annually,# of climate change response interventions implemented,Standardized,Not  Applicable,Priority 2: Economic Transformation And Job Creation,Economic Transformation and Job Creation,"The Economic Sectors, Employment and Infrastructure Development cluster",,,,,,,1,1,1,1,,None,None,,,,,,,,,,,,,,,,,,212
Environmental Affairs,Environmental Affairs,Eastern Cape,Programme 4: Environmental Quality Management,"Environmental Policy, Planning and Coordination",Annually,# of environmental research projects completed,Standardized,Not  Applicable,Priority 2: Economic Transformation And Job Creation,Economic Transformation and Job Creation,"The Economic Sectors, Employment and Infrastructure Development cluster",,,,,,,1,2,1,2,,The project that planned to be completed 2025.26FY was be in was completed in 2024.25fy 	,None,,,,,,,,,,,,,,,,,,212
Environmental Affairs,Environmental Affairs,Eastern Cape,Programme 4: Environmental Quality Management,"Environmental Policy, Planning and Coordination",Annually,# of inter-governmental sector programmes implemented,Standardized,Not  Applicable,Priority 2: Economic Transformation And Job Creation,Economic Transformation and Job Creation,"The Economic Sectors, Employment and Infrastructure Development cluster",,,,,,,1,0,1,0,,Target achieved in quarter 2 ,None,,,,,,,,,,,,,,,,,,212
Environmental Affairs,Environmental Affairs,Eastern Cape,Programme 4: Environmental Quality Management,"Environmental Policy, Planning and Coordination",Annually,# of legislated tools developed,Standardized,Not  Applicable,"Priority 1: A Capable, Ethical and Developmental State",Economic Transformation and Job Creation,"The Social Protection, Community and Human Development cluster",,,,,,,1,1,1,1,,None,None,,,,,,,,,,,,,,,,,,212
Environmental Affairs,Environmental Affairs,Eastern Cape,Programme 4: Environmental Quality Management,"Environmental Policy, Planning and Coordination",Quarterly,# of functional environmental information management systems maintained,Standardized,Not  Applicable,"Priority 1: A Capable, Ethical and Developmental State",Economic Transformation and Job Creation,"The Social Protection, Community and Human Development cluster",1,1,1,1,1,1,1,1,1,1,,,,,None,None,None,None,None,None,Actual performance must be reported,None,None,,,"This indicator is noted as annually reported and target is expected to be performed during quarter 4. Please note that the cycle of reporting on the indicator is annually as per the TID. The total number of the quarterly targets is reflected as 1 instead of 4.   
","The province is on target for Q2 and has achieved the target for the quarter 
",,"The province is on target for quarter 4 and has achieved the quarterly and annual target  
",,212
Environmental Affairs,Environmental Affairs,Eastern Cape,Programme 4: Environmental Quality Management,Programme 4: Environmental Quality Management,Quarterly,Percentage of complete Atmospheric Emission Licenses (AELs) issued within legislated timeframes,Standardized,Not  Applicable,"Priority 1: A Capable, Ethical and Developmental State",-,"The Economic Sectors, Employment and Infrastructure Development cluster",100,100,100,100,100,100,100,100,100,-,,,,,None,None,None,None,None,None,,None,None,,,"The province is on target for Q1 and has achieved the target for the quarter 
","The province is on target for Q2 and has achieved the target for the quarter 
",The province did not provide performance data (actual output) for Quarter 3 on the indicator and as a result the performance assessment feedback can not be provided. The department is requested to provide quarterly performance data on time.  ,"The province is on target for Q4 and has achieved the quarterly and annual target  
",,212
Environmental Affairs,Environmental Affairs,Eastern Cape,Programme 4: Environmental Quality Management,Programme 4: Environmental Quality Management,Quarterly,Percentage of complete Environmental Impact Assessment (EIA) applications finalized within legislated timeframes,Standardized,Not  Applicable,"Priority 1: A Capable, Ethical and Developmental State",-,"The Economic Sectors, Employment and Infrastructure Development cluster",100,100,100,100,100,100,100,100,100,-,,,,,None,None,None,None,None,None,,None,None,,,"The province is on target for Q1 and has achieved the target for the quarter 
","The province is on target for Q2 and has achieved the target for the quarter 
","The province did not provide performance data (actual output) for Quarter 3 on the indicator and as a result the performance assessment feedback can not be provided. The department is requested to provide quarterly performance data on time.  
","The province is on target for Q4 and has achieved the quarterly and annual target  
",,212
Environmental Affairs,Environmental Affairs,Eastern Cape,Programme 4: Environmental Quality Management,Programme 4: Environmental Quality Management,Quarterly,Percentage of complete Waste License applications finalised within legislated time-frames,Standardized,Not  Applicable,"Priority 1: A Capable, Ethical and Developmental State",-,"The Economic Sectors, Employment and Infrastructure Development cluster",100,0,100,100,100,100,100,0,100,-,,,,,No Waste Licence application received this quarter,None,None,None,None,None,,There were no applications received ,None,,,"The province is on target for Q1 and has achieved the target for the quarter 
","The province is on target for Q2 and has achieved the target for the quarter 
",The province did not provide performance data (actual output) for Quarter 3 on the indicator and as a result the performance assessment feedback can not be provided. The department is requested to provide quarterly performance data on time.  ,"The province did not receive applications during quarter four
",,212
Environmental Affairs,Environmental Affairs,Eastern Cape,Programme 4: Environmental Quality Management,Sub-Programme 4.1: Impact Management,Quarterly,default,Not Applicable,Not  Applicable,Not Applicable,-,Not Applicable,,,,,,,,,,,,,,,,,,,,,,,,,,,,,,,212
Environmental Affairs,Environmental Affairs,Eastern Cape,Programme 5:  Biodiversity Management,Programme 5:  Biodiversity Management,Annually,Number of Biodiversity Economy initiatives implemented,Standardized,Not  Applicable,"Priority 5: Spatial Integration, Human Settlements and Local Government",-,"The Economic Sectors, Employment and Infrastructure Development cluster",,,,,,,,,,,,,,,,,,,,,,,,,,,,,,,212
Environmental Affairs,Environmental Affairs,Eastern Cape,Programme 5:  Biodiversity Management,Programme 5:  Biodiversity Management,Annually,Number of hectares under the conservation estate,Standardized,Not  Applicable,"Priority 5: Spatial Integration, Human Settlements and Local Government",-,"The Economic Sectors, Employment and Infrastructure Development cluster",,,,,,,,,,,,,,,,,,,,,,,,,,,,,,,212
Environmental Affairs,Environmental Affairs,Eastern Cape,Programme 5:  Biodiversity Management,Programme 5:  Biodiversity Management,Annually,Percentage of area of state managed protected areas assessed with a METT score above 67%,Standardized,Not  Applicable,"Priority 5: Spatial Integration, Human Settlements and Local Government",-,"The Economic Sectors, Employment and Infrastructure Development cluster",,,,,,,,,,,,,,,,,,,,,,,,,,,,,,,212
Environmental Affairs,Environmental Affairs,Eastern Cape,Programme 5:  Biodiversity Management,Programme 5:  Biodiversity Management,Quarterly,Percentage of complete biodiversity management permits issued within legislated timeframes,Standardized,Not  Applicable,"Priority 5: Spatial Integration, Human Settlements and Local Government",-,"The Economic Sectors, Employment and Infrastructure Development cluster",80 %,79.67 %,80 %,93.2 %,80 %,93.6 %,80 %,97 %,80 %,79 %,,,,,"There was no electricity for 8 days in Q1
for processing manual applications",None,"The indicator is demand driven
Permits were issued as per applications that were received and processed.


",None,"Demand Driven, Permits were issued as per applications that were received and processed",None,State reason for deviation,"Demand Driven, Permits were issued as per applications that were received and processed",None,,,"The province is on target for Q1 and has achieved the target for the quarter 
",,"The province is above Q3 target and has achieved by exceeding the target for the quarter 
","The province is above quarter 4 target and has achieved the quarterly and annual target  
",,212
Environmental Affairs,Environmental Affairs,Eastern Cape,Programme 5:  Biodiversity Management,Sub-Programme 5.1: Biodiversity and Protected Area Planning and Management,Quarterly,default,Not Applicable,Not  Applicable,Not Applicable,-,Not Applicable,,,,,,,,,,,,,,,,,,,,,,,,,,,,,,,212
Environmental Affairs,Environmental Affairs,Eastern Cape,Programme 6:	Environmental Empowerment Services  ,Programme 6:	Environmental Empowerment Services  ,Annually,Number of work opportunities created through environment sector public employment programmes,Standardized,Not  Applicable,"Priority 1: A Capable, Ethical and Developmental State",-,"The Economic Sectors, Employment and Infrastructure Development cluster",,,,,,,500,526,500,526,,Savings from procurement of protective clothing and working tools was utilised to employ additional participants hence the increase in the work opportunities ,None,,,,,,,,,,,,,,,,,,212
Environmental Affairs,Environmental Affairs,Eastern Cape,Programme 6:	Environmental Empowerment Services  ,Programme 6:	Environmental Empowerment Services  ,Quarterly,Number of environmental awareness activities conducted,Standardized,Not  Applicable,"Priority 3: Education, Skills And Health",-,"The Economic Sectors, Employment and Infrastructure Development cluster",6,6,6,6,6,6,6,6,24,24,,,,,None,None,None,None,None,None,,None,None,,,"The province is on target for Q1 and has achieved the target for the quarter 
","The province is on target for Q2 and has achieved the target for the quarter 
","The province is on target for Q3 and has achieved the target for the quarter 
","The province is on target for quarter 4 and has achieved the quarterly and annual target  
",,212
Environmental Affairs,Environmental Affairs,Eastern Cape,Programme 6:	Environmental Empowerment Services  ,Programme 6:	Environmental Empowerment Services  ,Quarterly,Number of environmental capacity building activities conducted,Standardized,Not  Applicable,"Priority 3: Education, Skills And Health",-,"The Economic Sectors, Employment and Infrastructure Development cluster",6,6,6,6,6,6,6,6,24,24,,,,,None,None,None,None,None,None,,None ,None,,,"The province is on target for Q1 and has achieved the target for the quarter 
","The province is on target for Q2 and has achieved the target for the quarter 
","The province is on target for Q3 and has achieved the target for the quarter 
","The province is on target for quarter 4 and has achieved the quarterly and annual target  
",,212
Environmental Affairs,Environmental Affairs,Eastern Cape,Programme 6:	Environmental Empowerment Services  ,Sub-Programme 6.1: Environmental Capacity Development and Support,Quarterly,default,Not Applicable,Not  Applicable,Not Applicable,-,Not Applicable,,,,,,,,,,,,,,,,,,,,,,,,,,,,,,,212
