Sector,Institution,Programme,SubProgramme,Location,Frequency,Indicator,Type,SubType,Outcome,Priority,Cluster,Target_Q1,ActualOutput_Q1,Target_Q2,ActualOutput_Q2,Target_Q3,ActualOutput_Q3,Target_Q4,ActualOutput_Q4,AnnualTarget_Summary2,Preliminary_Summary2,PrelimaryAudited_Summary2,ReasonforDeviation_Summary,CorrectiveAction_Summary,ValidatedAudited_Summary2,OTP_Q1,ReasonforDeviation_Q2,CorrectiveAction_Q2,OTP_Q2,ReasonforDeviation_Q3,CorrectiveAction_Q3,OTP_Q3,ReasonforDeviation_Q4,CorrectiveAction_Q4,OTP_Q4,ReasonforDeviation_Q1,CorrectiveAction_Q1,National_Q1,National_Q4,National_Q2,National_Q3,DesiredPerformance,UID
,Cooperative Governance,Gauteng,Programme 1.	Administration,Sub Programme 1.1.	Office of the MEC,Quarterly,Default,Non-Standardized,Not  Applicable,"Priority 1: A Capable, Ethical and Developmental State",-,Governance and Administration cluster,,,,,,,,,,,,,,,,,,,,,,,,,,,,,,,,191
,Cooperative Governance,Gauteng,Programme 1.	Administration,Sub Programme 1.2.	Corporate Services,Annually,Number of learners with  disabilities awarded with  bursaries,Non-Standardized,Not  Applicable,"Priority 3: Education, Skills And Health","Education, Skills Revolution and Health ","The Economic Sectors, Employment and Infrastructure Development cluster",,,,,,,"10 Learners with 
disabilities awarded 
bursaries",10 Learners with disabilities were awarded bursaries.,"10 Learners with 
disabilities awarded 
bursaries",10 Learners with disabilities were awarded bursaries.,,,,,,,,,,,,,,,,,,,,,,191
,Cooperative Governance,Gauteng,Programme 1.	Administration,Sub Programme 1.2.	Corporate Services,Quarterly,Default,Non-Standardized,Not  Applicable,"Priority 1: A Capable, Ethical and Developmental State",-,Governance and Administration cluster,,,,,,,,,,0,,,,,,,,,,,,,,,,,,,,,,191
,Cooperative Governance,Gauteng,Programme 1.	Administration,Sub Programme 1.2.	Corporate Services,Quarterly,Number of Anti GBVF Intervention/campaigns for traditional leadership (Pillar 2: Prevention and Restoration of Social Fabric of the NSP,Non-Standardized,Not  Applicable,Priority 6: Social Cohesion and Safer Communities,"Safety, Social Cohesion and Food Security","The Social Protection, Community and Human Development cluster",No target planned,,No target planned,,2 Anti GBVF Intervention/campaigns for traditional leadership (Pillar 2: Prevention and Restoration of Social Fabric of the NSP),"No Anti GBVF Intervention/campaign for traditional leadership was implemented during the third quarter. There were numerous GBV activities that the Department engaged in, whereby support to municipalities and National Programmes were supported and attended to. The Department provided mobilisation, coordination of events and also facilitation of events related to Anti GBVF programmes through partnerships and requests for coordination and participation.",No target planned,,2 Anti GBVF Intervention/campaigns for traditional leadership (Pillar 2: Prevention and Restoration of Social Fabric of the NSP),-,,,,,N/A,,,,"The planning for Anti GBVF
Intervention/campaign for traditional leadership was not finalised in time.",The target will be implemented during the fourth quarter.,Target achieved.,,,,,,,,,,,191
,Cooperative Governance,Gauteng,Programme 1.	Administration,Sub Programme 1.2.	Corporate Services,Quarterly,Number of Capacity  Building Initiatives on GEYODI & GBVF  Mainstreaming,Non-Standardized,Not  Applicable,"Priority 1: A Capable, Ethical and Developmental State","Building a Capable, Ethical and Developmental State","Governance, State Capacity and Institutional Development cluster",No target planned,,1 Capacity building Initiative on Gender Mainstreaming & GBVF implemented,1 Capacity building Initiative on Gender Mainstreaming & GBVF was conducted in Tshwane.,1 Capacity building Initiative on Gender Mainstreaming & GBVF implemented,1 Capacity building Initiative on Gender Mainstreaming & GBVF was implemented in the City of Tshwane.,2 Capacity building Initiatives on Gender Mainstreaming & GBVF implemented,2 Capacity building initiatives were implemented during the quarter.,"4 Capacity building 
Initiatives on Gender 
Mainstreaming & GBVF",-,,,,,N/A ,,,Target achieved,,,Target noted achieved. Please provide RoD and Corrective Actions upon approval.,,,Target achieved.,,,,,,,,191
,Cooperative Governance,Gauteng,Programme 1.	Administration,Sub Programme 1.2.	Corporate Services,Quarterly,Number of Equity targets  reached for women in  SMS positions and people  with disabilities,Non-Standardized,Not  Applicable,Priority 2: Economic Transformation And Job Creation,"Economy, Jobs and Infrastructure ","The Economic Sectors, Employment and Infrastructure Development cluster","40% of Women in SMS 
positions and 4% people 
with disabilities.","The Department had 39% female appointees at SMS as of 30 June 2024. The Department employed fourteen (14) people with disabilities as of 30 June 2024 and this translates to 2,2% of the staff complement.","40% of Women in SMS 
positions and 4% people 
with disabilities.","The Department had 39% female appointees at SMS as of 30 September 2024. The Department employed fourteen (14) people with disabilities as of 30 September 2024 and this translates to 2,25% of the staff complement.","40% of Women in SMS 
positions and 4% people 
with disabilities.",The Department had 39.4% female appointees at SMS level and 2.3% people with disabilities were appointed as of 31 December 2024.,"40% of Women in SMS 
positions and 4% people 
with disabilities.","The Department had 35% female appointees at SMS level and 1,93% people with disabilities were appointed as of the end of quarter 4.","40% of Women in SMS 
positions and 4% people 
with disabilities.",-,,,,,In the output provided there is no expression of performance output towards the target of 4% for people with disabilities,The limitation placed by circular 49 of 2023 and extension of the same by circular 20 of 2024 for recruiting for vacant posts. , A concurrence submission to advertise vacant post has been approved by the Premier and the posts have been advertised in the 2nd quarter.  The recruitment process is underway.,Target not achieved ,"The implementation of cost containment measures, requiring the concurrence of both the Office of the Premier and Gauteng Provincial Treasury, necessitated a delay in the advertisement process for posts designated for women in SMS and individuals with disabilities.
",Recruitment for positions targeting women in SMS and individuals with disabilities is expedited but filling all prioritised posts may be limited by funding constraints including the wage settlement. ,Target achieved.,"No new appointments were made at the SMS level in quarter 4, and no persons with disability were appointed.",The Department will review its Organisational Structure in line with the current MTEF budget allocation.  Funding will be reprioritised for vacancies that address the targets for women in SMS and People With Disabilities. The Department will engage the Gauteng Provincial Treasury about additional funding required for the Cost of Employment Budget shortfall to fund currently occupied posts and vacancies.,Target achieved.,The limitation is placed by circular 49 of 2023 and circular 20 of 2024 for recruiting for vacant posts.,A concurrence submission to advertise a vacant post has been submitted (April 2024) to the Office of the Premier and the Department is still awaiting a response.  The request for concurrence to advertise includes vacant SMS posts.,,,,,,191
,Cooperative Governance,Gauteng,Programme 1.	Administration,Sub Programme 1.2.	Corporate Services,Quarterly,Number of Municipalities monitored on the implementation of GBVF responsive programmes (Final M&E Plan for NSP on GBVF) (Pillar 2: Prevention and Restoration of Social Fabric),Non-Standardized,Not  Applicable,"Priority 1: A Capable, Ethical and Developmental State","Building a Capable, Ethical and Developmental State","Governance, State Capacity and Institutional Development cluster","1 Municipality 
monitored on the 
implementation of 
GBVF responsive 
programmes",1 Municipality (City of Johannesburg) was monitored on the implementation of GBVF responsive programmes.,"1 Municipality 
monitored on the 
implementation of 
GBVF responsive 
programmes","Sedibeng District, Midvaal Local, Merafong Local & Tshwane Metropolitan Municipalities were monitored and supported.","1 Municipality 
monitored on the 
implementation of 
GBVF responsive 
programmes",City of Tshwane was monitored and supported on GBVF responsive programmes.,"1 Municipality 
monitored on the 
implementation of 
GBVF responsive 
programmes",Emfuleni Local Municipality was monitored and supported on GBVF responsive programmes.,"2 Municipalities monitored 
on the implementation of 
GBVF responsive 
programmes",-,,,,,Target achieved,"Extension of monitoring and support efforts to Sedibeng, City of Tshwane, Midvaal and Merafong to address a broader range of development challenges effectively. ",None.,Target exceeded,,,Target noted achieved. Please provide RoD and Corrective Actions upon approval.,,,Target not achieved.,,,,,,,,191
,Cooperative Governance,Gauteng,Programme 1.	Administration,Sub Programme 1.2.	Corporate Services,Quarterly,Number of Persons with Disabilities empowered on Entrepreneurship (B-BBEE Incubation Programme),Non-Standardized,Not  Applicable,Priority 2: Economic Transformation And Job Creation,"Economy, Jobs and Infrastructure ","The Economic Sectors, Employment and Infrastructure Development cluster",25 Persons with Disabilities empowered on Entrepreneurship (B-BBEE Incubation Programme) ,27 Persons with Disabilities were incubated in Westrand and Sedibeng Districts.,No target planned ,,No target planned ,,No target planned ,,25 Persons with Disabilities empowered on Entrepreneurship (B-BBEE Incubation Programme) ,-,,,,,Target exceeded,,,,,,,,,,There was over-achievement due to the high demand for Persons with Disabilities to be empowered through the programme.,,,,,,,191
,Cooperative Governance,Gauteng,Programme 1.	Administration,Sub Programme 1.2.	Corporate Services,Quarterly,Percentage of invoices  paid in 15 days,Non-Standardized,Not  Applicable,Priority 2: Economic Transformation And Job Creation,"Economy, Jobs and Infrastructure ","The Economic Sectors, Employment and Infrastructure Development cluster","100% of undisputed 
invoices paid in 15 days",100% of undisputed invoices has been paid within 15 days.,"100% of undisputed 
invoices paid in 15 days",99% of undisputed invoices were paid within 15 days.,"100% of undisputed 
invoices paid in 15 days",100% of undisputed invoices were paid in 15 days.,"100% of undisputed 
invoices paid in 15 days",100% of undisputed invoices were paid within 15 days.,"100% of undisputed 
invoices paid in 15 days",-,,,,,Target achieved,SAP and SITA system downtime. ,Improvement of system capabilities.,Target not achieved ,,,Target achieved.,,,Please provide actual output upon approval.,,,,,,,,191
,Cooperative Governance,Gauteng,Programme 1.	Administration,Sub Programme 1.2.	Corporate Services,Quarterly,Percentage of procurement  from township-based  companies through the  RFQ process,Non-Standardized,Not  Applicable,Priority 2: Economic Transformation And Job Creation,"Economy, Jobs and Infrastructure ","The Economic Sectors, Employment and Infrastructure Development cluster","5% of procurement 
from township based companies
through the RFQ 
process ","49,33% of procurement 
from township based companies
through the RFQ 
process ","5% of procurement 
from township based companies
through the RFQ 
process ","47,55% of procurement from township-based companies was through the RFQ process.","10% of procurement 
from township-based 
companies through 
the RFQ process","26,5% of procurement on RFQs was from township-based companies","10% of procurement 
from township-based 
companies through 
the RFQ process","62,85% of procurement on RFQs was from township-based companies","30% of procurement from 
township-based companies
through the RFQ process",-,,,,,Target achieved,More focus was placed on township based companies.,None.,Target exceeded,Township-based companies were encouraged to participate when RFQs were issued.,,Target noted achieved. Please provide RoD and Corrective Actions upon approval.,More focus was placed on township-based companies.,,Please provide actual output upon approval.,More focus was placed on township-based companies. ,,,,,,,191
,Cooperative Governance,Gauteng,Programme 1.	Administration,Sub Programme 1.2.	Corporate Services,Quarterly,Percentage of procurement  from women owned  companies through the  RFQ process,Non-Standardized,Not  Applicable,Priority 2: Economic Transformation And Job Creation,"Economy, Jobs and Infrastructure ","The Economic Sectors, Employment and Infrastructure Development cluster","10% of 
procurement on 
RFQs from women 
owned companies 
through the RFQ 
process","63,89% of 
procurement on 
RFQs from women 
owned companies 
through the RFQ 
process","10% of 
procurement on 
RFQs from women 
owned companies 
through the RFQ 
process","55,39% of procurement on RFQs was from women-owned companies.","10% of 
procurement on 
RFQs from women 
owned companies 
through the RFQ 
process","49,07% of procurement on RFQs was from women- owned companies","10% of 
procurement on 
RFQs from women 
owned companies 
through the RFQ 
process","72,30% of procurement on RFQs was from women-owned companies ","40% of procurement on 
RFQs from women owned 
companies through the 
RFQ process.",-,,,,,Target achieved,More focus was placed on women owned companies.,None.,Target exceeded,Women-owned companies were encouraged to participate when RFQs were issued.,,Target noted achieved. Please provide RoD and Corrective Actions upon approval.,More focus was placed on women owned companies.,,Please provide actual output upon approval.,More focus was placed on women-owned companies.,,,,,,,191
,Cooperative Governance,Gauteng,Programme 2: Local Governance,Sub Programme 2.1: Municipal Administration,Quarterly,"Number of municipalities monitored on the extent to which anti-corruption measures are implemented (Linked to MTSF 2019 – 2024, Priority 1)",Non-Standardized,Not  Applicable,"Priority 1: A Capable, Ethical and Developmental State","Building a Capable, Ethical and Developmental State","Governance, State Capacity and Institutional Development cluster",No target planned ,,11 Municipalities monitored on the extent to which anti-corruption measures are implemented,4 Municipalities ( Lesedi LM; Emfuleni LM; Rand West City LM and Merafong City LM) were monitored on anti-corruption measures.,11 Municipalities monitored on the extent to which anti-corruption measures are implemented,"4 Municipalities (West Rand district municipality, Sedibeng district municipality, Midvaal local municipality and the City of Johannesburg) were monitored on anti-corruption measures.",11 Municipalities monitored on the extent to which anti-corruption measures are implemented," 3 Municipalities (Mogale City local municipality, Ekurhuleni and Tshwane metropolitan municipalities) were monitored on the extent to which anti-corruption measures were implemented.",11 Municipalities monitored on the extent to which anti-corruption measures are implemented,-,,,,,N/A,None.,,"Target not achieved, the reasons for deviation not provided",,,Target not achieved. Please provide RoD and Corrective Action upon approval. ,,,Target not achieved. ,,,,,,,,191
,Cooperative Governance,Gauteng,Programme 2: Local Governance,Sub Programme 2.1: Municipal Administration,Quarterly,"Number of municipalities monitored on the extent to which anti-corruption measures are implemented (Linked to MTSF 2019 – 2024, Priority 1)",Standardized,Not  Applicable,"Priority 1: A Capable, Ethical and Developmental State",-,"The Economic Sectors, Employment and Infrastructure Development cluster",0,,0,,0,,0,,0,0,,,,,"Duplicated indicators, please delete",,,,,,,,,N/A,,,,,,,,191
,Cooperative Governance,Gauteng,Programme 2: Local Governance,Sub Programme 2.1: Municipal Administration,Quarterly,Number of municipalities supported on ethics and integrity management,Non-Standardized,Not  Applicable,"Priority 1: A Capable, Ethical and Developmental State","Building a Capable, Ethical and Developmental State","Governance, State Capacity and Institutional Development cluster",No target planned ,,11 Municipalities supported on ethics and integrity management,11 Municipalities supported on integrity management.,11 Municipalities supported on ethics and integrity management,	11 Municipalities were supported on ethics and integrity management.,11 Municipalities supported on ethics and integrity management,11 Municipalities were supported on ethics and integrity Management.,11 Municipalities supported on ethics and integrity management,-,,,,,N/A,,,Target achieved,,,Target achieved.,,,Target achieved.,,,,,,,,191
,Cooperative Governance,Gauteng,Programme 2: Local Governance,Sub Programme 2.1: Municipal Administration,Quarterly,"Number of municipalities supported to comply with MSA Regulations on the appointment of senior managers (Linked to MTSF 2019 – 2024, Priority 1)",Standardized,Not  Applicable,"Priority 1: A Capable, Ethical and Developmental State",-,"The Economic Sectors, Employment and Infrastructure Development cluster",,,,,,,,,,0,,,,,Please delete this indicator is incorrectly placed under this sub-programme,,,,,,,,,,,,,,,,,191
,Cooperative Governance,Gauteng,Programme 2: Local Governance,Sub Programme 2.1: Municipal Administration,Quarterly,Number of municipalities with functional Municipal Councils and Mayoral Committees  ,Non-Standardized,Not  Applicable,"Priority 1: A Capable, Ethical and Developmental State","Building a Capable, Ethical and Developmental State","Governance, State Capacity and Institutional Development cluster",11 Municipalities with functional Municipal Councils and Mayoral Committees,Municipal reports on councils functionality received from all 11 municipalities,11 Municipalities with functional Municipal Councils and Mayoral Committees,11 Municipalities were monitored on the functionality of Municipal Councils and Mayoral Committees.,11 Municipalities with functional Municipal Councils and Mayoral Committees,11 Municipalities with functional Municipal Councils and Mayoral Committees.,11 Municipalities with functional Municipal Councils and Mayoral Committees,11 Municipalities with functional councils and mayoral committees.,11 Municipalities with functional Municipal Councils and Mayoral Committees,-,,,,,Target achieved,,,Target achieved,,,Target achieved.,,,Target achieved.,,,,,,,,191
,Cooperative Governance,Gauteng,Programme 2: Local Governance,Sub Programme 2.2:  Municipal Finance,Quarterly,Number of large power and water users in targeted local municipalities billed accurately to improve revenue collection,Non-Standardized,Not  Applicable,"Priority 1: A Capable, Ethical and Developmental State","Building a Capable, Ethical and Developmental State","Governance, State Capacity and Institutional Development cluster","Top 60 large power and water users in targeted local municipalities billed accurately to improve revenue collection. (Merafong, Lesedi and Midvaal LMs) ","1256 Large power and water users in targeted local municipalities
billed accurately to improve revenue collection. (Merafong LM 201, Lesedi LM 472 and Midvaal 583)",Top 60 large power and water users in targeted local municipalities billed accurately to improve revenue collection. (Lesedi and Midvaal LMs). Review the assessment report and develop implementation plan for Top 60 large power and water users targeted (Emfuleni LM),"1 849 Large power and water users in targeted local municipalities were billed accurately to improve revenue collection. (Midvaa LM 66, Emfuleni LM 1 699 and Lesedi LM 84). 

",Top 60 large power and water users in targeted local municipalities billed accurately to improve revenue collection. (Emfuleni LM),The Top 60 (1 180) large power and water users in targeted local municipalities were billed accurately to improve revenue collection.,Top 60 large power and water users in targeted local municipalities billed accurately to improve revenue collection. (Emfuleni LM),Top 60 large power and water users in Emfuleni local municipality were billed accurately to improve revenue collection.,"Top 60 large power and water users in targeted local municipalities billed accurately to improve revenue collection. (Merafong, Emfuleni, Lesedi and Midvaal LMs)",-,,,,,Target exceeded,There was overachievement as municipalities identified additional large power and water users during the extraction process.,,Target achieved,There was overachievement as municipalities identified additional large power and water users during the extraction process.,,,,,Target achieved.,There was overachievement with the number of large power and water users that were worked on as municipalities identified additional large power and water users during the extraction process,,,,,,,191
,Cooperative Governance,Gauteng,Programme 2: Local Governance,Sub Programme 2.2:  Municipal Finance,Quarterly,"Number of municipalities guided to comply with the MPRA (Linked to MTSF 2019 – 2024, Priority 1) (B2B Pillar 4)",Standardized,Not  Applicable,"Priority 1: A Capable, Ethical and Developmental State",-,"The Economic Sectors, Employment and Infrastructure Development cluster",,,,,,,,,,0,,,,,Please delete this indicator is incorrectly mapped under this sub-programme,,,,,,,,,,,,,,,,,191
,Cooperative Governance,Gauteng,Programme 2: Local Governance,Sub Programme 2.2:  Municipal Finance,Quarterly,Number of Municipalities provided with capacity to develop viability plans,Non-Standardized,Not  Applicable,"Priority 1: A Capable, Ethical and Developmental State","Building a Capable, Ethical and Developmental State","Governance, State Capacity and Institutional Development cluster","3 Local and 1 district Municipalities provided with capacity to develop viability plans (Sedibeng District, Emfuleni, Midvaal and Lesedi LM)","4 Municipalities (Sedibeng District, Emfuleni, Midvaal and Lesedi LM) were provided with capacity to develop viability plans","3 Local and 1 district Municipalities provided with capacity to develop viability plans (Sedibeng District, Emfuleni, Midvaal and Lesedi LM","4 Municipalities (Sedibeng District, Emfuleni, Midvaal and Lesedi LM) were provided with capacity to develop viability plans.","3 Locals and 1 district Municipality provided with capacity to undertake Municipal viability assessments (Westrand district, Mogale, Randwest and Merafong LM)","4 Municipalities (West Rand district municipality, Mogale City, Rand West City and Merafong local municipalities) were provided with capacity to undertake municipal viability assessments.","3 Locals and 1 district Municipality provided with capacity to develop viability plans (Westrand district, Mogale, Randwest and Merafong LM) ","3 Locals and 1 district municipality (West Rand district municipality, Mogale, Rand West City and Merafong local municipalities) were provided with capacity to undertake municipal viability assessments. ","6 Local and 2 district Municipalities provided with capacity to develop viability plans (Sedibeng District, Emfuleni, Midvaal and Lesedi LM, Westrand district, Mogale, Randwest and Merafong LM)",-,,,,,Target exceeded however the department did not provide the reasons for deviation,,,Target exceeded and reasons for deviation not provided,,,,,,Target not achieved.,,,,,,,,191
,Cooperative Governance,Gauteng,Programme 2: Local Governance,Sub Programme 2.2:  Municipal Finance,Quarterly,"Number of municipalities supported to reduce Unauthorised, Irregular, Fruitless and Wasteful Expenditure (Linked to MTSF 2019 – 2024, Priority 1)",Non-Standardized,Not  Applicable,"Priority 1: A Capable, Ethical and Developmental State","Building a Capable, Ethical and Developmental State","Governance, State Capacity and Institutional Development cluster","1 Municipality supported to reduce Unauthorised, Irregular, Fruitless and Wasteful Expenditure (CoJ Metro Municipality)","1 Municipality (City of Johannesburg) was supported to reduce Unauthorised, Irregular, Fruitless and Wasteful Expenditure","1 Municipality supported to reduce Unauthorised, Irregular, Fruitless and Wasteful Expenditure (CoJ Metro Municipality)","City of Johannesburg was supported to reduce Unauthorised, Irregular, Fruitless and Wasteful Expenditure. ","1 Municipality supported to reduce Unauthorised, Irregular, Fruitless and Wasteful Expenditure (CoJ Metro Municipality)","The City of Johannesburg was supported to reduce Unauthorised, Irregular, Fruitless and Wasteful Expenditure.","1 Municipality supported to reduce Unauthorised, Irregular, Fruitless and Wasteful Expenditure (CoJ Metro Municipality)","1 Municipality (CoJ) was supported to reduce Unauthorised, Irregular, Fruitless and Wasteful Expenditure.","1 Municipality supported to reduce Unauthorised, Irregular, Fruitless and Wasteful Expenditure (CoJ Metro Municipality)",-,,,,,Target achieved,,,Target achieved,,,Target achieved.,,,Target achieved.,,,,,,,,191
,Cooperative Governance,Gauteng,Programme 2: Local Governance,Sub Programme 2.2:  Municipal Finance,Quarterly,"Number of municipalities supported to reduce Unauthorized, Irregular, Wasteful and Fruitless expenditure (Linked to MTSF 2019 – 2024, Priority 1)",Standardized,Not  Applicable,"Priority 1: A Capable, Ethical and Developmental State",-,"The Economic Sectors, Employment and Infrastructure Development cluster",,,,,,,,,,0,,,,,"Performance Indicator is duplicated, please delete ",,,,,,,,,,,,,,,,,191
,Cooperative Governance,Gauteng,Programme 2: Local Governance,Sub Programme 2.2:  Municipal Finance,Quarterly,Number of Municipalities supported with capacity to implement the simplified revenue plans to improve revenue collection,Non-Standardized,Not  Applicable,"Priority 1: A Capable, Ethical and Developmental State","Building a Capable, Ethical and Developmental State","Governance, State Capacity and Institutional Development cluster","3 Municipalities provided with capacity to implement simplified revenue plans to improve revenue collection. (Mogale City, Randwest City and Emfuleni LMs)","Mogale City, Rand West City and Emfuleni LMs were provided with capacity to implement simplified revenue plans to improve revenue collection",3 Municipalities provided with capacity to implement simplified revenue plans to improve revenue collection. (Mogale City and Randwest City) 1 Municipality provided with capacity to review and implement the developed implementation plan (Merafong City LM),"3 Municipalities (Mogale City, Rand West City and Merafong LMs) were provided with capacity to implement simplified revenue plans to improve revenue collection.","3 Municipality provided with capacity to implement simplified revenue plan to improve revenue collection. (Randwest Mogale, Merafong LMs)","3 Municipalities (RandWest City, Mogale City and Merafong local municipalities) were provided with capacity to implement simplified revenue plan to improve revenue collection.","3 Municipality provided with capacity to implement simplified revenue plan to improve revenue collection. (Randwest Mogale, Merafong LMs)","3 Municipalities (Rand West, Mogale and Merafong local municipalities) were provided with capacity to implement simplified revenue plans to improve revenue collection.","3 Municipalities provided with capacity to implement simplified revenue plans to improve revenue collection. (Mogale City, Randwest City, and Merafong LMs)",-,,,,,Target achieved,,,Target achieved,,,Target achieved.,,,Target achieved.,,,,,,,,191
,Cooperative Governance,Gauteng,Programme 2: Local Governance,Sub Programme 2.3:  Public Participation,Quarterly,Number of Municipalities monitored on the implementation of GBVF responsive programmes (Final M&E Plan for NSP on GBVF) (Pillar 2: Prevention and Restoration of Social Fabric),Standardized,Not  Applicable,"Priority 1: A Capable, Ethical and Developmental State",-,"The Economic Sectors, Employment and Infrastructure Development cluster",,,,,,,,,,0,,,,,Please delete the duplicated indicators,,,,,,,,,,,,,,,,,191
,Cooperative Governance,Gauteng,Programme 2: Local Governance,Sub Programme 2.3:  Public Participation,Quarterly,"Number of municipalities supported to maintain functional ward committees (Linked to MTSF 2019 – 2024, Priority 1)",Non-Standardized,Not  Applicable,"Priority 1: A Capable, Ethical and Developmental State","Building a Capable, Ethical and Developmental State","Governance, State Capacity and Institutional Development cluster",9 Municipalities supported to maintain functional ward committees,,9 Municipalities supported to maintain functional ward committees,9 Municipalities were supported to maintain functional ward committees.,9 Municipalities supported to maintain functional ward committees,9 Municipalities were supported to maintain functional ward committees.,9 Municipalities supported to maintain functional ward committees,9 Municipalities were supported to maintain functional ward committees.,9 Municipalities supported to maintain functional ward committees,-,,,,,"Q1 output not provided, department did not provide reasons for deviation",,,Target achieved,,,Please provide actual output upon approval.,,,"Output not provided, please provide outputs upon approval",,,,,,,,191
,Cooperative Governance,Gauteng,Programme 2: Local Governance,Sub Programme 2.3:  Public Participation,Quarterly,"Number of municipalities supported to maintain functional ward committees (MTSF 2019 – 2024, Priority 1)",Standardized,Not  Applicable,"Priority 1: A Capable, Ethical and Developmental State",-,"The Economic Sectors, Employment and Infrastructure Development cluster",,,,,,,,,,0,,,,,Please delete the duplicated indicators,,,,,,,,,,,,,,,,,191
,Cooperative Governance,Gauteng,Programme 2: Local Governance,Sub Programme 2.3:  Public Participation,Quarterly,"Number of municipalities supported to promote participation in community based local governance processes (Priority 1: Capable, Ethical and Developmental State)",Non-Standardized,Not  Applicable,"Priority 1: A Capable, Ethical and Developmental State","Building a Capable, Ethical and Developmental State","Governance, State Capacity and Institutional Development cluster",No target planned,,3 Municipalities supported to promote participation in community based local governance processes through the ABCD approach,"3 Municipalities (Tshwane, Ekurhuleni and Rand West) were supported to promote participation in community based local governance processes through the ABCD approach. ","3 Locals and 1 district Municipality provided with capacity to undertake Municipal viability assessments (Westrand district, Mogale, Randwest and Merafong LM)","4 Municipalities (West Rand district municipality, Mogale City, Rand West City and Merafong local municipalities) were provided with capacity to undertake municipal viability assessments",3 Municipalities supported to promote participation in community based local governance processes through the ABCD approach,"3 Municipalities (Ekurhuleni, Emfuleni and Midvaal) were supported to promote participation in community based local governance processes through the ABCD approach.",9 Municipalities supported to promote participation in community based local governance processes through the ABCD approach,-,,,,,N/A,,,Target achieved,,,Please provide actual output upon approval. ,,,Target achieved.,,,,,,,,191
,Cooperative Governance,Gauteng,Programme 2: Local Governance,Sub Programme 2.3:  Public Participation,Quarterly,"Number of municipalities supported to promote participation in community based local governance processes (Priority 1: Capable, Ethical and Developmental State) (Priority 6 MTEF indicatory: Social Cohesion and Safer Communities)",Standardized,Not  Applicable,"Priority 1: A Capable, Ethical and Developmental State",-,"The Economic Sectors, Employment and Infrastructure Development cluster",,,,,,,,,,0,,,,,Please delete the duplicated indicators,,,,,,,,,,,,,,,,,191
,Cooperative Governance,Gauteng,Programme 2: Local Governance,Sub Programme 2.3:  Public Participation,Quarterly,Number of municipalities supported to resolve community concerns,Standardized,Not  Applicable,"Priority 1: A Capable, Ethical and Developmental State",-,"The Economic Sectors, Employment and Infrastructure Development cluster",,,,,,,,,,0,,,,,Please delete the duplicated indicators,,,,,,,,,,,,,,,,,191
,Cooperative Governance,Gauteng,Programme 2: Local Governance,Sub Programme 2.3:  Public Participation,Quarterly,Number of municipalities supported to respond to community concerns (Outcome-9: Sub-Outcome 2) (B2B Pillar 1),Non-Standardized,Not  Applicable,"Priority 1: A Capable, Ethical and Developmental State","Building a Capable, Ethical and Developmental State","Governance, State Capacity and Institutional Development cluster",9 Municipalities supported to respond to community concerns,9 Municipalities were supported to respond to community concerns,9 Municipalities supported to respond to community concerns,9 Municipalities were supported to respond to community concerns. ,9 Municipalities supported to respond to community concerns,9 Municipalities were supported to respond to community concerns.,9 Municipalities supported to respond to community concerns,9 Municipalities were supported to respond to community concerns.,9 Municipalities supported to respond to community concerns,-,,,,,Target achieved,,,Target achieved,,,Target achieved.,,,Target achieved.,,,,,,,,191
,Cooperative Governance,Gauteng,Programme 2: Local Governance,Sub Programme 2.3:  Public Participation,Quarterly,Number of targeted groups reached through civic awareness in provincial regions,Non-Standardized,Not  Applicable,"Priority 1: A Capable, Ethical and Developmental State","Building a Capable, Ethical and Developmental State","Governance, State Capacity and Institutional Development cluster",3 Targeted groups reached through civic awareness in provincial regions,3 Targeted groups were reached through civic awareness in provincial regions,2 Targeted groups reached through civic awareness in provincial regions,2 Targeted groups were reached through civic awareness in provincial regions in Ekhurhuleni and West Rand regions.,3 Targeted groups reached through civic awareness in provincial regions,"8 Targeted groups groups were reached through civic awareness in provincial regions in City of Johannesburg, Tshwane, Ekurhuleni Sedibeng and West Rand region",2 Targeted groups reached through civic awareness in provincial regions,4 Targeted groups were reached through civic awareness in the provincial regions.,10 Targeted groups reached through civic awareness in provincial regions,-,,,,,Target achieved,,,"performance outputs not provided, department is requested to provide the performance outputs upon approval ",There was an increased demand from communities for civil awareness.,,,There was a high demand by the communities and high participation in the city cleaning campaigns through the city revitalisation strategy collaboration. ,,,,,,,,,,191
,Cooperative Governance,Gauteng,Programme 2: Local Governance,Sub Programme 2.3:  Public Participation,Quarterly,Number of voter education engagement sessions implemented in provincial regions to foster active citizenry and public participation ,Non-Standardized,Not  Applicable,"Priority 1: A Capable, Ethical and Developmental State","Building a Capable, Ethical and Developmental State","Governance, State Capacity and Institutional Development cluster",3 Voter education engagement sessions implemented in provincial regions to foster active citizenry and public participation,6 Voter education engagement sessions were implemented in provincial regions to foster active citizenry and public participation,3 Voter education engagement sessions implemented in provincial regions to foster active citizenry and public participation,2 Voter education engagement sessions were implemented in provincial regions to foster active citizenry in Sedibeng region.,2 Voter education engagement sessions implemented in provincial regions to foster active citizenry and public participation ,3 Voter educations engagement sessions were implemented in provincial regions to foster active citizenry in Johannesburg and Sedibeng regions.,2 Voter education engagement sessions implemented in provincial regions to foster active citizenry and public participation ,1 Voter education engagement session was coordinated in collaboration with Gauteng Provincial Legislature. ,10 Voter education engagement sessions implemented in provincial regions to foster active citizenry and public participation,-,,,,,Target exceeded,1 Voter education engagement sessions was not implemented due to cost containment measures.,More budget allocation will be requested to implement additional voter education engagement session in Q3.,"performance outputs not provided, department is requested to provide the performance outputs upon approval",There was increased demand from communities for voter education programmes.,,,Due to budget constraints only one voter education engagement session was conducted. ,,Target not achieved.,There was high demand of Voter Education due to elections,,,,,,,191
,Cooperative Governance,Gauteng,Programme 2: Local Governance,Sub Programme 2.4:  Capacity Development,Annually,"Number of capacity building interventions conducted in municipalities (Linked to MTSF 2019 – 2024, Priority 1) (B2B Pillar 5)",Non-Standardized,Not  Applicable,"Priority 1: A Capable, Ethical and Developmental State","Building a Capable, Ethical and Developmental State","Governance, State Capacity and Institutional Development cluster",,,,,,,1 Capacity building intervention conducted in municipalities (Officials trained in Emerging Management Development program),1 Capacity building intervention was conducted in municipalities (Officials trained in Emerging Management Development program).,1 Capacity building intervention conducted in municipalities (Officials trained in Emerging Management Development program),1 Capacity building intervention was conducted in municipalities (Officials trained in Emerging Management Development program).,,,,,,,,,,,,,,,,,,,,,,191
,Cooperative Governance,Gauteng,Programme 2: Local Governance,Sub Programme 2.4:  Capacity Development,Quarterly,"Number of capacity building interventions conducted in municipalities (Linked to MTSF 2019 – 2024, Priority 1) (B2B Pillar 5)",Standardized,Not  Applicable,"Priority 1: A Capable, Ethical and Developmental State",-,"The Economic Sectors, Employment and Infrastructure Development cluster",,,,,,,,,,0,,,,,"Please map the indicator under annual platform, and  please delete, the indicator type is non-cumulative ",,,,,,,,,,,,,,,,,191
,Cooperative Governance,Gauteng,Programme 2: Local Governance,Sub Programme 2.4:  Capacity Development,Quarterly,Number of Experts placed in municipalities to provide capacity support,Non-Standardized,Not  Applicable,"Priority 1: A Capable, Ethical and Developmental State","Building a Capable, Ethical and Developmental State","Governance, State Capacity and Institutional Development cluster",No target planned,,2 Experts placed in municipalities to provide capacity support (Local Government Labour Expert and 1 Local Government Legal Expert),"Labour Relations Expert, GSM Mohlabi has been appointed. Local Government Legal Expert appointment was not finalised in the second quater. BEC met on 05 September 2024 to finalise the evaluation.",2 Experts placed in municipalities to provide capacity support (Local Government Labour Expert and 1 Local Government Legal Expert),Local Government Labour Expert was placed in municipalities. Legal Expert: Local Government Legal Expert: The process to procure the service provider were not finalised on time for the appointment to be concluded.,2 Experts placed in municipalities to provide capacity support (Local Government Labour Expert and 1 Local Government Legal Expert),2 Experts were placed in municipalities to provide capacity support (Local Government Labour Expert and Local Government Legal Expert).,2 Experts placed in municipalities to provide capacity support (Local Government Labour Expert and 1 Local Government Legal Expert),-,,,,,N/A,The appointment of Local Government Legal Expert was advertised twice due to nonresponse of service providers.,Supply Chain Management Directorate to fast track the appointment of the service provider. ,Target not achieved,"SCM
processes not concluded on time.",SCM to fast- track their processes.,Target not achieved.,,,Target achieved.,,,,,,,,191
,Cooperative Governance,Gauteng,Programme 2: Local Governance,Sub Programme 2.4:  Capacity Development,Quarterly,"Number of municipalities supported to comply with Municipal Systems Act (MSA) on the appointment of senior managers (Linked to MTSF 2019 –2024, Priority 1)",Non-Standardized,Not  Applicable,"Priority 1: A Capable, Ethical and Developmental State","Building a Capable, Ethical and Developmental State","Governance, State Capacity and Institutional Development cluster",3 Municipalities supported to comply with MSA on the appointment of senior managers (Section 54A and 56) and other critical technical positions,"3 Municipalities (Midvaal LM, West Rand District and Rand West City) were supported to comply with MSA on the appointment of senior managers (Section 54A and 56) and other critical technical positions",3 Municipalities supported to comply with MSA on the appointment of senior managers (Section 54A and 56) and other critical technical positions,"3 Municipalities (Sedibeng District Municipality, Mogale City and Lesedi Local Municipalities) were supported to comply with MSA on the appointment of senior managers (Section 54A and 56) and other critical technical positions.

",3 Municipalities supported to comply with MSA on the appointment of senior managers (Section 54A and 56) and other critical technical positions,"3 Municipalities (City of Tshwane, Merafong Local Municipality and Emfuleni Local Municipalitity) were supported to comply with MSA on the appointment of senior managers (Section 54A and 56) and other critical technical positions).",2 Municipalities supported to comply with MSA on the appointment of senior managers (Section 54A and 56) and other critical technical positions,2 Municipalities were supported to comply with MSA on the appointment of senior managers (Section 54A and 56) and other critical technical positions.,11 Municipalities supported to comply with MSA on the appointment of senior managers (Section 54A and 56) and other critical technical positions,-,,,,,Target achieved,,,Target achieved,,,Target achieved.,,,Target achieved.,,,,,,,,191
,Cooperative Governance,Gauteng,Programme 2: Local Governance,Sub Programme 2.4:  Capacity Development,Quarterly,"Number of municipalities supported to institutionalise the performance management system (PMS) (Linked to MTSF 2019 - 2024, Priority 1)",Non-Standardized,Not  Applicable,"Priority 1: A Capable, Ethical and Developmental State","Building a Capable, Ethical and Developmental State","Governance, State Capacity and Institutional Development cluster",3 Municipalities supported to institutionalise performance management system,"3 Municipalities (Midvaal LM, West Rand DM and Rand West) were supported to institutionalise performance management system",3 Municipalities supported to institutionalise performance management system,"3 Municipalities (Sedibeng District Municipality, Mogale City and Lesedi LMs) were supported to institutionalise performance management system.",3 Municipalities supported to institutionalise performance management system,"3 Municipalities (City of Tshwane, Emfuleni and Merafong local municipalities) were supported to institutionalise performance management system.",2 Municipalities supported to institutionalise performance management system,2 Municipalities (Ekurhuleni and Johannesburg metropolitan municipalities) were supported to comply with MSA on the appointment of senior managers (Section 54A and 56) and other critical technical positions.,11 Municipalities supported to institutionalise performance management system,-,,,,,Target achieved,,,Target achieved,,,Target achieved.,,,Target achieved.,,,,,,,,191
,Cooperative Governance,Gauteng,Programme 2: Local Governance,"Sub Programme 2.5: Municipal Performance Monitoring, Reporting and Evaluation",Annually,"Number of Section 47 Reports compiled as prescribed by the MSA (Linked to MTSF 2019 – 2024, Priority 1) (B2B Pillar 5)",Standardized,Not  Applicable,"Priority 1: A Capable, Ethical and Developmental State",-,"The Economic Sectors, Employment and Infrastructure Development cluster",,,,,,,1,1,1,1,,,,,,,,,,,,,,,,,,,,,,191
,Cooperative Governance,Gauteng,Programme 2: Local Governance,"Sub Programme 2.5: Municipal Performance Monitoring, Reporting and Evaluation",Quarterly,"Number of municipalities guided to comply with the MPRA (Linked to MTSF 2019 – 2024, Priority 1) (B2B Pillar 4)",Non-Standardized,Not  Applicable,"Priority 1: A Capable, Ethical and Developmental State","Building a Capable, Ethical and Developmental State","Governance, State Capacity and Institutional Development cluster",9 Municipalities guided to comply with MPRA,9 Municipalities guided to comply with MPRA,9 Municipalities guided to comply with MPRA,9 Municipalities were guided to comply with MPRA. ,9 Municipalities guided to comply with MPRA,9 Municipalities were guided to comply with MPRA.,9 Municipalities guided to comply with MPRA,9 Municipalities were guided to comply with MPRA. ,9 Municipalities guided to comply with MPRA,-,,,,,Target achieved,,,Target achieved,,,Target achieved.,,,Target achieved.,,,,,,,,191
,Cooperative Governance,Gauteng,Programme 2: Local Governance,"Sub Programme 2.5: Municipal Performance Monitoring, Reporting and Evaluation",Quarterly,Number of municipalities measured on performance against the key performance areas of Local Government,Non-Standardized,Not  Applicable,"Priority 1: A Capable, Ethical and Developmental State","Building a Capable, Ethical and Developmental State","Governance, State Capacity and Institutional Development cluster",1 Quarterly Report measuring the performance of Municipalities against key performance areas of Local Government,1 Quarterly Report measuring the performance of Municipalities against key performance areas of Local Government developed,1 Quarterly Report measuring the performance of Municipalities against key performance areas of Local Government,1 Quarterly Report measuring the performance of Municipalities against the key performance of Local Government.    ,1 Quarterly Report measuring the performance of Municipalities against key performance areas of Local Government,1 Quarterly Report measuring the performance of municipalities was developed.,1 Quarterly Report measuring the performance of Municipalities against key performance areas of Local Government,1 Quarterly Report measuring the performance of municipalities was developed.,4 Quarterly Reports measuring the performance of Municipalities against key performance areas of Local Government,-,,,,,Target achieved,,,Target achieved,,,Target achieved.,,,Target achieved.,,,,,,,,191
,Cooperative Governance,Gauteng,Programme 2: Local Governance,"Sub Programme 2.5: Municipal Performance Monitoring, Reporting and Evaluation",Quarterly,Number of municipalities monitored on the implementation of indigent policies (Sub-outcome 1) (B2B Pillar 2),Non-Standardized,Not  Applicable,"Priority 1: A Capable, Ethical and Developmental State","Building a Capable, Ethical and Developmental State","Governance, State Capacity and Institutional Development cluster",9 Municipalities monitored on the implementation of indigent policies,9 Municipalities monitored on the implementation of Indigent policies,9 Municipalities monitored on the implementation of indigent policies,9 Municipalities were monitored on the implementation of indigent policies.,9 Municipalities monitored on the implementation of indigent policies,9 Municipalities were monitored on the implementation of indigent policies.,9 Municipalities monitored on the implementation of indigent policies,9 Municipalities were monitored on the implementation of indigent policies.,9 Municipalities monitored on the implementation of indigent policies,-,,,,,Target achieved,,,Target achieved,,,Target achieved.,,,Target achieved.,,,,,,,,191
,Cooperative Governance,Gauteng,Programme 2: Local Governance,"Sub Programme 2.5: Municipal Performance Monitoring, Reporting and Evaluation",Quarterly,"Number of municipalities supported to institutionalize the performance management system (PMS) (Linked to MTSF 2019 – 2024, Priority 1)",Standardized,Not  Applicable,"Priority 1: A Capable, Ethical and Developmental State",-,"The Economic Sectors, Employment and Infrastructure Development cluster",,,,,,,,,,0,,,,,Please delete this indicator is incorrectly mapped under this sub-programme,,,,,,,,,,,,,,,,,191
,Cooperative Governance,Gauteng,Programme 2: Local Governance,"Sub Programme 2.5: Municipal Performance Monitoring, Reporting and Evaluation",Quarterly,"Number of reports on compliance of municipalities in terms of Municipal Finance Management Act, Municipal Property Rates Amendment Act, Municipal Systems Act, Remuneration of Public Office Bearers Act and Municipal Structures Amended Act",Non-Standardized,Not  Applicable,"Priority 1: A Capable, Ethical and Developmental State","Building a Capable, Ethical and Developmental State","Governance, State Capacity and Institutional Development cluster","1 Report on compliance of municipalities in terms of Municipal Finance Management Act, Municipal Property Rates Amendment Act, Municipal Systems Act, Remuneration of Public Office Bearers Act and Municipal Structures Amended Act","1 Report was developed on compliance of municipalities in terms of Municipal Finance Management Act, Municipal Property Rates Amendment Act, Municipal Systems Act and Remuneration of Public Office Bearers Act and Municipal Structures Amended Act","1 Report on compliance of municipalities in terms of Municipal Finance Management Act, Municipal Property Rates Amendment Act, Municipal Systems Act, Remuneration of Public Office Bearers Act and Municipal Structures Amended Act","1 Report on compliance of municipalities in terms of Municipal Finance Management Act, Municipal Property Rates Amendment Act, Municipal Systems Act and Remuneration of Public Office Bearers Act and Municipal Structures Amendment Act. ","1 Report on compliance of municipalities in terms of Municipal Finance Management Act, Municipal Property Rates Amendment Act, Municipal Systems Act, Remuneration of Public Office Bearers Act and Municipal Structures Amended Act","1 Report on compliance of municipalities in terms of Municipal Finance Management Act, Municipal Property Rates Amendment Act, Municipal Systems Act and Remuneration of Public Office Bearers Act and Municipal Structures Amended Act was developed.","1 Report on compliance of municipalities in terms of Municipal Finance Management Act, Municipal Property Rates Amendment Act, Municipal Systems Act, Remuneration of Public Office Bearers Act and Municipal Structures Amended Act","1 Report developed on compliance of municipalities in terms of Municipal Finance Management Act, Municipal Property Rates Amendment Act, Municipal Systems Act and Remuneration of Public Office Bearers Act and Municipal Structures Amended Act was developed.","4 Reports on compliance of municipalities in terms of Municipal Finance Management Act, Municipal Property Rates Amendment Act, Municipal Systems Act, Remuneration of Public Office Bearers Act and Municipal Structures Amended Act",-,,,,,Target achieved,,,Target achieved,,,Target achieved.,,,Target achieved.,,,,,,,,191
,Cooperative Governance,Gauteng,Programme 2: Local Governance,Sub Programme 2.6: Back 2 Basics and Intergovernmental Relations,Quarterly,Number of functional IGR Structures in accordance with the IGR Framework,Non-Standardized,Not  Applicable,"Priority 1: A Capable, Ethical and Developmental State","Building a Capable, Ethical and Developmental State","Governance, State Capacity and Institutional Development cluster",4 IGR Structures’ functional in accordance with the IGR Framework,3 IGR Structures were functional in accordance with the IGR Framework.,4 IGR Structures’ functional in accordance with the IGR Framework,4 IGR Structures were functional in accordance with the IGR Framework.,4 IGR Structures’ functional in accordance with the IGR Framework,4 IGR Structures were functional in accordance with the IGR Framework.,4 IGR Structures’ functional in accordance with the IGR Framework,4 IGR Structures were functional in accordance with the IGR-Framework.,"4 IGR Structures’ functional in accordance with the IGR Framework
• MEC/Mayors Forum
• MEC/Speakers Forum
• HOD/MM Forum
• LG Workstream
",-,,,,,Target not achieved,,,Target achieved,,,Target achieved.,,,Target achieved.,The convening of the MEC-Mayor meeting was impeded by the non-availability of the Executive Mayors necessary to constitute a quorum.,"The Director IGR will work with the office of the appointed executive to determine a suitable date for the MEC-Mayor meeting to ensure compliance with the approved departmental calendar and the principles of corporate governance.   
",,,,,,191
,Cooperative Governance,Gauteng,Programme 2: Local Governance,Sub Programme 2.6: Back 2 Basics and Intergovernmental Relations,Quarterly,Number of reports on the implementation of Back-to-Basics support plans by municipalities,Non-Standardized,Not  Applicable,"Priority 1: A Capable, Ethical and Developmental State","Building a Capable, Ethical and Developmental State","Governance, State Capacity and Institutional Development cluster",1 Report on the implementation of Back-to-Basics programme,1 Report on the implementation of Back-to-Basics programme,1 Report on the implementation of Back-to-Basics programme,1 Report on the implementation of Back-to-Basics programme.,1 Report on the implementation of Back-to-Basics programme,1 Report on the implementation of Back-to-Basics programme developed.,1 Report on the implementation of Back-to-Basics programme,1 Report on the implementation of Back-to-Basics programme was developed.,4 Reports on the implementation of Back-to Basics programme,-,,,,,Target achieved,,,Target achieved,,,Please provide actual output upon approval.,,,Target achieved.,,,,,,,,191
,Cooperative Governance,Gauteng,Programme 3: Development and Planning,Sub Programme 3.1.	Spatial Planning,Annually,"Number of Districts/ Metros monitored on the implementation One Plans (MTSF 2019 – 2024, Priority 5: Spatial integration, human settlements and local government)",Standardized,Not  Applicable,"Priority 5: Spatial Integration, Human Settlements and Local Government",-,Governance and Administration cluster,,,,,,,,,,,, 5 Districts/Metros were monitored on the implementation of One Plans.,,,,,,,,,,,,,,,,,,,,191
,Cooperative Governance,Gauteng,Programme 3: Development and Planning,Sub Programme 3.1.	Spatial Planning,Quarterly,Default,Standardized,Not  Applicable,"Priority 5: Spatial Integration, Human Settlements and Local Government",-,"The Economic Sectors, Employment and Infrastructure Development cluster",,,,,,,,,,,,,,,,,,,,,,,,,,,,,,,,191
,Cooperative Governance,Gauteng,Programme 3: Development and Planning,Sub Programme 3.2.	Land Use Management ,Annually,Number of Gauteng Spatial Development Frameworks implemented,Non-Standardized,Not  Applicable,"Priority 1: A Capable, Ethical and Developmental State","Building a Capable, Ethical and Developmental State","Governance, State Capacity and Institutional Development cluster",,,,,,,1 Gauteng Spatial Development Framework implemented,GSDF was implemented and Gauteng Spatial Development Framework Implementation Report for 2024 to 2025 was produced. ,1 Gauteng Spatial Development Framework implemented,GSDF was implemented and Gauteng Spatial Development Framework Implementation Report for 2024 to 2025 was produced. ,,,,,,,,,,,,,,,,,,,,,,191
,Cooperative Governance,Gauteng,Programme 3: Development and Planning,Sub Programme 3.2.	Land Use Management ,Quarterly,Default,Standardized,Not  Applicable,"Priority 5: Spatial Integration, Human Settlements and Local Government",-,"The Economic Sectors, Employment and Infrastructure Development cluster",,,,,,,,,,,,,,,,,,,,,,,,,,,,,,,,191
,Cooperative Governance,Gauteng,Programme 3: Development and Planning,Sub Programme 3.3.	Local Economic Development (LED),Quarterly,"Number of work opportunities reported through Community Work Programme (CWP) (MTSF 2019-2024, Priority 2)",Standardized,Not  Applicable,Priority 2: Economic Transformation And Job Creation,-,"The Economic Sectors, Employment and Infrastructure Development cluster",,,,,,,,,,0,,,,,the indicator is incorrectly mapped kindly remove from this sub-programme,,,,,,,,,,,,,,,,,191
,Cooperative Governance,Gauteng,Programme 3: Development and Planning,Sub Programme 3.4:	Municipal Infrastructure,Annually,Number of defective transformers replaced in 6 local municipalities ,Non-Standardized,Not  Applicable,"Priority 1: A Capable, Ethical and Developmental State","Building a Capable, Ethical and Developmental State","The Economic Sectors, Employment and Infrastructure Development cluster",,,,,,,60 Defective transformers replaced under the transformer replacement programme ,41 Transformers were replaced under the transformer replacement programme.,60 Defective transformers replaced under the transformer replacement programme ,41 Transformers were replaced under the transformer replacement programme.,,Due to budgetary constraints under the energy crisis response programme and other competing priorities the number of transformers replaced was reduced to accommodate additional scope of projects in the energy crisis response programme.,"In the 2025/26 financial year, more work will be done to make up for the deficit.",,,,,,,,,,,,,,,,,,,191
,Cooperative Governance,Gauteng,Programme 3: Development and Planning,Sub Programme 3.4:	Municipal Infrastructure,Annually,Number of Districts monitored on the spending of National grants,Standardized,Not  Applicable,"Priority 1: A Capable, Ethical and Developmental State",-,"The Economic Sectors, Employment and Infrastructure Development cluster",,,,,,,,,,,,,,,,,,,,,,,,,,,,,,,,191
,Cooperative Governance,Gauteng,Programme 3: Development and Planning,Sub Programme 3.4:	Municipal Infrastructure,Annually,Number of municipalities supported to implement online metering system for Large Power Users and commercial customers Meters,Non-Standardized,Not  Applicable,"Priority 1: A Capable, Ethical and Developmental State","Building a Capable, Ethical and Developmental State","Governance, State Capacity and Institutional Development cluster",,,,,,,1 Municipality supported to implement online metering system for Large Power Users and commercial customers Meters (Merafong),Merafong local municipality was supported to implement online metering system for Large Power Users and commercial customers Meters.,1 Municipality supported to implement online metering system for Large Power Users and commercial customers Meters (Merafong),Merafong local municipality was supported to implement online metering system for Large Power Users and commercial customers Meters.,,,,,,,,,,,,,,,,,,,,,,191
,Cooperative Governance,Gauteng,Programme 3: Development and Planning,Sub Programme 3.4:	Municipal Infrastructure,Quarterly,Number of Districts monitored on the spending of National Grants,Non-Standardized,Not  Applicable,"Priority 1: A Capable, Ethical and Developmental State","Building a Capable, Ethical and Developmental State","Governance, State Capacity and Institutional Development cluster",5 Districts monitored on the spending of National Grants,5 Districts were monitored on the spending of National Grants,5 Districts monitored on the spending of National Grants,5 Districts were monitored on the spending of National Grants.,5 Districts monitored on the spending of National Grants,5 Districts were monitored on spending of National Grants.,5 Districts monitored on the spending of National Grants,5 Districts were monitored on the spending of National Grants.,5 Districts monitored on the spending of National Grants,-,,,,,Target achieved,,,Target achieved,,,Target achieved.,,,Target achieved.,,,,,,,,191
,Cooperative Governance,Gauteng,Programme 3: Development and Planning,Sub Programme 3.4:	Municipal Infrastructure,Quarterly,Number of microgrids developed for informal settlements,Non-Standardized,Not  Applicable,"Priority 1: A Capable, Ethical and Developmental State","Building a Capable, Ethical and Developmental State","The Economic Sectors, Employment and Infrastructure Development cluster",1 Microgrid developed for an informal settlement ,Amarasta informal settlement microgrid was developed,No target planned ,,No target planned ,,No target planned ,,1 Microgrid developed for an informal settlement ,-,,,,,Target achieved ,,,,,,,,,,,,,,,,,191
,Cooperative Governance,Gauteng,Programme 3: Development and Planning,Sub Programme 3.4:	Municipal Infrastructure,Quarterly,Number of municipalities monitored on implementation of adaptive measures to climate change in water supply infrastructure and use,Non-Standardized,Not  Applicable,"Priority 1: A Capable, Ethical and Developmental State","Building a Capable, Ethical and Developmental State","Governance, State Capacity and Institutional Development cluster",9 Municipalities monitored on the adaptive responses to the climate change impacts on water supply services and use,9 Municipalities were monitored on the adaptive responses to the climate change impacts on water supply services and use,9 Municipalities monitored on the adaptive responses to the climate change impacts on water supply services and use,9 Municipalities were monitored on the adaptive responses to the climate change impacts on water supply services and use.,9 Municipalities monitored on the adaptive responses to the climate change impacts on water supply services and use,9 Municipalities monitored on the adaptive responses to the climate change impacts on water supply services and use.,9 Municipalities monitored on the adaptive responses to the climate change impacts on water supply services and use,9 Municipalities were monitored on the adaptive responses to the climate change impacts on water supply services and use.,9 Municipalities monitored on the adaptive responses to the climate change impacts on water supply services and use. (Focusing on Water conservation and Demand Management),-,,,,,Target achieved ,,,Target achieved,,,Target achieved.,,,Target achieved.,,,,,,,,191
,Cooperative Governance,Gauteng,Programme 3: Development and Planning,Sub Programme 3.4:	Municipal Infrastructure,Quarterly,Number of municipalities monitored on implementation of adaptive measures to climate change in water supply infrastructure and use,Non-Standardized,Not  Applicable,"Priority 1: A Capable, Ethical and Developmental State","Building a Capable, Ethical and Developmental State","Governance, State Capacity and Institutional Development cluster",9 Municipalities supported to implement on the water security interventions,9 Municipalities were supported to implement on the water security interventions,9 Municipalities supported to implement on the water security interventions,9 Municipalities were supported to implement on the water security interventions.,9 Municipalities supported to implement on the water security interventions,9 Municipalities were supported to implement on the water security interventions.,9 Municipalities supported to implement on the water security interventions,9 Municipalities were supported to implement on the water security interventions.,9 Municipalities supported to implement on the water security interventions,-,,,,,Target achieved,,,Target achieved,,,Target achieved.,,,Target achieved.,,,,,,,,191
,Cooperative Governance,Gauteng,Programme 3: Development and Planning,Sub Programme 3.4:	Municipal Infrastructure,Quarterly,Number of municipalities monitored on the implementation of indigent policies (Sub-outcome 1) (B2B Pillar 2),Standardized,Not  Applicable,"Priority 1: A Capable, Ethical and Developmental State",-,"The Economic Sectors, Employment and Infrastructure Development cluster",,,,,,,,,,0,,,,,"The indicator is incorrectly mapped, its under programme, please delete.",,,,,,,,,,,,,,,,,191
,Cooperative Governance,Gauteng,Programme 3: Development and Planning,Sub Programme 3.4:	Municipal Infrastructure,Quarterly,"Number of municipalities monitored on the implementation of infrastructure delivery programmes (Outcome 9, Sub-outcome 1) (B2B Pillar 5",Non-Standardized,Not  Applicable,"Priority 5: Spatial Integration, Human Settlements and Local Government","Building a Capable, Ethical and Developmental State","The Economic Sectors, Employment and Infrastructure Development cluster",9 Municipalities monitored on the implementation of infrastructure delivery programmes,9 Municipalities monitored on the implementation of infrastructure delivery programmes,9 Municipalities monitored on the implementation of infrastructure delivery programmes,9 Municipalities were monitored on the implementation of infrastructure delivery programmes.,9 Municipalities monitored on the implementation of infrastructure delivery programmes,9 Municipalities were monitored on the implementation of infrastructure delivery programmes.,9 Municipalities monitored on the implementation of infrastructure delivery programmes,9 Municipalities were monitored on the implementation of infrastructure delivery programmes.,9 Municipalities monitored on the implementation of infrastructure delivery programmes,-,,,,,Target achieved ,,,Target achieved,,,Target achieved.,,,Target achieved.,,,,,,,,191
,Cooperative Governance,Gauteng,Programme 3: Development and Planning,Sub Programme 3.4:	Municipal Infrastructure,Quarterly,"Number of Municipalities supported with technical skills capacity through multi-disciplinary teams, to address urgent issues which will impact on municipal service delivery",Non-Standardized,Not  Applicable,"Priority 1: A Capable, Ethical and Developmental State","Building a Capable, Ethical and Developmental State","Governance, State Capacity and Institutional Development cluster","6 Municipalities supported with technical skills capacity through multi-disciplinary teams, to address urgent issues which will impact on municipal service delivery","5 Municipalities were supported with technical skills capacity through multi-disciplinary teams, to address urgent issues which will impact on municipal service delivery","6 Municipalities supported with technical skills capacity through multi-disciplinary teams, to address urgent issues which will impact on municipal service delivery","4 Municipalities were supported with technical skills capacity through multi-disciplinary teams, to address urgent issues which will impact on municipal service delivery.


","6 Municipalities supported with technical skills capacity through multi-disciplinary teams, to address urgent issues which will impact on municipal service delivery",4 Municipalities were supported with technical skills capacity through multi- disciplinary teams to address urgent issues which will impact on municipal service delivery.,"6 Municipalities supported with technical skills capacity through multi-disciplinary teams, to address urgent issues which will impact on municipal service delivery",4 Municipalities were supported with technical skills capacity through multi-disciplinary teams to address urgent issues which will impact on municipal service delivery.,"6 Municipalities supported with technical skills capacity through multi-disciplinary teams, to address urgent issues which will impact on municipal service delivery",-,,,,,Target not achieved ,Budget constraints limited the support to four municipalities. ,More budget allocation will be requested.,Target not achieved,Budget constraints limited the support to four municipalities.,The two remaining municipalities will be supported in the new financial year.,Target not achieved.,Budget constraints limited the support to four municipalities. ,More budget allocation will be requested in the 2025/26 financial year.,Target not achieved.,Areas of support at Midvaal LM were not finalised during the period under review,Engagements with Midvaal LM were ongoing to establish areas of support,,,,,,191
,Cooperative Governance,Gauteng,Programme 3: Development and Planning,Sub Programme 3.4:	Municipal Infrastructure,Quarterly,Number of OCGT power stations refurbished in the City of Johannesburg,Non-Standardized,Not  Applicable,"Priority 1: A Capable, Ethical and Developmental State","Building a Capable, Ethical and Developmental State","The Economic Sectors, Employment and Infrastructure Development cluster",1 OCGT (50MW) power stations refurbished ,John Ware OCGT power station refurbishment was completed,1 OCGT (50MW) power stations refurbished ,Work currently underway. ,No target planned,,No target planned ,,2 OCGT (100MW) completion of Durban Street ,-,,,,,Target achieved,"One of the parts is outstanding, there were delays with international procurement.",Continuous monitoring to track delivery of ordered part.,Target not achieved,,,,,,,,,,,,,,191
,Cooperative Governance,Gauteng,Programme 3: Development and Planning,Sub Programme 3.4:	Municipal Infrastructure,Quarterly,Number of smart meters installed in 6 local municipalities in line with the transformer replacement programme,Non-Standardized,Not  Applicable,"Priority 1: A Capable, Ethical and Developmental State","Building a Capable, Ethical and Developmental State","Governance, State Capacity and Institutional Development cluster",1 500 Smart meters installed,3 096 Smart meters installed,3 300 Smart meters installed,Meters were not installed in quarter two.,No target planned ,,No target planned ,,4 800 Smart meters,-,,,,,Target exceeded,Materials procurement was delayed due to some customised components of the meters that required configuration. ,The target will be implemented quarter three.,,,,,,,,The project was fast tracked and additional 1 596 smart meters were installed,,,,,,,191
,Cooperative Governance,Gauteng,Programme 3: Development and Planning,Sub Programme 3.4:	Municipal Infrastructure,Quarterly,Number of solar high mast lights installed in 6 local municipalities ,Non-Standardized,Not  Applicable,"Priority 1: A Capable, Ethical and Developmental State","Building a Capable, Ethical and Developmental State","The Economic Sectors, Employment and Infrastructure Development cluster",57 Solar high mast lights installed in 6 local municipalities,45 Solar high mast lights were installed,No target planned ,,No target planned ,,No target planned ,,57 Solar high mast lights installed in 6 local municipalities,-,,,,,Target not achieved,,,,,,,,,,The outstanding solar high mast lights are earmarked for installation in phase 2 of the implementation of the Gauteng energy crisis response,,,,,,,191
,Cooperative Governance,Gauteng,Programme 3: Development and Planning,Sub Programme 3.5: Disaster Management,Quarterly,Number of disaster management plans completed,Non-Standardized,Not  Applicable,"Priority 1: A Capable, Ethical and Developmental State","Building a Capable, Ethical and Developmental State","Governance, State Capacity and Institutional Development cluster",No target planned ,,Provincial Stakeholder Management and Engagement Strategy completed,The project was on hold.,No target planned,,Level 3 plan disaster management plan completed,Level 3 disaster management plan was not completed.,Level 3 plan disaster management plan completed,-,,,,,N/A,The Department received an appeal on the tender at appointment stage. Risk Management Directorate finalised the investigation and recommended that SCM proceed with the appointment on the 4th of October 2024. ,N/A.,"Performance outputs not provided, the departments is requested to provided outputs upon HOD approval ",,,,The opportunity to appoint a service provider lapsed due to contention of the SCM processes by another service provider. ,The project is deferred to the 2025/2026 financial year.,Target achieved.,,,,,,,,191
,Cooperative Governance,Gauteng,Programme 3: Development and Planning,Sub Programme 3.5: Disaster Management,Quarterly,Number of municipalities supported on Fire Brigade Services,Non-Standardized,Not  Applicable,"Priority 1: A Capable, Ethical and Developmental State","Building a Capable, Ethical and Developmental State","Governance, State Capacity and Institutional Development cluster",No target planned ,,1 Municipalities supported on Fire Brigade Services. (Midvaal).,Midvaal Local Municipality was supported on Fire Brigade Services.,2 Municipality supported on Fire Brigade Services. (Lesedi and WRDM),2 Municipalities (Lesedi local municipality and West Rand district municipality) were supported on Fire Brigade Services.,No target planned ,,3 Municipalities supported on Fire Brigade Services,-,,,,,N/A,,,Target achieved,,,,,,,,,,,,,,191
,Cooperative Governance,Gauteng,Programme 3: Development and Planning,Sub Programme 3.5: Disaster Management,Quarterly,Number of municipalities supported on Fire Brigade Services,Standardized,Not  Applicable,"Priority 1: A Capable, Ethical and Developmental State",-,"The Economic Sectors, Employment and Infrastructure Development cluster",0,,0,,0,,0,,0,0,,,,,"Duplicated Indicator, please delete ",,,,,,,,,,,,,,,,,191
,Cooperative Governance,Gauteng,Programme 3: Development and Planning,Sub Programme 3.5: Disaster Management,Quarterly,Number of municipalities supported to maintain functional Disaster Management Centres,Non-Standardized,Not  Applicable,"Priority 1: A Capable, Ethical and Developmental State","Building a Capable, Ethical and Developmental State","Governance, State Capacity and Institutional Development cluster",1 Municipality (COE)supported to maintain a functional Disaster Management Centres ,City of Ekurhuleni was supported to maintain functional disaster management centre. Functionality assessment for COE was concluded on 11 June 2024.,1 Municipality (COJ) supported to maintain a functional Disaster Management Centres ,City of Johannesburg was supported to maintain functional Disaster Management Centre. Functionality assessment for COJ was conducted on 12 August 2024.,1 Municipality (COJ) supported to maintain a functional Disaster Management Centres ,Functionality Assessment for the City of Tshwane was done on 15 November 2024.,2 Municipalities (WRDM and Sedibeng) supported to maintain a functional,2 Municipalities (WRD and SDM) were supported to maintain functional Disaster Management Centres. ,5 Municipalities supported to maintain functional Disaster Management Centres,-,,,,,Target achieved ,,,Target achieved,,,,,,Target achieved.,,,,,,,,191
,Cooperative Governance,Gauteng,Programme 3: Development and Planning,Sub Programme 3.5: Disaster Management,Quarterly,Number of municipalities supported to maintain functional Disaster Management Centres,Standardized,Not  Applicable,"Priority 1: A Capable, Ethical and Developmental State",-,"The Economic Sectors, Employment and Infrastructure Development cluster",0,,0,,0,,0,,0,0,,,,,"Duplicated Indicator, please delete  ",,,,,,,,,,,,,,,,,191
,Cooperative Governance,Gauteng,Programme 3: Development and Planning,Sub Programme 3.6:	IDP Coordination,Annually,Number of municipalities with legally compliant IDPs,Standardized,Not  Applicable,"Priority 1: A Capable, Ethical and Developmental State",-,"The Economic Sectors, Employment and Infrastructure Development cluster",,,,,,,,,,,,,,,,,,,,,,,,,,,,,,,,191
,Cooperative Governance,Gauteng,Programme 3: Development and Planning,Sub Programme 3.6:	IDP Coordination,Quarterly,Default,Standardized,Not  Applicable,"Priority 5: Spatial Integration, Human Settlements and Local Government",-,"The Economic Sectors, Employment and Infrastructure Development cluster",,,,,,,,,,0,,,,,,,,,,,,,,,,,,,,,,191
,Cooperative Governance,Gauteng,Programme 3: Development and Planning,Sub Programme 3.6:	IDP Coordination,Quarterly,Number of DDM Hub Implementation plans executed,Non-Standardized,Not  Applicable,"Priority 5: Spatial Integration, Human Settlements and Local Government",Sustainable Development for future generation,"Governance, State Capacity and Institutional Development cluster",1 Sedibeng 2nd generation One Plan submitted for endorsement by Councils and IGR Stakeholders ,1 Sedibeng 2nd generation One Plan was submitted for endorsement by Councils and IGR Stakeholders,Confirmation of 2nd generation One Plan catalytic projects by the DDM Hub,Progress tracked through the implementation plan.,1 Project Preparation Support Plan developed for catalytic projects,1 Project Preparation Support Plan developed for catalytic project.,1 Sedibeng DDM Hub 2024/25 plan implemented,Sedibeng DDM Hub 2024/25 plan was implemented.,1 Sedibeng DDM Hub 2024/25 plan implemented,-,,,,,Target achieved,,,Target exceeded,,,Target not achieved. Please provide RoD and Corrective Action upon approval.,,,Target achieved.,,,,,,,,191
,Cooperative Governance,Gauteng,Programme 3: Development and Planning,Sub Programme 3.6:	IDP Coordination,Quarterly,"Number of Districts/ Metros monitored on the implementation One Plans (MTSF 2019 – 2024, Priority 5: Spatial integration, human settlements, and local government)",Non-Standardized,Not  Applicable,"Priority 5: Spatial Integration, Human Settlements and Local Government",Sustainable Development for future generation,"Governance, State Capacity and Institutional Development cluster",5 District/Metro monitored on the implementation of One Plans,5 District/Metro were monitored on the implementation of One Plans,5 District/Metro monitored on the implementation of One Plans,"5 District/Metro were monitored on the implementation of One Plans.

",5 District/Metro monitored on the implementation of One Plans,5 District/Metro were monitored on the implementation of One Plans.,5 District/Metro monitored on the implementation of One Plans, 5 Districts/Metros were monitored on the implementation of One Plans.,5 District/Metro monitored on the implementation of One Plans,-,,,,,Target achieved ,,,Target achieved,,,Target achieved.,,,Target achieved.,,,,,,,,191
,Cooperative Governance,Gauteng,Programme 3: Development and Planning,Sub Programme 3.6:	IDP Coordination,Quarterly,Number of municipalities with legally compliant IDPs,Non-Standardized,Not  Applicable,"Priority 1: A Capable, Ethical and Developmental State","Building a Capable, Ethical and Developmental State","Governance, State Capacity and Institutional Development cluster",11 Municipalities Draft IDPs assessed,11 Municipalities Draft IDPs were assessed,MEC letters issued to 11 municipalities,11 MEC IDP Assessment letters issued to municipalities.,No target planned ,,11 Municipalities with legally compliant IDPs , 11 Municipalities with legally compliant IDPs.,11 Municipalities with legally compliant IDPs ,-,,,,,Target achieved,,,Target achieved,,,,,,Target achieved.,,,,,,,,191
,Cooperative Governance,Gauteng,Programme 3: Development and Planning,Sub Programme 3.6:	IDP Coordination,Quarterly,"Number of work opportunities reported through the Community Work Programme (CWP) (MTSF 2019-2024, Priority 2)",Non-Standardized,Not  Applicable,Priority 2: Economic Transformation And Job Creation,"Economy, Jobs and Infrastructure ","The Economic Sectors, Employment and Infrastructure Development cluster",21 000 Work opportunities reported through the Community Work Programme,22 391 Participants were employed in the programme,21 000 Work opportunities reported through the Community Work Programme,22 453 Participants were employed in the programme in second quarter.,21 000 Work opportunities reported through the Community Work Programme,22 469 were employed in the programme in the third quarter.,21 000 Work opportunities reported through the Community Work Programme,22 479 Participants were employed in the programme in the third quarter.,21 000 Work opportunities reported through the Community Work Programme,-,,,,,"Target exceeded, department did not provide reason for deviation",The target was over-achieved due to high interest from communities to be involved in the programme. ,,Target exceeded,"The target was overachieved due to high interest from communities
to be involved in the programme.",,Please provide actual output upon approval.,The target was overachieved due to high interest from communities to be involved in the programme.,,Please provide actual output upon approval.,The target was overachieved due to high interest from communities to be involved in the programme,,,,,,,191
,Cooperative Governance,Gauteng,Programme 4: Traditional Institutional Management,Programme 4: Traditional Institutional Management,Annually,Number of Traditional Councils supported to perform their functions (TKLA and CIA),Non-Standardized,Not  Applicable,"Priority 1: A Capable, Ethical and Developmental State","Building a Capable, Ethical and Developmental State","Governance, State Capacity and Institutional Development cluster",,,,,,,2 Traditional Councils complying with legislative prescripts,"2 Traditional Councils were supported to comply with legislative prescripts.

",2 Traditional Councils complying with legislative prescripts,"2 Traditional Councils were supported to comply with legislative prescripts.

",,,,,,,,,,,,,,,,,,,,,,191
,Cooperative Governance,Gauteng,Programme 4: Traditional Institutional Management,Programme 4: Traditional Institutional Management,Quarterly,Number of Anti GBVF Intervention/campaigns for traditional leadership (Final M&E Plan for the NSP on GBVF) (Pillar 2: Prevention and Restoration of Social Fabric),Standardized,Not  Applicable,"Priority 1: A Capable, Ethical and Developmental State",-,"The Economic Sectors, Employment and Infrastructure Development cluster",,,,,,,,,,0,,,,,Duplicated indicator please delete,,,,,,,,,,,,,,,,,191
,Cooperative Governance,Gauteng,Programme 4: Traditional Institutional Management,Programme 4: Traditional Institutional Management,Quarterly,Number of Traditional Councils supported to perform their functions,Standardized,Not  Applicable,"Priority 1: A Capable, Ethical and Developmental State",-,"The Economic Sectors, Employment and Infrastructure Development cluster",,,,,,,,,,0,,,,,"Duplicated indicator, please delete",,,,,,,,,,,,,,,,,191
,Cooperative Governance,Gauteng,Programme 4: Traditional Institutional Management,Programme 4: Traditional Institutional Management,Quarterly,Percentage of  Traditional Leadership  succession disputes  processed,Non-Standardized,Not  Applicable,"Priority 1: A Capable, Ethical and Developmental State","Building a Capable, Ethical and Developmental State","Governance, State Capacity and Institutional Development cluster",100% of Traditional Leadership succession disputes processed,No applications were received during the quarter under review,100% of Traditional Leadership succession disputes processed,No claims or disputes were received during the second quarter.,100% of Traditional Leadership succession disputes processed,No claims and disputes were received in the third quarter.,100% of Traditional Leadership succession disputes processed,No succession claims and disputes were received during this quarter.,100% of Traditional Leadership succession disputes processed,-,,,,,Target not achieved ,,,Target not achieved,,,Target not achieved. ,,,Target not achieved.,,,,,,,,191
,Cooperative Governance,Gauteng,Programme 4: Traditional Institutional Management,Programme 4: Traditional Institutional Management,Quarterly,Percentage of Traditional Leadership succession disputes processed,Standardized,Not  Applicable,"Priority 5: Spatial Integration, Human Settlements and Local Government",-,Governance and Administration cluster,0 %,,0 %,,0 %,,0 %,,0 %,0 %,,,,,"Duplicated indicator, please delete",,,,,,,,,,,,,,,,,191
,Cooperative Governance,Gauteng,Programme 4: Traditional Institutional Management,Sub Programme 4.1: Traditional Institutional Administration,Quarterly,Default,Standardized,Not  Applicable,Priority 6: Social Cohesion and Safer Communities,-,Governance and Administration cluster,,,,,,,,,,,,,,,,,,,,,,,,,,,,,,,,191
,Cooperative Governance,Gauteng,Programme 4: Traditional Institutional Management,Sub Programme 4.2: Traditional Resource Administration,Quarterly,Default,Standardized,Not  Applicable,Priority 6: Social Cohesion and Safer Communities,-,Governance and Administration cluster,,,,,,,,,,,,,,,,,,,,,,,,,,,,,,,,191
,Cooperative Governance,Gauteng,Programme 4: Traditional Institutional Management,Sub Programme 4.3: Rural Development Facilitation ,Quarterly,Default,Standardized,Not  Applicable,Priority 6: Social Cohesion and Safer Communities,-,Governance and Administration cluster,,,,,,,,,,,,,,,,,,,,,,,,,,,,,,,,191
,Cooperative Governance,Gauteng,Programme 4: Traditional Institutional Management,Sub Programme 4.4: Traditional Land Administration,Quarterly,Default,Standardized,Not  Applicable,Priority 6: Social Cohesion and Safer Communities,-,Governance and Administration cluster,,,,,,,,,,,,,,,,,,,,,,,,,,,,,,,,191
,Cooperative Governance,Gauteng,Programme 5: House of Traditional Leaders,-Sub Programme 5.1: Administration of Houses of Traditional Leaders,Quarterly,Default,Standardized,Not  Applicable,Priority 6: Social Cohesion and Safer Communities,-,Governance and Administration cluster,,,,,,,,,,,,,,,,,,,,,,,,,,,,,,,,191
,Cooperative Governance,Gauteng,Programme 5: House of Traditional Leaders,Sub Programme 5.2: Committees and Local Houses of Traditional Leaders,Quarterly,Default,Standardized,Not  Applicable,Priority 6: Social Cohesion and Safer Communities,-,Governance and Administration cluster,,,,,,,,,,,,,,,,,,,,,,,,,,,,,,,,191
"Agriculture, Forestry and Fisheries",Agriculture,Gauteng,Programme 1: Administration,Sub Programme 1.3: Corporate Services,Quarterly,Percentage of people with disabilities  employed within the department,Non-Standardized,Max,Priority 2: Economic Transformation And Job Creation,"Economy, Jobs and Infrastructure ","The Economic Sectors, Employment and Infrastructure Development cluster",5 %,0 %,5 %,0 %,5 %,0 %,5 %,3 %,5 %,3 %,,,,,Actual achievement not provided,Report end of Q4,Report end of Q4,Actual outputs to be provided before finalisation of the report.,Not applicable.,To be reported in Q4.,Kindly provide Actual output before approval ,"There has been a 0.16% decline on the representation for People with Disabilities (PwDs) as compared to the same period last year, this could be attributed to natural attrition (resignation and transfers).",Continuous disclosure campaign internally will continue to encourage employees to disclose their non-visible types of Disabilities.,Unable to assess as preliminary report is not provided,report not ready,To be submitted at the end of the quarter,,,,,,191
"Agriculture, Forestry and Fisheries",Agriculture,Gauteng,Programme 1: Administration,Sub Programme 1.3: Corporate Services,Quarterly,Percentage of women employed at SMS  level within the department,Non-Standardized,Max,Priority 2: Economic Transformation And Job Creation,"Economy, Jobs and Infrastructure ","The Economic Sectors, Employment and Infrastructure Development cluster",50 %,0 %,50 %,0 %,50 %,0 %,50 %,53 %,50 %,53 %,,,,,"Actual achievement not provided  
",Report end of Q4,Report end of Q4,Actual outputs to be provided before finalisation of the report.,Not applicable.,To be reported in Q4.,Kindly provide Actual output before approval ,The target's improvement could be attributed to continuous targeted recruitment drive and commitment to prioritize women has yielded positive results,None,Unable to assess as preliminary report is not provided,Report not ready,To be submitted at the end of the quarter,,,,,,191
"Agriculture, Forestry and Fisheries",Agriculture,Gauteng,Programme 1: Administration,Sub Programme 1.3: Corporate Services,Quarterly,Vacancy rate maintained below 10% ,Non-Standardized,Max,Priority 2: Economic Transformation And Job Creation,"Economy, Jobs and Infrastructure ","The Economic Sectors, Employment and Infrastructure Development cluster",10 %,0 %,10 %,0 %,10 %,0 %,10 %,16 %,10 %,16 %,,,,,Actual achievement not provided,Report end of Q4,Report end of Q4,Actual outputs to be provided before finalisation of the report.,Not applicable.,To be reported in Q4.,Kindly provide Actual output before approval ,"DPSA Issued a circular on control measures for filling of all vacant posts, which office of the premier must grant approval prior advertisement. On the motivation that the department wrote to fill position on 19 posts were granted by office of the premier to be filled, approval was granted in December 2024","A total of 19 posts have been prioritized for filling in the new financial year and they were advertised. Recruitment process is in progress   and the Directive on control measures have been discontinued effective 01 April 2025 
It will assist which will reduce the vacancy rate and maintain it below the targeted 10%. However, all program 1 position will be advertised after the finalisation of PMOG (departmental split) 
",Unable to assess as preliminary report is not provided,report not ready,To be submitted at the end of the quarter,,,,,,191
"Agriculture, Forestry and Fisheries",Agriculture,Gauteng,Programme 1: Administration,Sub Programme 1.4: Financial Management,Annually,Clean audit outcome obtained from the Auditor-General,Not Applicable,Not  Applicable,"Priority 1: A Capable, Ethical and Developmental State","Building a Capable, Ethical and Developmental State","Governance, State Capacity and Institutional Development cluster",,,clean audit,unqualfied,,,,,clean audit,unqualfied,,"There was a material adjustment to the annual performance report and non-compliance to legislation, which prevented the department from achieving a clean audit.",Implement the AGSA 2023/24 audit improvement plan in order to achieve clean audit in 2024/25 FY,,,,,,,,,,,,,,,,,,,191
"Agriculture, Forestry and Fisheries",Agriculture,Gauteng,Programme 1: Administration,Sub Programme 1.4: Financial Management,Quarterly, Percentage Reduction in irregular expenditure,Non-Standardized,Not  Applicable,Priority 2: Economic Transformation And Job Creation,"Economy, Jobs and Infrastructure ","The Economic Sectors, Employment and Infrastructure Development cluster",100 %,0 %,100 %,100 %,100 %,100 %,100 %,0 %,100 %,200 %,,,,,Actual achievement not provided,The Department did not incur any irregular expenditure. ,none,,"The Department did not incur any irregular expenditure during the quarter under review
",none,,No report received. The National Treasury is experiencing system technical issues which prevents the Departments (GPG) to access the reports,Treasury is still working on the issue of resolving the system glitches.,Unable to assess as preliminary report is not provided,report not ready,To be submitted at the end of July,,,,,,191
"Agriculture, Forestry and Fisheries",Agriculture,Gauteng,Programme 1: Administration,Sub Programme 1.4: Financial Management,Quarterly,Percentage in department spend in township,Non-Standardized,Max,Priority 2: Economic Transformation And Job Creation,"Economy, Jobs and Infrastructure ","The Economic Sectors, Employment and Infrastructure Development cluster",40 %,0 %,40 %,20 %,40 %,26 %,40 %,0 %,40 %,26 %,,,,,Actual achievement not provided,"Although the Department targeted township-based businesses when request for procurement for </= R1000 000 are made, the department did not achieve its set targets as was anticipated. During the reporting period under review, most of the township-based businesses were found to be non-tax compliant","The Department appointed a task team incorporating BBBEE unit, transformation and SCM, to draft a plan to address challenges with regards to targets in relation to township-based businesses",,"Although the Department targeted businesses owned by designated groups when request for procurement for </= R 10000 000 are made, the Department did not achieve its set targets as was anticipated. Most of the township-based businesses were found to be non-tax compliant
","In collaboration with other key stakeholders such as SARS and Gauteng Treasury, the Department during the reporting period under review held a capacity building training workshop, whereby the targeted groups were empowered on how to run businesses with Government, how to register for CSD as well as how to comply with tax related matters
",Kindly provide Actual output upon approval ,No report received. The National Treasury is experiencing system technical issues which prevents the Departments (GPG) to access the reports,Treasury is still working on the issue of resolving the system glitches.,Unable to assess as preliminary report is not provided,report to be ready,To be submitted at the end of July,,,,,,191
"Agriculture, Forestry and Fisheries",Agriculture,Gauteng,Programme 1: Administration,Sub Programme 1.4: Financial Management,Quarterly,Percentage of invoices paid within 10 days of receipt,Non-Standardized,Not  Applicable,Not Applicable,"Economy, Jobs and Infrastructure ",Not Applicable,100,84,100,53,100,27,100,49,100,49,,,,,,"•	Suppliers Tax Clearance Certificates expired, this needed to be updated before payment could be affected.
•	Purchase Order (PO) had to be corrected before payment could be affected, the price and quantity had to be swopped to make it a part payment and correction of allocation codes, this was done after the payment run exceeding the payment period.
•	The Cash Flow issues were experienced from April 2024, as a result, the 6000 EPWP workers stipend were paid from Goods and Services Budget. This impacted on the Cash Flow Availability to pay suppliers invoices.
•	Later submission of RLS02 by end users, exceeding the 10 days period.
","

•	Suppliers are informed that they needed to update their Tax Clearance Certificates before payment could be affected.
•	Payment Officials informs SCM unit if there are any corrections (exceptions) to PO to be made to process payment.
•	The Department escalated the Cash Flow issues to Provincial Treasury 
•	The Payment section continues to follow up with end-users to ensure that approved RLS02s get submitted within the 10 days’ time frame, and that consequence management will apply 
",,"The Department continued to experience cash flow issues, due to the unfunded mandate of the  6000 EPWP workers’ stipends  being paid from Goods and Services Budget. The Department does not have budget or cash available under goods and services to fulfil its current commitments. 
2024 because of the unfunded mandate of 6000 EPWP workers stipend being paid from Goods and Services Budget, this impacted on the Cash Flow availability to pay for normal goods and services invoices for the Month of November 2024.
","To address cash flow challenges in the Department, only critical and long outstanding Invoices will be paid with the remining cash availability. The Department will also stop procurement immediately for projects for the 2024-2025 financial year and deferred to the 2025-2026 FY. Furthermore, Program Managers will communicate with suppliers to put on hold the delivery of goods on purchase orders already issued and advise to defer delivery to the next financial year. The Department has also resolved that there will be no costs for venues, catering and S&T claims to travel to meetings.
 Treasury (PT) to assist.  
- Additional Budget was requested during Adjustment Budget process, to address the cash Flow challenges of the Department and it was not allocated.  PT, indicated the Department cash flow cannot be increased due to the gloomy macroeconomic environment and its implications for the fiscal envelope. 
",,"
The main reasons for exceeding the 10, 15 and 30 Days were due to the following:
- The Cash Flow issues experience from April 2024, the 6000 EPWP workers stipend are being paid from Goods and Services Budget, this impacted on the Cash Flow Availability to pay suppliers invoices.
","
The Department’s cashflow challenges were raised with Provincial Treasury to assist. Additional Budget was requested during the adjustment budget process to address the cash flow challenges and it was not allocated.  Provincial Treasury indicated that the Department’s cash flow cannot be increased, due to the gloomy macroeconomic environment and its implications for the fiscal envelope. ",,"Two service providers PO was incorrectly created, it had to be sent back to Procurement to swap the Quantity and Amount before payment could be process. 
- The Department Cash Flow issues experience during the month of May 2024, becaue of the 6000 EPWP workers stipend are being paid from Goods and Services Budget, this impacted on the Cash Flow Availability to pay for normal goods and services invoices.
","This incorrect creation of PO was escalated to supply chain management and it was corrected. The Department escalated the Cash Flow issues with Provincial Treasury to address the cash flow issues. 
",,,,,,191
"Agriculture, Forestry and Fisheries",Agriculture,Gauteng,Programme 1: Administration,Sub Programme 1.4: Financial Management,Quarterly,Percentage of total procurement that targets businesses owned by Military Veterans,Non-Standardized,Not  Applicable,Priority 2: Economic Transformation And Job Creation,"Education, Skills Revolution and Health ","The Economic Sectors, Employment and Infrastructure Development cluster",0.2 %,0 %,0.2 %,0 %,0.2 %,0 %,0.2 %,0 %,0.2 %,0 %,,,,,Actual achievement not provided,"Although the Department targeted business owned by designated groups when request for procurement for </= R1000 000 are made, the department did not achieve its set targets as was anticipated. During the reporting period under review, most of the targeted groups for Military Veterans were found to be non-tax compliant","The Department appointed a task team incorporating BBBEE unit, transformation and SCM, to draft a plan to address challenges with regards to targets on preferential procurement for Military Veterans/",,"Although the Department targeted businesses owned by designated groups when request for procurement for </= R 10000 000 are made, the Department did not achieve its set targets as was anticipated. Most of the township-based businesses were found to be non-tax compliant
","In collaboration with other key stakeholders such as SARS and Gauteng Treasury, the Department during the reporting period under review held a capacity building training workshop, whereby the targeted groups were empowered on how to run businesses with Government, how to register for CSD as well as how to comply with tax related matters
",Kindly provide Actual output upon approval ,No report received. The National Treasury is experiencing system technical issues which prevents the Departments (GPG) to access the reports,Treasury is still working on the issue of resolving the system glitches.,Unable to assess as preliminary report is not provided,report not ready,To be submitted at the end of July,,,,,,191
"Agriculture, Forestry and Fisheries",Agriculture,Gauteng,Programme 1: Administration,Sub Programme 1.4: Financial Management,Quarterly,Percentage of total procurement that targets businesses owned by Persons with Disabilities (PwDs),Non-Standardized,Not  Applicable,Priority 2: Economic Transformation And Job Creation,"Economy, Jobs and Infrastructure ","The Economic Sectors, Employment and Infrastructure Development cluster",7 %,0 %,7 %,2.2 %,7 %,0 %,7 %,0 %,7 %,4 %,,,,,Actual achievement not provided,"Although the Department targeted business owned by designated groups when request for procurement for </= R1000 000 are made, the department did not achieve its set targets as was anticipated. During the reporting period under review, most of the targeted groups for Persons with Disabilities (PwDs) were found to be non-tax compliant.","The Department appointed a task team incorporating BBBEE unit, transformation and SCM, to draft a plan to address challenges with regards to targets on preferential procurement for Persons with Disabilities (PwDs)",,"Although the Department targeted businesses owned by designated groups when request for procurement for </= R 10000 000 are made, the Department did not achieve its set targets as was anticipated. Most of the township-based businesses were found to be non-tax compliant
","In collaboration with other key stakeholders such as SARS and Gauteng Treasury, the Department during the reporting period under review held a capacity building training workshop, whereby the targeted groups were empowered on how to run businesses with Government, how to register for CSD as well as how to comply with tax related matters
",Kindly provide Actual output upon approval ,No report received. The National Treasury is experiencing system technical issues which prevents the Departments (GPG) to access the reports,Treasury is still working on the issue of resolving the system glitches.,Unable to assess as preliminary report is not provided,Report not ready,To be submitted at the end of July,,,,,,191
"Agriculture, Forestry and Fisheries",Agriculture,Gauteng,Programme 1: Administration,Sub Programme 1.4: Financial Management,Quarterly,Percentage of total procurement that targets businesses owned by Women,Non-Standardized,Not  Applicable,Priority 2: Economic Transformation And Job Creation,"Economy, Jobs and Infrastructure ","The Economic Sectors, Employment and Infrastructure Development cluster",40 %,0 %,40 %,59 %,40 %,73 %,40 %,0 %,40 %,0 %,,,,,Actual achievement not provided,Increased selection of women owned businesses on the CSD for procurement of goods/services through the request for quotation process produced positive results.,None,,"Increased selection of Women owned businesses on the CSD for procurement of goods/services through the request for quotation process produced positive results
",none,Kindly provide Actual output upon approval ,No report received. The National Treasury is experiencing system technical issues which prevents the Departments (GPG) to access the reports,Treasury is still working on the issue of resolving the system glitches.,Unable to assess as preliminary report is not provided,Report not ready,To be submitted at the end of July,,,,,,191
"Agriculture, Forestry and Fisheries",Agriculture,Gauteng,Programme 1: Administration,Sub Programme 1.4: Financial Management,Quarterly,Percentage of total procurement that targets businesses owned by Youth,Non-Standardized,Not  Applicable,Priority 2: Economic Transformation And Job Creation,"Economy, Jobs and Infrastructure ","The Economic Sectors, Employment and Infrastructure Development cluster",30 %,0 %,30 %,31 %,30 %,50 %,30 %,0 %,30 %,0 %,,,,,Actual achievement not provided,Monitoring the quantity of request for quotations sourced from Youth owned businesses.,None,,"Monitoring the quantity of request for quotations sourced from Youth owned businesses.
",none,Kindly provide Actual output upon approval ,No report received. The National Treasury is experiencing system technical issues which prevents the Departments (GPG) to access the reports,Treasury is still working on the issue of resolving the system glitches.,Unable to assess as preliminary report is not provided,Report ready,To be submitted at the end of July,,,,,,191
"Agriculture, Forestry and Fisheries",Agriculture,Gauteng,Programme 1: Administration,Sub Programme 1.4: Financial Management,Quarterly,Percentage procurement implemented through the open tender system,Non-Standardized,Not  Applicable,Priority 2: Economic Transformation And Job Creation,"Economy, Jobs and Infrastructure ","The Economic Sectors, Employment and Infrastructure Development cluster",100 %,0 %,100 %,100 %,100 %,100 %,100 %,100 %,100 %,100 %,,,,,Actual achievement not provided,All tenders above the value of R2 million were completed through the open tender process.,none,,All tenders above the value of R2 million were completed through the open tender process,none,,All tenders above the value of R2 million were completed through the open tender process.,None,Unable to assess as preliminary report is not provided,report not ready,To be submitted at the end of July,,,,,,191
"Agriculture, Forestry and Fisheries",Agriculture,Gauteng,Programme 1: Administration,Sub Programme 1.6 Special Projects,Quarterly,Percentage of Ntirhisano commitments  achieved,Non-Standardized,Max,Priority 2: Economic Transformation And Job Creation,"Economy, Jobs and Infrastructure ","The Economic Sectors, Employment and Infrastructure Development cluster",90 %,96 %,90 %,96 %,90 %,100 %,90 %,100 %,90 %,100 %,,,,,,Five thousand six hundred and sixteen (5 620) cases were allocated to the Department to resolve since 2020 to date through CRM Dynamics. Five thousand three hundred and eighty (5 380) cases have been resolved.,None,,None,None ,,"All cases were resolved on CRM Dynamics as received
",none,,"Five thousand six hundred and sixteen (5 620) cases were allocated to GDARDE to resolve since 2020 to date through CRM Dynamics. Five thousand three hundred and eighty (5 380) cases have been resolved, two thousand and forty (240) cases are active.  ",none,,,,,,191
"Agriculture, Forestry and Fisheries",Agriculture,Gauteng,Programme 1: Administration,Sub Programme 1.6 Special Projects,Quarterly,Percentage of Ntirhisano commitments achieved,Non-Standardized,Not  Applicable,Priority 4: Consolidating the Social Wage through Reliable and Quality Basic Services,"Economy, Jobs and Infrastructure ","The Social Protection, Community and Human Development cluster",80 %,,80 %,,80 %,100 %,80 %,100 %,80 %,100 %,,,,,,,,,"All cases were resolved on CRM Dynamics as received
",,Kindly provide Actual output upon approval ,"All cases were resolved on CRM Dynamics as received
",none,,,,,,,,,191
"Agriculture, Forestry and Fisheries",Agriculture,Gauteng,Programme 2: Sustainable Resource Use and Management,Sub Programme 2.1: Agricultural Engineering Services,Annually,Number of agricultural infrastracture established,Standardized,Not  Applicable,"Priority 5: Spatial Integration, Human Settlements and Local Government","Economy, Jobs and Infrastructure ","The Economic Sectors, Employment and Infrastructure Development cluster",,,,,,,50,0,50,0,,All planned projects were halted as a result of the introduction of the new Beneficiary Holder Account Framework. ,"All planned projects have been reprioritized in terms of funding, with the CASP funding for infrastructure projects now being allocated under the Beneficiary Holder Account Framework",,,,,,,,,,,,,,,,,,,191
"Agriculture, Forestry and Fisheries",Agriculture,Gauteng,Programme 2: Sustainable Resource Use and Management,Sub Programme 2.1: Agricultural Engineering Services,Quarterly,Number of agricultural infrastructure established,Standardized,Not  Applicable,"Priority 5: Spatial Integration, Human Settlements and Local Government",-,"The Economic Sectors, Employment and Infrastructure Development cluster",,,,,,,,0,,0,,,,,,,,,,,,All planned projects were halted as a result of the introduction of the new Beneficiary Holder Account Framework. ,"All planned projects have been reprioritized in terms of funding, with the CASP funding for infrastructure projects now being allocated under the Beneficiary Holder Account Framework.",Unable to assess as preliminary report is not provided,,,,Reason for deviation noted. Internal processes must feed into DPME processes. It is important that performance is reported in time for the PDA to verify and quality assure prior to submitting to the DPME and oversight bodies ,,,,191
"Agriculture, Forestry and Fisheries",Agriculture,Gauteng,Programme 2: Sustainable Resource Use and Management,Sub Programme 2.2: Land Care,Annually,Number of hectares of cultivated land under Conservation Agriculture practices,Standardized,Not  Applicable,Priority 2: Economic Transformation And Job Creation,-,"The Economic Sectors, Employment and Infrastructure Development cluster",,,,,,,,106,,106,,Appointment of service providers and procurement of inputs including Legume grains,None,,,,,,,,,,,,,,,,,,,191
"Agriculture, Forestry and Fisheries",Agriculture,Gauteng,Programme 2: Sustainable Resource Use and Management,Sub Programme 2.2: Land Care,Quarterly,Number of green jobs created,Standardized,Not  Applicable,"Priority 5: Spatial Integration, Human Settlements and Local Government",-,"The Economic Sectors, Employment and Infrastructure Development cluster",0,0,100,0,450,25,100,25,650,50,,,,,,"Landcare had no adequate funds to execute conservation agriculture projects. National Grant Funds were transferred in the last month of Quarter 2 (September 2024) 
","Accelerated procurement plan is in place and procurement for land care has been  prioritized by SCM
",Actual outputs to be provided before finalisation of the report.,"Late appointment of service providers due to departmental challenges and risks which included, late approvals of business plans and late transfers of funds to the province, resulted into departmental projects being implemented later than was planned for.
","The Department will utilise the Landcare equitable shares to start the process of acquiring RFQs to fast-track service delivery.

",Kindly provide Actual output upon approval ,Inadequate and Late Appointment of Alien Plants EPWP Administration Service Providers for full implementation of the project, Future Appointment of service providers on time i.e. Quarter 2 2025/26,Unable to assess as preliminary report is not provided,report not ready,To be submitted at the end of the quarter,"Based on the APP, the indicator was not planned for in Q1.",Reason for deviation noted. Internal processes must feed into DPME processes. It is important that performance is reported in time for the PDA to verify and quality assure prior to submitting to the DPME and oversight bodies,"While we understand that there may be delays in finalising the report, it is essential that any challenges encountered are clearly articulated so that we can assess the situation and provide the necessary support. Without understanding the root causes, it becomes difficult to suggest corrective measures or to prevent future delays. Could the province please provide more detail on the specific challenges being faced, as well as the steps being taken to address them? Timely reporting is crucial for ensuring effective monitoring and decision-making. We encourage the province to expedite the completion of the report in the future, addressing any internal challenges that may be causing delays","While we understand that there may be delays in finalising the report, it is essential that any challenges encountered are clearly articulated so that we can assess the situation and provide the necessary support. Without understanding the root causes, it becomes difficult to suggest corrective measures or to prevent future delays. Could the province please provide more detail on the specific challenges being faced, as well as the steps being taken to address them? Timely reporting is crucial for ensuring effective monitoring and decision-making. We encourage the province to expedite the completion of the report in the future, addressing any internal challenges that may be causing delays",,191
"Agriculture, Forestry and Fisheries",Agriculture,Gauteng,Programme 2: Sustainable Resource Use and Management,Sub Programme 2.2: Land Care,Quarterly,Number of hectares of agricultural land rehabilitated,Standardized,Not  Applicable,"Priority 5: Spatial Integration, Human Settlements and Local Government",-,"The Economic Sectors, Employment and Infrastructure Development cluster",0,0,350,0,700,0,400,190,1450,190,,,,,,"Landcare had no adequate funds to execute conservation agriculture projects. National Grant Funds were transferred in the last month of Quarter 2 (September 2024) 
y","Accelerated procurement plan is in place and procurement for land care has been  prioritized by SCM
",Actual outputs to be provided before finalisation of the report.,"Late appointment of service providers due to departmental challenges and risks which included, late approvals of business plans and late transfers of funds to the province, resulted into departmental projects being implemented later than was planned for.
","The Department will utilise the Landcare equitable shares to start the process of acquiring RFQs to fast-track service delivery.

",Kindly provide Actual output upon approval ,Inadequate and Late Appointment of Alien Plants EPWP Administration Service Providers for full implementation of the project,Future Appointment of service providers on time i.e. Quarter 2 2025/26,Unable to assess as preliminary report is not provided,Report not ready,To be submitted at the end of the quarter,"Based on the APP, the indicator was not planned for in Q1. ",Reason for deviation noted. Internal processes must feed into DPME processes. It is important that performance is reported in time for the PDA to verify and quality assure prior to submitting to the DPME and oversight bodies,"While we understand that there may be delays in finalising the report, it is essential that any challenges encountered are clearly articulated so that we can assess the situation and provide the necessary support. Without understanding the root causes, it becomes difficult to suggest corrective measures or to prevent future delays. Could the province please provide more detail on the specific challenges being faced, as well as the steps being taken to address them? Timely reporting is crucial for ensuring effective monitoring and decision-making. We encourage the province to expedite the completion of the report in the future, addressing any internal challenges that may be causing delays","While we understand that there may be delays in finalising the report, it is essential that any challenges encountered are clearly articulated so that we can assess the situation and provide the necessary support. Without understanding the root causes, it becomes difficult to suggest corrective measures or to prevent future delays. Could the province please provide more detail on the specific challenges being faced, as well as the steps being taken to address them? Timely reporting is crucial for ensuring effective monitoring and decision-making. We encourage the province to expedite the completion of the report in the future, addressing any internal challenges that may be causing delays",,191
"Agriculture, Forestry and Fisheries",Agriculture,Gauteng,Programme 2: Sustainable Resource Use and Management,Sub Programme 2.2: Land Care,Quarterly,Number of hectares of cultivated land under conservation agriculture practices,Standardized,Not  Applicable,"Priority 5: Spatial Integration, Human Settlements and Local Government","Integrated Human Settlements, Basic Services and Land Release","The Economic Sectors, Employment and Infrastructure Development cluster",0,0,20,0,40,30,40,106,100,106,,,,,,"Landcare had no adequate funds to execute conservation agriculture projects. National Grant Funds were transferred in the last month of Quarter 2 (September 2024) 
","Accelerated procurement plan is in place and procurement for land care has been  prioritized by SCM
",Actual outputs to be provided before finalisation of the report.,"Late appointment of service providers due to departmental challenges and risks which included, late approvals of business plans and late transfers of funds to the province, resulted into departmental projects being implemented later than was planned for.
","The Department will utilise the Landcare equitable shares to start the process of acquiring RFQs to fast-track service delivery.

",Kindly provide Actual output upon approval ,Appointment of service providers and procurement of inputs including Legume grains,None,Unable to assess as preliminary report is not provided,report ready,To be submitted at the end of the quarter,"Based on the APP, the indicator was not planned for in Q1.",Reason for deviation noted. Internal processes must feed into DPME processes. It is important that performance is reported in time for the PDA to verify and quality assure prior to submitting to the DPME and oversight bodies,"While we understand that there may be delays in finalising the report, it is essential that any challenges encountered are clearly articulated so that we can assess the situation and provide the necessary support. Without understanding the root causes, it becomes difficult to suggest corrective measures or to prevent future delays. Could the province please provide more detail on the specific challenges being faced, as well as the steps being taken to address them? Timely reporting is crucial for ensuring effective monitoring and decision-making. We encourage the province to expedite the completion of the report in the future, addressing any internal challenges that may be causing delays","While we understand that there may be delays in finalising the report, it is essential that any challenges encountered are clearly articulated so that we can assess the situation and provide the necessary support. Without understanding the root causes, it becomes difficult to suggest corrective measures or to prevent future delays. Could the province please provide more detail on the specific challenges being faced, as well as the steps being taken to address them? Timely reporting is crucial for ensuring effective monitoring and decision-making. We encourage the province to expedite the completion of the report in the future, addressing any internal challenges that may be causing delays",,191
"Agriculture, Forestry and Fisheries",Agriculture,Gauteng,Programme 2: Sustainable Resource Use and Management,Sub Programme 2.3: Land Use Management,Annually,Number of agro-ecosystem management plans developed,Standardized,Not  Applicable,"Priority 5: Spatial Integration, Human Settlements and Local Government",-,"The Economic Sectors, Employment and Infrastructure Development cluster",,,,,,,1,1,1,1,,None,None,,,,,,,,,,,,,,,,,,,191
"Agriculture, Forestry and Fisheries",Agriculture,Gauteng,Programme 2: Sustainable Resource Use and Management,Sub Programme 2.3: Land Use Management,Quarterly,Number of farm management plans developed,Standardized,Not  Applicable,"Priority 5: Spatial Integration, Human Settlements and Local Government",-,"The Economic Sectors, Employment and Infrastructure Development cluster",30,43,30,53,30,30,30,31,120,157,,,,,,Request from farmers and other government institutions enabled the overachievement of the quarter target.,None.,,None.,None.,,Request from farmers and other government institutions enabled the overachievement of the quarter target.,None,Unable to assess as preliminary report is not provided,"Requests from
farmers and other government
institutions enabled the overachievement of the target.",None.,43% over achievement. Reason for deviation noted. A corrective action must be provided,Reason for deviation noted. Internal processes must feed into DPME processes. It is important that performance is reported in time for the PDA to verify and quality assure prior to submitting to the DPME and oversight bodies,noted. ,Noted ,,191
"Agriculture, Forestry and Fisheries",Agriculture,Gauteng,Programme 2: Sustainable Resource Use and Management,Sub Programme 2.4: Disaster Risk Reduction,Annually,Default,Not Applicable,Not  Applicable,Not Applicable,-,Not Applicable,,,,,,,,,,,,,,,,,,,,,,,,,,,,,,,,191
"Agriculture, Forestry and Fisheries",Agriculture,Gauteng,Programme 2: Sustainable Resource Use and Management,Sub Programme 2.4: Disaster Risk Reduction,Annually,Number of Disaster Relief Schemes managed,Non-Standardized,Not  Applicable,"Priority 5: Spatial Integration, Human Settlements and Local Government","Economy, Jobs and Infrastructure ","The Economic Sectors, Employment and Infrastructure Development cluster",,,,,,,1,1,1,1,,None,None,,,,,,,,,,,,,,,,,,,191
"Agriculture, Forestry and Fisheries",Agriculture,Gauteng,Programme 2: Sustainable Resource Use and Management,Sub Programme 2.4: Disaster Risk Reduction,Quarterly,Number of awareness campaigns on disaster risk reduction conducted,Standardized,Not  Applicable,"Priority 5: Spatial Integration, Human Settlements and Local Government",-,"The Economic Sectors, Employment and Infrastructure Development cluster",1,1,1,1,1,1,1,1,4,4,,,,,,1 awareness campaign on disaster risk reduction was conducted.,None.,,None.,None.,"Kindly provide Actual output upon approval

This reason for deviation is internal focused. ",None,None,Unable to assess as preliminary report is not provided,None.,None.,None ,Reason for deviation noted. Internal processes must feed into DPME processes. It is important that performance is reported in time for the PDA to verify and quality assure prior to submitting to the DPME and oversight bodies,Noted,"Noted. it is advisable that internal systems should be aligned to DPME reporting system, to ensure that internal Quality Assurance processes are undertaken, prior to reporting to the DPME system ",,191
"Agriculture, Forestry and Fisheries",Agriculture,Gauteng,Programme 2: Sustainable Resource Use and Management,Sub Programme 2.4: Disaster Risk Reduction,Quarterly,Number of surveys on uptake for early warning information conducted,Standardized,Not  Applicable,"Priority 5: Spatial Integration, Human Settlements and Local Government",-,"The Economic Sectors, Employment and Infrastructure Development cluster",1,1,1,1,1,1,1,1,4,4,,,,,,1 survey on uptake for early warning information was conducted.,None.,Actual output not provided ,None.,None.,"Kindly provide Actual output upon approval

This reason for deviation is internal focused. ",None,None,Unable to assess as preliminary report is not provided,None.,None.,None ,Reason for deviation noted. Internal processes must feed into DPME processes. It is important that performance is reported in time for the PDA to verify and quality assure prior to submitting to the DPME and oversight bodies,"The actual achievement as reported under the 'reason for deviation', is not captured under 'actual output' ","Noted. it is advisable that internal systems should be aligned to DPME reporting system, to ensure that internal Quality Assurance processes are undertaken, prior to reporting to the DPME system ",,191
"Agriculture, Forestry and Fisheries",Agriculture,Gauteng,Programme 3: Agricultural Producer Support and Development ,Sub Programme 3.1: Producer Support Services,Annually,Number of producers supported in the Citrus Commodity,Standardized,Not  Applicable,"Priority 5: Spatial Integration, Human Settlements and Local Government","Economy, Jobs and Infrastructure ","The Economic Sectors, Employment and Infrastructure Development cluster",,,,,,,6,0,6,0,,There were no applications received under citrus production in this financial year.,Citrus producers will be encouraged to apply for support.,,,,,,,,,,,,,,,,,,,191
"Agriculture, Forestry and Fisheries",Agriculture,Gauteng,Programme 3: Agricultural Producer Support and Development ,Sub Programme 3.1: Producer Support Services,Annually,Number of smallholder producers commercialised (reaching an annual net income that exceeds R 1m),Non-Standardized,Not  Applicable,"Priority 5: Spatial Integration, Human Settlements and Local Government","Safety, Social Cohesion and Food Security","The Economic Sectors, Employment and Infrastructure Development cluster",,,,,,,20,0,20,0,,The Department is not responsible for this indicator ,Not applicable,,,,,,,,,,,,,,,,,,,191
"Agriculture, Forestry and Fisheries",Agriculture,Gauteng,Programme 3: Agricultural Producer Support and Development ,Sub Programme 3.1: Producer Support Services,Quarterly,Number of hectares planted for food production,Non-Standardized,Not  Applicable,"Priority 5: Spatial Integration, Human Settlements and Local Government","Safety, Social Cohesion and Food Security","The Economic Sectors, Employment and Infrastructure Development cluster",0,,0,0,2500,2670,1700,3 693,4200,6363,,,,,,The performance indicator will report in Q3.,None.,,"Farmers supported with maize and soya seeds were able to plough on more hectares than was targeted for.
",None.,Kindly provide Actual output upon approval ,Good rains experienced in January enabled farmers supported with grain production inputs to plant on more hectares than anticipated.,None,Unable to assess as preliminary report is not provided,,,,,,,,191
"Agriculture, Forestry and Fisheries",Agriculture,Gauteng,Programme 3: Agricultural Producer Support and Development ,Sub Programme 3.1: Producer Support Services,Quarterly,Number of producers supported in the Citrus Commodity,Standardized,Not  Applicable,"Priority 5: Spatial Integration, Human Settlements and Local Government",-,"The Economic Sectors, Employment and Infrastructure Development cluster",0,,0,0,0,0,6,0,6,0,,,,,,The performance indicator will report in Q4.,None.,,The performance indicator will report in Q4.,None.,,There were no applications received under citrus production in this financial year.,Citrus producers will be encouraged to apply for support.,Unable to assess as preliminary report is not provided,,,None ,Reason for deviation noted. Internal processes must feed into DPME processes. It is important that performance is reported in time for the PDA to verify and quality assure prior to submitting to the DPME and oversight bodies ,Noted ,Noted ,,191
"Agriculture, Forestry and Fisheries",Agriculture,Gauteng,Programme 3: Agricultural Producer Support and Development ,Sub Programme 3.1: Producer Support Services,Quarterly,Number of producers supported in the Cotton Commodity,Standardized,Not  Applicable,"Priority 5: Spatial Integration, Human Settlements and Local Government",-,"The Economic Sectors, Employment and Infrastructure Development cluster",0,,0,,0,,0,0,0,0,,,,,,,,,,,,The department is the responsible for this indicator.,Not applicable,Unable to assess as preliminary report is not provided,,,,,None,None.,,191
"Agriculture, Forestry and Fisheries",Agriculture,Gauteng,Programme 3: Agricultural Producer Support and Development ,Sub Programme 3.1: Producer Support Services,Quarterly,Number of producers supported in the Grain Commodity,Standardized,Not  Applicable,"Priority 5: Spatial Integration, Human Settlements and Local Government",-,"The Economic Sectors, Employment and Infrastructure Development cluster",0,,0,0,42,61,20,1,62,62,,,,,,The performance indicator will report in Q3.,None.,,"The appointed service providers were able to deliver grain production inputs to more producers. This enabled the overachievement of the quarterly target
",None.,Kindly provide Actual output upon approval ,Most grain producers were supported with grain production inputs in Q3.,"None, the annual target has already been achieved.",Unable to assess as preliminary report is not provided,,,None ,Reason for deviation noted. Internal processes must feed into DPME processes. It is important that performance is reported in time for the PDA to verify and quality assure prior to submitting to the DPME and oversight bodies ,Noted ,"Noted. it is advisable that internal systems should be aligned to DPME reporting system, to ensure that internal Quality Assurance processes are undertaken, prior to reporting to the DPME system.",,191
"Agriculture, Forestry and Fisheries",Agriculture,Gauteng,Programme 3: Agricultural Producer Support and Development ,Sub Programme 3.1: Producer Support Services,Quarterly,Number of producers supported in the Red Meat Commodity,Standardized,Not  Applicable,"Priority 5: Spatial Integration, Human Settlements and Local Government",-,"The Economic Sectors, Employment and Infrastructure Development cluster",0,,5,0,7,0,8,8,20,8,,,,,,Delays with the approval for constructing cattle handling facilities for red meat producers by DALRRD.,The approved Departmental rollover flowing from the previous financial year will be used to effect payment of the appointed service provider. ,,"Delays with the procurement of the required services in support of the red meat producers.
","The approved Departmental rollover flowing from the previous financial year, will be used to effect payment of the appointed service provider. Delivery to the approved producers is underway, supported red meat producers will be reported in quarter 4.

",Kindly provide Actual output upon approval ,None,None,Unable to assess as preliminary report is not provided,,,None ,Reason for deviation noted. Internal processes must feed into DPME processes. It is important that performance is reported in time for the PDA to verify and quality assure prior to submitting to the DPME and oversight bodies ,Noted ,"Noted. it is advisable that internal systems should be aligned to DPME reporting system, to ensure that internal Quality Assurance processes are undertaken, prior to reporting to the DPME system.",,191
"Agriculture, Forestry and Fisheries",Agriculture,Gauteng,Programme 3: Agricultural Producer Support and Development ,Sub Programme 3.1: Producer Support Services,Quarterly,Number of smallholder producers supported to produce food in Sedibeng and West Rand,Non-Standardized,Not  Applicable,"Priority 5: Spatial Integration, Human Settlements and Local Government","Safety, Social Cohesion and Food Security","The Economic Sectors, Employment and Infrastructure Development cluster",3,0,8,28,30,45,31,23,72,96,,,,,,Timely delivery of vegetable and piggery production inputs enabled the overachievement of the quarter target.,None.,,"Timely delivery of vegetable, grain and piggery production inputs enabled the achievement of the quarter target.
",None.,Kindly provide Actual output upon approval ,More producers were supported in Q2 and Q3. ,"None, the annual target  has already been achieved and exceeded to date. ",Unable to assess as preliminary report is not provided,"The Departmental internal processes took long to finalise the CASP/Ilima business plans, resulting into the business plans being approved late with regards to smallholder producers supported.","An acceleration plan has been effected by the Department towards ensuring the approval of 1st trance payments and implementation in the 2nd Quarter of the 2024-2025 financial year.  To date, the business plans have been approved and support to smallholder producers will begin in Q2.",,,,,,191
"Agriculture, Forestry and Fisheries",Agriculture,Gauteng,Programme 3: Agricultural Producer Support and Development ,Sub Programme 3.1: Producer Support Services,Quarterly,Number of women producers supported,Non-Standardized,Not  Applicable,"Priority 5: Spatial Integration, Human Settlements and Local Government","Safety, Social Cohesion and Food Security","The Economic Sectors, Employment and Infrastructure Development cluster",5,0,15,15,15,19,25,18,60,52,,,,,,15 women producers were supported.,None.,,"Timely delivery of vegetable, grain and piggery production inputs enabled the achievement of the quarterly target
",None.,Kindly provide Actual output upon approval ,"Following the business plan approval processes, the number of farmers approved to be supported was lower than the set APP target.",Alignment of the APP target with the business plan.,Unable to assess as preliminary report is not provided,"The Departmental internal processes took long to finalise the CASP/Ilima business plans, resulting into the business plans being approved late with regards to women producers supported.","An acceleration plan has been effected by the Department towards ensuring the approval of 1st trance payments in the 2nd Quarter of the 2024-2025 financial year.  To date, the business plans have been approved and support to women producers will begin in Q2.",,,,,,191
"Agriculture, Forestry and Fisheries",Agriculture,Gauteng,Programme 3: Agricultural Producer Support and Development ,Sub Programme 3.2: Extension and Advisory Services,Annually,Number of youth trained in food production programmes as part of the rehabilitation programmes,Non-Standardized,Not  Applicable,"Priority 5: Spatial Integration, Human Settlements and Local Government","Safety, Social Cohesion and Food Security","The Economic Sectors, Employment and Infrastructure Development cluster",,,,,,,2000,988,2000,988,,Less interest from the youth to participate in food production programmes as part of the rehabilitation programmes facilitated by Gauteng Department of Social Development.,"The indicator is not applicable in 2025/2026 financial year and beyond. Therefore, no corrective measure will be required.",,,,,,,,,,,,,,,,,,,191
"Agriculture, Forestry and Fisheries",Agriculture,Gauteng,Programme 3: Agricultural Producer Support and Development ,Sub Programme 3.2: Extension and Advisory Services,Quarterly,Number of capacity building activities conducted for smallholder producers,Non-Standardized,Not  Applicable,"Priority 5: Spatial Integration, Human Settlements and Local Government","Safety, Social Cohesion and Food Security","The Economic Sectors, Employment and Infrastructure Development cluster",380,591,420,664,420,555,380,422,1600,2232,,,,,,"The capacity building activities were conducted through technical advisory services, demonstration sessions and training on herd health, winter vaccination, beetroot and kale production, crop insurance, egg production, basic vegetable production, cattle summer licks and supplements enabled the overachievement of the quarter target.",None.,,"The provision of technical advisory services, study groups, demonstration sessions and farmers' days. Focusing on trellising and pruning of tomatoes, food safety, record keeping, soil classification and fertilizer application, vegetable production, piggery management, biosecurity, vaccination basic vegetable production and principles of pig management enabled the overachievement of quarter target.

",None.,,"Provision of technical advisory services, study groups and training on basic pig production management, tomatoes production practices, agricultural disaster risk management, preservation of animal feeds and vegetable production enabled the overachievement of the quarter target. ",None,Unable to assess as preliminary report is not provided,"Technical advisory services, study group sessions, farmers' day, demonstration sessions and training on bookkeeping, garlic production and poultry nutrition enabled the overachievement of the quarter target.",None.,,,,,,191
"Agriculture, Forestry and Fisheries",Agriculture,Gauteng,Programme 3: Agricultural Producer Support and Development ,Sub Programme 3.2: Extension and Advisory Services,Quarterly,Number of capacity building activities conducted for smallholder producers to be commercialised,Non-Standardized,Not  Applicable,"Priority 5: Spatial Integration, Human Settlements and Local Government","Safety, Social Cohesion and Food Security","The Economic Sectors, Employment and Infrastructure Development cluster",20,24,20,37,20,30,20,20,80,111,,,,,,"The capacity building activities were conducted through technical advisory services, demonstration sessions and training on herd health, winter vaccination, beetroot and kale production, crop insurance, egg production, basic vegetable production, cattle summer licks and supplements enabled the overachievement of the quarter target.",None.,,"The provision of technical advisory services enabled the overachievement of the quarterly target.

",None.,,None,None,Unable to assess as preliminary report is not provided,"Technical advisory services, study groups sessions, farmers' day, demonstration sessions and training on bookkepping, garlic production and poultry nutrition enabled the overachievement of the quarter target.",None.,,,,,,191
"Agriculture, Forestry and Fisheries",Agriculture,Gauteng,Programme 3: Agricultural Producer Support and Development ,Sub Programme 3.2: Extension and Advisory Services,Quarterly,Number of participants trained in skills  development programmes in the sector,Standardized,Not  Applicable,"Priority 3: Education, Skills And Health","Education, Skills Revolution and Health ","The Social Protection, Community and Human Development cluster",150,270,220,349,220,225,190,194,780,1038,,,,,,"Training on pest management, use of chemicals in vegetable production, mixed farming, financial management, pig management beef production and water saving technology amongst others enabled the overachievement of the quarter target.",None.,,"Training and demonstration on risk financial management, business management, marketing, physical records management, breeding stock, parent stock management, plant health, business plan development, record keeping, filing and hemp planting enabled the overachievement of the quarter target.

",None.,,"Training on layer and broiler production, integrated DNA technology in agriculture livestock system, animal production, poultry production, grain (maize) production, managing genetics, financial management and hemp production harvesting techniques enabled the overachievement of the quarter target.",None,Unable to assess as preliminary report is not provided,"Training and demonstration potatoes harvest, basic vegetable production, financial management, livestock record keeping, and veld assessment and layer production management enabled the overachievement of the quarter target.",None.,,,,,,191
"Agriculture, Forestry and Fisheries",Agriculture,Gauteng,Programme 3: Agricultural Producer Support and Development ,Sub Programme 3.3: Food Security,Annually,NUmber of Horticulture production hubs established,Non-Standardized,Not  Applicable,"Priority 5: Spatial Integration, Human Settlements and Local Government","Safety, Social Cohesion and Food Security","The Economic Sectors, Employment and Infrastructure Development cluster",,,,,,,1,0,1,0,,Number of Horticulture,The Department to provide budget in the next financial year to implement this indicator.,,,,,,,,,,,,,,,,,,,191
"Agriculture, Forestry and Fisheries",Agriculture,Gauteng,Programme 3: Agricultural Producer Support and Development ,Sub Programme 3.3: Food Security,Annually,NUmber of school food gardens supported,Non-Standardized,Not  Applicable,"Priority 5: Spatial Integration, Human Settlements and Local Government","Safety, Social Cohesion and Food Security","The Economic Sectors, Employment and Infrastructure Development cluster",,,,,,,200,142,200,142,,Quarter target could not be achieved due to budget cuts,The Department to provide budget in the next financial year.,,,,,,,,,,,,,,,,,,,191
"Agriculture, Forestry and Fisheries",Agriculture,Gauteng,Programme 3: Agricultural Producer Support and Development ,Sub Programme 3.3: Food Security,Quarterly,Number of smallholder producers supported,Standardized,Not  Applicable,"Priority 5: Spatial Integration, Human Settlements and Local Government",-,"The Economic Sectors, Employment and Infrastructure Development cluster",17,0,30,30 ,80,80,93,53,220,163,,,,,,30 smallholder producers were supported.,None.,,None.,None.,Kindly provide Actual output upon approval ,"Following the business plan approval processes, the number of farmers approved to be supported was lower than the set APP target.",Alignment of the APP target with the business plan.,Unable to assess as preliminary report is not provided,The Departmental internal processes took long to finalise the CASP/Ilima business plans being approved late with regards to smallholder producers supported. ,"An acceleration plan has been effected by the Department towards ensuring the approval of 1st trance payments and implementation in the 2nd Quarter of the 2024-2025 financial year. To date, the business plans have been approved and support to smallholder producers will begin in Q2.",Reason for deviation and Corrective action noted ,Reason for deviation noted. Internal processes must feed into DPME processes. It is important that performance is reported in time for the PDA to verify and quality assure prior to submitting to the DPME and oversight bodies ,Noted ,"Noted. it is advisable that internal systems should be aligned to DPME reporting system, to ensure that internal Quality Assurance processes are undertaken, prior to reporting to the DPME system.",,191
"Agriculture, Forestry and Fisheries",Agriculture,Gauteng,Programme 3: Agricultural Producer Support and Development ,Sub Programme 3.3: Food Security,Quarterly,Number of subsistence producers supported,Standardized,Not  Applicable,"Priority 5: Spatial Integration, Human Settlements and Local Government",-,"The Economic Sectors, Employment and Infrastructure Development cluster",0,,4000,505,4000,1874,4000,4 446,12000,6825,,,,,,The set targets towards support of subsistence farmers could not be achieved due to delays in the approval of the Presidential Employment Stimulus (PES 3) business plan proposal (allocation of R53 million) as submitted to DALRRD.,"The Department is currently engaging with DALRRD on the process and procedures of transfers towards approval of the business plan proposal on Presidential Employment Stimulus, of allocated funds to a total of R53 million. Budget will be provided in Q3 to ensure more subsistence producers are supported and the annual target is achieved.",,"The Department received 50% of Presidential Employment Stimulus funds on the 15th of November 2024 to support subsistence producers, therefore, less subsistence producers than targeted for, were supported.
","More subsistence producers to be supported in the 4th quarter to achieve annual target.

",Kindly provide Actual output upon approval ,"Presidential Employment Stimulus budget from the Department of Agriculture, Land Reform and Rural Development enabled the overachievement of the target",None,Unable to assess as preliminary report is not provided,,,None ,Reason for deviation noted. Internal processes must feed into DPME processes. It is important that performance is reported in time for the PDA to verify and quality assure prior to submitting to the DPME and oversight bodies ,Noted,"Noted. it is advisable that internal systems should be aligned to DPME reporting system, to ensure that internal Quality Assurance processes are undertaken, prior to reporting to the DPME system.",,191
"Agriculture, Forestry and Fisheries",Agriculture,Gauteng,Programme 3: Agricultural Producer Support and Development ,Sub Programme 3.3: Food Security,Quarterly,Number of subsistence women producers supported,Non-Standardized,Not  Applicable,"Priority 5: Spatial Integration, Human Settlements and Local Government","Safety, Social Cohesion and Food Security","The Economic Sectors, Employment and Infrastructure Development cluster",0,,1500,348,2000,1366,1500,2 948,5000,4662,,,,,,The set targets towards support of subsistence farmers could not be achieved due to delays in the approval of the Presidential Employment Stimulus (PES 3) business plan proposal (allocation of R53 million) as submitted to DALRRD.,"The Department is currently engaging with DALRRD on the process and procedures of transfers towards approval of the business plan proposal on Presidential Employment Stimulus, of allocated funds to a total of R53 million. Budget will be provided in Q3 to ensure more subsistence producers are supported and the annual target is achieved.",,"The Department received 50% of Presidential Employment Stimulus funds on the 15th of November 2024 to support subsistence producers, therefore, less subsistence producers than targeted for, were supported.
","More subsistence producers to be supported in the 4th quarter to achieve annual target.

",Kindly provide Actual output upon approval ,"Presidential Employment Stimulus budget from the Department of Agriculture, Land Reform and Rural Development enabled the overachievement of the target",None,Unable to assess as preliminary report is not provided,,,,,,,,191
"Agriculture, Forestry and Fisheries",Agriculture,Gauteng,Programme 4:  Veterinary Services,Sub Programme 4.1:	Animal Health,Annually,Number of small holder farmers receiving technical veterinary mentoring support,Non-Standardized,Not  Applicable,"Priority 3: Education, Skills And Health","Education, Skills Revolution and Health ",Not Applicable,,,,,,,40,69,40,69,,"Farmers which stay constant on the programme are visited on a regular basis and inputs given on good farmer practices, herd management, disease prevention and feeding",None,,,,,,,,,,,,,,,,,,,191
"Agriculture, Forestry and Fisheries",Agriculture,Gauteng,Programme 4:  Veterinary Services,Sub Programme 4.1:	Animal Health,Annually,Number of small holder farmers receiving technical veterinary mentoring support,Non-Standardized,Not  Applicable,"Priority 3: Education, Skills And Health","Education, Skills Revolution and Health ",Not Applicable,,,,,,,30,69,30,69,,"Farmers which stay constant on the programme are visited on a regular basis and inputs given on good farmer practices, herd management, disease prevention and feeding",None,,,,,,,,,,,,,,,,,,,191
"Agriculture, Forestry and Fisheries",Agriculture,Gauteng,Programme 4:  Veterinary Services,Sub Programme 4.1:	Animal Health,Annually,Number of small holder farmers supported to meet export markets compliance requirements for livestock and food of animal origin,Non-Standardized,Not  Applicable,"Priority 3: Education, Skills And Health","Education, Skills Revolution and Health ",Not Applicable,,,,,,,10,3,10,3,,Three farmers were supported to improve their farming operation with the vision of complying to export market requirement,None,,,,,,,,,,,,,,,,,,,191
"Agriculture, Forestry and Fisheries",Agriculture,Gauteng,Programme 4:  Veterinary Services,Sub Programme 4.1:	Animal Health,Annually,Number of small holder farmers supported to meet wxport markets compliance requirements for livestock and food of animal origin,Not Applicable,Not  Applicable,"Priority 3: Education, Skills And Health","Education, Skills Revolution and Health ","Governance, State Capacity and Institutional Development cluster",,,,,,,3,3,3,3,,Three farmers were supported to improve their farming operation with the vision of complying to export market requirement,None,,,,,,,,,,,,,,,,,,,191
"Agriculture, Forestry and Fisheries",Agriculture,Gauteng,Programme 4:  Veterinary Services,Sub Programme 4.1:	Animal Health,Quarterly,Number of cases attended to at Themba animal clinic,Non-Standardized,Not  Applicable,"Priority 3: Education, Skills And Health","Education, Skills Revolution and Health ","The Social Protection, Community and Human Development cluster",3750,2754,3750,6453,3750,5082,3750,5731 ,15000,20020,,,,,,"The clinic experienced an exceptionally busy quarter for winter months, achieving above expectations. Surgical cases has increased as more private veterinarians refer clients to Themba clinic that cannot afford surgeries on their pets.",None,,The Themba Clinic remained busy throughout the third quarter of the reporting period. The closure of the Tshwane SPCA NPO veterinary clinic has also led to higher demand of services from the Themba animal clinic.,None,,"Officials concentrated on inspections at auctions, stock sale pens and road stall. Foot and mouth disease inspections in the high surveillance zone of the free zone had to continue as per WOAH requirements. Some owners bought vaccines, bleeding tubes and tuberculin and requested officials to do the testing and vaccinations for them.
",none,,The Themba clinic was closed for most of April due to renovations. Rabies vaccine was also not available for periods within Q1 which reduced the cases attended to. ,we expect to recover from the underperformance since the vaccine has been delivered.  Veterinarians are also booking more sterilisations and surgical procedures to increase the number of cases attended. ,73.4 % achievement. Reason for deviation and corrective action noted  ,,,,,191
"Agriculture, Forestry and Fisheries",Agriculture,Gauteng,Programme 4:  Veterinary Services,Sub Programme 4.1:	Animal Health,Quarterly,Number of cases attended to at Themba animal clinic,Non-Standardized,Not  Applicable,Priority 6: Social Cohesion and Safer Communities,"Education, Skills Revolution and Health ","The Social Protection, Community and Human Development cluster",3750,,3750,,3750,5082,2250,5731,13500,10813,,,,,,,,,"The closure of the Tshwane SPCA NPO veterinary clinic has also led to higher demand of services from the Themba animal clinic.
",None,,"
Officials concentrated on inspections at auctions, stock sale pens and road stall. Foot and mouth disease inspections in the high surveillance zone of the free zone had to continue as per WOAH requirements. Some owners bought vaccines, bleeding tubes and tuberculin and requested officials to do the testing and vaccinations for them.",none,,,,,,,,,191
"Agriculture, Forestry and Fisheries",Agriculture,Gauteng,Programme 4:  Veterinary Services,Sub Programme 4.1:	Animal Health,Quarterly,Number of samples collected for targeted animal disease surveillance,Standardized,Not  Applicable,"Priority 5: Spatial Integration, Human Settlements and Local Government",-,"The Economic Sectors, Employment and Infrastructure Development cluster",125,230,125,126,125,161,125,109,500,626,,,,,,"The number of samples collected for targeted surveillance depends on field personnel collecting samples, disease outbreaks and the laboratory processing the samples and reporting on the results.",None,,"The number of samples collected for targeted surveillance depends on field personnel collecting samples, disease outbreaks and the laboratory processing the samples and reporting on the results. This figure fluctuates throughout the year depending on the above. ",None,,"
The number of samples collected for targeted surveillance depends on field personnel collecting samples, disease outbreaks and the laboratory processing the samples and reporting on the results. ",NoneAnnual target reached..,,"The number of samples collected for targeted surveillance depends on field personnel collecting samples, disease outbreaks and the laboratory processing the samples and reporting on the results. This figure fluctuates throughout the year depending on the above. Some of the surveillance activities are seasonal.",none,184% achievement. Reason for deviation is noted ,"What was the reason for the deviation in Q4? the reason provided states the various factors that could affect performance , but does not specify the reason for Q4",noted ,128.8% achievement. Reason for deviation is noted,,191
"Agriculture, Forestry and Fisheries",Agriculture,Gauteng,Programme 4:  Veterinary Services,Sub Programme 4.1:	Animal Health,Quarterly,Number of visits to epidemiological units for veterinary interventions,Standardized,Not  Applicable,"Priority 5: Spatial Integration, Human Settlements and Local Government",-,"The Economic Sectors, Employment and Infrastructure Development cluster",1000,1894,2000,1945,1500,1606,1000,1427,5500,6872,,,,,,"Due to the delay in procurement of vaccines, bleeding tubes and tuberculin, and the lack of resources to buy the usual number of vaccines and other equipment, farm visits have been decreasing slowly over the quarter.",GVS Animal Health is in the process of making a CASP          submission for the procurement of vaccines and consumables. (The collective target for Q1 and Q2 has already been meet and overachieved).,,"Despite the challenges with the unavailability of vaccines and consumables we have succeeded in reaching the quarterly target. Officials remain motivated against all odds and maintain a high visibility on farms even though we have no vaccines, dips/drenches to offer or consumables to test for controlled diseases or to maintain the Disease control Schemes. Farmers buy their own vaccine and bleeding tubes and needles, and our officials assist with vaccination and testing. All vaccinations and Scheme testing reported in the quarter have been from stock bought by farmers. Inspections at auctions, road stalls, stock sale pens and inspections in the High surveillance zone of the FMD Free zone continue. Very little work have been reported for December due to officials being on leave, closure of the OVI and no stock being available to do any routine work.  
",None,,"
Officials concentrated on inspections at auctions, stock sale pens and road stall. Foot and mouth disease inspections in the high surveillance zone of the free zone had to continue as per WOAH requirements. Some owners bought vaccines, bleeding tubes and tuberculin and requested officials to do the testing and vaccinations for them.",None,,"During the first month of the quarter officials were instructed to use as much Tuberculin as possible, as the Tuberculin was expiring end of April. As we knew that we will not be able to order much more Tuberculin due to budget cuts, officials jumped in and used the Tuberculin to prevent wastage. ",none,Reason for deviation is noted. Proper planning is required ,Reason for deviation and corrective action is noted.,noted,"107% achievement. Reason for reason is noted 
and well captured",,191
"Agriculture, Forestry and Fisheries",Agriculture,Gauteng,Programme 4:  Veterinary Services,Sub Programme 4.1:	Animal Health,Quarterly,Number of visits to epidemiological units for veterinary interventions,Standardized,Not  Applicable,Priority 2: Economic Transformation And Job Creation,"Education, Skills Revolution and Health ","The Economic Sectors, Employment and Infrastructure Development cluster",1000,,3000,,500,1606,500,1427,5000,3033,,,,,,,,,"Routine inspections were conducted in the Foot and Mouth disease at high surveillance zones, and  at all points where livestock convene, like auctions, stock sale pens and road stall
",None,,"Officials concentrated on inspections at auctions, stock sale pens and road stall. Foot and mouth disease inspections in the high surveillance zone of the free zone had to continue as per WOAH requirements. Some owners bought vaccines, bleeding tubes and tuberculin and requested officials to do the testing and vaccinations for them.","None 
",,,,,,,,,191
"Agriculture, Forestry and Fisheries",Agriculture,Gauteng,Programme 4:  Veterinary Services,Sub Programme 4.2: Veterinary International Trade Facilitation,Annually,Number of Export Value Reports providing Amount and Rand Value compiled,Non-Standardized,Not  Applicable,Priority 2: Economic Transformation And Job Creation,"Building a Capable, Ethical and Developmental State","International Cooperation, Trade and Security cluster",,,,,,,1,1,1,1,,One annual report for the export values providing the amount (tonnage/quantities) and Rand value has been submitted.,None,,,,,,,,,,,,,,,,,,,191
"Agriculture, Forestry and Fisheries",Agriculture,Gauteng,Programme 4:  Veterinary Services,Sub Programme 4.2: Veterinary International Trade Facilitation,Annually,Rand value of exports of  animals/animal products/food of animal  origin,Non-Standardized,Not  Applicable,Priority 2: Economic Transformation And Job Creation,"Economy, Jobs and Infrastructure ","The Economic Sectors, Employment and Infrastructure Development cluster",,,,,,,R3bn,R4 841 365 819,R3bn,R4 841 365 819,,The Rand values are depended on the prevailing zoo sanitary status and socio-economic factors within the Republic of South Africa and the recipient importing countries,None,,,,,,,,,,,,,,,,,,,191
"Agriculture, Forestry and Fisheries",Agriculture,Gauteng,Programme 4:  Veterinary Services,Sub Programme 4.2: Veterinary International Trade Facilitation,Quarterly,Number of veterinary certificates issued for export facilitation,Standardized,Not  Applicable,"Priority 5: Spatial Integration, Human Settlements and Local Government",-,"The Economic Sectors, Employment and Infrastructure Development cluster",4000,1583,4000,3312,4000,4910,4000,4 178,16000,13983,,,,,Kindly provide corrective action for under achievement ,Septemebr report not yet recieved,To report after validation has been completed,final output to be provided when finalising the report,"The amounts of exports and numbers of certificates issued are dependent on the prevailing zoo sanitary status and socio-economic factors within the Republic of South Africa and the recipient importing countries.
",None.,provide reason for deviation that respond to under achievement,".
The amounts of exports and numbers of certificates issued are depended on the prevailing zoo sanitary status and socio-economic factors within the Republic of South Africa and the recipient importing countries",None,,"1583 veterinary certificates were issued for export facilitation and the monthly target was met. However, export certification is a demand driven derivative and the veterinary certificates issued for the month fall within the comparative range of previous historical records with a variance of 11.8 % for May 2024. ",none,"39.6% achievement. Reason for deviation provided seem to be addressing month May target, and not the quarterly target. ",Reason for deviation and corrective action noted,"While we understand that there may be delays in finalising the report, it is essential that any challenges encountered are clearly articulated so that we can assess the situation and provide the necessary support. Without understanding the root causes, it becomes difficult to suggest corrective measures or to prevent future delays. Could the province please provide more detail on the specific challenges being faced, as well as the steps being taken to address them? Timely reporting is crucial for ensuring effective monitoring and decision-making. We encourage the province to expedite the completion of the report in the future, addressing any internal challenges that may be causing delays",Noted. 82.5% achievement. ,,191
"Agriculture, Forestry and Fisheries",Agriculture,Gauteng,Programme 4:  Veterinary Services,Sub Programme 4.3: Veterinary Public Health,Annually,Average percentage of compliance of all operating abattoirs in the Province to the meat safety legislation,Non-Standardized,Not  Applicable,Priority 2: Economic Transformation And Job Creation,"Education, Skills Revolution and Health ","The Economic Sectors, Employment and Infrastructure Development cluster",,,,,,,87 %,87 %,87 %,87 %,,Active abattoirs only 87% are rated according to the Hygiene assessment Scheme,None,,,,,,,,,,,,,,,,,,,191
"Agriculture, Forestry and Fisheries",Agriculture,Gauteng,Programme 4:  Veterinary Services,Sub Programme 4.3: Veterinary Public Health,Quarterly,Number of inspections conducted on facilities producing meat,Standardized,Not  Applicable,"Priority 5: Spatial Integration, Human Settlements and Local Government",-,"The Economic Sectors, Employment and Infrastructure Development cluster",250,85,250,273,250,288,250,311,1000,957,,,,,kindly provide reasons for deviation of the inspection that were not conducted ,Activities in abattoirs are gradually increasing due improved economy and increased presence of officials in abattoirs including previously irregularly slaughtering abattoirs. ,None,,"Few abattoirs requested for an increase in slaughter units in the festive period which also warranted that officials increase monitoring in the abattoirs despite closure of some abattoirs after mid-month in December 2024
",None.,provide reason for deviation that respond to under achievement,"Increased monitoring at some export and high throughput abattoirs 
",None,,Report to be submited at the end of july,Due end of july,34% achievement. ,81.2% achievement. Reason for deviation and corrective action noted,noted ,82% achievement,,191
"Agriculture, Forestry and Fisheries",Agriculture,Gauteng,Programme 4:  Veterinary Services,Sub Programme 4.4: Veterinary Diagnostics Services,Annually,Percentage of poultry and piggery facilities ZA registrations compliant with VPN 39 & VPN 44,Non-Standardized,Not  Applicable,Priority 6: Social Cohesion and Safer Communities,"Education, Skills Revolution and Health ","Justice, Crime Prevention and Security cluster",,,,,,,100 %,100 %,100 %,100 %,,Poultry and piggery facility ZA registrations compliant with VPN 39 & VPN 44 is dependent on officials inspecting the facilities.,None,,,,,,,,,,,,,,,,,,,191
"Agriculture, Forestry and Fisheries",Agriculture,Gauteng,Programme 4:  Veterinary Services,Sub Programme 4.4: Veterinary Diagnostics Services,Quarterly,Number of laboratory tests performed according to approved standards,Standardized,Not  Applicable,"Priority 5: Spatial Integration, Human Settlements and Local Government",-,"The Economic Sectors, Employment and Infrastructure Development cluster",5000,13793,10000,9658,5000,3725,5000,2 795,25000,29971,,,,,,"The number of laboratory tests performed according to prescribed standards is dependent on field personnel collecting samples, disease outbreaks and the laboratory processing the samples and reporting on the results. ","There was an over collection of samples in Q1 and thus the accumulated total target for Q1 and Q2 has been met. Additionally, performance on this target will be monitored to ensure the quarterly targets are met and a balance between the budget and the number of samples required maintained",,"The cumulative (Q1 - Q3) output for this indicator is a total of 27 176, which is more than 25 000 tests conducted for the set annual target. The budget allocation for this program in 2024/25 was reduced by 50% due to budgetary constraints the department was experiencing. 
","None. There was already an over collection of samples in Q1, thus the accumulated annual target to date has already been exceeded.  The number of samples to be collected for the rest of the financial year has been reduced as a corrective measure to ensure that a balance is maintained between achievement of the annual target and the budget. 

",,".
The budget allocation for this program in 2024/25 was reduced by 50% due to budgetary constraints the department was experiencing. ","None. There was already an over collection of samples in Q1, thus the accumulated annual target to date has already been exceeded.  ",,"The number of laboratory tests performed according to prescribed standards is dependent on field personnel collecting samples, disease outbreaks and the laboratory processing the samples and reporting on the results. ",none,275.86% achievement. Reason for deviation does not explain the deviation. it should explicitly express the reason for overperformance in the quarter under review  ,Reported achievement and reason for deviation is noted,"While the reduction in the annual target from 50,000 to 25,000 due to budget cuts is noted and understood, it is important to address the specific shortfall in achieving the Q2 target. The deviation of 342 tests (3.42%) below the Q2 target of 10,000 requires further explanation beyond the budget adjustments. Could the department please strenthen the reason for deviation, clarify whether there were operational or resource-based challenges in achieving the Q2 target, and outline any mitigating strategies to ensure the remaining quarters meet the revised annual target?",74.5% achievement. Reason for deviation and corrective action noted.,,191
"Agriculture, Forestry and Fisheries",Agriculture,Gauteng,Programme 4:  Veterinary Services,Sub Programme 4.4: Veterinary Diagnostics Services,Quarterly,Number of samples collected for  targeted animal diseases  surveillance,Standardized,Not  Applicable,"Priority 3: Education, Skills And Health","Education, Skills Revolution and Health ",Not Applicable,125,230,125,201,125,161,125,109,500,701,,,,,,"The number of samples collected for targeted surveillance depends on field personnel collecting samples, disease outbreaks and the laboratory processing the samples and reporting on the results",None,,"The number of samples collected for targeted surveillance depends on field personnel collecting samples, disease outbreaks and the laboratory processing the samples and reporting on the results
",None,,"The number of samples collected for targeted surveillance depends on field personnel collecting samples, disease outbreaks and the laboratory processing the samples and reporting on the results. ",None. Annual target reached.,,"The number of samples collected for targeted surveillance depends on field personnel collecting samples, disease outbreaks and the laboratory processing the samples and reporting on the results. This figure fluctuates throughout the year depending on the above. Some of the surveillance activities are seasonal.",none,,,"While we acknowledge the factors affecting sample collection, including field personnel availability, disease outbreaks, and laboratory capacity, further clarification is needed to explain the specific circumstances that led to the overachievement in Q2 given the same reason was provided in both Q1 and Q2.",,,191
"Agriculture, Forestry and Fisheries",Agriculture,Gauteng,Programme 4:  Veterinary Services,Sub Programme 4.4: Veterinary Diagnostics Services,Quarterly,Percentage of VPH and Exports clients satisfied with the quality of service received from the customer satisfaction survey,Non-Standardized,Not  Applicable,"Priority 3: Education, Skills And Health","Education, Skills Revolution and Health ","Governance, State Capacity and Institutional Development cluster",75,0,75,99,75,95,75,94,75,-,,,,,Actual achievement not provided,More surveys were received than anticipated.  ,none ,Actual achievement not provided ,"95% of the customers surveyed were satisfied with the service rendered. 
",None,,94% of the customers surveyed where satisfied with the service rendered. ,None,Unable to assess as preliminary report is not provided,report not ready,to be reported by the 31 July,,,,,,191
"Agriculture, Forestry and Fisheries",Agriculture,Gauteng,Programme 4:  Veterinary Services,Sub Programme 4.5: Veterinary Technical Support Services,Annually,Default,Non-Standardized,Not  Applicable,Not Applicable,-,Not Applicable,,,,,,,,,,,,,,,,,,,,,,,,,,,,,,,,191
"Agriculture, Forestry and Fisheries",Agriculture,Gauteng,Programme 4:  Veterinary Services,Sub Programme 4.5: Veterinary Technical Support Services,Annually,Number of Performing Animals Protection Act (PAPA) registration licences issued,Standardized,Not  Applicable,Priority 2: Economic Transformation And Job Creation,"Education, Skills Revolution and Health ","The Economic Sectors, Employment and Infrastructure Development cluster",,,,,,,40,91,40,91,,"PAPA inspections are a demand driven activity. Gauteng being the economic hub has a high number of security companies who keep dogs and horses, we have several wildlife sanctuaries, petting zoos and some members who are active in the film industry",None,,,,,,,,,,,,,,,,,,,191
"Agriculture, Forestry and Fisheries",Agriculture,Gauteng,Programme 4:  Veterinary Services,Sub Programme 4.5: Veterinary Technical Support Services,Quarterly,Number of Performing Animals Protection Act (PAPA) registration licences issued,Standardized,Not  Applicable,"Priority 5: Spatial Integration, Human Settlements and Local Government",-,"The Economic Sectors, Employment and Infrastructure Development cluster",0,0,0,0,0,0,40,91,40,91,,,,,,Report end the fy,none,,To report end of Q4,Report only at the end of Q4,provide actual output upon approval ,"PAPA inspections are a demand driven activity. Gauteng being the economic hub has a high number of security companies who keep dogs and horses, we have several wildlife sanctuaries, petting zoos and some members who are active in the film industry",None,Unable to assess as preliminary report is not provided,rEPORT END OF Q4,Report end of Q4,None ,Reason for deviation noted. Internal processes must feed into DPME processes. It is important that performance is reported in time for the PDA to verify and quality assure prior to submitting to the DPME and oversight bodies ,Noted ,None ,,191
"Agriculture, Forestry and Fisheries",Agriculture,Gauteng,Programme 5:	Research and Technology Development Services,Sub Programme 5.1: Agricultural Research,Annually,Number of research projects implemented to improve agricultural production,Standardized,Not  Applicable,"Priority 5: Spatial Integration, Human Settlements and Local Government",-,"The Economic Sectors, Employment and Infrastructure Development cluster",,,,,,,10,10,10,10,,None,None,,,,,,,,,,,,,,,,,,,191
"Agriculture, Forestry and Fisheries",Agriculture,Gauteng,Programme 5:	Research and Technology Development Services,Sub Programme 5.1: Agricultural Research,Quarterly,Number of Agribusinesses SMMEs supported with Business Incubation,Non-Standardized,Not  Applicable,"Priority 5: Spatial Integration, Human Settlements and Local Government","Economy, Jobs and Infrastructure ","The Economic Sectors, Employment and Infrastructure Development cluster",0,,10,10,0,0,20,10,20,20,,,,,,10 Agribusinesses SMMEs were supported with Business Incubation.,None.,,The performance indicator will report in Q4.,None.,provide actual output upon approval ,None,None,Unable to assess as preliminary report is not provided,,,,,,,,191
"Agriculture, Forestry and Fisheries",Agriculture,Gauteng,Programme 5:	Research and Technology Development Services,Sub Programme 5.2: Technology Transfer Services,Annually,Number of Agri-parks that are functional per district,Non-Standardized,Not  Applicable,"Priority 5: Spatial Integration, Human Settlements and Local Government","Economy, Jobs and Infrastructure ","The Economic Sectors, Employment and Infrastructure Development cluster",,,,,,,1,1,1,1,,None,None,,,,,,,,,,,,,,,,,,,191
"Agriculture, Forestry and Fisheries",Agriculture,Gauteng,Programme 5:	Research and Technology Development Services,Sub Programme 5.2: Technology Transfer Services,Annually,Number of Agri-parks upgraded,Non-Standardized,Not  Applicable,"Priority 5: Spatial Integration, Human Settlements and Local Government","Economy, Jobs and Infrastructure ","The Economic Sectors, Employment and Infrastructure Development cluster",,,,,,,9,4,9,4,, None,None,,,,,,,,,,,,,,,,,,,191
"Agriculture, Forestry and Fisheries",Agriculture,Gauteng,Programme 5:	Research and Technology Development Services,Sub Programme 5.2: Technology Transfer Services,Annually,Number of Agri-parks upgraded,Non-Standardized,Not  Applicable,"Priority 5: Spatial Integration, Human Settlements and Local Government","Economy, Jobs and Infrastructure ","The Economic Sectors, Employment and Infrastructure Development cluster",,,,,,,4,4,4,4,,None,None,,,,,,,,,,,,,,,,,,,191
"Agriculture, Forestry and Fisheries",Agriculture,Gauteng,Programme 5:	Research and Technology Development Services,Sub Programme 5.2: Technology Transfer Services,Annually,Number of Agrotropolis Initiatives supported,Non-Standardized,Not  Applicable,"Priority 5: Spatial Integration, Human Settlements and Local Government","Economy, Jobs and Infrastructure ","The Economic Sectors, Employment and Infrastructure Development cluster",,,,,,,1,1,1,1,,None,None,,,,,,,,,,,,,,,,,,,191
"Agriculture, Forestry and Fisheries",Agriculture,Gauteng,Programme 5:	Research and Technology Development Services,Sub Programme 5.2: Technology Transfer Services,Annually,Number of new technologies developed for the smallholder producers,Standardized,Not  Applicable,"Priority 5: Spatial Integration, Human Settlements and Local Government",-,"The Economic Sectors, Employment and Infrastructure Development cluster",,,,,,,1,1,1,1,,None,None,,,,,,,,,,,,,,,,,,,191
"Agriculture, Forestry and Fisheries",Agriculture,Gauteng,Programme 5:	Research and Technology Development Services,Sub Programme 5.2: Technology Transfer Services,Annually,Number of research presentations made at peer reviewed events,Standardized,Not  Applicable,"Priority 5: Spatial Integration, Human Settlements and Local Government","Economy, Jobs and Infrastructure ","The Economic Sectors, Employment and Infrastructure Development cluster",,,,,,,25,25,25,25,,None,None,,,,,,,,,,,,,,,,,,,191
"Agriculture, Forestry and Fisheries",Agriculture,Gauteng,Programme 5:	Research and Technology Development Services,Sub Programme 5.2: Technology Transfer Services,Annually,Number of scientific papers published,Standardized,Not  Applicable,"Priority 5: Spatial Integration, Human Settlements and Local Government",-,"The Economic Sectors, Employment and Infrastructure Development cluster",,,,,,,5,5,5,5,,None,None,,,,,,,,,,,,,,,,,,,191
"Agriculture, Forestry and Fisheries",Agriculture,Gauteng,Programme 5:	Research and Technology Development Services,Sub Programme 5.2: Technology Transfer Services,Quarterly,Number of Agri Tech Seminars organised,Non-Standardized,Not  Applicable,"Priority 5: Spatial Integration, Human Settlements and Local Government","Economy, Jobs and Infrastructure ","The Economic Sectors, Employment and Infrastructure Development cluster",1,1,0,0,2,2,1,2,4,2,,,,,,The performance indicator will report in Q3.,None.,,None.,None.,,Agri-Tech Seminar held in a form of hemp harvest demonstration day held on the 6th of March 2025 at Zeekoeifontein and on the 10th  of March at Rietfontein and in a form of practical training on cultivation practices of industrial hemp on the 04th  of March 2025 at ARC -VIMP campus in Roodeplaat,None,Unable to assess as preliminary report is not provided,None.,None.,,,,,,191
"Agriculture, Forestry and Fisheries",Agriculture,Gauteng,Programme 5:	Research and Technology Development Services,Sub Programme 5.2: Technology Transfer Services,Quarterly,Number of Hectares worked by GDARD tractors,Non-Standardized,Not  Applicable,"Priority 5: Spatial Integration, Human Settlements and Local Government","Economy, Jobs and Infrastructure ","The Economic Sectors, Employment and Infrastructure Development cluster",1500,1907,1000,1741,2500,3926,1000,1962,6000,9536,,,,,,The functionality of GDARD tractors enabled the overachievement of the quarter target.,None.,,"The functionality of GDARD tractors enabled the overachievement of the quarterly target.
",None.,,The functionality of GDARD tractors enabled the overachievement of the quarterly target.,None,Unable to assess as preliminary report is not provided,The  functionality of GDARDE tractors enabled the overachievement of the quarter target.,None.,,,,,,191
"Agriculture, Forestry and Fisheries",Agriculture,Gauteng,Programme 5:	Research and Technology Development Services,Sub Programme 5.2: Technology Transfer Services,Quarterly,Number of Producers trained in water savings technologies,Non-Standardized,Not  Applicable,"Priority 5: Spatial Integration, Human Settlements and Local Government","Economy, Jobs and Infrastructure ","The Economic Sectors, Employment and Infrastructure Development cluster",0,,0,0,80,116,0,116,80,116,,,,,,The performance indicator will report in Q3.,None.,,More horticulture farmers participated in water savings training conducted by the Department.,None.,,It Reported in Q3. It is not applicable,None,Unable to assess as preliminary report is not provided,,,,,,,,191
"Agriculture, Forestry and Fisheries",Agriculture,Gauteng,Programme 5:	Research and Technology Development Services,Sub Programme 5.2: Technology Transfer Services,Quarterly,Number of research presentations made at peer reviewed events,Standardized,Not  Applicable,"Priority 5: Spatial Integration, Human Settlements and Local Government",-,"The Economic Sectors, Employment and Infrastructure Development cluster",0,,0,0,0,0,25,25,25,25,,,,,,The performance indicator will report in Q4.,None.,,The performance indicator will report in Q4.,None.,,None,None,Unable to assess as preliminary report is not provided,,,None ,Reason for deviation noted. Internal processes must feed into DPME processes. It is important that performance is reported in time for the PDA to verify and quality assure prior to submitting to the DPME and oversight bodies ,Noted ,None ,,191
"Agriculture, Forestry and Fisheries",Agriculture,Gauteng,Programme 5:	Research and Technology Development Services,Sub Programme 5.2: Technology Transfer Services,Quarterly,Number of research presentations made at technology transfer events,Standardized,Not  Applicable,"Priority 5: Spatial Integration, Human Settlements and Local Government",-,"The Economic Sectors, Employment and Infrastructure Development cluster",2,2,2,3,2,4,2,2,8,11,,,,,,"Two presentations were made at Hydroponic fodder sprout production demonstration day held on the 11th of July 2024 at the Agricultural Research Council in Irene, and one presentation was made at the Pannar Information Day which was held at Bronkhorspruit Sports Centre on the 20th of September 2024.",None.,,"Two presentations were made at a technology transfer workshop organized by GDARD and ARC on the 25th of October 2024 at Agricultural Research Council Onderstepoort Veterinary Research: Grasdak. The further two presentations were made at a rabbit rearing and use of medicinal plant extract, Animal Production Information Day held at UNISA Florida Campus on the on 22nd of November 2024. 
",None.,,None,None,Unable to assess as preliminary report is not provided,None.,None.,None,Reason for deviation noted. Internal processes must feed into DPME processes. It is important that performance is reported in time for the PDA to verify and quality assure prior to submitting to the DPME and oversight bodies ,Noted,200% Achievement. Reason for deviation is noted and well captured.,,191
"Agriculture, Forestry and Fisheries",Agriculture,Gauteng,Programme 5:	Research and Technology Development Services,Sub Programme 5.2: Technology Transfer Services,Quarterly,Number of women benefitting from Agri-parks,Non-Standardized,Not  Applicable,"Priority 5: Spatial Integration, Human Settlements and Local Government","Economy, Jobs and Infrastructure ","The Economic Sectors, Employment and Infrastructure Development cluster",0,,0,0,3,5,4,2,7,7,,,,,,The performance indicator will report in Q3.,None.,,"The availability of the production inputs enabled the Department to support two more women farmers utilising Tarlton Agri-park open fields.
",None.,provide actual output upon approval ,More women producers were supported in Q2.,"None, the annual target has been achieved",Unable to assess as preliminary report is not provided,,,,,,,,191
"Agriculture, Forestry and Fisheries",Agriculture,Gauteng,Programme 5:	Research and Technology Development Services,Sub Programme 5.3: Research Infrastructure Support Services,Annually,Number of research infrastructure managed,Standardized,Not  Applicable,"Priority 5: Spatial Integration, Human Settlements and Local Government",-,"The Economic Sectors, Employment and Infrastructure Development cluster",,,,,,,1,1,1,1,,None,None,,,,,,,,,,,,,,,,,,,191
"Agriculture, Forestry and Fisheries",Agriculture,Gauteng,Programme 6: Agricultural Economic Services,Sub Programme 6.1: Production Economics and Marketing Support,Quarterly,Number of agribusinesses supported with Black Economic Empowerment advisory services,Standardized,Not  Applicable,"Priority 5: Spatial Integration, Human Settlements and Local Government",-,"The Economic Sectors, Employment and Infrastructure Development cluster",10,102,20,27,20,32,10,16,60,177,,,,,actual achievement not provided,Responsiveness of Agribusinesses to the open market day.,None,Actual achievement not provided,Agribusinesses supported during study groups and site visits.,None,,"Small Enterprise and Supplier Development Workshop held in partnership with Department of Water and Sanitation, and a site visit to an Agribusiness.",None,,"Target exceeded due to workshops,
events and site visits ",None.,Corrective actions must be provided,160 achievement. Reason for deviation is noted,Noted ,160% achievement. Reason for deviation is noted,,191
"Agriculture, Forestry and Fisheries",Agriculture,Gauteng,Programme 6: Agricultural Economic Services,Sub Programme 6.1: Production Economics and Marketing Support,Quarterly,Number of agri-businesses supported with marketing services,Standardized,Not  Applicable,"Priority 5: Spatial Integration, Human Settlements and Local Government",-,"The Economic Sectors, Employment and Infrastructure Development cluster",30,38,60,77,40,54,20,30,150,199,,,,,,More enterprises participated in the marketing services workshop conducted by the Department enabled the overachievement of the quarter target.,None.,,"Food safety certifications and capacity building in collaboration with Perishable Product Export Control Board (PPECB) and South African Bureau Standard (SABS)  enabled the overachievement of the target.
",None.,provide actual output upon approval ,Capacity building in collaboration with Perishable Product Export Control Board (PPECB) and Local Munipalities enabled theoverachievement of the quarter target. , None,Unable to assess as preliminary report is not provided,"Partnership
between GDARDE and Perishable
Product Export Control Board
(PPECB) enabled tohe overachievement of the quarter target.",None.,130% achievement. Reason for deviation noted ,Reason for deviation noted. Internal processes must feed into DPME processes. It is important that performance is reported in time for the PDA to verify and quality assure prior to submitting to the DPME and oversight bodies ,noted.,"Noted. it is advisable that internal systems should be aligned to DPME reporting system, to ensure that internal Quality Assurance processes are undertaken, prior to reporting to the DPME system.",,191
"Agriculture, Forestry and Fisheries",Agriculture,Gauteng,Programme 6: Agricultural Economic Services,Sub Programme 6.1: Production Economics and Marketing Support,Quarterly,Number of clients supported with production economic services,Standardized,Not  Applicable,"Priority 5: Spatial Integration, Human Settlements and Local Government",-,"The Economic Sectors, Employment and Infrastructure Development cluster",120,138,120,146,100,102,80,123,420,509,,,,,," The accredited training provided by South African Bureau of Standards, study group sessions, business plan development and production economic advisory services enabled the overachievement of the quarter target.",None.,,"Non- accredited training on record keeping, marketing capacity piggery workshop, business plan development and  production economic advisory provided to farmers enabled the overachievement of the target.
",None.,provide actual output upon approval ,"Non-accredited training on record-keeping, accredited food safety training, provision of production economic advisory services and development of business plans enabled the overachievement of the quarter target.",None.,,"Non-accredited training conducted on marketing of agricultural commodites, access to funding, economic advisory provided to farmers and business plan development enabled the overachievement of the quarter target.
",None.,125.8% achievement. Reason for deviation noted ,167.5% achievement. Reason for deviation is noted.,noted ,"Noted. it is advisable that internal systems should be aligned to DPME reporting system, to ensure that internal Quality Assurance processes are undertaken, prior to reporting to the DPME system.",,191
"Agriculture, Forestry and Fisheries",Agriculture,Gauteng,Programme 6: Agricultural Economic Services,Sub Programme 6.2: Agro-Processing Support,Annually, Volume of agricultural produce aggregated through agro- logistics for agriparks,Non-Standardized,Not  Applicable,Priority 2: Economic Transformation And Job Creation,"Economy, Jobs and Infrastructure ","The Economic Sectors, Employment and Infrastructure Development cluster",,,,,,,600tons,648,600tons,648,,The refrigerated trucks provided by the Department through Memorandum of Understanding (MOA) to small-scale farmers/agroprocessors enabled the overachievement of the quarter target.,None,,,,,,,,,,,,,,,,,,,191
"Agriculture, Forestry and Fisheries",Agriculture,Gauteng,Programme 6: Agricultural Economic Services,Sub Programme 6.2: Agro-Processing Support,Annually,Gauteng Cannabis Industrialisation Masterplan developed,Non-Standardized,Not  Applicable,"Priority 5: Spatial Integration, Human Settlements and Local Government","Economy, Jobs and Infrastructure ","The Economic Sectors, Employment and Infrastructure Development cluster",,,,,,,1,1,1,1,,None,None,,,,,,,,,,,,,,,,,,,191
"Agriculture, Forestry and Fisheries",Agriculture,Gauteng,Programme 6: Agricultural Economic Services,Sub Programme 6.2: Agro-Processing Support,Annually,Number of agri-businesses supported with agro-logistics services,Non-Standardized,Not  Applicable,"Priority 5: Spatial Integration, Human Settlements and Local Government","Economy, Jobs and Infrastructure ","The Economic Sectors, Employment and Infrastructure Development cluster",,,,,,,2,2,2,2,,None,None,,,,,,,,,,,,,,,,,,,191
"Agriculture, Forestry and Fisheries",Agriculture,Gauteng,Programme 6: Agricultural Economic Services,Sub Programme 6.2: Agro-Processing Support,Annually,Number of agri-businesses supported with agro-processing initiatives,Standardized,Not  Applicable,"Priority 5: Spatial Integration, Human Settlements and Local Government",-,"The Economic Sectors, Employment and Infrastructure Development cluster",,,,,,,14,16,14,16,,Partnership with Perishable Product Export Control Board (PPECB) and other Food Safety Assessment Institutions enabled the overachievement of the quarter target.,None,,,,,,,,,,,,,,,,,,,191
"Agriculture, Forestry and Fisheries",Agriculture,Gauteng,Programme 6: Agricultural Economic Services,Sub Programme 6.2: Agro-Processing Support,Annually,Number of agro-processors commercialised through financial and technical support,Non-Standardized,Not  Applicable,"Priority 5: Spatial Integration, Human Settlements and Local Government","Economy, Jobs and Infrastructure ","The Economic Sectors, Employment and Infrastructure Development cluster",,,,,,,8,8,8,8,,None,None,,,,,,,,,,,,,,,,,,,191
"Agriculture, Forestry and Fisheries",Agriculture,Gauteng,Programme 6: Agricultural Economic Services,Sub Programme 6.2: Agro-Processing Support,Annually,Number of township agro-processing facilities established,Non-Standardized,Not  Applicable,"Priority 5: Spatial Integration, Human Settlements and Local Government","Economy, Jobs and Infrastructure ","The Economic Sectors, Employment and Infrastructure Development cluster",,,,,,,2,2,2,2,,None,None,,,,,,,,,,,,,,,,,,,191
"Agriculture, Forestry and Fisheries",Agriculture,Gauteng,Programme 6: Agricultural Economic Services,Sub Programme 6.2: Agro-Processing Support,Quarterly,Number of capacity development initiatives undertaken targeting agropreneurs,Non-Standardized,Not  Applicable,"Priority 5: Spatial Integration, Human Settlements and Local Government","Economy, Jobs and Infrastructure ","The Economic Sectors, Employment and Infrastructure Development cluster",40,35,70,85,80,81,30,39,220,240,,,,,,More agroprenuers were capacitated on agribusiness skills and enabled the overachievement of the quarter target.,None.,,"Collaborations between GDARD, Gauteng Local Municipalities and the  Department of Agriculture, Rural Development and Land Reform enabled the overachievement of the target
",None.,,"Collaborations between GDARD, SABS, Perishable Product Export Control Board and Department of Agriculture, Land Reform and Rural Development enabled the overachievement of the quarter target.",None.,,"Delays experienced with regards to the conditional grant, impacted on the target not being achieved as was anticipated.",Workshops will be conducted on various capacity development initiatives in the next quarters to achieve the planned annual target.,,,,,,191
"Agriculture, Forestry and Fisheries",Agriculture,Gauteng,Programme 6: Agricultural Economic Services,Sub Programme 6.2: Agro-Processing Support,Quarterly,Number of micro home-based agro-processing enterprises supported in TISH,Non-Standardized,Not  Applicable,"Priority 5: Spatial Integration, Human Settlements and Local Government","Economy, Jobs and Infrastructure ","The Economic Sectors, Employment and Infrastructure Development cluster",40,40,70,102,100,126,40,40,250,308,,,,,,"More micro home-based
agroprocessing enterprises in TISH were supported with various training ",None.,,"Awareness campaigns on food safety regulations conducted in collaboration with Perishable Product Export Control Board, Local Municipality and Department of Agriculture, Land Reform and Rural Development enabled the overachievement of the target.
",None.,provide actual output upon approval ,None,None,Unable to assess as preliminary report is not provided,None.,None.,,,,,,191
"Agriculture, Forestry and Fisheries",Agriculture,Gauteng,Programme 6: Agricultural Economic Services,Sub Programme 6.3: Macroeconomics Support,Quarterly,Number of agricultural economic information responses provided,Non-Standardized,Not  Applicable,"Priority 5: Spatial Integration, Human Settlements and Local Government","Economy, Jobs and Infrastructure ","The Economic Sectors, Employment and Infrastructure Development cluster",125,126,125,150,110,117,110,111,470,504,,,,,,"The launch of the egg aggregation pack station, training on the micro abattoir slaughtering equipment and information sharing sessions on agricultural economic services enabled the overachievement of the target.",None.,,"Grain marketing workshops, agricultural economic advisory services,  Soweto exhibition market days' and workshops on agricultural value chains enabled the overachievement of the target",None.,,Workshops on the viability and sustainability model of Agricultural Cooperatives and information sharing sessions enabled the overachievement of the quarter target..,None,Unable to assess as preliminary report is not provided,Workshops were conducted on the viability and sustainability model of Agricultural Cooperatives and information sharing sessions on Agricultural Economic Service programmes enabled the overachievement of the quarter target.,None.,,,,,,191
"Agriculture, Forestry and Fisheries",Agriculture,Gauteng,Programme 6: Agricultural Economic Services,Sub Programme 6.3: Macroeconomics Support,Quarterly,Number of economic reports compiled,Standardized,Not  Applicable,"Priority 5: Spatial Integration, Human Settlements and Local Government",-,"The Economic Sectors, Employment and Infrastructure Development cluster",3,3,3,4,3,3,3,3,12,13,,,,,,"The target was exceeded by one report due to focusing on the Maize Industry overview, Fresh Produce Markets in Gauteng and the 6th Administration with special focus of grain milling.",None.,,,None.,,None,None,Unable to assess as preliminary report is not provided,None.,None.,None ,Reason for deviation noted. Internal processes must feed into DPME processes. It is important that performance is reported in time for the PDA to verify and quality assure prior to submitting to the DPME and oversight bodies ,Noted.,133% achievement. Reason for deviation is noted and well captured,,191
"Agriculture, Forestry and Fisheries",Agriculture,Gauteng,Programme 7: Agricultural Education and Training,Sub Programme 7.1: Higher Education and Training,Annually,Number of students graduated with agricultural qualification,Standardized,Not  Applicable,"Priority 5: Spatial Integration, Human Settlements and Local Government",-,"The Economic Sectors, Employment and Infrastructure Development cluster",,,,,0,,,,0,,,,,,,,,,,,,,,,,,,,,,,191
"Agriculture, Forestry and Fisheries",Agriculture,Gauteng,Programme 7: Agricultural Education and Training,Sub Programme 7.2: Agricultural Skills Development,Quarterly,Number of participants trained in skills development programmes in the sector,Standardized,Not  Applicable,"Priority 5: Spatial Integration, Human Settlements and Local Government",-,"The Economic Sectors, Employment and Infrastructure Development cluster",150,270,220,349,220,225,190,194,780,1038,,,,,,"Training on pest management, use of chemicals in vegetable production, mixed farming, financial management, pig management beef production and water saving technology amongst others enabled the overachievement of the quarter target.",None.,,"Training and demonstration on risk financial management, business management, marketing, physical records management, breeding stock, parent stock management, plant health, business plan development, record keeping, filing and hemp planting enabled the overachievement of the quarter target.

",None.,,"Training on layer and broiler production, integrated DNA technology in agriculture livestock system, animal production, poultry production, grain (maize) production, managing genetics, financial management and hemp production harvesting techniques enabled the overachievement of the quarter target.",None,Unable to assess as preliminary report is not provided,"Training and
demonstration on potatoes harvest,
basic vegetable production, financial
management, 
livestock record keeping, veld
assessment and layer
production management enabled the overachievement of the quarter target.",None.,222.7% achievement. Reason for deviation provided does not explain the over achievement/ why the the reported training had not been planned for. Corrective action must be provided,Reason for deviation noted. Internal processes must feed into DPME processes. It is important that performance is reported in time for the PDA to verify and quality assure prior to submitting to the DPME and oversight bodies ,Noted.,127% achievement. Reason for deviation is noted and well captured,,191
"Agriculture, Forestry and Fisheries",Agriculture,Gauteng,Programme 8: Rural Development ,Sub Programme 8.1: Rural Development Coordination ,Annually,Number of Industry AgriBEE Indaba / State of AgriBEE held,Non-Standardized,Not  Applicable,Priority 2: Economic Transformation And Job Creation,Sustainable Development for future generation,"The Economic Sectors, Employment and Infrastructure Development cluster",,,,,1,0,,,1,0,,"Postponement of the Gauteng AgriBEE Indaba during the reporting period  under review.
","The Gauteng AgriBEE Indaba will be held in the Fourth Quarter
",,,,,,,,,,,,,,,,,,,191
"Agriculture, Forestry and Fisheries",Agriculture,Gauteng,Programme 8: Rural Development ,Sub Programme 8.1: Rural Development Coordination ,Quarterly,Number of stakeholders contributing to the implementation of the Rural Development  program,Non-Standardized,Max,Priority 6: Social Cohesion and Safer Communities,Sustainable Development for future generation,"The Social Protection, Community and Human Development cluster",6,10,6,9,6,8,6,8,6,10,,,,,, Nine (9) stakeholders submitted quarter 2 progress report for 2023/25 financial year. ,None,,"Eight (8) stakeholders submitted the quarter 3 progress report for 2024/25 financial year as per request from the Department. 
",,provide actual output upon approval ,Eight (8) stakeholders submitted quarter 4 progress report for 2024/25 financial year.,None,,"GDARDE, DALRRD, DWS, GDE, SASSA, SAPS, COGTA, GDSD, Emfuleni and Ekurhuleni submitted quarter 1 progress report for 2024/25 financial year.",none,,,,,,191
"Agriculture, Forestry and Fisheries",Agriculture,Gauteng,Programme 8: Rural Development ,Sub Programme 8.1: Rural Development Coordination ,Quarterly,Number of transformation agreements monitored in the five agriculture/agro-processing priority sectors,Non-Standardized,Max,Priority 6: Social Cohesion and Safer Communities,Sustainable Development for future generation,"The Social Protection, Community and Human Development cluster",5,11,5,6,5,5,5,6,5,11,,,,,,"The transformation agreements are with City of Ekurhuleni; Heineken (previously Distell); Emfuleni Local Municipality, Under2 Coalition Climate Group; National Cleaner Production Centre (agency of the Department of Trade & Industry); Green Building Council South Africa (City of Johannesburg, City of Tshwane, and City of Ekurhuleni; University of Johannesburg) and Vaal University of Technology",None,,"Transformation agreements are monitored as per plan. Those are with City of Ekurhuleni, Vaal University of Technology, Perishable Product Export Control Board, PEPSICO and Land Ban
",,provide actual output upon approval ,"Transformation agreements monitored with City of Ekurhuleni, Vaal University of Technology, Perishable Product Export Control Board, PEPSICO and Land Bank.",None,,"Transformation agreements monitored with City of Ekurhuleni; Heineken (previously Distell); Emfuleni Local Municipality, Under2 Coalition Climate Group; National Cleaner Production Centre (agency of the Department of Trade & Industry); Green Building Council South Africa, City of Johannesburg, City of Tshwane, and City of Ekurhuleni; University of Johannesburg; Vaal University of Technology; Perishable Product Export Control Board; PEPSICO; and Land Bank.",none,,,,,,191
"Agriculture, Forestry and Fisheries",Agriculture,Gauteng,Programme 8: Rural Development ,Sub Programme 8.2: Social Facilitation ,Annually,Number of agricultural production initiatives in communal areas and rural nodes supported,Non-Standardized,Not  Applicable,"Priority 5: Spatial Integration, Human Settlements and Local Government",Sustainable Development for future generation,"The Social Protection, Community and Human Development cluster",,,,,,,18,42,18,42,,"Agricultural production initiatives delivered in rural, communal and TISH areas.",None,,,,,,,,,,,,,,,,,,,191
"Agriculture, Forestry and Fisheries",Agriculture,Gauteng,Programme 8: Rural Development ,Sub Programme 8.2: Social Facilitation ,Annually,Number of hectares of agricultural land released for agricultural production,Non-Standardized,Not  Applicable,"Priority 5: Spatial Integration, Human Settlements and Local Government",Sustainable Development for future generation,"The Social Protection, Community and Human Development cluster",,,,,,,10000,856,10000,856,,"Only 856 hectares has been allocated/reallocated by the Department of Agriculture, Land Reform and Rural Development in the than anticipated.","Engagements with National DALRRD, Municipalities, and private sector to identify land for agricultural production is on-going.",,,,,,,,,,,,,,,,,,,191
"Agriculture, Forestry and Fisheries",Agriculture,Gauteng,Programme 8: Rural Development ,Sub Programme 8.2: Social Facilitation ,Annually,Number of Home-based enterprises profiled in targeted households in all districts,Non-Standardized,Not  Applicable,Priority 2: Economic Transformation And Job Creation,Sustainable Development for future generation,"The Social Protection, Community and Human Development cluster",,,,,,,1000,1007,1000,1007,,Enterprises profiled through the ESD Open Day in Carletonville and Ga-Rankuwa; Honeydew GDARDE Services and ESD Opportunities Workshop; Cooperatives.,None,,,,,,,,,,,,,,,,,,,191
"Agriculture, Forestry and Fisheries",Agriculture,Gauteng,Programme 8: Rural Development ,Sub Programme 8.2: Social Facilitation ,Annually,Number of skills opportunities provided,Non-Standardized,Not  Applicable,"Priority 3: Education, Skills And Health",Sustainable Development for future generation,"The Social Protection, Community and Human Development cluster",,,,,,,5,11,5,11,,Eleven (11) trainings or workshops provided.,None,,,,,,,,,,,,,,,,,,,191
"Agriculture, Forestry and Fisheries",Agriculture,Gauteng,Programme 8: Rural Development ,Sub Programme 8.2: Social Facilitation ,Annually,Percentage agricultural land allocated to youth farmers for agricultural production,Non-Standardized,Not  Applicable,"Priority 5: Spatial Integration, Human Settlements and Local Government","Education, Skills Revolution and Health ","The Social Protection, Community and Human Development cluster",,,,,,,30,0,30,0,,GDARD has external dependency on land allocation,"Engagements with National DALRRD, Municipalities, and private sector to identify land for agricultural production is on-going",,,,,,,,,,,,,,,,,,,191
"Agriculture, Forestry and Fisheries",Agriculture,Gauteng,Programme 8: Rural Development ,Sub Programme 8.2: Social Facilitation ,Annually,Percentage of agricultural land allocated to women farmers for agricultural production,Non-Standardized,Not  Applicable,"Priority 5: Spatial Integration, Human Settlements and Local Government",Sustainable Development for future generation,"The Social Protection, Community and Human Development cluster",,,,,,,40 %,0 %,40 %,0 %,,GDARD has external dependency on land allocation,"Engagements with National DALRRD, Municipalities, and private sector to identify land for agricultural production is on-going",,,,,,,,,,,,,,,,,,,191
"Agriculture, Forestry and Fisheries",Agriculture,Gauteng,Programme 8: Rural Development ,Sub Programme 8.2: Social Facilitation ,Quarterly,Number of businesses supported through enterprise supplier and development programme,Non-Standardized,Not  Applicable,Priority 2: Economic Transformation And Job Creation,Sustainable Development for future generation,"The Economic Sectors, Employment and Infrastructure Development cluster",50,0,150,229,250,38,50,349,500,616,,,,,Actual achievement not provided,"The businesses through workshops at Honeydew, Winterveldt, Roodepoort and Johannesburg from all Gauteng Corridors or municipalities.",None,,There was overachievement in the previous quarter and plan workshops including AgriBEE Indaba planned in the quarter 4.,None ,, ESD Opportunities WoBusinesses supported with the ESD Open Day in Carletonville and Ga-Rankuwa; Honeydew GDARDE Services and ESD Opportunities Workshoprkshop; Cooperatives ,None,,To be reported at end ,To be reported at the end of July,,,,,,191
