Sector,Institution,Programme,SubProgramme,Location,Frequency,Indicator,Type,SubType,Outcome,Priority,Cluster,Target_Q1,ActualOutput_Q1,Target_Q2,ActualOutput_Q2,Target_Q3,ActualOutput_Q3,Target_Q4,ActualOutput_Q4,AnnualTarget_Summary2,Preliminary_Summary2,PrelimaryAudited_Summary2,ReasonforDeviation_Summary,CorrectiveAction_Summary,ValidatedAudited_Summary2,ReasonforDeviation_Q1,CorrectiveAction_Q1,OTP_Q1,ReasonforDeviation_Q2,CorrectiveAction_Q2,OTP_Q2,ReasonforDeviation_Q3,CorrectiveAction_Q3,OTP_Q3,ReasonforDeviation_Q4,CorrectiveAction_Q4,OTP_Q4,National_Q1,National_Q3,National_Q2,DesiredPerformance,UID
Health,Health,Free State,Programme 1: Administration,Sub-Programme: Management,Annually,Audit opinion of FS Department of Health,Standardized,Not  Applicable,"Priority 3: Education, Skills And Health",Improved quality of life,"The Social Protection, Community and Human Development cluster",,,,,,,Unqualified  opinion,Audit is still in progress,Unqualified  opinion,Audit is still in progress,,,,,,,,,,,,,,,,,,,,,256
Health,Health,Free State,Programme 1: Administration,Sub-Programme: Management,Annually,Number of business processes automated ,Non-Standardized,Not  Applicable,"Priority 3: Education, Skills And Health",Improved quality of life,"The Social Protection, Community and Human Development cluster",,,,,,,4,4,4,4,,Target achieved.,,,,,,,,,,,,,,,,,,,256
Health,Health,Free State,Programme 1: Administration,Sub-Programme: Management,Annually,Number of district hospitals implementing HMS2,Non-Standardized,Not  Applicable,"Priority 3: Education, Skills And Health",Improved quality of life,"The Social Protection, Community and Human Development cluster",,,,,,,16,16,16,16,,Target achieved.,,,,,,,,,,,,,,,,,,,256
Health,Health,Free State,Programme 1: Administration,Sub-Programme: Management,Annually,Number of facilities with security QIPs implemented,Non-Standardized,Not  Applicable,"Priority 3: Education, Skills And Health",Improved quality of life,"The Social Protection, Community and Human Development cluster",,,,,,,60,0,60,0,,Target not achieved,,,,,,,,,,,,,,,,,,,256
Health,Health,Free State,Programme 1: Administration,Sub-Programme: Management,Annually,Number of research projects recommended for implementation in the department by PHRC,Non-Standardized,Not  Applicable,"Priority 3: Education, Skills And Health",Improved quality of life,"The Social Protection, Community and Human Development cluster",,,,,,,3,3,3,3,,Target achieved.,,,,,,,,,,,,,,,,,,,256
Health,Health,Free State,Programme 1: Administration,Sub-Programme: Management,Annually,Percentage of internal audit recommendations implemented,Non-Standardized,Not  Applicable,"Priority 3: Education, Skills And Health",Improved quality of life,"The Social Protection, Community and Human Development cluster",,,,,,,100 %,17 %,100 %,17 %,,"Target not achieved.
Shortage of resources.
Insufficient monitoring of audit action plans.","•	Reprioritization of available resources.
•	Regular follow up by management.
•	Conduct regular follow-up audits. ",,,,,,,,,,,,,,,,,,256
Health,Health,Free State,Programme 1: Administration,Sub-Programme: Management,Annually,"Percentage of most procured goods, services and works awarded to women-owned businesses",Non-Standardized,Not  Applicable,"Priority 3: Education, Skills And Health",Improved quality of life,"The Social Protection, Community and Human Development cluster",,,,,,,40 %,,40 %,,,,,,,,,,,,,,,,,,,,,,256
Health,Health,Free State,Programme 1: Administration,Sub-Programme: Management,Quarterly,"Number of employees trained on code of conduct, grievance procedure and disciplinary code and procedures",Non-Standardized,Not  Applicable,"Priority 3: Education, Skills And Health",Improved quality of life,"The Social Protection, Community and Human Development cluster",750,691,750,1452,750,"

2221",750,1 131,3000,5495,,,,,"Target not achieved. 
•	Practitioners were on leave for part of the quarter, taking their previous cycle’s leave days before they expire. 
",There is already a training schedule drafted for the remaining period of the financial year.,,"Target achieved.
The deviation is due to the previous quarters impact from employees and pensioners who were on leave. 
As a result, the performance was lower than expected, contributing to the deviation in meeting the target.
","conduct additional training on code of conduct, grievance procedure, disciplinary code and procedures virtually through  i-Cam and Microsoft teams.",What is the output achieved?,"Target not achieved. 
Officials were on vacation leave as it was festive season and cost containment measures 
","Training schedule will be populated and confirm availability of officials. 
",,Target achieved.,,,,,,,256
Health,Health,Free State,Programme 1: Administration,Sub-Programme: Management,Quarterly,"Number of employees trained on code of conduct, grievance procedure and disciplinary code and procedures",Non-Standardized,Not  Applicable,"Priority 3: Education, Skills And Health",Improved quality of life,"The Social Protection, Community and Human Development cluster",750,,1500,"

1452",2250,"

2221",3000,3352,3000,7025,,,,,,,,"Target not achieved. 
•	The deviation is due to the previous quarter’s impact from employees and practitioners who were on leave. 
•	As a result. The performance was lower than expected, contributing to the deviation in meeting the initial target. 
","•	Incorporate i-Cam training.
•	Conduct additional training on code of conduct, grievance procedure, disciplinary code and procedures virtually i-Cam and Microsoft Teams 
",,"Target not achieved. 
Officials were on vacation leave as it was festive season.

Cost containment measures also affected progress.
",Training schedule will be populated and confirm availability of officials. ,,Target achieved,"Progress on implementation of Q3 action plan:
Training schedule was populated and submitted to senior managers. 
",,,,,,256
Health,Health,Free State,Programme 1: Administration,Sub-Programme: Management,Quarterly,Number of public health facilities security audited,Non-Standardized,Min,"Priority 3: Education, Skills And Health",Improved quality of life,"The Social Protection, Community and Human Development cluster",15,0,15,15,15,"
30",15,0,60,0,,,,,"Target not achieved. 
•	There was lack of communication and coordination for the conducting security audits in facilities.
•	10 visits were done in the facility to review security measures implemented.  
 ",Conclude security audits scheduled for the remaining quarters of the financial year.  ,,Target achieved.,"Q1 Progress on action plan
•	The security audits schedule was compiled, and its implementation has commenced. 
",,Target achieved. ,"Q2 Progress on action plan:
Security audit schedule implemented and the Q1 catch-up audits conducted. 
",,"Target not achieved.

Challenges with the provincial security management due to staff shortage and budgetary constraints.",,What is the reason for none achievement of the target?,,,,,256
Health,Health,Free State,Programme 1: Administration,Sub-Programme: Management,Quarterly,Percentage of invoices paid within 30 days,Non-Standardized,Not  Applicable,"Priority 3: Education, Skills And Health",Improved quality of life,"The Social Protection, Community and Human Development cluster",100 %,39.3 %,100 %,73 %,100 %,"
23 %",100 %,32 %,100 %,0 %,,,,,"Target not achieved. 
The payment of Accruals and Payables carried over from the previous financial year was prioritized.
",The remaining A&P must be finalized.  Then the rest of the new invoices received in the current year should be paid.,,"Target not achieved. 
The payment of Accruals and Payables carried over from the previous financial year was prioritized. There are still invoices brought forward that have not yet been paid. 
",The remaining A&P must be finalized.  Then the rest of the new invoices received in the current year should be paid.,,"Target not achieved. 
Due to high value of accruals that the department started the year with, most of the effort went to addressing the backlog. This inadvertently created a new backlog in the current year. 

The department is implementing a first in, first out payment process. 

",,What is the planned corrective action for this deviation?,"Target not achieved.
The shortage of cash resulted in the department not being able to make payments to the suppliers on time. 
",,What is the corrective action in this regard as the deviation is quite significant? ,,,,,256
Health,Health,Free State,Programme 1: Administration,Sub-Programme: Management,Quarterly,"Percentage of most procured goods, services and works awarded to women-owned businesses",Non-Standardized,Average,"Priority 3: Education, Skills And Health",Improved quality of life,"The Social Protection, Community and Human Development cluster",40 %,36.9 %,40 %,36.2 %,40 %,"

45.7 %",40 %,40.5 %,40 %,0 %,,,,,"Target not achieved. 
Insufficient number of women-owned businesses for goods, services and works with 51% shares in terms of the procurement in the first quarter.","•	Monitor the procurement of specific goods, services and works from women-owned companies through the implementation of the specific goals.
•	Treasury to review the threshold for qualification of the specific goals to accommodate the shareholders with the percentage below 51% in order to enhance participation. 
",,"Target not achieved. 
Insufficient number of women-owned businesses for goods, services and works with 51% shares in second quarter.
","•	Monitor the procurement of specific goods, services and works from women-owned companies through the implementation the specific goals.
•	Treasury to review the threshold for qualification of the specific goals to accommodate the shareholders with the percentage below 51% in order to enhance participation.
",,Target achieved. ,"Q2 Progress on action plan:
Monitoring on the procurement of specific goods, services and works from women-owned companies through the implementation of the specific goals.
",,Target achieved,,,,,,,256
Health,Health,Free State,Programme 1: Administration,Sub-Programme: Management,Quarterly,Percentage of summons audited to determine baseline of claimants amenable to mediation,Non-Standardized,Max,"Priority 3: Education, Skills And Health",Improved quality of life,"The Social Protection, Community and Human Development cluster",100 %,16.7 %,100 %,0 %,100 %,"
50
 %",100 %,100 %,100 %,0 %,,,,,"Target not achieved. 
•	1 case of an explicit NO interest in mediation.
•	4 cases where interest in mediation was not indicated.
",Enquiry to be sent to the 4 plaintiff lawyers on their amenability to mediation.,,"Target not achieved. 
None of the 4 plaintiff’s attorneys indicated amenability to mediation.
","Q1 Progress on action plan
•	No favourable indication on amenability to mediation was received. 

Q2 Action Plan
•	Enquiry to be sent to the 4 plaintiff lawyers on their amenability to mediation. 
",,"Target achieved. 
Mediation is a voluntary process and only 1 out of 2 summons received where mediation was agreed on. ",,,Target achieved. ,,,,,,,256
Health,Health,Free State,Programme 1: Administration,Sub-Programme: Management,Quarterly,Percentage of the annual Departmental Budget Allocation Spent,Non-Standardized,Not  Applicable,"Priority 3: Education, Skills And Health",Improved quality of life,"The Social Protection, Community and Human Development cluster",25 %,24.4 %,50 %,50 %,75 %,"
72 %",100 %,98 %,100 %,0 %,,,,,"Target not achieved.  
Under expenditure on Current Payments: Compensation of Employees (vacant posts and outstanding pay progression) and Goods & Services.",Payment of accruals.,,Target achieved. ,,,"Target not achieved.
•	The under spending is 3% less on Voted Funds due Compensation of Employees (CoE) due to the non-filling of vacant posts, Goods and Services.
•	Overall Conditional Grants expenditure is 4% less than the benchmark as end of December 2024.

","There will be improvement on CoE due to the appointment of Covid-19 Officials.
All Conditional Grant must ensure that the break even at the end of financial year.
",,"Target not achieved.
The department is underspending on Compensation of Employees, due to the non-filling of posts. Due to cash challenges appointment of employees could not be made.
",,,,,,,256
Health,Health,Free State,Programme 1: Administration,Sub-Programme: Management,Quarterly,Percentage own revenue collected,Non-Standardized,Not  Applicable,"Priority 3: Education, Skills And Health",Improved quality of life,"The Social Protection, Community and Human Development cluster",23 %,38.8 %,46 %,113 %,69 %,158 %,92 %,164.1 %,92 %,0 %,,,,,"Target achieved.  
Government of Lesotho made a payment for R36 million.
",Ensure that  all processes are followed by the facilities to ensure that all revenue owed to the state is collected.,,"Target achieved.
Government of Lesotho made an additional payment of R88 million in the second quarter.
",Ensure that all processes are followed by the facilities to ensure that all revenue owed to the state is collected.,,"Target achieved. 
Government of Lesotho made an additional payment against their debt. 

","Ensure that all processes are followed by the facilities to ensure that all revenue owed to the state is collected. 
",,"Target achieved. 
The payment of the outstanding accounts by the Lesotho Government contributed positively to the annual collection. 
",,,,,,,256
Health,Health,Free State,Programme 1: Administration,Sub-Programme: Management,Quarterly,Public health dataset timeliness rate,Non-Standardized,Min,"Priority 3: Education, Skills And Health",Improved quality of life,"The Social Protection, Community and Human Development cluster",97.7 %,98.8 %,97.7 %,99.8 %,97.7 %,"
96.8 %",97.7 %,98.2 %,97.7 %,0 %,,,,,Target achieved.,,What is the reason for exceeding the target?,Target achieved,,,"Target not achieved due to
Computer theft and some officials were on leave.
",Report facilities with stolen computers to district management and security.,,Target achieved.,,,,,,,256
Health,Health,Free State,Programme 1: Administration,Sub-Programme: Office of the MEC,Annually,Number of districts with functional District Health Councils,Non-Standardized,Not  Applicable,"Priority 3: Education, Skills And Health",Improved quality of life,"The Social Protection, Community and Human Development cluster",,,,,,,5,3,5,3,,"Target not achieved.
The District Health Council was relaunched in March 2025 and the 3 districts which achieved were Mangaung Metro, Fezile Dabi and Lejweleputswa districts.",Continuous attendance of council meetings as convened.,,,,,,,,,,,,,,,,,,256
Health,Health,Free State,Programme 2: District Health Services,Sub-Programme: Community Based Services (Disease Prevention and Control {DPC}),Annually,Number of mental health care practitioners contracted,Non-Standardized,Not  Applicable,"Priority 3: Education, Skills And Health",Improved quality of life,"The Social Protection, Community and Human Development cluster",,,,,,,14,0,14,0,,"Target not achieved. 
Delayed recruitment process.
",Performance will improve with appointments.,,,,,,,,,,,,,,,,,,256
Health,Health,Free State,Programme 2: District Health Services,Sub-Programme: Community Based Services (Disease Prevention and Control {DPC}),Annually,Percentage of functional mental health review boards,Non-Standardized,Not  Applicable,"Priority 3: Education, Skills And Health",Improved quality of life,"The Social Protection, Community and Human Development cluster",,,,,,,100 %,100 %,100 %,100 %,,Target achieved.,Continue to monitor the compliance ,,,,,,,,,,,,,,,,,,256
Health,Health,Free State,Programme 2: District Health Services,Sub-Programme: Community Based Services (Disease Prevention and Control {DPC}),Annually,Percentage of hospitals compliant on 72-hour mental health assessment,Non-Standardized,Not  Applicable,"Priority 3: Education, Skills And Health",Improved quality of life,"The Social Protection, Community and Human Development cluster",,,,,,,13.8 %,10.3 %,13.8 %,10.3 %,,"Target not achieved. 
Infrastructure process hampered progress.",Monitor the implementation of the Mental Health transformation plan progress.,,,,,,,,,,,,,,,,,,256
Health,Health,Free State,Programme 2: District Health Services,Sub-Programme: Community Based Services (Disease Prevention and Control {DPC}),Quarterly,Client 18-44 years  screened for hypertension,Non-Standardized,Min,"Priority 3: Education, Skills And Health",Improved quality of life,"The Social Protection, Community and Human Development cluster",74840,328413,74840,255 728,74840,311861,74839,325 383,299359,255728,,,,,Target achieved.,,,Target achieved,,What was the reason for the over-achievement of the target?,Target achieved.,"Continue with health promotion messages, screen clients at risk of developing diabetes and put eligible clients on treatment.",What is the reason behind over-achievement?,Target achieved.,Continue with screening.,,,,,,256
Health,Health,Free State,Programme 2: District Health Services,Sub-Programme: Community Based Services (Disease Prevention and Control {DPC}),Quarterly,Client 18-44 years screened for diabetes,Non-Standardized,Min,"Priority 3: Education, Skills And Health",Improved quality of life,"The Social Protection, Community and Human Development cluster",13361,253090,13360,154797,13360,249728,13360,257 831,53441,154797,,,,,Target achieved.,,,Target achieved,,What was the reason for the over-achievement of the target?,Target achieved.,"Continue with health promotion messages, screen clients at risk of developing diabetes and put eligible clients on treatment.",What is the reason behind over-achievement?,Target achieved.,Continue with screening.,,,,,,256
Health,Health,Free State,Programme 2: District Health Services,Sub-Programme: Community Based Services (Disease Prevention and Control {DPC}),Quarterly,Client 45 years and older screened for diabetes,Non-Standardized,Min,"Priority 3: Education, Skills And Health",Improved quality of life,"The Social Protection, Community and Human Development cluster",3918,158715,3918,138928,3917,146182,3917,157 502,15670,138928,,,,,Target achieved.,,,Target achieved,,What was the reason for the over-achievement of the target?,Target achieved.,"Continue with health promotion messages, screen clients at risk of developing diabetes and put eligible clients on treatment.",What is the reason behind over-achievement?,Targeted achieved.,Continue with screening,,,,,,256
Health,Health,Free State,Programme 2: District Health Services,Sub-Programme: Community Based Services (Disease Prevention and Control {DPC}),Quarterly,Client 45 years and older screened for hypertension,Non-Standardized,Min,"Priority 3: Education, Skills And Health",Improved quality of life,"The Social Protection, Community and Human Development cluster",27359,144931,27359,327164,27359,125295,27358,139 498,109435,125295,,,,,Target achieved.,,,Target achieved,,What was the reason for the over-achievement of the target?,Target achieved.,"Continue with health promotion messages, screen clients at risk of developing diabetes and put eligible clients on treatment.",What is the reason behind over-achievement?,Target achieved.,Continue with screening.,,,,,,256
Health,Health,Free State,Programme 2: District Health Services,Sub-Programme: Community Based Services (Disease Prevention and Control {DPC}),Quarterly,Normal Haemoglobin A1c (HbA1c) test with result =8% rate,Non-Standardized,Average,"Priority 3: Education, Skills And Health",Improved quality of life,"The Social Protection, Community and Human Development cluster",55 %,,55 %,No Report from NHLS %,55 %,66 %,55 %,60  %,55 %,0 %,,,,,,,,The HbA1C testing information is currently unavailable due to the cyber attacks on the NHLS systems.,To convene a meeting with Information Management to explore the manual system.,,Target achieved.,"•	To scale up monitoring of facilities that are not correctly managing patients that are diabetic to increase adherence to treatment.
•	To distribute 50 boxes (13 000) test strips received from a donor (Promed Technologies) to replace expired test strips.",What is the reason behind over-achievement?,Target achieved.,Continue with screening.,,,,,,256
Health,Health,Free State,Programme 2: District Health Services,Sub-Programme: Community Based Services (Disease Prevention and Control {DPC}),Quarterly,Normal Hemoglobin A1c (HbA1c) test with result <7% rate,Non-Standardized,Min,"Priority 3: Education, Skills And Health",Improved quality of life,"The Social Protection, Community and Human Development cluster",60 %,55.1 %,60 %,,60 %,66 %,60 %,60 %,60 %,55.1 %,,,,,"Target not achieved. 
•	This is a report containing April & May 2024 only, NHLS experienced a cyber attacked and could not retrieve data for June 2024.  
","•	Training and on-site monitoring on National User guideline on the prevention and treatment of hypertension in adults.
•	District training of nurses to take place in September. 
",,,,,Target achieved.,"•	To scale up monitoring of facilities that are not correctly managing patients that are diabetic to increase adherence to treatment.
•	To distribute 50 boxes (13 000) test strips received from a donor (Promed Technologies) to replace expired test strips.
",What is the reason behind over-achievement?,Target achieved.,Continue with screening.,,,,,,256
Health,Health,Free State,Programme 2: District Health Services,Sub-Programme: Community Based Services (Disease Prevention and Control {DPC}),Quarterly,Number of mental health clients seen by contracted mental health care practitioners at PHC level,Non-Standardized,Not  Applicable,"Priority 3: Education, Skills And Health",Improved quality of life,"The Social Protection, Community and Human Development cluster",2100,623,2100,1226,2100,1556 (accumulative 3519),2100,1 234,8400,3404,,,,,"Target not achieved. 
Services were provided for two months, May and June, the 1st month was used for orientation of all contacted professionals.
","•	Create service demand at PHC level.
•	The APP target will be revised in line with the approved 2024 /2025 NHI Business Plan.
",,"Target not achieved.
Delayed appointments  of additional mental health professionals.
",Finalize appointment of additional professionals.,What was the actual reason behind the delayed appointment?,"Target was achieved.
Performance was affected by delayed appointments.","Q2 Action Plan progress:
Submission on request to appoint was sent to Provincial Treasury for approval since 09 December 2024.

Q3 Progress:
Escalate the matter to the DDG's office for intervention.",The target is not achieved...,"Target not achieved. 
Performance was affected by the delayed appointment of additional professionals.","Progress on implementation of Q3 action plan:
The submission to appoint additional professionals was approved. 
Q4 Action Plan:
Short listing and interviews concluded, and appointments will be finalized in quarter one.",,,,,,256
Health,Health,Free State,Programme 2: District Health Services,Sub-Programme: Community Based Services (Disease Prevention and Control {DPC}),Quarterly,Number of mental health clients seen by contracted mental health care practitioners at PHC level,Non-Standardized,Not  Applicable,"Priority 3: Education, Skills And Health",Improved quality of life,"The Social Protection, Community and Human Development cluster",1680,,1680,1226,1680,"1 556
(Accumulative 3 519)
",1680,1 234,6720,1226,,,,,,,,"Target not achieved.
Delayed appointment of additional mental health professionals.
",Finalize appointment of additional professionals.,What was the actual reason behind the delayed appointment?,(less 125) Performance is affected by delayed appointments).,"Q2 Progress on action plan:
Follow up done, the submission is 
still at treasury since 9th December 2024 for approval.

Q3 Action Plan:
Escalated to the office of the DDG for intervention.
",,"Target not achieved. 
Performance was affected by the delayed appointment of additional professionals.
","Progress on implementation of Q3 action plan:
The submission to appoint additional professionals was approved. 
Q4 Action Plan:
Short listing and interviews concluded, and appointments will be finalized in quarter one.",,,,,,256
Health,Health,Free State,Programme 2: District Health Services,Sub-Programme: Community Based Services (Disease Prevention and Control {DPC}),Quarterly,PHC mental disorders treatment rate new,Standardized,Not  Applicable,"Priority 3: Education, Skills And Health",Improved quality of life,"The Social Protection, Community and Human Development cluster",0.01 %,0.01 %,0.01 %,0.01 %,0.01 %,0.0 %,0.01 %,0.0 %,0.01 %,0 %,,,,,Target achieved.,,,Target achieved,,,Target not achieved. ,To conduct Data clean-up .,,"Target not achieved. 
Contracted mental health professional’s data not captured into the DHIS.
","Progress on implementation of Q3 action plan:
Data clean up done and gaps identified.

Q4 Action Plan:
Train all contacted officials and provide them with access to capture in the DHIS.
Develop a mental health register for the capturing of all clients seen by contracted officials. Contracted professionals will be provided with a register, training and the access to capture data into the system.",,,,,,256
Health,Health,Free State,Programme 2: District Health Services,Sub-Programme: District Hospitals,Annually,Ideal hospital status obtained rate,Non-Standardized,Not  Applicable,"Priority 3: Education, Skills And Health",Improved quality of life,"The Social Protection, Community and Human Development cluster",,,,,,,20 %,36 %,20 %,36 %,,Target achieved.,,,,,,,,,,,,,,,,,,,256
Health,Health,Free State,Programme 2: District Health Services,Sub-Programme: District Hospitals,Annually,Maternal deaths in facility,Standardized,Not  Applicable,"Priority 3: Education, Skills And Health",Improved quality of life,"The Social Protection, Community and Human Development cluster",,,,,,,9,5,9,5,,Target achieved.,,,,,,,,,,,,,,,,,,,256
Health,Health,Free State,Programme 2: District Health Services,Sub-Programme: District Hospitals,Annually,Patient Experience of Care satisfaction rate,Standardized,Not  Applicable,"Priority 3: Education, Skills And Health",Improved quality of life,"The Social Protection, Community and Human Development cluster",,,,,,,80 %,82 %,80 %,82 %,,Target achieved.,,,,,,,,,,,,,,,,,,,256
Health,Health,Free State,Programme 2: District Health Services,Sub-Programme: District Hospitals,Annually,Percentage of hospitals implementing quality improvement programme,Non-Standardized,Not  Applicable,"Priority 3: Education, Skills And Health",Improved quality of life,"The Social Protection, Community and Human Development cluster",,,,,,,100 %,60 %,100 %,60 %,,"Target not achieved. 
Some components in hospital QIPs have not yet been completed.",Incomplete components to be assisted to complete their QIP’s.,,,,,,,,,,,,,,,,,,256
Health,Health,Free State,Programme 2: District Health Services,Sub-Programme: District Hospitals,Annually,Percentage of hospitals with functional hospital boards,Non-Standardized,Not  Applicable,"Priority 3: Education, Skills And Health",Improved quality of life,"The Social Protection, Community and Human Development cluster",,,,,,,100 %,92 %,100 %,92 %,,"Target not achieved. 
Tokollo and Mafube District Hospital Complex board lost members. 
",Appoint new hospital board members.,,,,,,,,,,,,,,,,,,256
Health,Health,Free State,Programme 2: District Health Services,Sub-Programme: District Hospitals,Quarterly,Cervical cancer screening ,Standardized,Not  Applicable,"Priority 3: Education, Skills And Health",Improved quality of life,"The Social Protection, Community and Human Development cluster",80,63,360,632,300,144,120,70,860,70,,,,,"Target not achieved.
Low demand of cervical cancer screening in the district hospitals.
","•	Training & onsite mentoring planned. 
•	Intensify campaigns to promote uptake in the districts.
",What is the reason for the deviation on exceeding the target?,"Target achieved.
The female patients visited the facilities were offered cancer screening additional to the services required.",-	Continue to provide comprehensive package.,What was the reason behind the over-achievement reported?,"Target not achieved.
District Hospitals conduct a few cervical cancer screenings as most screenings take place at PHC level.
","•	Target allocated to each PN = 10pd. Still not winning for districts scoring low.
•	Casualties and OPD to be equipped for patient smears.
•	Advocate 1 smear per PN per day --Address the APP targets during hospital support visits.
•	Have health promotion talks in waiting areas.
",,"Target not achieved.
District Hospitals conduct a few cervical cancer screenings as most screening takes place at PHC level.","•	Casualties and OPD to be equipped for patient smears.
•	Advocate 1 smear per PN per day --Address the APP targets during hospital support visits.
•	Have health promotion talks in waiting areas.",,,,,,256
Health,Health,Free State,Programme 2: District Health Services,Sub-Programme: District Hospitals,Quarterly,Child under 5 years diarrhoea case fatality rate,Standardized,Not  Applicable,"Priority 3: Education, Skills And Health",Improved quality of life,"The Social Protection, Community and Human Development cluster",1.2 %,0.41 %,1.2 %,0 %,1.2 %,0.8 %,1.2 %,1.2 %,1.2 %,0 %,,,,,Target achieved,,,Target achieved,,,"Target achieved.
",,,Target achieved.,,,,,,,256
Health,Health,Free State,Programme 2: District Health Services,Sub-Programme: District Hospitals,Quarterly,Child under 5 years pneumonia case fatality rate,Standardized,Not  Applicable,"Priority 3: Education, Skills And Health",Improved quality of life,"The Social Protection, Community and Human Development cluster",1.1 %,0.36 %,1.1 %,1.1 %,1.1 %,2.8 %,1.1 %,2.6 %,1.1 %,0 %,,,,,Target achieved,,,Target achieved,,,"Target not achieved.
TM contributed to a high case fatality rate: El Ross case fatality rate is 7%. Phumelela had 20%. Other districts achieved their target.
","•	Identify referral facility and follow up on progress at the local area
•	Check RTHC for fully vaccinations.
•	Exclude possible TB disease in cases that died.
",,"Target not achieved. 
•	Late presentation with peeling skin, oral thrush and diarrhea
•	Thusanong Hospital:  2 deaths out of 17 admissions. Late presentations with complications.","•	Encourage mothers to seek early medical intervention
•	Nutritional education to be done at maternity by dietician.
•	Daily monitoring of all babies admitted in the wards
•	Register and addresses of patients lost to follow-up to be provided to district OTLs to assist with home support visits.",,,,,,256
Health,Health,Free State,Programme 2: District Health Services,Sub-Programme: District Hospitals,Quarterly,Child under 5 years severe acute malnutrition case fatality rate,Standardized,Not  Applicable,"Priority 3: Education, Skills And Health",Improved quality of life,"The Social Protection, Community and Human Development cluster",3 %,8.2 %,3 %,12.1 %,3 %,10.4 %,3 %,7.8 %,3 %,0 %,,,,,"Target not achieved.
•	1 out of 9 inpatient separations in Botshabelo
•	5 deaths in Lejweleputswa district due to late presentation to the hospital in a critical condition with poor prognosis.
•	1 death under 6 days in National Hospital. 8 deaths under 5 years in Botshabelo. 1 death under 6 days in Dr JS Moroka
•	1 death recorded at Diamant DH in Xhariep.
","•	Continue strengthening early detection and referral to high level of care.
•	Strengthen early detection and referral to high level of care.
•	Encouragement on exclusive breastfeed
•	Seeking of early medical intervention
•	Educate mothers on Road to health Chart weight monitoring for nutrition and supplement
•	Engage social workers on discharged
•	Enforce clinical audits at PHC
",,"Target not achieved. 
•	Social factors such as neglect as well as other health risks contributed to the SAM deaths District Hospitals.
•	There were children with poor prognoses.
•	Delayed health care seeking behaviour. 

","•	Strengthen screening for malnutrition at all levels of care and management of identified cases. 
•	Continue with the IMCI refresher trainings and in-service trainings as and when needs are identified at facility level.
•	Health promotions to take place for all stakeholders. 
•	Conduct root cause analysis.
•	Strengthen rural health services.
",,"Target not achieved.
•	Dr JS Moroka had 1 SAM case fatality in Q3. Cause of death was PTB (diagnosed postmortem). Botshabelo Hospital  had 1 death where MDR TB was also diagnosed postmortem
•	1 Death reported in December 2024 at Albert Nzula District Hospital (Kopanong Sub-district) due to late presentation.
","•	Strengthen community knowledge and motivation on importance of regular PHC Child Care visits to strengthen early detection of malnutrition, TB, pneumonia and other risks and the correct management thereof. 
•	 Continued strengthening of the implementation of the SAM and IMCI management protocols at PHC and hospital levels.
•	Health education on danger signs in under 5yrs to ensure early health care seeking behaviour done continuously during PHC visits
•	DCST-FP, Epidemiologist and ASD-Dietetics to Conduct RCA and QIPs on findings to be implemented accordingly.
",,"Target not achieved. 
•	High death rate with low separations in Botshabelo (6 SAM deaths) out of 26 separations and 1 SAM death for the year in Dr JS Moroka in Q3 out 20 separations for the year. ","•	Continued strengthening of the implementation of the SAM and IMCI management protocols at PHC and hospital levels.
•	Continued implementation of Nutritional Supplementation Policy at PHC facilities.
•	Monitor that MUAC screening and or growth monitoring at outreach activities and PHC facilities is conducted.",,,,,,256
Health,Health,Free State,Programme 2: District Health Services,Sub-Programme: District Hospitals,Quarterly,Death under 5 years against live birth rate ,Standardized,Not  Applicable,"Priority 3: Education, Skills And Health",Improved quality of life,"The Social Protection, Community and Human Development cluster",0.4 %,0.68 %,0.4 %,0.85 %,0.4 %,2.3 %,0.4 %,2.4 %,0.4 %,0 %,,,,,"Target not achieved. 
•	1 macerated still birth recorded and reported at Diamant DH.
•	High under 5 years death rates: National Hospital had 1 death under 6 days and Botshabelo had 8 deaths under 5 years and Dr JS Moroka had 1 death under 6 days. 
","•	Women to be encouraged to attend PHC facilities early to get supplements and be monitored for early diagnosis and treatment of UTIs.
•	Strengthen early detection and referral to high level of care
",,"Target not achieved. 
•	There was a late presentation and poor prognoses in Mohau Hospital and a preterm birth in Nala sub-district.
•	Delay in seeking medical attention and one child was a down referral with congenital disorders at birth.
",High risk patients seen at PHC and hospitals to be followed up and monitored.,,"Target not achieved.
•	TM has 0.95% death under 5 against live birth
•	Lejweleputswa has 2 deaths: Unbooked mother with pre-term delivery of 900g (severe prematurity of unknown cause) that survived 4 hours. Severe malnutrition unresponsive at 16 months non-clinic attendance (social issues)
•	1 Death recorded and reported in December 2024 in Albert Nzula District Hospital.","•	Promote early antenatal care before 20 weeks. 
•	Strengthen breast feeding education 
•	Case investigation of the under 5 death to be finalized and QIPs to be implemented and reported accordingly.
",,"Target not achieved. 
•	High death rate with low separations in Botshabelo (6 SAM deaths) out of 26 separations and 1 SAM death for the year in Dr JS Moroka in Q3 out 20 separations for the year. ","•	Continued strengthening of the implementation of the SAM and IMCI management protocols at PHC and hospital levels.
•	Continued implementation of Nutritional Supplementation Policy at PHC facilities.
•	Monitor that MUAC screening and or growth monitoring at outreach activities and PHC facilities is conducted.",,,,,,256
Health,Health,Free State,Programme 2: District Health Services,Sub-Programme: District Hospitals,Quarterly,Morbidity and mortality review rate,Non-Standardized,Min,"Priority 3: Education, Skills And Health",Improved quality of life,"The Social Protection, Community and Human Development cluster",100 %,86.7 %,100 %,91 %,100 %,95 %,100 %,100 %,100 %,0 %,,,,,"Target not achieved. 
•	Facilities postponed their M&M review meetings due to AGSA visit in preparation for the audit. 
•	Other facilities that could not hold M&M reviews due to OHSC audits. 
",To have an annual plan for the meetings and adapt the plan to external visits. ,,"Target not achieved. 
•	Unstable clinical leadership (Mohau & Thusanong hospitals).
•	National District Hospital was closed due to fire.
","•	Acting clinical managers appointed.
•	Infrastructure still busy refurbishing National district hospitals.
",,"Target not achieved.
No quorum in the affected facilities due to poor planning and annual leave.
",Strengthen proper planning especially around holidays.,,Target achieved.,,,,,,,256
Health,Health,Free State,Programme 2: District Health Services,Sub-Programme: District Hospitals,Quarterly,Patient safety incident case closure rate,Standardized,Not  Applicable,"Priority 3: Education, Skills And Health",Improved quality of life,"The Social Protection, Community and Human Development cluster",90 %,72.4 %,90 %,92 %,90 %,95 %,90 %,103 %,90 %,0 %,,,,,"Target not achieved.
2 hospitals did not submit the reports on time (within 60 days)
","•	QA monitor closure of PSI monthly.
Strengthen monitoring of PSI and timeous reporting
",,Target achieved,,,Target achieved.,-,What is the reason behind over-achievement?,"Target achieved.
PSIs from previous quarters were closed during Qtr 4.",,Reason for exceeding the target?,,,,,256
Health,Health,Free State,Programme 2: District Health Services,Sub-Programme: District Hospitals,Quarterly,Severity assessment code 1 incident reported within 24 hours rate,Standardized,Not  Applicable,"Priority 3: Education, Skills And Health",Improved quality of life,"The Social Protection, Community and Human Development cluster",78 %,80 %,78 %,77 %,78 %,84 %,78 %,83 %,78 %,83 %,,,,,Target achieved,,,"Target not achieved. 
Clinical Governance meetings not adhered to.
",Appoint committee members with relevant terms of reference.,,Target achieved.,-,What is the reason behind over-achievement?,Target achieved.,,Reason for exceeding the target?,,,,,256
Health,Health,Free State,Programme 2: District Health Services,Sub-Programme: District Management,Annually,Ideal clinic status obtained rate,Non-Standardized,Not  Applicable,"Priority 3: Education, Skills And Health",Improved quality of life,"The Social Protection, Community and Human Development cluster",,,,,,,95 %,93 %,95 %,93 %,,"Target not achieved.
•	4 facilities under renovations and 1 facility not functional.
•	There are four CHCs did not have AEDs in Fezile Dabi. 
","•	Assesses the facilities once the renovations are completed.
•	AEDs to be procured by NDoH which has been done now.",,,,,,,,,,,,,,,,,,256
Health,Health,Free State,Programme 2: District Health Services,Sub-Programme: District Management,Annually,Number of functional ward-based outreach teams,Non-Standardized,Not  Applicable,"Priority 3: Education, Skills And Health",Improved quality of life,"The Social Protection, Community and Human Development cluster",,,,,,,177,156,177,156,,"Target not achieved. 
Inadequate ward coverage by the Outreach Teams.
","•	To increase ward coverage and add more facilities under Outreach teams for increased household coverage.
•	Continue with weekly reporting and monitoring and give support to the challenged identified facilities.",,,,,,,,,,,,,,,,,,256
Health,Health,Free State,Programme 2: District Health Services,Sub-Programme: District Management,Annually,Number of GPs contracted to render PHC services,Non-Standardized,Not  Applicable,"Priority 3: Education, Skills And Health",Improved quality of life,"The Social Protection, Community and Human Development cluster",,,,,,,40,35,40,35,,"Target not achieved.  
Contracts for the following facilities were not concluded: 
- MUCPP CHC
- PAX CHC
- Heidedal CHC
- Winnie Mandela Clinic
- Bolata Clinic","•	Target has been revised to contract 35 Doctors in 2025/26 NHI business plan. 
•	Plan is to increase tariffs from R150 guided by NDoH and DPSA tariffs",,,,,,,,,,,,,,,,,,256
Health,Health,Free State,Programme 2: District Health Services,Sub-Programme: District Management,Annually,Number of PHC facilities operated over 24 hours,Non-Standardized,Not  Applicable,"Priority 3: Education, Skills And Health",Improved quality of life,"The Social Protection, Community and Human Development cluster",,,,,,,7,6,7,6,,"Target not achieved. 
Lesedi CHC was planned to be operationalized for 24hrs by Jan 2025. However, there was a delay in the appointment of additional staff. ",The advert for additional posts closed on 31 January 2025. Awaiting a progress report from HR regarding resumption of duty for March 2025. ,,,,,,,,,,,,,,,,,,256
Health,Health,Free State,Programme 2: District Health Services,Sub-Programme: District Management,Annually,Patient Experience of Care satisfaction rate (PHC),Standardized,Not  Applicable,"Priority 3: Education, Skills And Health",Improved quality of life,"The Social Protection, Community and Human Development cluster",,,,,,,80 %,69 %,80 %,69 %,,"Poor performance in the following areas:
•	Cleanliness 
•	Patient safety 
•	Values and attitudes
•	Waiting times 

Facilities long waiting time [Inadequate DMOC], facilities disruptions due to breakages, lack of water which restrict Access to care.","•	Submissions to be drafted of filling of cleaner’s posts in facilities without cleaners.
•	Support of clinic committees at facilities.
•	Filling of essential PN posts in facilities and continuous CCMDD implementation of patients to receive treatment at external pick up points
•	Appointment of security at TM facilities to ensure safety of patients and equipment.
•	Continue DMOC, improve the maintenance turn -around time at facilities by forming relationships with strategic Partners e.g. Municipalities and other Strategic partners.",,,,,,,,,,,,,,,,,,256
Health,Health,Free State,Programme 2: District Health Services,Sub-Programme: District Management,Annually,Percentage of PHC facilities implementing quality improvement programme,Non-Standardized,Not  Applicable,"Priority 3: Education, Skills And Health",Improved quality of life,"The Social Protection, Community and Human Development cluster",,,,,,,100 %,44.1 %,100 %,44.1 %,,"Target not achieved.
•	Some components in hospital QIPs have not yet been completed.
•	The Ideal System is unable to save some of the populated template that is online so that they reflect in the system.	","•	Incomplete components to be assisted to complete their QIP’s.
•	The matter has been escalated to both Provincial and National level for assistance, the Developers have been engaged.",,,,,,,,,,,,,,,,,,256
Health,Health,Free State,Programme 2: District Health Services,Sub-Programme: District Management,Annually,Percentage of PHC facilities with functional clinic committees,Non-Standardized,Not  Applicable,"Priority 3: Education, Skills And Health",Improved quality of life,"The Social Protection, Community and Human Development cluster",,,,,,,100 %,77.8 %,100 %,77.8 %,,"Target not achieved. 
•	Buy-in from local councilors in the northern parts and Thaba Nchu still has a challenge.
•	Poor attendance in Bophelong CHC - clinic committee meetings (Some of Committee members employed, thus compromising the Quorum).
•	Ward Cllrs not always available for meetings (they are the chairpersons).
•	Transport challenges to support the committees by Community Development.
","•	Advocate for the strengthening of clinic committees through the reactivated District Health Council.
•	QIPs to be monitored.
-	Improve TAT of re-establishments.
•	Training committees by Provincial Governance Manager.",,,,,,,,,,,,,,,,,,256
Health,Health,Free State,Programme 2: District Health Services,Sub-Programme: District Management,Quarterly,OHH visit coverage,Non-Standardized,Min,"Priority 3: Education, Skills And Health",Improved quality of life,"The Social Protection, Community and Human Development cluster",10.5 %,23.6 %,10.5 %,19 %,10.5 %,13.7 %,10.5 %,26 %,42 %,17 %,,,,,Target achieved,,Reasons for the deviation in exceeding the target?,"Target achieved
",,,Target achieved.,Track the performance of newly appointed teams and OTLs to ensure sustained improvement in OHH visit coverage.,What is the reason behind over-achievement?,Target achieved.,,,,,,,256
Health,Health,Free State,Programme 2: District Health Services,Sub-Programme: District Management,Quarterly,Patient safety incident (psi) case closure rate,Standardized,Not  Applicable,"Priority 3: Education, Skills And Health",Improved quality of life,"The Social Protection, Community and Human Development cluster",60 %,91.3 %,60 %,93 %,60 %,88 %,60 %,102 %,60 %,0 %,,,,,Target achieved,,Reasons for the deviation in exceeding the target?,Target achieved,,,Target achieved.,Maintain performance.,What is the reason behind over-achievement?,Target achieved.,,,,,,,256
Health,Health,Free State,Programme 2: District Health Services,Sub-Programme: District Management,Quarterly,Percentage availability of medication,Non-Standardized,Min,"Priority 3: Education, Skills And Health",Improved quality of life,"The Social Protection, Community and Human Development cluster",90 %,92.1 %,90 %,94.9 %,90 %,92.7 %,90 %,85.3 %,90 %,92.1 %,,,,,Target achieved,,,"Target achieved.
•	No supplier constraints experienced.
•	90% of contracts awarded improved on delivery. 
•	Order tracing was improved.",•	Continue monitor supplier performance.,Reason for exceeded target?,Target achieved.,,What is the reason behind over-achievement?,"Target not achieved. 
Medicine budget availability affected the ordering by the facilities / districts.

","•	Increase in the medicine budget.
•	Monthly monitoring of medicine budget expenditure.
",,,,,,256
Health,Health,Free State,Programme 2: District Health Services,Sub-Programme: District Management,Quarterly,PHC utilisation under 5 years rate,Non-Standardized,Min,"Priority 3: Education, Skills And Health",Improved quality of life,"The Social Protection, Community and Human Development cluster",3.2 %,3.1 %,3.2 %,2.9 %,3.2 %,2.8 %,3.2 %,2.9 %,3.2 %,0 %,,,,,"Target not achieved.
•	Increasing informal settlements lead to poor access health facilities.
•	Increasing private services, more in Bloemfontein leads to less utilisation of PHC.
•	Partial implementation of appointment system. 
•	Clients decanted to CCMDD and household deliveries.
•	Parents not bringing children for immunization vaccine after 9 months.
","•	To continue with service marketing and PHC Health promotion.
•	Increase mobile services to hard-to-reach areas by province 
•	Currently district receive other services STATS through provincial intervention needed (Expansion of MOUs).
•	Weekly and monthly monitoring of appointment system with QIPs
•	The Professional Nurses to send CHWs to trace defaulters.
",,"Target not achieved. 
•	Expanding informal settlements leads to poor access to care.
•	Linkage of CHW and child not fully implemented and monitored in Fezile Dabi district. 
•	Road to Health Book visits not adhered to by the parents/ guardians.
","•	Monitor that all children visit facilities in their 1st year of life.
•	Monitor the implementation of Q3 outreach plans.
•	OPMs to facilitate and allocate children to CHWs according to policy and RTHB visit schedule.
",,"Target not achieved.
•	Children under 1 year not attending the clinic as per guideline due to booking of clients as a result of staff shortages. Children attend only for immunization purposes.

•	Hexavalent immunization has been out of stock in Lejweleputswa district.

•	Poor PHC Utilization in Xhariep district observed during December period due to patients travelling out of the District (school closures and public holidays).

Child linkage to CHW not managed as per WBPHCOT Policy.","•	Encourage and educate communities to bring their children to the clinic through CHWs household visits

•	OPMs to monitor monthly attendance of children under 1 year.

•	Coordinate mother and child appointments

•	Provide follow up dates as per RTHB Protocol.
•	Improve Child/CHW linkage.
•	Involve Health promoters in service marketing.
",,"Target not achieved. 
•	Bloemfontein is affected by multiple service providers, increasing informal settlements that are hard to reach, few mobile services points.
•	Thaba Nchu local area and Ikgomotseng clinic in Soutpan has low population under 5 years.
•	The poor performance of 2.8 in Matjhabeng and 2.2 in Nala with the contributing factors that there are Clients uses other Services providers to the required service including 2 Mobiles not in use in Nala subdistrict.
•	Community based headcount of services provided by CHW is facility PHC headcount. 
•	Non-adherence to RTHB appointments by parents in Metsimaholo Local Area.
","•	Advocate for registration of Private health services Providers with Health so that they can share their data of utilization rate under 5yrs, one mobile in Nala will be in Service at least by May 2025.
•	Include the COS data at Subdistrict Level
•	Market the EPI program at community level by Health Promoters and CHWs.
•	Improve linkage of children/CHWs to reduce missed appointment.
",,,,,,256
Health,Health,Free State,Programme 2: District Health Services,Sub-Programme: District Management,Quarterly,Severity assessment code (SAC) 1 incident reported within 24 hours rate,Standardized,Not  Applicable,"Priority 3: Education, Skills And Health",Improved quality of life,"The Social Protection, Community and Human Development cluster",39.6 %,50 %,39.6 %,75 %,39.6 %,100 %,39.6 %,33 %,39.6 %,33 %,,,,,Target achieved,,Reasons for the deviation in exceeding the target?,Target achieved,,,Target achieved.,,What is the reason behind over-achievement?,"Target not achieved. 
Improvement observed after support visit together with the QIP mentor from NDOH
","Roadshow on PSI and CCS Action Plan in Q1
Training on EWS by OHSC in Q1 
",,,,,,256
Health,Health,Free State,Programme 2: District Health Services,Sub-Programme: Forensic Pathology Services (Coroner),Quarterly,Percentage medico-legal cases attended to where cause of death remained unknown,Non-Standardized,Max,"Priority 3: Education, Skills And Health",Improved quality of life,"The Social Protection, Community and Human Development cluster",10 %,1.1 %,10 %,4.2 %,10 %,2 %,10 %,2 %,10 %,0 %,,,,,Target achieved,,,"Target achieved.
Medico-legal cases were attended as they come as there were no challenges encountered at the Forensic facilities.",Continue the monitoring of turnaround time.,What is the output recorded against the target?,Target achieved.,-,,Target achieved.,,,,,,,256
Health,Health,Free State,Programme 2: District Health Services,Sub-Programme: Forensic Pathology Services (Coroner),Quarterly,Percentage of autopsies performed within 5 working days,Non-Standardized,Min,"Priority 3: Education, Skills And Health",Improved quality of life,"The Social Protection, Community and Human Development cluster",99 %,99.8 %,99 %,99.3 %,99 %,91 %,99 %,88 %,99 %,0 %,,,,,Target achieved,,,"Target achieved.
Autopsies were attended on record time.",Continue the monitoring of turnaround time.,What is the output recorded against the target?,"Target not achieved.
Prohibition Notice on closure of the Bloemfontein Mortuary issued on 16/10/2024 affected performance.

Shortage of cold storage facilities and dissecting space at NHLS was not enough to handle demand.
","Issues raised on Prohibition Notice addressed

Electrical Compliance certificate obtained

Service provider for deep cleaning appointed

Extraction and ventilation Feasibility Studies done

Medical surveillance done

Utilization of surrounding health facilities for storage

Welkom and Kroonstad Forensic Mortuaries used for dissection.

Corpses collected from private facilities on the day of dissection.
",,"Target not achieved. 
Bloemfontein Mortuary closed by the Department of Labour since 16/10/2024. ","Ventilation problem – being addressed. 
Dissecting area needs to be finalized. 
",What is the status of the progress of the matter being addressed?,,,,,256
Health,Health,Free State,Programme 2: District Health Services,"Sub-Programme: HIV & AIDS, STI & TB CONTROL (HAST)",Annually,All DS-TB client death rate,Standardized,Not  Applicable,"Priority 3: Education, Skills And Health",Improved quality of life,"The Social Protection, Community and Human Development cluster",,,,,,,10 %,9.6 %,10 %,9.6 %,,Target achieved.,,,,,,,,,,,,,,,,,,,256
Health,Health,Free State,Programme 2: District Health Services,"Sub-Programme: HIV & AIDS, STI & TB CONTROL (HAST)",Annually,ART death rate,Standardized,Not  Applicable,"Priority 3: Education, Skills And Health",Improved quality of life,"The Social Protection, Community and Human Development cluster",,,,,,,<3,2,<3,2,,Target achieved.,,,,,,,,,,,,,,,,,,,256
Health,Health,Free State,Programme 2: District Health Services,"Sub-Programme: HIV & AIDS, STI & TB CONTROL (HAST)",Annually,Malaria case fatality rate,Standardized,Not  Applicable,"Priority 3: Education, Skills And Health",Improved quality of life,"The Social Protection, Community and Human Development cluster",,,,,,,0 %,0 %,0 %,0 %,,Target achieved.,,,,,,,,,,,,,,,,,,,256
Health,Health,Free State,Programme 2: District Health Services,"Sub-Programme: HIV & AIDS, STI & TB CONTROL (HAST)",Quarterly,All DS-TB client death rate,Non-Standardized,Min,"Priority 3: Education, Skills And Health",Improved quality of life,"The Social Protection, Community and Human Development cluster",10 %,9.6 %,10 %,,10 %,11.7 %,10 %,9.6 %,10 %,0 %,,,,,Target achieved,,,Annual Target. To be reported in quarter 4,,,"Target not achieved
Delay in health seeking behaviour and failure to adhere to treatment, which ultimately leads to death.
",•	Conduct awareness campaigns and health education about disease and treatment compliance.,,Target achieved.,,,,,,,256
Health,Health,Free State,Programme 2: District Health Services,"Sub-Programme: HIV & AIDS, STI & TB CONTROL (HAST)",Quarterly,All DS-TB client lost to follow-up rate,Standardized,Not  Applicable,"Priority 3: Education, Skills And Health",Improved quality of life,"The Social Protection, Community and Human Development cluster",9 %,10.2 %,9 %,11.2 %,9 %,11.5 %,9 %,12.8 %,9 %,0 %,,,,,"Target not achieved. 
•	Four districts reported high loss-to-follow-up rates of between 10% and 12,7% for this quarter with the exception of Thabo Mofutsanyana at 6,8%.
","•	Continue to conduct clinical audits, data verifications and validations to confirm the true loss-to-follow-up in all the districts, as Xhariep identified the data gaps between Tier.net and DHIS after importing and exporting.
•	Continue to conduct targeted awareness campaigns about the disease, adherence to treatment and early health seeking behavior.
",,"Target not achieved. 
Poor treatment adherence and clients without formal addresses. 
","Q1 Action plan progress report: 
•	Clinical audits were conducted for Q2.
•	Conduct stakeholder engagements with community leaders to promote treatment adherence at community meetings.

Q2 Action plan: 
•	Continue to conduct clinical audits, data verifications and validations to confirm the true loss-to-follow-up (LTFU) in all the districts. A data gap identified is that LTFU clients are categorized as ‘Not Evaluated’ if an outcome is not allocated on Tier.net and data is exported to webDHIS.
•	Conduct awareness campaigns and health education on early health seeking behavior, and adherence to treatment within the community",,"Target not achieved.
Lack of information about disease and treatment compliance.
","Q2 Progress on action plan:
Conducted clinical audits, data verifications and validations to confirm the true loss-to-follow-up (LTFU) in all the districts. 

Q3 Action Plan:
•	Continue to conduct clinical audits, data verifications and validations to confirm the true loss-to-follow-up (LTFU) in all the districts. 

•	Conduct awareness campaigns and health education on treatment adherence .
",,"Target not achieved.
Movements of people due to socioeconomic factors
","Progress on implementation of Q3 action plan:
Clinical audits, data verifications and validations to confirm the true Loss-to-Follow-Up in all districts was done. Awareness campaigns and health education on treatment adherence were done.
Q4 Action Plan: Empowering families through health education to provide DOT especially on the continuation phase.",,,,,,256
Health,Health,Free State,Programme 2: District Health Services,"Sub-Programme: HIV & AIDS, STI & TB CONTROL (HAST)",Quarterly,All DS-TB client treatment success rate,Standardized,Not  Applicable,"Priority 3: Education, Skills And Health",Improved quality of life,"The Social Protection, Community and Human Development cluster",80 %,71.8 %,80 %,74.4 %,80 %,73.6 %,80 %,70.9 %,80 %,0 %,,,,,"Target not achieved. 
•	The high loss-to-follow-up and death rates negatively impacted the treatment success rate.
•	Four districts reported high death rates of between 10% and 11,9% for this quarter with the exception of Mangaung Metro at 6,7%.
•	Four districts reported high loss-to-follow-up rates of between 10% and 12,7% for this quarter with the exception of Thabo Mofutsanyana at 6,8%.
•	The high loss-to-follow-up and death rates negatively impacted the treatment success rate.
","•	Encourage the districts to monitor facilities on generating missed appointments lists reports and actioning them weekly to reduce loss-to-follow-up.
•	Continue community health education on the importance of taking TB medication until treatment is completed to reduce death and improve treatment success.
",,"Target not achieved. 
•	Lack of information about the disease leads to delay in seeking medical attention resulting in high death rate and loss-to-follow-up during treatment period.
","Q1 Action Plan progress report: 
•	This report is discussed as part of data management at:
- Quarterly Provincial Technical meetings. 
- Quarterly District coordinators meeting
•	Conduct stakeholder engagements with community leaders to promote treatment adherence at community meetings.

Q2 Action Plan: 
Conduct awareness campaigns and health education on early health seeking behavior and adherence to treatment within the community.",,"Target not achieved.
Lack of information about the disease leads to delay in seeking medical attention resulting in high death rate and loss-to-follow-up during treatment period.
","Q2 Progress on action plan:
•	Conducted awareness campaigns and health education on early health seeking behavior and adherence to treatment within the community.
•	Conducted clinical audits, data verifications and validations to improve performance. 

Q3 Action Plan:
•	Continue to conduct awareness campaigns and health education on early health seeking behavior and adherence to treatment within the community.
•	Conduct clinical audits, data verifications and validations to improve performance. 
",,"Target not achieved.
Late presentation of clients at health facilities
","Progress on implementation of Q3 action plan: 
•	Clinical audits, data verifications and validations to confirm the true Loss-to-Follow-Up in all districts was done. 
•	Awareness campaigns and health education on early health seeking behaviour and treatment adherence were done.
Q4 Action Plan: 
•	Continue with awareness campaigns and health education on early health seeking behaviour and treatment adherence.
•	Track and trace missed appointments.",,,,,,256
Health,Health,Free State,Programme 2: District Health Services,"Sub-Programme: HIV & AIDS, STI & TB CONTROL (HAST)",Quarterly,ART adult remain in care rate [12 months],Standardized,Not  Applicable,"Priority 3: Education, Skills And Health",Improved quality of life,"The Social Protection, Community and Human Development cluster",95 %,67.2 %,95 %,67.6 %,95 %,66.7 %,95 %,65.4 %,95 %,0 %,,,,,"Target not achieved. 
High rate of loss to follow up.
","•	Increase the number of NIMART trained Professional Nurses to improve treatment outcomes of the patient management. 
•	Appoint linkage officers to the districts to link the patients to care from HIV diagnosis and treatment management
•	Link all newly diagnosed HIV positive clients to social workers and Community Health Care Workers to enhance adherence.
•	Appoint additional adherence club facilitators for all the districts.
",,"Target not achieved. 
•	High loss to follow-up.
•	Long waiting times.
•	Non-disclosure.
","Q1 Action Plan progress report:
•	Basic HIV Management training was conducted, and 60 professional nurses were trained and are being mentored to become competent.
•	Request for approval to create post, recruit and appoint of linkage officers. 
•	Adherence Club facilitators 15 posts were advertised, and closing date was on the 13th September.


Q2 Action plan: 
•	Track and tracing of patient who are lost to follow-up through door -to -door campaigns and community dialogue.
•	Decant eligible clients to DMOC.
•	Revive Adherence Clubs to all the districts.
•	Refer all newly diagnosed clients to social worker for psychosocial support.
",,"Target not achieved.
High loss to follow-ups and
Non-disclosure.","Q2 Progress on action plan:
Clients were tracked and traced back through community health workers.
Decant eligible clients to DMOC. Clients where decanted for October 164 937, November 158 180 and December 165 640.
15 Adherence Club Facilitators were appointed and started in December for TM District.
250 newly diagnosed clients were linked with the Social Workers for adherence counselling and completing the adherence plan. 
 
Q3 Action Plan:
Improvement of implementation of the booking system in the facilities. 
Continue implementation of track and tracing of patient who are lost to follow-up.
Continue to decant eligible clients to DMOC
Monitor and support weekly data review meeting.
",,"Target not achieved.
•	Decanting of patients did not improve as a result of adherence clubs not being fully functional in all Districts.
•	Withdrawal of PEPFAR support in Thabo Mofutsanyana and Lejweleputswa had a negative impact on implementation of decanting strategies. 
•	Other decanting strategies such as E- Right Pharmacy lockers were stopped because of the US Executive orders resulting in patients interrupting treatment.
","Progress on implementation 
of Q3 action plan: 
•	Number of clients traced in Q4 8 265 compared to 7 180 in Q3 
•	Performance for track and trace improved from to in Q3. 
•	Decant eligible clients to DMOC. Clients where decanted for January 172 456, February 169 849 and March 174 998. 

Q4 Action Plan:
•	Strengthening of decanting by appointing Adherence Club Facilitators, especially in Districts affected by the US Executive Order.
•	Reinforce and Promote Multi Months Dispensing (3MMD) to decongest facilities and promote adherence.
•	All newly diagnosed clients to be linked to a Social Worker for adherence counselling.
•	Use mass media to educate communities on HIV treatment literacy. ",,,,,,256
Health,Health,Free State,Programme 2: District Health Services,"Sub-Programme: HIV & AIDS, STI & TB CONTROL (HAST)",Quarterly,ART adult viral load suppressed rate - below 50 [12 months],Standardized,Not  Applicable,"Priority 3: Education, Skills And Health",Improved quality of life,"The Social Protection, Community and Human Development cluster",95 %,77.7 %,95 %,94.4 %,95 %,85.9 %,95 %,89.7 %,95 %,0 %,,,,,"Target not achieved. 
•	Non-adherence to treatment. 
•	Inconsistent capturing of viral load results.

","•	Re-establish the adherence clubs.
•	Initiate all newly diagnosed HIV positive clients on TLD  

",,"Target not achieved. 
Poor adherence","•	Treatment literacy to health care workers and the patients.
•	Adherence support programs 
•	Strengthening psychosocial support services. 
",,"Target not achieved.
Non-adherence to appointment and treatment. 

","
Q2 Progress on action plan:
Capacity building done for healthcare workers. Treatment literacy training was conducted to health care workers.

Q3 Action Plan: 
•	Improvement of implementation of the booking system in the facilities. 

•	Monitor tracking of viral loads due list. 
",,"Target not achieved.
Poor treatment adherence and non-compliance with follow up appointments and treatment. ","Progress on implementation of Q3 action plan:
379 Patients with unsuppressed viral loads referred to Social Worker for Enhanced Adherence Counselling

Q4 Action Plan:
Promote and strengthen treatment literacy on different media platforms.
Ensure all clients with unsuppressed viral loads are linked to Social Workers for enhanced adherence counselling.",,,,,,256
Health,Health,Free State,Programme 2: District Health Services,"Sub-Programme: HIV & AIDS, STI & TB CONTROL (HAST)",Quarterly,ART child remain in care rate [12 months],Standardized,Not  Applicable,"Priority 3: Education, Skills And Health",Improved quality of life,"The Social Protection, Community and Human Development cluster",95 %,70.7 %,95 %,66 %,95 %,70.5 %,95 %,73.5 %,95 %,0 %,,,,,"Target not achieved. 
High rate of loss to follow-up due to non-disclosure.
","•	Increase the number of NIMART trained Professional Nurses to improve treatment outcomes of the patient management . 
•	Appoint linkage officers to the districts to link the patients to care from HIV diagnosis and treatment management
•	Link and refer all newly diagnosed children to the CHW and social worker for adherence and disclosure counselling.
•	Support Adolescent Youth Friendly Services activities done in the districts
•	Appoint additional adherence club facilitators for all the districts.
",,"Target not achieved. 
•	Caregiver constraints due to work commitments.
•	Non- disclosure of HIV status to children. 


","•	Encourage baby-mother pair appointments at PHC facilities. 
•	Capacitate other professionals with disclosure and adherence counselling. 
•	Increase youth friendly services to all health facilities. 
",,"Target not achieved.
Noncompliance to appointments as they depend to parents to bring them to the clinic.

","Q2 Progress on action plan:
Training provided to healthcare professionals in all districts focusing on baby-mother pair.
Training was provided to healthcare professionals on Child and adolescent Disclosure Counselling.  

Q3 Action Plan: Implementation of the provincial technical working group targeting children.
",,"Target not achieved.
•	Non-adherence to follow up visit schedule and administration of medication as children are dependent on parents and care givers to bring them to the clinic.
•	Children miss appointments due to school attendance.
","Progress on implementation of Q3 action plan:
TWG targeting children not yet established due to non- attendance of other government stakeholders

Q4 Action Plan:
•	Social Workers to conduct a School Holidays campaign to track and trace children that are lost to follow up and due for disclosure.
•	Promote and strengthen mother baby pair. 
",,,,,,256
Health,Health,Free State,Programme 2: District Health Services,"Sub-Programme: HIV & AIDS, STI & TB CONTROL (HAST)",Quarterly,ART child viral load suppressed rate - below 50 [12 months],Standardized,Not  Applicable,"Priority 3: Education, Skills And Health",Improved quality of life,"The Social Protection, Community and Human Development cluster",95 %,40.7 %,95 %,76.5 %,95 %,68.3 %,95 %,66.7 %,95 %,0 %,,,,,"Target not achieved. 
•	Non-adherence due to non-disclosure of status to children.
•	Children depend on caregivers to administer medication
","•	Link all newly diagnosed HIV positive children with the Social Worker for adherence and disclosure counselling.
•	Link all HIV Positive children to the CHW to improve adherence and tracing in cases of loss to follow up.
•	Appoint additional Social Workers to improve disclosure, linkage to care, and adherence
",,"Target not achieved. 
•	Medication unpalatable.
•	Non-Disclosure of HIV status to children.
•	Children’s clinic dates are clashing with school days.  
","•	Implementation of pediatric dolutegravir (pDTG).
•	Link all children to social workers for adherence and disclosure counselling.  
 
",,"Target not achieved.
Non-adherence to treatment as children depends on care givers for administration of medicine.
","Q2 Progress on action plan: 
Training provided to healthcare professionals in all districts focusing on baby-mother pair. All children diagnosed with HIV/AIDS are linked with the social workers for adherence and disclosure counselling.  

Q3 Action Plan: Implementation of the provincial technical working group with Social Development and other stake holders targeting children.
",,"Target not achieved.
•	Poor adherence to treatment because children are depended on care givers for administration of medicine.
•	Non-disclosure of HIV status by parent to children.
","Progress on implementation of Q3 action plan:
197 children with unsuppressed viral load were referred to Social Workers for Enhanced Adherence Counselling.

Q4 Action Plan:
Ensure that all children are transitioned to the new pediatric dolutegravir to promote rapid viral suppression.",,,,,,256
Health,Health,Free State,Programme 2: District Health Services,"Sub-Programme: HIV & AIDS, STI & TB CONTROL (HAST)",Quarterly,ART death rate,Non-Standardized,Not  Applicable,"Priority 3: Education, Skills And Health",Improved quality of life,"The Social Protection, Community and Human Development cluster",<3,1.9,<3,,<3,2.2,<3,2,<3,-,,,,,Target achieved,,,Annual Target. To be reported in quarter 4,,,Target achieved.,Continue with implementation of HIV prevention strategies.,,Target achieved.,Continue with implementation of HIV prevention strategies.,,,,,,256
Health,Health,Free State,Programme 2: District Health Services,"Sub-Programme: HIV & AIDS, STI & TB CONTROL (HAST)",Quarterly,DS-TB treatment start 5 years and older rate,Non-Standardized,Min,"Priority 3: Education, Skills And Health",Improved quality of life,"The Social Protection, Community and Human Development cluster",92 %,89.5 %,92 %,92 %,92 %,92 %,92 %,94.6 %,92 %,0 %,,,,,"Target not achieved. 
Lejweleputswa was negatively impacted by four sub-districts except Matjhabeng, and in Mangaung Metro all the sub-districts initiated less than 92%.
",Districts to verify and validate their data monthly before signing-off to identify the data gaps from Tier.net before exporting and importing to WebDHIS. ,,Target achieved.,"Q1 Action Plan Progress report: 
•	Data is signed-off by facility managers and this is loaded on share-point. The reference source for this would therefore be ‘sharepoint’
Q2 Action plan:
Maintain current strategies
",,Target achieved.,Maintain current strategies,,Target achieved.,Conduct training on updated guidelines with NDoH to improve diagnoses and management of TB in children.,,,,,,256
Health,Health,Free State,Programme 2: District Health Services,"Sub-Programme: HIV & AIDS, STI & TB CONTROL (HAST)",Quarterly,HIV positive 15-24 years (excl ANC) rate,Standardized,Not  Applicable,"Priority 3: Education, Skills And Health",Improved quality of life,"The Social Protection, Community and Human Development cluster",4.5 %,1.4 %,4.5 %,1.3 %,4.5 %,1.1 %,4.5 %,2.0 %,4.5 %,0 %,,,,,Target achieved,,,Target achieved.,Continue to provide comprehensive package of interventions in Institutions of Higher Learning. ,,Target achieved.,Continue with HIV prevention services.,,Target achieved.,Continue with implementation of HIV prevention strategies.,,,,,,256
Health,Health,Free State,Programme 2: District Health Services,"Sub-Programme: HIV & AIDS, STI & TB CONTROL (HAST)",Quarterly,Malaria case fatality rate,Non-Standardized,Max,"Priority 3: Education, Skills And Health",Improved quality of life,"The Social Protection, Community and Human Development cluster",0 %,0 %,0 %,0 %,0 %,0 %,0 %,0 %,0 %,0 %,,,,,Target achieved,,,Target achieved.,Maintain current strategies.,,Target achieved.,Maintain current strategies.,,Target achieved.,,,,,,,256
Health,Health,Free State,Programme 2: District Health Services,"Sub-Programme: HIV & AIDS, STI & TB CONTROL (HAST)",Quarterly,TB Pre-XDR loss to follow up rate,Standardized,Not  Applicable,"Priority 3: Education, Skills And Health",Improved quality of life,"The Social Protection, Community and Human Development cluster",19.4 %,16.7 %,19.4 %,,19.4 %,0 %,19.4 %,0 %,19.4 %,0 %,,,,,Target achieved,,,The actual target as per the tabled APP 2024/25 financial year is 12.4% and the indicator is captured in row 15 also.,No reporting will be shared in this indicator  throughout the financial year.,,Target achieved.,Maintain current strategies.,,Target achieved.,,,,,,,256
Health,Health,Free State,Programme 2: District Health Services,"Sub-Programme: HIV & AIDS, STI & TB CONTROL (HAST)",Quarterly,TB Pre-XDR loss to follow up rate,Standardized,Not  Applicable,"Priority 3: Education, Skills And Health",Improved quality of life,"The Social Protection, Community and Human Development cluster",10 %,,10 %,33.1 %,10 %,0 %,10 %,0 %,10 %,0 %,,,,,,,,"Target not achieved. 
Lack of information about the disease and treatment compliance.","Conduct awareness campaigns, health education on early health seeking behavior, and adherence to treatment within the community.",,Target achieved.,Maintain current strategies.,,Target achieved.,,,,,,,256
Health,Health,Free State,Programme 2: District Health Services,"Sub-Programme: HIV & AIDS, STI & TB CONTROL (HAST)",Quarterly,TB Pre-XDR treatment success rate,Standardized,Not  Applicable,"Priority 3: Education, Skills And Health",Improved quality of life,"The Social Protection, Community and Human Development cluster",55.6 %,50 %,55.6 %,,55.6 %,66.7 %,55.6 %,66.7 %,55.6 %,0 %,,,,,"Target not achieved. 
High loss-to-follow-up and death rate impact negatively on treatment success.
","Continue community health education on the importance of early presentation at facilities, taking TB medication until treatment is completed to reduce death and improve treatment success.",,"The actual target as per the tabled APP 2024/25 financial year is 61.5%.
the indicator was supposed to be deleted as it is captured twice as it is in row 14 also.",No reporting will be shared in this indicator  throughout the financial year.,What is the output recorded against the target?,Target achieved.,Maintain current strategies.,,Target achieved.,,,,,,,256
Health,Health,Free State,Programme 2: District Health Services,"Sub-Programme: HIV & AIDS, STI & TB CONTROL (HAST)",Quarterly,TB Pre-XDR treatment success rate,Standardized,Not  Applicable,"Priority 3: Education, Skills And Health",Improved quality of life,"The Social Protection, Community and Human Development cluster",63.3 %,,63.3 %,0 %,63.3 %,66.7 %,63.3 %,66.7 %,63.3 %,0 %,,,,,,,,"Target not achieved. 
•	Inadequate education about the disease leads to delay in seeking medical attention resulting in high death rate and loss-to-follow-up during treatment period.
","Q1 Action Plan progress report: 
Distribution and display of messages on symptoms and the importance of TB screening and testing of close contacts.

Q2 Action Plan: 
Conduct awareness campaigns and health education on early health seeking behavior, and adherence to treatment within the community.",,Target achieved.,Maintain current strategies.,What is the reason behind over-achievement?,"Target not achieved.
Late presentation of clients at health facilities.
",,What is the corrective action in this regard?,,,,,256
Health,Health,Free State,Programme 2: District Health Services,"Sub-Programme: HIV & AIDS, STI & TB CONTROL (HAST)",Quarterly,TB Rifampicin resistant /multidrug – resistant lost to follow up rate,Standardized,Not  Applicable,"Priority 3: Education, Skills And Health",Improved quality of life,"The Social Protection, Community and Human Development cluster",14 %,9.4 %,14 %,8.9 %,14 %,16.2 %,14 %,15 %,14 %,0 %,,,,,Target achieved,,,"Target achieved.
The actual target as per the tabled APP 2024/25 financial year is 12.4% and the indicator is negative.",Maintain current strategies.,What is the output recorded against the target,"Target not achieved.
Lack of information about disease and treatment compliance leads to a high loss-to-follow-up during treatment period.
","Q2 Progress on action plan:
Awareness campaigns and health education were conducted.

Q3 Action Plan: 
Continue to conduct awareness campaigns and health education on early health seeking behavior and adherence to treatment within the community
",,"Target not achieved.
Movement of people due to socio-economic factors. Ineffective tracing.
","Progress on implementation of Q3 action plan: 
•	Clinical audits, data verifications and validations to confirm the true Loss-to-Follow-Up in all districts was done. 
•	Awareness campaigns and health education on early health seeking behaviour and treatment adherence were done.
Q4 Action Plan: 
Allocation of Health Worker to track and trace patients.
",,,,,,256
Health,Health,Free State,Programme 2: District Health Services,"Sub-Programme: HIV & AIDS, STI & TB CONTROL (HAST)",Quarterly,TB Rifampicin resistant /multidrug – resistant lost to follow up rate,Standardized,Not  Applicable,"Priority 3: Education, Skills And Health",Improved quality of life,"The Social Protection, Community and Human Development cluster",12.4 %,,12.4 %,8.9 %,12.4 %,16.2 %,12.4 %,15 %,12.4 %,0 %,,,,,,,,Target achieved.,Maintain current strategies.,,"Target not achieved.
Lack of information about disease and treatment compliance leads to a high loss-to-follow-up during treatment period.
","Q2 Progress on action plan:
Awareness campaigns and health education were conducted.

Q3 Action Plan: 
Continue to conduct awareness campaigns and health education on early health seeking behavior and adherence to treatment within the community.",,"Target not achieved.
Movement of people due to socio-economic factors. Ineffective tracing.
","Progress on implementation of Q3 action plan: 
•	Clinical audits, data verifications and validations to confirm the true Loss-to-Follow-Up in all districts was done. 
•	Awareness campaigns and health education on early health seeking behaviour and treatment adherence were done.
Q4 Action Plan: 
Allocation of Health Worker to track and trace patients.",,,,,,256
Health,Health,Free State,Programme 2: District Health Services,"Sub-Programme: HIV & AIDS, STI & TB CONTROL (HAST)",Quarterly,TB Rifampicin resistant/multidrug - resistant treatment success rate,Standardized,Not  Applicable,"Priority 3: Education, Skills And Health",Improved quality of life,"The Social Protection, Community and Human Development cluster",60 %,60.9 %,60 %,57.1 %,60 %,60.3 %,60 %,67.5 %,60 %,0 %,,,,,Target achieved,,,"Target not achieved. 
Lack of information about the disease leads to delay in seeking medical attention resulting in high death rate and loss-to-follow-up during treatment period. 
The actual target as per the tabled APP 2024/25 financial year is 61.5%.
","Conduct awareness campaigns and health education on early health seeking behavior, and adherence to treatment within the community.",,"Target not achieved.
Lack of information about the disease leads to delay in seeking medical attention resulting in high death rate and loss-to-follow-up during treatment period.
","Q2 Progress on action plan:
Awareness campaigns and health education were conducted.

Q3 Action Plan: 
Continue to conduct awareness campaigns and health education on early health seeking behavior and adherence to treatment within the community.
",,Target achieved,"Progress on implementation of Q3 action plan: 
•	Clinical audits, data verifications and validations to confirm the true Loss-to-Follow-Up in all districts was done. 
•	Awareness campaigns and health education on early health seeking behaviour and treatment adherence were done.
Q4 Action Plan: 
Allocation of Health Worker to track and trace.


",,,,,,256
Health,Health,Free State,Programme 2: District Health Services,"Sub-Programme: HIV & AIDS, STI & TB CONTROL (HAST)",Quarterly,TB Rifampicin resistant/Multidrug - Resistant treatment success rate,Standardized,Not  Applicable,"Priority 3: Education, Skills And Health",Improved quality of life,"The Social Protection, Community and Human Development cluster",61.5 %,,61.5 %,57.1 %,61.5 %,60.3 %,61.5 %,67.5 %,61.5 %,0 %,,,,,,,,"Target not achieved. 
Lack of information about the disease leads to delay in seeking medical attention resulting in high death rate and loss-to-follow-up during treatment period. ","Conduct awareness campaigns and health education on early health seeking behavior, and adherence to treatment within the community.",,"Target not achieved.
Lack of information about the disease leads to delay in seeking medical attention resulting in high death rate and loss-to-follow-up during treatment period.
","Q2 Progress on action plan:
Awareness campaigns and health education were conducted.

Q3 Action Plan: 
Continue to conduct awareness campaigns and health education on early health seeking behavior and adherence to treatment within the community.
",,"Target not achieved.
Late presentation of clients at health facilities.","Progress on implementation of Q3 action plan: 
•	Clinical audits, data verifications and validations to confirm the true Loss-to-Follow-Up in all districts was done. 
•	Awareness campaigns and health education on early health seeking behaviour and treatment adherence were done.
Q4 Action Plan: 
Allocation of Health Worker to track and trace.
",,,,,,256
Health,Health,Free State,Programme 2: District Health Services,"Sub-Programme: Maternal, Child and Women's Health and Nutrition (MCWH&N)",Annually,Maternal mortality in facility ratio (per 100 000 live births),Standardized,Not  Applicable,"Priority 3: Education, Skills And Health",Improved quality of life,"The Social Protection, Community and Human Development cluster",,,,,,,115.7 %,104 %,115.7 %,104 %,,Target achieved.,"Strengthen clinical governance and referral system
Comply with SOP 
Facilitate the opening of theaters in resourced District hospitals
Redistribute equipment to other hospitals
",,,,,,,,,,,,,,,,,,256
Health,Health,Free State,Programme 2: District Health Services,"Sub-Programme: Maternal, Child and Women's Health and Nutrition (MCWH&N)",Quarterly,Antenatal 1st visit before 20 weeks rate,Standardized,Not  Applicable,"Priority 3: Education, Skills And Health",Improved quality of life,"The Social Protection, Community and Human Development cluster",62 %,66.2 %,62 %,66.6 %,62 %,68.2 %,62 %,63.7 %,62 %,0 %,,,,,Target achieved,,,Target achieved.,,,Target achieved.,,,Target achieved.,Continue with implementation of current strategies.,,,,,,256
Health,Health,Free State,Programme 2: District Health Services,"Sub-Programme: Maternal, Child and Women's Health and Nutrition (MCWH&N)",Quarterly,Antenatal client start on ART rate,Non-Standardized,Min,"Priority 3: Education, Skills And Health",Improved quality of life,"The Social Protection, Community and Human Development cluster",98 %,103.6 %,98 %,98.1 %,98 %,98.2 %,98 %,84.2 %,98 %,0 %,,,,,Target achieved,,,Target achieved.,,,"Target achieved.
",Facilities are in a process of back capturing and data clean up.,,Not all data has been captured into the DHIS system.,Data Mop- up to be conducted before the closing period of reporting cycle.,,,,,,256
Health,Health,Free State,Programme 2: District Health Services,"Sub-Programme: Maternal, Child and Women's Health and Nutrition (MCWH&N)",Quarterly,Cervical cancer screening coverage,Standardized,Not  Applicable,"Priority 3: Education, Skills And Health",Improved quality of life,"The Social Protection, Community and Human Development cluster",47 %,37.1 %,47 %,34.5 %,47 %,36.3 %,47 %,48.1 %,47 %,0 %,,,,,"Target not achieved. 
Low demand of cervical cancer screening
","•	Training & onsite mentoring planned. 
•	Intensify campaigns to promote uptake in the districts. 
",,"Target not achieved. 
NHLS essential list were partially omitted cervical cancer screening.","A meeting with NHLS was held, cervical cancer screening to continue and districts were to submit NHLS catch-up plans by 31 October 2024 ",,"Target not achieved.
Transition phase to collaborate with NHLS.
","Q2 Progress on action plan:
•	Meeting held with 
NHLS to continue with cervical cancer screening.
•	Meeting held with NDoH, NHLS and Districts to improve the performance of cervical cancer screening.
•	Opening and launch of Colposcopy clinic in Botshabelo hospital

Q3 Action Plan: 
•	Training of health care workers and WBPHCOT on HPV cervical cancer screening.
•	HPV cervical cancer screening to be rolled out in Lejweleputswa and Thabo Mofutsanyana Sub-districts and Botshabelo Sub-district.
•	Possible launch of HPV screening in the Free State

",,Target achieved.,,,,,,,256
Health,Health,Free State,Programme 2: District Health Services,"Sub-Programme: Maternal, Child and Women's Health and Nutrition (MCWH&N)",Quarterly,Child under 5 years diarrhoea case fatality rate,Standardized,Not  Applicable,"Priority 3: Education, Skills And Health",Improved quality of life,"The Social Protection, Community and Human Development cluster",1.8 %,1.6 %,1.8 %,0.37 %,1.8 %,0.8 %,1.8 %,1.8 %,1.8 %,0 %,,,,,"Target not achieved. 
Delayed seeking help by mother/primary caregivers
Failure to identify danger signs.
","•	Continuous community education through Mass Media and Community Health Workers.
•	Training of CHWs to strengthen Oral Dehydration of children presenting with diarrhoea in households. 
Conduct Clinical record audit and facility death reviews to identify gaps and develop Quality Improvement Plans. 
",,Target achieved.,"•	Trainings of Clinicians and CHW continues
•	Oral Rehydration Therapy corners reimplemented in Primary Health Care clinics 
•	Radio Health Talk on Danger signs in Children were done
",,Target achieved.,,,Target achieved.,Maintain the implementation of current strategies.,,,,,,256
Health,Health,Free State,Programme 2: District Health Services,"Sub-Programme: Maternal, Child and Women's Health and Nutrition (MCWH&N)",Quarterly,Child under 5 years pneumonia case fatality rate,Standardized,Not  Applicable,"Priority 3: Education, Skills And Health",Improved quality of life,"The Social Protection, Community and Human Development cluster",3.5 %,1.7 %,3.5 %,2.5 %,3.5 %,2.8 %,3.5 %,4.1 %,3.5 %,0 %,,,,,Target achieved,"•	Data verification at unit level.
•	Implementation of CHILD PIP.
•	Pediatric outreach services in Fezile Dabi, Thabo Mofutsanyana & Xhariep.
",,Target achieved.,"•	Data verification supportive visits & Mentoring done in Mangaung Metro, Thabo Mofutsanyana & Lejweleputswa Districts
•	Ongoing Paediatric Hubs/Outreach services",,Target achieved.,,,Target not achieved.,,,,,,,256
Health,Health,Free State,Programme 2: District Health Services,"Sub-Programme: Maternal, Child and Women's Health and Nutrition (MCWH&N)",Quarterly,Child under 5 years severe acute malnutrition case fatality rate,Standardized,Not  Applicable,"Priority 3: Education, Skills And Health",Improved quality of life,"The Social Protection, Community and Human Development cluster",10.5 %,7.9 %,10.5 %,13.5 %,10.5 %,10.6 %,10.5 %,6.8 %,10.5 %,0 %,,,,,"Target achieved. 
However, there are still challenges with poor feeding practices and challenges of food insecurity.
","•	Conducted clinical record audit and Morbidity & Mortality Review meetings to identify gaps and develop quality improvement plans. 
•	Data  verification conducted to address misclassification. 
•	Ongoing community education
•	Intersectoral collaboration for sustainable food security.
Continuing with Pediatric outreach (Fezile Dabi, Thabo Mofutsanyana & Xhariep.
",,"Target not achieved. 
•	Growth chart on weight-for-height mostly is not plotted which leads to late identification.
•	Poor Health seeking measures.
","•	Continue training CHW on recording of MUAC and interpretation of growth monitoring to empower caregivers 
•	Continue Implementation of Child PIP in all registered sites
•	IMCI case management Online Training conducted in Lejweleputswa district on 8-12 July 2024 & Refresher done in Mangaung Metro on 10-12 July 2024.
•	Participated in CHWs training in Thabo Mofutsanyana, 22-23 August 2024 & Lejweleputswa in 09-11 September 2024.",,Target achieved.,"Q2 Progress on action plan:
Audited paediatric patient files

Q3 Action Plan:
Continue implementation of Child PIP
",,Target achieved.,Maintain the implementation of current strategies,,,,,,256
Health,Health,Free State,Programme 2: District Health Services,"Sub-Programme: Maternal, Child and Women's Health and Nutrition (MCWH&N)",Quarterly,Death under 5 years against live birth rate,Standardized,Not  Applicable,"Priority 3: Education, Skills And Health",Improved quality of life,"The Social Protection, Community and Human Development cluster",2.4 %,2.8 %,2.4 %,2 %,2.4 %,2.3 %,2.4 %,2.4 %,2.4 %,0 %,,,,,"Target not achieved. 
•	Delays in seeking help/ care.
•	Failure to identify acutely sick children.
•	Poor identification of danger sings.

","•	Conduct continuous community education
•	Clinical record audit and M & M review meetings supported.
•	Data verification conducted  in regional hospitals. 
•	Facility supervisory visit conducted to strengthen implementation of guidelines. 
•	Ongoing Pediatric outreach services.
Training of Community Health Workers to identify vulnerable children. ",,Target achieved.,"•	Implementation of child Perinatal Problem Identification Programme (PIPP) ongoing
•	Monthly Pediatric Hubs Outreach services conducted
•	Participated & supported Morbidity & Mortality Review Meetings in Thabo Mofutsanyana district
•	Provincial MSSN Training conducted.
•	Side-by Side Campaign ongoing.
",,Target achieved.,,,Target achieved.,Maintain the implementation of current strategies,,,,,,256
Health,Health,Free State,Programme 2: District Health Services,"Sub-Programme: Maternal, Child and Women's Health and Nutrition (MCWH&N)",Quarterly,Delivery 10-14 years in facility,Standardized,Not  Applicable,"Priority 3: Education, Skills And Health",Improved quality of life,"The Social Protection, Community and Human Development cluster",33,26,33,29,32,21,32,12,130,12,,,,,Target achieved,,,Target achieved.,,,Target achieved.,,,Target achieved.,Continue with implementation of current strategies.,,,,,,256
Health,Health,Free State,Programme 2: District Health Services,"Sub-Programme: Maternal, Child and Women's Health and Nutrition (MCWH&N)",Quarterly,HIV test positive around 18 months rate,Standardized,Not  Applicable,"Priority 3: Education, Skills And Health",Improved quality of life,"The Social Protection, Community and Human Development cluster",1 %,0.28 %,1 %,0.18 %,1 %,"0,8 %",1 %,0.2 %,1 %,0 %,,,,,Target achieved,,,Target achieved.,,,Target achieved.,,,Target achieved.,Maintain the implementation of current strategies.,,,,,,256
Health,Health,Free State,Programme 2: District Health Services,"Sub-Programme: Maternal, Child and Women's Health and Nutrition (MCWH&N)",Quarterly,Immunisation under 1 year coverage ,Standardized,Not  Applicable,"Priority 3: Education, Skills And Health",Improved quality of life,"The Social Protection, Community and Human Development cluster",85 %,71.7 %,85 %,68.4 %,85 %,63.3 %,85 %,67.2 %,85 %,0 %,,,,,"Target not achieved. 
•	Sporadic stock out have been reported in some facilities.
•	Limited access in rural and informal settlements.
","·	Immunization monitoring charts with target population for under 1 distributed to all districts
·	Data analysis conducted and district with low performance and QIPs developed to address areas of weaknesses. 
·	EPI training is scheduled for Thabo Mofutsanyana.
Conduct Outreach services to address challenges of geographic access. 
",,"Target not achieved. 
Data capturing is still happening in districts and quiry the targeted population size to be reviewed.","•	EPI Data is extracted and shared with the districts to implement QIP.
•	Thabo Mofutsanyana District was prioritized for support and EPI mentoring in August 2024.
•	Districts to continue with catch up plans.
•	Thabo Mofutsanyana district EPI conducted 31st July – 2 August.
•	Mangaung Metro had x2 catch activities in Botshabelo and Bloemfontein subdistrict.",,"Target not achieved.
A dialogue held with community members in Lejweleputswa district on celebration of World Prematurity Day revealed that some clinics provide vaccination to children on a specific day of the week.
","Q2 Progress on action plan:
Catch-up campaigns held
Conducted EPI training 
Radio talks on importance of EPI

Q3 Action Plan:
Data discrepancies shared with Districts for verification.
Orientation planned for Child Health coordinator of Thabo Mofutsanyana district
",,"Target not achieved.
Approval to be exempted from vetting was obtained late.","Integrate EPI services in all health campaigns
Continue EPI with open days.
",,,,,,256
Health,Health,Free State,Programme 2: District Health Services,"Sub-Programme: Maternal, Child and Women's Health and Nutrition (MCWH&N)",Quarterly,Infant PCR test positive around 6 months rate,Standardized,Not  Applicable,"Priority 3: Education, Skills And Health",Improved quality of life,"The Social Protection, Community and Human Development cluster",1 %,0.52 %,1 %,0.09 %,1 %,0.6 %,1 %,0.5 %,1 %,1 %,,,,,Target achieved,,,Target achieved.,,,Target achieved.,,,Target achieved.,Maintain the implementation of current strategies,,,,,,256
Health,Health,Free State,Programme 2: District Health Services,"Sub-Programme: Maternal, Child and Women's Health and Nutrition (MCWH&N)",Quarterly,IUCD uptake,Standardized,Not  Applicable,"Priority 3: Education, Skills And Health",Improved quality of life,"The Social Protection, Community and Human Development cluster",312,475,312,505,313,439,313,435,1250,435,,,,,Target achieved,"•	Sustain performance.
•	Community education to increase demand. 
",,"Target achieved. 
Conducted health education and campaigns on the use of a device.
",Continue onsite mentoring and marketing.,What is the reason for the deviation in this regard?,Target achieved.,,,Target achieved.,,What are the reasons for the over-achievement?,,,,,256
Health,Health,Free State,Programme 2: District Health Services,"Sub-Programme: Maternal, Child and Women's Health and Nutrition (MCWH&N)",Quarterly,Measles 2nd dose 1 year coverage,Standardized,Not  Applicable,"Priority 3: Education, Skills And Health",Improved quality of life,"The Social Protection, Community and Human Development cluster",95 %,73.4 %,95 %,72.5 %,95 %,61.2 %,95 %,64.9 %,95 %,0 %,,,,,"Target not achieved. 
•	Sporadic stock out have been reported in some facilities.
•	Limited access in rural and informal settlements.
","·	Immunization monitoring charts with target population for under 1 distributed to all districts
·	Data analysis conducted and district with low performance and QIPs developed to address areas of weaknesses. 
·	EPI training is scheduled for Thabo Mofutsanyana.
Conduct Outreach services to address challenges of geographic access. 
",,"Target not achieved. 
Data capturing is still happening in districts and query the targeted population size to be reviewed.
","•	EPI Data is extracted and shared with the districts to implement QIP.
•	Thabo Mofutsanyana District was prioritized for support and EPI mentoring in August 2024.
•	Districts to continue with catch up plans.
•	Thabo Mofutsanyana district EPI conducted 31st July – 2 August.
•	Mangaung Metro had x2 catch activities in Botshabelo and Bloemfontein subdistrict
•	EPI Data is extracted and shared with the districts to implement QIP.
•	Thabo Mofutsanyana District was prioritized for support and EPI mentoring in August 2024.
•	Districts to continue with catch up plans.
•	Thabo Mofutsanyana district EPI conducted 31st July – 2 August.
•	Mangaung Metro had x2 catch activities in Botshabelo and Bloemfontein subdistrict
district.",,"Target not achieved.
A dialogue held with community members in Lejweleputswa district on celebration of World Prematurity Day revealed that some clinics provide vaccination to children on a specific day of the week.
","Q2 Progress on action plan:
Catch-up campaigns held
Conducted EPI training 
Radio talks on importance of EPI

Q3 Action Plan:
Data discrepancies shared with Districts for verification.
Orientation planned for Child Health coordinator of Thabo Mofutsanyana district
",,"Target not achieved.
Approval to be exempted from vetting was obtained late.","Integrate EPI services in all health campaigns
Continue EPI with open days.",,,,,,256
Health,Health,Free State,Programme 2: District Health Services,"Sub-Programme: Maternal, Child and Women's Health and Nutrition (MCWH&N)",Quarterly,Mother postnatal visit within 6 days rate,Standardized,Not  Applicable,"Priority 3: Education, Skills And Health",Improved quality of life,"The Social Protection, Community and Human Development cluster",82 %,90.3 %,82 %,93.5 %,82 %,90.4 %,82 %,89.8 %,82 %,0 %,,,,,Target achieved.,"•	Sustain performance.
•	Continuing with community education during antenatal visit.
•	Collaborate with CHW to educate women at household level.
",,"Target achieved.
Have linked patients to CHWs.
Patients were booked for postnatal care.",•	Continue to implement strategies addressing previous challenges.,What is the reason for the deviation in this ,Target achieved.,,,Target achieved.,Maintain the implementation of current strategies.,,,,,,256
Health,Health,Free State,Programme 2: District Health Services,"Sub-Programme: Maternal, Child and Women's Health and Nutrition (MCWH&N)",Quarterly,Neonatal death in facility rate (per 1 000 live births),Standardized,Not  Applicable,"Priority 3: Education, Skills And Health",Improved quality of life,"The Social Protection, Community and Human Development cluster",18 %,18.1 %,18 %,13.2 %,18 %,15.6 %,18 %,15.6 %,18 %,0 %,,,,,"Target not achieved. 
•	Increase in deaths due to complications of preterm births and infection. 
","•	Maintained human breast milk banks for neonates.
•	Community education on risk factors contributing to premature births.
•	Planned training of health care providers in collaboration with the University of the Free State. Continue to monitor compliance of facilities on neonatal care standards. 
•	Provincial Perinatal Mortality meeting is scheduled to discuss deaths and advice on the QIPs to prevent recurrence.
",,Target achieved.,,,Target achieved.,Strengthen performance.,,"Target achieved. 
ProPeMMCo regularly held on monthly basis whereby Neonatal deaths were interrogated and advise given on proposals for the implementation of the recommendations.","Continue with facility visit, Monitor and evaluate implementation of recommendations from the ProPeMMCo Meetings as well as mentoring the health professionals trained on MSSN and HBB",,,,,,256
Health,Health,Free State,Programme 2: District Health Services,"Sub-Programme: Maternal, Child and Women's Health and Nutrition (MCWH&N)",Quarterly,Still birth in facility rate (per 1 000 births),Standardized,Not  Applicable,"Priority 3: Education, Skills And Health",Improved quality of life,"The Social Protection, Community and Human Development cluster",35 %,25.4 %,35 %,27.7 %,35 %,25.3 %,35 %,25.2 %,35 %,0 %,,,,,Target achieved,,,Target achieved.,,,Target achieved.,"•	Conduct ESMOE training ESMOE training on intrapartum Care. Basic Ante-Natal Care plus training
•	Continue perinatal reviews.
•	Continue Radio talks
",,Target achieved.,Continue with implementation of current strategies.,,,,,,256
Health,Health,Free State,Programme 2: District Health Services,"Sub-Programme: Maternal, Child and Women's Health and Nutrition (MCWH&N)",Quarterly,Vitamin A dose 12-59 months coverage ,Non-Standardized,Min,"Priority 3: Education, Skills And Health",Improved quality of life,"The Social Protection, Community and Human Development cluster",65 %,61.3 %,65 %,62.5 %,65 %,57.3 %,65 %,59.1 %,65 %,0 %,,,,,"Target not achieved. 
Poor integration of services.
","•	Continue with data verification/clean-up for all outreach services. 
•	Link creches with PHC facilities and strengthen outreach.
•	Integrate provision of Vitamin A drops during outreach services.
•	Training of CHW in all districts. 
•	Conduct data reviews focusing on data generated during outreach services.",,"Target not achieved. 
Insufficient coverage of WBPHCOTs in some local municipality area.
","•	CHW continues to receive training and provide vitamin A at the outreach service points.
•	Complete the capturing of data by OTL/WBPHCOT.",,"Target not achieved.
Under reporting data capturing of outreach services
","Q2 Progress on action plan:
•	Additional CHW were trained to administer vitamin A supplement
•	Integrated with EPI campaigns

Q3 Action Plan:
•	Continue integration of Vitamin A dose with EPI campaigns and COS.
•	Verify data capturing of COS
",,Target not achieved.,Integrate with delivery of other health services.,,,,,,256
Health,Health,Free State,Programme 3: Emergency Medical Services,Sub-programme: Emergency Transport,Annually,Number of new EMS stations established,Non-Standardized,Not  Applicable,"Priority 3: Education, Skills And Health",Improved quality of life,"The Social Protection, Community and Human Development cluster",,,,,,,3,5,3,5,,Target achieved.,,,,,,,,,,,,,,,,,,,256
Health,Health,Free State,Programme 3: Emergency Medical Services,Sub-programme: Emergency Transport,Quarterly,EMS operational ambulance coverage,Non-Standardized,Min,"Priority 3: Education, Skills And Health",Improved quality of life,"The Social Protection, Community and Human Development cluster",0.50 %,0.45 %,0.50 %,"
0.49 %",0.50 %,"
0.49 %",0.50 %,0.49 %,0.50 %,0 %,,,,,"Target not achieved. 
•	Shortage of personnel to roster more ambulances
•	Long distance Interfacilities transfers ","•	Appoint more skilled EMS officials to increase the number of rostered ambulances to cover the population according to the norms and standards 
(1:10 000)

•	Hospitals to appoint specialized clinical  staff at the correct level of care 
",,"Target not achieved.
Shortage of staff to roaster planned patient transport vehicles.","Q1 Action Plan progress report: 
•	Skilled official appointed for Xhariep district.
Q2 Action Plan:  
Appoint skilled EMS officials to increase rostered ambulances.
",,"Target not achieved. 

Shortage of staff to roaster 
planned patient transport vehicles.
",Appoint skilled EMS officials to increase rostered ambulances.,,"Target not achieved. 
Shortage of skilled EMS officials to increase rostered ambulances.
","Progress on implementation of Q3 action plan:
Appointments could not be done due to budget constraints. 

Q4 Action Plan:
Appoint more skilled EMS officials to increase the number of rostered ambulances to cover the population according to the norms and standards (1:10 000). 
",Has the budget been allocated sufficiently for the new financial year?,,,,,256
Health,Health,Free State,Programme 3: Emergency Medical Services,Sub-programme: Emergency Transport,Quarterly,EMS P1 rural response under 60 minutes rate,Standardized,Min,"Priority 3: Education, Skills And Health",Improved quality of life,"The Social Protection, Community and Human Development cluster",82 %,81.8 %,82 %,"
82 %",82 %,"
82,4 %",82 %,82.4 %,82 %,0 %,,,,,"Target not achieved. 
Shortage of staff in Fezile Dabi due inadequate staff and has more population to cover the rural areas 
",Appoint more skilled EMS officials to increase the number of rostered ambulances.,,Target achieved. ,"Q1 Action Plan progress report: 
•	Skilled official appointed for Xhariep district.
",,Target achieved.,,,Target achieved,,,,,,,256
Health,Health,Free State,Programme 3: Emergency Medical Services,Sub-programme: Emergency Transport,Quarterly,EMS P1 urban response under 30 minutes rate,Standardized,Min,"Priority 3: Education, Skills And Health",Improved quality of life,"The Social Protection, Community and Human Development cluster",65 %,47.7 %,65 %,"
45.9 %",65 %,"
50,5 %",65 %,46.6 %,65 %,0 %,,,,,"Target not achieved. 
•	Shortage of personnel to roster more ambulances.
•	19 % of EMS trips are made up of interfacility transfers due to CHC/hospitals not having the right equipment’s and specialist .

	•	Appoint more skilled EMS officials to increase the number of rostered ambulances to cover the population according to the norms and standards 
(1:10 000)

•	Hospitals to appoint specialized clinical  staff at the correct level of care and equipment’s (radiography equipment’s) 



Target not achieved. 
•	Shortage of personnel to roster more ambulances.
•	19 % of EMS trips are made up of interfacility transfers due to CHC/hospitals not having the right equipment’s and specialist .
","•	Appoint more skilled EMS officials to increase the number of rostered ambulances to cover the population according to the norms and standards 
(1:10 000)

•	Hospitals to appoint specialized clinical  staff at the correct level of care and equipment’s (radiography equipment’s) 
",,"Target not achieved.
Shortage of personnel. ","Q1 Action Plan progress report: 
•	The department could not appoint the required staff to roster due to budget constraints.
Q2 Action Plan:  
Appoint skilled EMS officials to increase rostered ambulances. 
",,"Target not achieved.

Shortage of personnel.",Appoint skilled EMS officials to increase rostered ambulances,,"Target not achieved. 
Shortage of skilled EMS officials to increase the number rostered ambulances.
","Progress on implementation of Q3 action plan:
Appointments could not be done due to budget constraints. 

Q4 Action Plan:
Appoint more skilled EMS officials to increase the number of rostered ambulances to cover the population according to the norms and standards (1:10 000). 
",Has the budget been allocated sufficiently for the new financial year?,,,,,256
Health,Health,Free State,Programme 3: Emergency Medical Services,Sub-programme: Emergency Transport,Quarterly,Number of rostered obstetric ambulances ,Non-Standardized,Min,"Priority 3: Education, Skills And Health",Improved quality of life,"The Social Protection, Community and Human Development cluster",25,19,25,"
19",25,"
 12",25,12,25,12,,,,,"Target not achieved. 
•	Obstetric ambulances could not be rostered due to staff shortages. 
•	5 do not have required equipment to be rostered.
•	There is a shortage of skilled personnel to man these ambulances. 
","•	Appoint skilled EMS officials to increase rostered obstetric ambulances.
•	To equip about 3 of ambulances (lack of capital and maintenance budget). The rest will be done over the MTEF.
•	The redistribution of equipment from other stations and facilities in the districts.
•	The proposal is to have these vehicles placed at specific Hospitals and maternity units and be equipped from those facilities.
",,"Target not achieved.
Shortage of staff to roaster planned patient transport vehicles.","Q1 Action Plan progress report: 
•	Skilled official appointed for Xhariep district.
•	Hospitals requested to donate equipment for obstetric ambulances.
•	The redistribution of equipment from other stations and facilities could not materialize because of shortage of equipment and resources. 
Q2 Action Plan:  
•	Appoint skilled EMS officials to increase rostered obstetric ambulances.
•	The redistribution of equipment from other stations and facilities in the districts.

",,"Target not achieved. 

Shortage of staff to roaster planned patient transport vehicles.
","•	Appoint skilled EMS officials to increase rostered obstetric ambulances.
•	To equip about 3 of the ambulances (lack of capital and maintenance budget). The rest will be done over the MTEF.
•	The redistribution of equipment from other stations and facilities in the districts.

",,"Target not achieved. 
Shortage of skilled EMS officials to increase rostered ambulances.
","Progress on implementation of Q3 action plan:
Appointments could not be done due to budget constraints. 

Q4 Action Plan:
Appoint more skilled EMS officials to increase the number of rostered ambulances to cover the population according to the norms and standards (1:10 000). 
",Has the budget been allocated sufficiently for the new financial year?,,,,,256
Health,Health,Free State,Programme 3: Emergency Medical Services,Sub-Programme: Planned Patient Transport,Quarterly,Number of rostered planned patient transport vehicles operational,Non-Standardized,Min,"Priority 3: Education, Skills And Health",Improved quality of life,"The Social Protection, Community and Human Development cluster",70,59,70,56,70,"

25",70,25,70,25,,,,,"Target not achieved. 
The aim is to roster less than 70 and have patients receive attention and care within their districts.
","As resource become available, the number of EMS roasted planned patient transport should will be reduced.",,"Target not achieved.
Shortage of staff to roaster planned patient transport vehicles.","As resources become available, the number of EMS roasted planned patient transport required will be reduced. ",,"Target not achieved. 

Shortage of staff to roaster planned patient transport vehicles.
","The low number was due to some of the clinics being closed during Q3.


",What is the actual corrective action?,"Target not achieved. 
•	Shortage of staff required to roster planned patient transport vehicles.	
•	The reduction in number from 56 to 25 was due to some of the clinics being closed during Q3.
•	As resources become available in the districts and with the Specialist Outreach Projects, the number of EMS roasted planned patient transport required will be reduced. 	

","Q3 Progress on action plan:
Patients receiving attention and care within their districts. 

Q4 Action Plan:
•	As resources become available, the number of rostered planned patient transport operational must be reduced. 

•	EMS target is to roster less than 70 PPT and have patients receive attention and care within their districts.

•	A meeting with the District Directors to be arranged to determine which Specialist Outreach Projects would be possible and the possible target for this reduction.
",,,,,,256
Health,Health,Free State,Programme 4: Provincial Hospital Services,Sub-Programme: General (Regional) Hospitals,Annually,Ideal hospital status obtained rate,Non-Standardized,Not  Applicable,"Priority 3: Education, Skills And Health",Improved quality of life,"The Social Protection, Community and Human Development cluster",,,,,,,50 %,50 %,50 %,50 %,,"Target achieved 


",,,,,,,,,,,,,,,,,,,256
Health,Health,Free State,Programme 4: Provincial Hospital Services,Sub-Programme: General (Regional) Hospitals,Annually,Maternal death in facility,Standardized,Not  Applicable,"Priority 3: Education, Skills And Health",Improved quality of life,"The Social Protection, Community and Human Development cluster",,,,,,,23 %,5 %,23 %,5 %,,Target achieved.,,,,,,,,,,,,,,,,,,,256
Health,Health,Free State,Programme 4: Provincial Hospital Services,Sub-Programme: General (Regional) Hospitals,Annually,Patient experience of caresatisfaction rate,Standardized,Not  Applicable,"Priority 3: Education, Skills And Health",Improved quality of life,"The Social Protection, Community and Human Development cluster",,,,,,,80 %,74 %,80 %,74 %,,"Target not achieved. 
The following PEC priorities scored lowest: 
- Access to care: no community health centres (PHC clinic operating 24 hourss) resulting in high number of walk-ins. 
- Patient safety and security: guard house not meeting standards.
- Cleanliness: shortage of staff.
- Values and staff attitude: Poor communication with patients and their families. 
- Waiting times:  retrieval of medical records, poor adherence to booking system and late arrival of doctors at clinics. 
","QIP developed  to address the identified deficiencies.
- Recommend opening of Gate away clinic at Bongani Regional Hospital.
- Include the upgrading of the guard house in th maintenance plan of 2025/26.
- Develop cleaning schedule and monitor implementation. 
- Inservice training on values and ethics of the Free State Department of Health and on Batho Pele Principles.
- Submit list of booked cases for a day before in order to improve retrieval of medical records.
- Monitor the select time keeping by medical doctors (OPD, Clinics starts at 10H00),",,,,,,,,,,,,,,,,,,256
Health,Health,Free State,Programme 4: Provincial Hospital Services,Sub-Programme: General (Regional) Hospitals,Annually,Percentage  of hospitals implementing quality improvement programme,Non-Standardized,Not  Applicable,"Priority 3: Education, Skills And Health",Improved quality of life,"The Social Protection, Community and Human Development cluster",,,,,,,100 %,100 %,100 %,100 %,,Target achieved,,,,,,,,,,,,,,,,,,,256
Health,Health,Free State,Programme 4: Provincial Hospital Services,Sub-Programme: General (Regional) Hospitals,Annually,Percentage of hospitals with functional hospital boards,Non-Standardized,Not  Applicable,"Priority 3: Education, Skills And Health",Improved quality of life,"The Social Protection, Community and Human Development cluster",,,,,,,100 %,100 %,100 %,100 %,,"Target achieved 


",,,,,,,,,,,,,,,,,,,256
Health,Health,Free State,Programme 4: Provincial Hospital Services,Sub-Programme: General (Regional) Hospitals,Quarterly,Cervical cancer screening,Standardized,Not  Applicable,"Priority 3: Education, Skills And Health",Improved quality of life,"The Social Protection, Community and Human Development cluster",80,77,200,496,100,75,70,60,450,60,,,,,"Target not achieved.  
Manapo RH and Boitumelo RH not conducting the cervical cancer screening.	
 ",Both Hospitals to conduct the Cervical cancer screening and capture the data in DHIS System.,,"Target achieved. 
implimentation of intervention strategies yielded positive results.
The annual target for 2024/25 is 450 as per APP  2024/ 25 and the quarterly target is 105. ",Continue with monitoring of intervention strategies.,what is the reason for the exceeded target?,"Target not achieved.
The screening was not conducted to all eligible patients.","Strengthen education on the importance of conducting the service. 

Implement strategies set to address challenges.",,"Target not achieved.
- Majority of the screenings are done at PHC level.
- Patients' reluctance on method used for screening. ","Progress on implementation of Q3 action plan: 
Recording of cervical cancer screening. 

Q4 Action plan: 
- Strengthen the health education to patients (cancer awareness campaigns) ",Is this not an under-achievement? Is the desired performance not to be on target or above in this case?,,Pls provide comment,,,256
Health,Health,Free State,Programme 4: Provincial Hospital Services,Sub-Programme: General (Regional) Hospitals,Quarterly,Death in facility under 5 years,Standardized,Not  Applicable,"Priority 3: Education, Skills And Health",Improved quality of life,"The Social Protection, Community and Human Development cluster",105,125,105,86,105,202,105,102,420,102,,,,,"Target not achieved.  
•	Bongani RH and Boitumelo RH contributed to high number of Neonates.
•	Untreated / poorly managed pregnancy related infections, frequent vaginitis / candidiasis
•	ANC unbooked mothers
•	High prematurity.
•	Failed CTOP (Extreme Low birth weights).	
","•	Early identification of high-risk neonates (isolation of transfer ins).
•	Fast tracking blood culture results.
",,Target achieved. ,,,"Target not achieved.
•	Implemented and monitored Paediatric and neonatal care guidelines","•	Strengthen health education on danger signs and childhood illnesses. 
•	Promote early antenatal care before 20 weeks. 
•	Strengthen breast feeding education.",,Target achieved.,,,,,,,256
Health,Health,Free State,Programme 4: Provincial Hospital Services,Sub-Programme: General (Regional) Hospitals,Quarterly,Diarrhoea death under 5 years,Standardized,Not  Applicable,"Priority 3: Education, Skills And Health",Improved quality of life,"The Social Protection, Community and Human Development cluster",4,5,4,1,4,3,4,5,16,5,,,,,"Target not achieved. 
•	Dihlabeng RH and Manapo RH contributed to high number of Deaths
•	Late presentation to health facilities
•	Low exclusive breastfeeding rate
","•	Educate mothers and guardians on early danger signs of Childhood illnesses.
•	Strengthen implantation of IMCI Guidelines. ",,Target achieved. ,,,Target achieved.,"•	Out reaches to District Hospitals. 
•	Adhered to triage guidelines. 
•	Implement ETAT guidelines. 
•	Adhered to IMCI guidelines",,"Target not not achieved. 
•	Malnutrition as an underlying factor.
Traditional medication given to patient before referral for healthcare at facilities.","Progress on implementation of Q3 action plan:
•	Outreach regular to 1 out of 5 District Hospitals.
•	Strengthen of in-service training. 
•	IMCI training ongoing in Districts. 

Q4 Action Plan:
•	Education of public by PHC.
•	Training of junior doctors on IMCI, ETAT.
•	Increase number of high care beds.
•	Increase number of nursing staff on staff establishment.
•	Improve identification and management of malnutrition at primary level.",,,,,,256
Health,Health,Free State,Programme 4: Provincial Hospital Services,Sub-Programme: General (Regional) Hospitals,Quarterly,Morbidity and mortality review rate,Non-Standardized,Max,"Priority 3: Education, Skills And Health",Improved quality of life,"The Social Protection, Community and Human Development cluster",100 %,83.3 %,100 %,100 %,100 %,"
100 %",100 %,100 %,100 %,0 %,,,,,Facilities had OHSC visits which saw the committee unavailable.,"•	Educate mothers and guardians on early danger signs of Childhood illnesses.
•	Strengthen implantation of IMCI Guidelines.
",,Target achieved. ,,,Target achieved. ,,,Target achieved. ,,,,,,,256
Health,Health,Free State,Programme 4: Provincial Hospital Services,Sub-Programme: General (Regional) Hospitals,Quarterly,Patient safety incident case closure rate,Standardized,Not  Applicable,"Priority 3: Education, Skills And Health",Improved quality of life,"The Social Protection, Community and Human Development cluster",90 %,97.37 %,90 %,82 %,90 %,"
114 %",90 %,96 %,90 %,0 %,,,,,Target achieved.,,,"Target not achieved. 
Non-adherence to Clinical Governance meetings",Appoint committee members with relevant terms of reference.,,Target achieved. ,Overperformance was caused by cases of previous quarters which were closed late.,,Target achieved,,Reasons for the over-achievement? ,,,,,256
Health,Health,Free State,Programme 4: Provincial Hospital Services,Sub-Programme: General (Regional) Hospitals,Quarterly,Pneumonia death under 5 years,Standardized,Not  Applicable,"Priority 3: Education, Skills And Health",Improved quality of life,"The Social Protection, Community and Human Development cluster",3,11,3,8,3,11,3,7,12,7,,,,,"Target not achieved. 
•	Boitumelo RH contributed to high number of Pneumonia deaths under 5 years.
•	Late presentation to health facilities.	
","•	Boitumelo RH to establish Paediatric corner.
•	Ensure all Pneumonia diagnosed patients are screened for TB.
•	Educate mothers and guardians on early danger signs of Childhood illnesses.
•	Strengthen implantation of IMCI Guidelines",,"Target achieved. 
pneumonia cases were limited and were under control.
The annual target for 2024/25 is 48 as per APP  2024/ 25 and the quarterly target is 12. ",Continue with the implementation of strategies of intervention.,is the desired performance in this regard not that of an output below the target?,"•	Late referrals
•	Congenital infections.
•	Shortage of Pediatrician and nursing staff
•	Out-reach services to only one District hospital.
Possible serious bacterial infection not considered at A&E
•	Inadequate septic workup in the ward

•	Appropriate antibiotics not prescribed at A&E
•	Late referrals
•	Congenital infections.
•	Shortage of Paediatrician and nursing staff
•	Out-reach services to only one District hospital
•	Possible serious bacterial infection not considered at A&E
•	Inadequate septic workup in the ward

•	Appropriate antibiotics not prescribed at A&E
","•	Out reaches to District Hospitals. 
•	Adhered to triage guidelines. 
•	Implement ETAT guidelines. 
•	Strengthen out-reach services to all District Hospitals.
•	Appoint Pediatricians and Nursing staff.
•	Implement clinical guidelines




",,"Target achieved.
The correct provincial target in the APP is 12 per quarter. The target is achieved against the set target of 12.",,,,,,,256
Health,Health,Free State,Programme 4: Provincial Hospital Services,Sub-Programme: General (Regional) Hospitals,Quarterly,Severe acute malnutrition (SAM) death under 5 years,Standardized,Not  Applicable,"Priority 3: Education, Skills And Health",Improved quality of life,"The Social Protection, Community and Human Development cluster",8,11,8,4,8,13,8,6 ,32,6,,,,,Target achieved.,-,,Target achieved. ,,,"Target not achieved.
•	Out reaches to District hospitals. 
•	Adherered to EML and dietetics guidelines. 
","•	Health education on danger signs and childhood illnesses. 
•	Educate communities on dangers of mixing Herbal medicines and pharmaceutical regimens.  
•	Dieticians to conduct outreaches and follow ups on discharged patients. 
•	Implementation of Emergency Triage Assessment and Treatment (ETAT)
•	Linkage of SAM cases with CHWs on discharge
•	Implementation of IPC Principle.",,Target achieved.,,,,,,,256
Health,Health,Free State,Programme 4: Provincial Hospital Services,Sub-Programme: General (Regional) Hospitals,Quarterly,Severe acute malnutrition (SAM) death under 5 years,Standardized,Not  Applicable,"Priority 3: Education, Skills And Health",Improved quality of life,"The Social Protection, Community and Human Development cluster",12,,12,4,12,3,12,7,48,7,,,,,,,,Target achieved. ,,,Target achieved.,,,Target achieved.,,,,,,,256
Health,Health,Free State,Programme 4: Provincial Hospital Services,Sub-Programme: General (Regional) Hospitals,Quarterly,Severe assessment code 1 incident reported within 24 hours rate,Standardized,Not  Applicable,"Priority 3: Education, Skills And Health",Improved quality of life,"The Social Protection, Community and Human Development cluster",87.5 %,100 %,87.5 %,100 %,87.5 %,"
100
 %",87.5 %,92 %,87.5 %,92 %,,,,,Target achieved.,,,Target achieved. ,,,Target achieved. ,,,Target achieved.,,Reasons for the over-achievement? ,,,,,256
Health,Health,Free State,Programme 4: Provincial Hospital Services,Sub-Programme: Specialised Psychiatric Hospital Services,Annually,Ideal hospital status obtained rate,Non-Standardized,Not  Applicable,"Priority 3: Education, Skills And Health",Improved quality of life,"The Social Protection, Community and Human Development cluster",,,,,,,100 %,0 %,100 %,0 %,,"Target not achieved. 
Framework for assessment of psychiatric hospitals has not yet been finalised.

",Technical working team appointed to develop assessment tool suitable for specialised hospital.,,,,,,,,,,,,,,,,,,256
Health,Health,Free State,Programme 4: Provincial Hospital Services,Sub-Programme: Specialised Psychiatric Hospital Services,Annually,Patient Experience of Care satisfaction rate,Standardized,Not  Applicable,"Priority 3: Education, Skills And Health",Improved quality of life,"The Social Protection, Community and Human Development cluster",,,,,,,80 %,80 %,80 %,80 %,,Target achieved,,,,,,,,,,,,,,,,,,,256
Health,Health,Free State,Programme 4: Provincial Hospital Services,Sub-Programme: Specialised Psychiatric Hospital Services,Annually,Percentage of hospitals implementing quality improvement programme,Non-Standardized,Not  Applicable,"Priority 3: Education, Skills And Health",Improved quality of life,"The Social Protection, Community and Human Development cluster",,,,,,,100 %,100 %,100 %,100 %,,Target achieved,,,,,,,,,,,,,,,,,,,256
Health,Health,Free State,Programme 4: Provincial Hospital Services,Sub-Programme: Specialised Psychiatric Hospital Services,Annually,Percentage of hospitals with functional hospital boards,Non-Standardized,Not  Applicable,"Priority 3: Education, Skills And Health",Improved quality of life,"The Social Protection, Community and Human Development cluster",,,,,,,100 %,100 %,100 %,100 %,,Target achieved,,,,,,,,,,,,,,,,,,,256
Health,Health,Free State,Programme 4: Provincial Hospital Services,Sub-Programme: Specialised Psychiatric Hospital Services,Quarterly,Inpatient bed utilisation rate,Non-Standardized,Max,"Priority 3: Education, Skills And Health",Improved quality of life,"The Social Protection, Community and Human Development cluster",87 %,85.2 %,87 %,86 %,87 %,"84.5
 %",87 %,82.4 %,87 %,0 %,,,,,"Target not achieved. 
•	High activity around separations.
•	Released number of patients.	



","•	Continue to discuss in Clinical Governance
•	Create more beds 

",,"Target not achieved. 
Bed capacity increased due to 9 MHUs decanted to licensed NGOs.","Q1 Action Plan progress report: 
•	Indicator discussed in the clinical governance discussions.
•	9 Mental Health Care Users transferred out to licensed NGO’s on the last week of September 2024 – Increasing separations and beds capacity.
Q2 Action Plan: 
Close monitoring of bed occupancy",,"Target not achieved.
•	Intensify therapeutic rehabilitation programs

","Continuous monitoring of hospital beds.

",,"Target not achieved. 
Separation is 481 against 204 admissions.	
","Progress on implementation of Q3 action plan:
Monitored bed utilisation in the facility during Q4. 

Q4 Action Plan:
Increase Hospital bed capacity. ",,,,,,256
Health,Health,Free State,Programme 4: Provincial Hospital Services,Sub-Programme: Specialised Psychiatric Hospital Services,Quarterly,Morbidity and mortality review rate,Standardized,Max,"Priority 3: Education, Skills And Health",Improved quality of life,"The Social Protection, Community and Human Development cluster",100 %,100 %,100 %,100 %,100 %,"
100 %",100 %,100 %,100 %,100 %,,,,,Target achieved.,-,,Target achieved.,,,"Target achieved. 
",,,Target achieved,,,,,,,256
Health,Health,Free State,Programme 4: Provincial Hospital Services,Sub-Programme: Specialised Psychiatric Hospital Services,Quarterly,Patient Safety Incident case closure rate,Standardized,Not  Applicable,"Priority 3: Education, Skills And Health",Improved quality of life,"The Social Protection, Community and Human Development cluster",100 %,76 %,100 %,82 %,100 %,"
94 %",100 %,94 %,100 %,94 %,,,,,"Target not achieved. 
•	The incident that happened post Clinical governance meeting- will be discussed in July.
•	Some recommendations not yet implemented; hence cases cannot be closed.
",•	The Facility to move meetings to the 1st week each Month so that rescheduling can take place in the same month.,,"Target not achieved. 
Target not reached because incidents are still within the 60 working days (target) which falls within the 3rd quarter",To finalise the open cases on time.,,"Target not achieved. 
Compliance to Clinical Governance meetings.",Strengthen reporting of incidents according to the set timeframes.,,"Target not achieved. 
One PSI closed after 60 days due its severity of the case and need for further enquiries. 
",,What is the corrective action?,,,,,256
Health,Health,Free State,Programme 4: Provincial Hospital Services,Sub-Programme: Specialised Psychiatric Hospital Services,Quarterly,Severe assessment code 1incident reported within 24 hours rate,Standardized,Not  Applicable,"Priority 3: Education, Skills And Health",Improved quality of life,"The Social Protection, Community and Human Development cluster",80 %,88.9 %,80 %,100 %,80 %,"
100 %",80 %,100 %,80 %,0 %,,,,,Target achieved.,-,,Target achieved.,,,"Target achieved. 
Some of Q2 cases were closed late and have caused over-achievement.",,,Target achieved ,,,,,,,256
Health,Health,Free State,Programme 5: Central Hospital Services,Sub-Programme: Central Hospital Services,Annually,Ideal hospital status obtained rate,Non-Standardized,Not  Applicable,"Priority 3: Education, Skills And Health",Improved quality of life,"The Social Protection, Community and Human Development cluster",,,,,,,100 %,100 %,100 %,100 %,,Target achieved.,,,,,,,,,,,,,,,,,,,256
Health,Health,Free State,Programme 5: Central Hospital Services,Sub-Programme: Central Hospital Services,Annually,Maternal deaths in facility,Standardized,Not  Applicable,"Priority 3: Education, Skills And Health",Improved quality of life,"The Social Protection, Community and Human Development cluster",,,,,,,4,1,4,1,,Target achieved.,,,,,,,,,,,,,,,,,,,256
Health,Health,Free State,Programme 5: Central Hospital Services,Sub-Programme: Central Hospital Services,Annually,Patient Experience of Care satisfaction rate,Standardized,Not  Applicable,"Priority 3: Education, Skills And Health",Improved quality of life,"The Social Protection, Community and Human Development cluster",,,,,,,80 %,82 %,80 %,82 %,,Target achieved.,,,,,,,,,,,,,,,,,,,256
Health,Health,Free State,Programme 5: Central Hospital Services,Sub-Programme: Central Hospital Services,Annually,Percentage of hospitals implementing Quality Improvement Programme,Non-Standardized,Not  Applicable,"Priority 3: Education, Skills And Health",Improved quality of life,"The Social Protection, Community and Human Development cluster",,,,,,,100 %,100 %,100 %,100 %,,Target achieved.,,,,,,,,,,,,,,,,,,,256
Health,Health,Free State,Programme 5: Central Hospital Services,Sub-Programme: Central Hospital Services,Annually,Percentage of hospitals with functional hospital boards,Standardized,Not  Applicable,"Priority 3: Education, Skills And Health",Improved quality of life,"The Social Protection, Community and Human Development cluster",,,,,,,100 %,100 %,100 %,100 %,,Target achieved.,,,,,,,,,,,,,,,,,,,256
Health,Health,Free State,Programme 5: Central Hospital Services,Sub-Programme: Central Hospital Services,Quarterly,Cervical cancer screening ,Standardized,Not  Applicable,"Priority 3: Education, Skills And Health",Improved quality of life,"The Social Protection, Community and Human Development cluster",20,22,40,28,40,0,20,,120,0,,,,,Target achieved.	,-,Reasons for the deviation in exceeding the target?,"Target not achieved.
NHLS essential services were not fully received due to the cyber attacks in their systems.","To convene a meeting with NHLS management to explore manual systems.
",what is the reason for the deviation?,Target achieved.,,,,,,,,,,256
Health,Health,Free State,Programme 5: Central Hospital Services,Sub-Programme: Central Hospital Services,Quarterly,Death in facility under 5 years,Standardized,Not  Applicable,"Priority 3: Education, Skills And Health",Improved quality of life,"The Social Protection, Community and Human Development cluster",35,28,35,31,35,27,35,39,140,39,,,,,Target achieved.	,-,,Target achieved. ,,,Target achieved. ,Maintain performance.,,Target not achieved.,,What is the reason for the deviation?,,,,,256
Health,Health,Free State,Programme 5: Central Hospital Services,Sub-Programme: Central Hospital Services,Quarterly,Diarrhoea death under 5 years,Standardized,Not  Applicable,"Priority 3: Education, Skills And Health",Improved quality of life,"The Social Protection, Community and Human Development cluster",0,0,0,0,0,0,0,0,0,0,,,,,Target achieved.,-,,Target achieved. ,,,Target achieved. ,,,Target achieved.,,,,,,,256
Health,Health,Free State,Programme 5: Central Hospital Services,Sub-Programme: Central Hospital Services,Quarterly,Morbidity and mortality review rate,Non-Standardized,Max,"Priority 3: Education, Skills And Health",Improved quality of life,"The Social Protection, Community and Human Development cluster",100 %,100 %,100 %,100 %,100 %,67 %,100 %,89 %,100 %,100 %,,,,,Target achieved.	,-,,Target achieved. ,,,"Target not achieved. 
Forensic mortuary closed, no reports for them. HOD on leave since December was a downscaled month for services.
",Reminders send to departments that did not send the reports.,,"•	Closure of forensic mortuary has affected the reporting rate.
•	Plastic and reconstructive department did not submit report.","Progress on implementation of Q3 action plan:
The forensic mortuary is still closed, however reminders were sent to hospital departments that did not send reports.

Q4 Action Plan:
Ensure that responsible managers are available for M&M meetings monthly.",,,,,,256
Health,Health,Free State,Programme 5: Central Hospital Services,Sub-Programme: Central Hospital Services,Quarterly,Patient safety incident case closure rate,Standardized,Not  Applicable,"Priority 3: Education, Skills And Health",Improved quality of life,"The Social Protection, Community and Human Development cluster",100 %,88.6 %,100 %,97 %,100 %,100 %,100 %,78 %,100 %,0 %,,,,,"Target not achieved. 
•	No meeting held.
•	Delay of submission of RCA	","•	Incident will be held in July.
•	Investigators to be trained on submission of report ASAP
",,"Target not achieved. 
•	Late submission of RCA reports from doctors.
•	Non-attendance to PSI meetings.
•	Access to Ideal System and reporting remains a problem.","•	RCA submission within 7 days of reporting a case.
•	Escalation of non-submission of reports to the Clinical Governance committee.
•	Forms for all new users and those who needs passwords reset have been submitted to Information Management Unit.",,Target achieved. ,,,"Target not achieved.
Incidents related to infrastructural issues could not be closed due to financial constraints.
","•	Roadshow on PSI and CCS Action Plan in Q1.
•	Training on EWS by OHSC in Q1.
",,,,,,256
Health,Health,Free State,Programme 5: Central Hospital Services,Sub-Programme: Central Hospital Services,Quarterly,Pneumonia death under 5 years,Standardized,Not  Applicable,"Priority 3: Education, Skills And Health",Improved quality of life,"The Social Protection, Community and Human Development cluster",0,0,0,0,0,0,0,0,0,0,,,,,Target achieved.,-,,Target achieved. ,,,Target achieved. ,,,Target achieved.,,,,,,,256
Health,Health,Free State,Programme 5: Central Hospital Services,Sub-Programme: Central Hospital Services,Quarterly,Severe Acute malnutrition (SAM) death under 5 years,Standardized,Not  Applicable,"Priority 3: Education, Skills And Health",Improved quality of life,"The Social Protection, Community and Human Development cluster",0,0,0,0,0,0,0,0,0,0,,,,,Target achieved.,-,,Target achieved. ,,,Target achieved. ,,,Target achieved.,,,,,,,256
Health,Health,Free State,Programme 5: Central Hospital Services,Sub-Programme: Central Hospital Services,Quarterly,Severity assessment code 1 incident reported within 24 hours rate,Standardized,Not  Applicable,"Priority 3: Education, Skills And Health",Improved quality of life,"The Social Protection, Community and Human Development cluster",86.7 %,100 %,86.7 %,100 %,86.7 %,100 %,86.7 %,100 %,86.7 %,100 %,,,,,Target achieved.,-,,Target achieved.,,,Target achieved. ,,,Target achieved.,,,,,,,256
Health,Health,Free State,Programme 5: Central Hospital Services,Sub-Programme: Provincial Tertiary Hospital Services,Annually,Ideal hospital status obtained rate,Non-Standardized,Not  Applicable,"Priority 3: Education, Skills And Health",Improved quality of life,"The Social Protection, Community and Human Development cluster",,,,,,,0 %,0 %,0 %,0 %,,Target achieved,,,,,,,,,,,,,,,,,,,256
Health,Health,Free State,Programme 5: Central Hospital Services,Sub-Programme: Provincial Tertiary Hospital Services,Annually,Maternal deaths in facility,Standardized,Not  Applicable,"Priority 3: Education, Skills And Health",Improved quality of life,"The Social Protection, Community and Human Development cluster",,,,,,,7,2,7,2,,Target achieved.,,,,,,,,,,,,,,,,,,,256
Health,Health,Free State,Programme 5: Central Hospital Services,Sub-Programme: Provincial Tertiary Hospital Services,Annually,Patient Experience of Care satisfaction rate,Standardized,Not  Applicable,"Priority 3: Education, Skills And Health",Improved quality of life,"The Social Protection, Community and Human Development cluster",,,,,,,80 %,66 %,80 %,66 %,,"Target not achieved 

",,,,,,,,,,,,,,,,,,,256
Health,Health,Free State,Programme 5: Central Hospital Services,Sub-Programme: Provincial Tertiary Hospital Services,Annually,Percentage of hospitals implementing Quality Improvement Programme,Non-Standardized,Not  Applicable,"Priority 3: Education, Skills And Health",Improved quality of life,"The Social Protection, Community and Human Development cluster",,,,,,,100 %,100 %,100 %,100 %,,Target achieved.,,,,,,,,,,,,,,,,,,,256
Health,Health,Free State,Programme 5: Central Hospital Services,Sub-Programme: Provincial Tertiary Hospital Services,Annually,Percentage of hospitals with functional hospital boards,Standardized,Not  Applicable,"Priority 3: Education, Skills And Health",Improved quality of life,"The Social Protection, Community and Human Development cluster",,,,,,,100 %,100 %,100 %,100 %,,Target achieved.,,,,,,,,,,,,,,,,,,,256
Health,Health,Free State,Programme 5: Central Hospital Services,Sub-Programme: Provincial Tertiary Hospital Services,Quarterly,Cervical cancer screening,Standardized,Not  Applicable,"Priority 3: Education, Skills And Health",Improved quality of life,"The Social Protection, Community and Human Development cluster",20,108,40,84,40,82,20,0,120,0,,,,,Target achieved.,-,,Target achieved.,,,Target achieved.,Maintain performance.,,"Target not achieved.
•	The tests conducted were diagnostic tests and could not be classified as screening.
•	Missed opportunities of provider-initiated screening of eligible patients in the facilities. ","•	Improve screening tests in gynae clinic.
•	Promote provider-initiated screening in the service areas.",,,,,,256
Health,Health,Free State,Programme 5: Central Hospital Services,Sub-Programme: Provincial Tertiary Hospital Services,Quarterly,Death in facility under 5 years,Standardized,Not  Applicable,"Priority 3: Education, Skills And Health",Improved quality of life,"The Social Protection, Community and Human Development cluster",34,52,34,31,34,30,33,35,135,35,,,,,"Target not achieved. 
A high rate of the under 5 deaths are neonates who died from prematurity-related complications. ","•	Minimise / reduce overcrowding in Neonatal High Care Unit.
•	Staffing according to nurse -patient ratios to reduce infection.
•	Offer genetic counselling to mothers of babies who died from congenital abnormalities in preparation for the next pregnancy.",,Target achieved.,,,Target achieved. ,Maintain performance.,,"Target not achieved.
115 of the deaths are neonatal deaths due to prematurity related complications: (infection, congenital abnormalities and preterm multi organ failure) . 
","•	Reduce overcrowding of neonatal unit.
•	Enhance Infection control measures.
•	Strengthen Primary health care for identification of high-risk pregnancies.",,,,,,256
Health,Health,Free State,Programme 5: Central Hospital Services,Sub-Programme: Provincial Tertiary Hospital Services,Quarterly,Diarrhoea death under 5 years,Standardized,Not  Applicable,"Priority 3: Education, Skills And Health",Improved quality of life,"The Social Protection, Community and Human Development cluster",1,0,1,1,1,0,1,0,4,0,,,,,Target achieved.,-,,Target achieved.,,,Target achieved. ,Maintain performance.,,Target achieved.,,,,,,,256
Health,Health,Free State,Programme 5: Central Hospital Services,Sub-Programme: Provincial Tertiary Hospital Services,Quarterly,Morbidity and mortality review rate,Non-Standardized,Max,"Priority 3: Education, Skills And Health",Improved quality of life,"The Social Protection, Community and Human Development cluster",100 %,100 %,100 %,67 %,100 %,100 %,100 %,100 %,100 %,100 %,,,,,Target achieved.,-,,"Target not achieved. 
Reshuffling of facility leadership.",Leadership stabilized.,,Target achieved.,Maintain performance.,,Target achieved.,,,,,,,256
Health,Health,Free State,Programme 5: Central Hospital Services,Sub-Programme: Provincial Tertiary Hospital Services,Quarterly,Patient Safety Incident case closure rate,Standardized,Not  Applicable,"Priority 3: Education, Skills And Health",Improved quality of life,"The Social Protection, Community and Human Development cluster",90 %,44.4 %,90 %,95 %,90 %,56 %,90 %,103 %,90 %,0 %,,,,,"Target not achieved. 
Not yet discussed in Clinical Governance meeting, due to no proper monitoring of PSCI cases at facility.	",QA to monitor patient’s closure rate while  for customer care officer (Recruitment underway at shortlisting stage).,,"Target achieved.
Clinical governance meetings were conducted and challenges addressed.",Continue monitoring implementation of strategies.,what is the reason for the deviation?,"•	The delay in capturing is caused by incomplete written incident report which cause delay in capturing into the system.

•	Cost centre or Operational Manager not taking responsibility in closing the case.
","•	Scheduling plan to re-train the managers and staff on the importance and purpose of completing the written form and capturing into the system in time.

•	The incidence to be discussed in the complaints committee by the cost centre or operational Manager and close after the RCA is done.
",,Target achieved.,,Reasons for the over-achievement? ,,,,,256
Health,Health,Free State,Programme 5: Central Hospital Services,Sub-Programme: Provincial Tertiary Hospital Services,Quarterly,Pneumonia death under 5 years,Standardized,Not  Applicable,"Priority 3: Education, Skills And Health",Improved quality of life,"The Social Protection, Community and Human Development cluster",1,1,1,1,1,1,1,0,4,0,,,,,Target achieved.,-,,Target achieved.,,,Target achieved.,Maintain performance.,,Target achieved.,,,,,,,256
Health,Health,Free State,Programme 5: Central Hospital Services,Sub-Programme: Provincial Tertiary Hospital Services,Quarterly,Severe acute malnutrition (SAM) death under under 5 years,Standardized,Not  Applicable,"Priority 3: Education, Skills And Health",Improved quality of life,"The Social Protection, Community and Human Development cluster",2,0,2,3,2,0,2,1,8,1,,,,,Target achieved.,-,,"Target not achieved.
Delayed referral identified during Root cause analysis (RCA).",Continue proper management of childhood illnesses,,Target achieved. ,Maintain performance.,,Target achieved.,,,,,,,256
Health,Health,Free State,Programme 5: Central Hospital Services,Sub-Programme: Provincial Tertiary Hospital Services,Quarterly,Severity assessment code (SAC) 1 incident reported within 24 hours rate,Standardized,Not  Applicable,"Priority 3: Education, Skills And Health",Improved quality of life,"The Social Protection, Community and Human Development cluster",80 %,64.3 %,80 %,64 %,80 %,74 %,80 %,95 %,80 %,0 %,,,,,"Target not achieved. 
Cases not yet discussed in Clinical Governance meeting, due to many conflicting activities
	 
",Will be discussed in next meeting,,"Target not achieved. 
Delay to report cases in the Ideal System.",Managers to report cases timeously in the system.,,"•	The delay in capturing is caused by incomplete written incident report which cause delay in capturing into the system.

•	Cost centre or Operational Manager not taking responsibility in closing the case.
","•	Scheduling plan to re-train the managers and staff on the importance and purpose of completing the written form and capturing into the system in time.

•	The incidence to be discussed in the complaints committee by the cost centre or operational Manager and close after the RCA is done.
",,Target achieved.,"PProgress on implementation of Q3 action plan:
There is an improvement since Q3. Schedule for Clinical Governance meeting available.


Q4 Action Plan: Roadshow on PSI and CCS Action Plan in Q1
Training on EWS by OHSC in Q1.
",,,,,,256
Health,Health,Free State,Programme 6: Health Sciences and Training,Sub-Programme: EMS Training Colleges,Annually,Percentage of EMC Higher Certificate students completing in minimum time,Non-Standardized,Not  Applicable,"Priority 3: Education, Skills And Health",Improved quality of life,"The Social Protection, Community and Human Development cluster",,,,,,,23.5 %,52.6 %,23.5 %,52.6 %,,"A total of 19 EMC Higher Certificate students were enrolled for the first time and 10 completed all modules on minimum time
Improved students support services and implementation of reports and feedback from HPCSA Board and Moderators contributed to the performance on this program. The students enrolled on the program were also committed, matured and experienced.
",Target exceeded,,,,,,,,,,,,,,,,,,256
Health,Health,Free State,Programme 6: Health Sciences and Training,Sub-programme: Nurse Training Colleges,Annually,Number of graduating nurse students in the 1-year higher certificate in nursing programme,Non-Standardized,Not  Applicable,"Priority 3: Education, Skills And Health",Improved quality of life,"The Social Protection, Community and Human Development cluster",,,,,,,110,124,110,124,,Target achieved.,,,,,,,,,,,,,,,,,,,256
Health,Health,Free State,Programme 6: Health Sciences and Training,Sub-programme: Nurse Training Colleges,Annually,Number of graduating nurse students in the 3-year diploma  general nursing programme,Non-Standardized,Not  Applicable,"Priority 3: Education, Skills And Health",Improved quality of life,"The Social Protection, Community and Human Development cluster",,,,,,,119,126,119,126,,Target achieved.,,,,,,,,,,,,,,,,,,,256
Health,Health,Free State,Programme 6: Health Sciences and Training,Sub-Programme: Primary Health Care Training,Quarterly,Number of CHW trained on Basic Life support,Non-Standardized,Max,"Priority 3: Education, Skills And Health",Improved quality of life,"The Social Protection, Community and Human Development cluster",0,0,200,258,150,106,150,193,500,258,,,,,Target achieved.,-,,"Target achieved. 
Over-performance due to:
-	Catch up for Lejweleputswa District
TM & Fezile Dabi included HCW from Hospitals.",not applicable.,,"Target not achieved. 
Training planned for MM was postponed as participants could not attend due to staff shortage at the facilities caused by expired contracts for COVID-19 contract nurses.","44 HCW from MM not trained in the 3rd quarter will be trained in the 4th quarter during the 2 weeks BLS training planned for MM as follows: 3-7 February 2025 and 11-14 February 2025
Contract workers will assume duty in January 2025, this will reduce the pressure on staff shortage
",,"Target achieved
Additional sessions were held in: 
-	Fezile Dabi and Lejweleputswa Hospital personnel.

","Progress on implementation of Q3 action plan:
-	Two weeks sessions planned for Mangaung were held in the 4th quarter as planned this contributed to reaching the annual target for this indicator
Q4 Action Plan:
-	Target achieved

",,,,,,256
Health,Health,Free State,Programme 6: Health Sciences and Training,Sub-Programme: Primary Health Care Training,Quarterly,Number of doctors and nurses reskilled on ESMOE,Non-Standardized,Max,"Priority 3: Education, Skills And Health",Improved quality of life,"The Social Protection, Community and Human Development cluster",0,0,100,174,75,134,75,49,250,174,,,,,Target achieved.,-,,"Target achieved. 
Over performance due to high demand for the training and availability of participants.",not applicable,,Target achieved due to improved planning.,,,"Target achieved. 
•	Majority of the participants were trained during quarter 2 and 3
",,49/75 in line with the indicator is an under-achievement...please double check and correct,,,,,256
Health,Health,Free State,Programme 6: Health Sciences and Training,Sub-Programme: Primary Health Care Training,Quarterly,Number of midwives trained on BANC plus,Non-Standardized,Max,"Priority 3: Education, Skills And Health",Improved quality of life,"The Social Protection, Community and Human Development cluster",50,19,50,78,50,61,50,11,200,78,,,,,"Target not achieved. 
Trainings scheduled for Lejweleputswa and Fezile Dabi, on 16th – 17th April 2024 and 10th – 14th June 2024 , respectively, did not take place due to unavailability of participants. ","Catch up plan for Q2:
•	Lejweleputswa training is scheduled for 27th – 28th August 2024.
•	Fezile Dabi training is scheduled for 4th – 5th September 2024.",,"Target achieved. 
Lejweleputswa & Fezile Dabi training which were postponed in the first quarter took place",not applicable,,Target approved due to improved planning.,-,,"Target not achieved.
•	The plan for 4th quarter was to train 50 midwives in Thabo Mofutsanyana district. 
•	Unavailability of participants due to service delivery demands affected the plan, only 11 participants attended the session.
 

",TM will be prioritized in the 2025/2026 financial year to catch up on the 4th quarter performance,,,,,,256
Health,Health,Free State,Programme 6: Health Sciences and Training,Sub-Programme: Primary Health Care Training,Quarterly,Number of nurses trained on NIMART,Non-Standardized,Max,"Priority 3: Education, Skills And Health",Improved quality of life,"The Social Protection, Community and Human Development cluster",0,0,30,20,50,0,20,25,100,25,,,,,Target achieved.,-,,"Target not achieved. 
10 Nurses who were mentored to initiate and manage ART could not be certified as their contracts expired. ",Continue to monitor the mentoring. ,,"Target not achieved. 
Participants could not be available for mentoring due to staff shortage at the facilities caused by expired COVID-19 contracts.  
","Q2 Progress on action plan:
The plan was to review the 4th Quarter target, which was done.
Q3 Action Plan:
The 4th quarter target is increased from 20 to 60 to cover 2nd & 3rd Quarter performance. 
Mentors were interviewed during the 3rd quarter and should assume duty within the 4th Quarter
Contract workers will assume duty in January 2025, this will reduce the pressure on staff shortage.",,"Target achieved.
•	
","Progress on implementation of Q3 action plan:
The 4th quarter target was increased from 20 to 60 to cover 2nd & 3rd Quarter performance, however, could not be reached due to: 
•	Unavailability of targeted participants due to service demands and resignations especially community service nurses and covid contract workers appointed permanently and reallocated to other facilities
•	Mentors did not assume duty in the 4th quarter as planned 
Q4 Action Plan:
•	Re-training of clinical mentors scheduled for May 2025.
•	The newly appointed clinical mentors will be trained through clinical mentoring to improve their skills.
•	

",,,,,,256
Health,Health,Free State,Programme 6: Health Sciences and Training,Sub-Programme: Training Other,Annually,Number of managers trained on leadership and management programmes,Non-Standardized,Not  Applicable,"Priority 3: Education, Skills And Health",Improved quality of life,"The Social Protection, Community and Human Development cluster",,,,,,,60,40,60,40,,Target not achieved due to non-approval to continue with training of nursing managers through Stellenbosch University ,Continue with management and development programs through NSG,,,,,,,,,,,,,,,,,,256
Health,Health,Free State,Programme 6: Health Sciences and Training,Sub-Programme: Training Other,Quarterly,Number of induction programmes implemented,Non-Standardized,Not  Applicable,"Priority 3: Education, Skills And Health",Improved quality of life,"The Social Protection, Community and Human Development cluster",2,4,2,5,1,3,0,3,5,15,,,,,"Target achieved. 
Induction programs Online CIP 6-12 and Breaking Barriers to Entry (BB2E) deferred from 2023/2024 were implemented in the 1st Quarter. 
This contributed to over performance in the 1st quarter
The four programs implemented are: 
-	CIP 1-3
-	CIP 4-5
-	CIP 6-12
-	BB2E
",-,,"Target achieved.
More inductions were conducted compared to the targeted for the quarter. ",Continue with the monitoring of the strategic interventions.,What is the reason for the deviation?,"The target was exceeded due to: 
-	Online CIP 6-12 monitored closely, and constant follow up on completion certificates
Induction sessions focussed on MM only as travelling was restricted.",,,"Approval was granted to continue with induction programs even though training and traveling were restricted. This assisted in reaching the target

",Target achieved,,,,,,256
Health,Health,Free State,Programme 7: Health Care Support Services,Sub-Programme: Laundries,Quarterly,Percentage availability of clean linen in health facilities,Non-Standardized,Min,"Priority 3: Education, Skills And Health",Improved quality of life,"The Social Protection, Community and Human Development cluster",86 %,99.3 %,86 %,84 %,86 %,91 %,86 %,97 %,86 %,96 %,,,,,Target achieved.,-,,"Target not achieved. 
Qwaqwa laundry closed by the Dpt. of labour and Kroonstad Laundry is operating on two washers out of 9.  ",To wash linen at Bloemfontein Laundry and other service providers. To fast-track the repair of Qwaqwa Laundry and procurement of laundry equipment for Kroonstad laundry,,Target achieved.,"Q2 Progress on action plan:
•	Kroonstad and Qwaqwa Laundry washed linen at Psychiatric and Bloemfontein Laundry. 
•	The Prohibition Notice issued by the Dept of Labour was withdrawn on the 15 December 2024 and Qwaqwa laundry is now operational.
•	Installation of the new boiler has commenced following the approval of the purchase order. 
•	There is no budget for other equipment in the current FY. 
Q3 Action Plan:
Monitor the installation of the new boiler at Kroonstad Laundry and washing of linen at Bloemfontein and Psychiatric Laundry.   
",,Target achieved,,Reasons for exceeded target?,,,,,256
Health,Health,Free State,Programme 7: Health Care Support Services,Sub-Programme: MED PAS (Medical Trading Account),Quarterly,Percentage tracer drug availability,Non-Standardized,Max,"Priority 3: Education, Skills And Health",Improved quality of life,"The Social Protection, Community and Human Development cluster",79 %,96 %,79 %,94 %,79 %,94 %,79 %,83 %,79 %,96 %,,,,,Target achieved.	,-,Reasons for the deviation in exceeding the target?,Target achieved.,,,Target achieved.,-,,Target achieved.,,Reasons for exceeded target?,,,,,256
Health,Health,Free State,Programme 7: Health Care Support Services,Sub-Programme: MED PAS (Medical Trading Account),Quarterly,Service level for normal orders,Non-Standardized,Max,"Priority 3: Education, Skills And Health",Improved quality of life,"The Social Protection, Community and Human Development cluster",80 %,46.1 %,80 %,90 %,80 %,95 %,80 %,96 %,80 %,43 %,,,,,"Target not achieved. 
•	The warehouse is 2 weeks behind schedule. This causes delay in finalizing dispatch vouchers. 
•	Dispatch unit lost two experienced officials recently and the posts are not filled yet.
•	We are currently working with one official in the dispatch office and one at the dispatch area, which slows down production.	","•	Plan overtime schedule to mitigate the warehouse dispatching schedule.
•	We have re-called an SCM official to the warehouse and moved another to dispatch to fill the gap left by the retired staff. With orientation, the process is a bit slow.
•	Getting interns to this office to augment the staff complement.",,Target achieved.,,,Target achieved.,-,,Target achieved.,,Reasons for exceeded target?,,,,,256
Health,Health,Free State,Programme 7: Health Care Support Services,Sub-Programme: Orthotics and Prosthetics,Quarterly,Medical orthotic devices issued rate,Non-Standardized,Max,"Priority 3: Education, Skills And Health",Improved quality of life,"The Social Protection, Community and Human Development cluster",78 %,77.2 %,78 %,82.3 %,78 %,74.8 %,78 %,72.4 %,78 %,0 %,,,,,"Target not achieved. 
Not all devises are on the contract. 
",To procure devises that are not on contract through quotations. ,,Target achieved.,,,Target achieved.,Procure medical consumables for rehabilitation of patients,,"Target not achieved.

",,is 72.4/78 not an under achievement in this regard? ,,,,,256
Health,Health,Free State,Programme 7: Health Care Support Services,Sub-Programme: Orthotics and Prosthetics,Quarterly,Medical prosthetic  devices issued rate,Non-Standardized,Max,"Priority 3: Education, Skills And Health",Improved quality of life,"The Social Protection, Community and Human Development cluster",68 %,81.5 %,68 %,,68 %,81.7 %,68 %,,68 %,81.5 %,,,,,Target achieved.	,-,,,,What is the output recorded in Q2?,Target achieved.,,,,,what is the output?,,,,,256
Health,Health,Free State,Programme 7: Health Care Support Services,Sub-Programme: Orthotics and Prosthetics,Quarterly,Medical prosthetic devices issued rate,Non-Standardized,Not  Applicable,"Priority 3: Education, Skills And Health",Improved quality of life,"The Social Protection, Community and Human Development cluster",70 %,,70 %,79.1 %,70 %,81.7 %,70 %,84 %,70 %,0 %,,,,,,,,Target achieved.,,What is the reason for the deviation?,Target achieved.,Procure medical consumables for rehabilitation of patients,,Target achieved.,,Reasons for exceeded target?,,,,,256
Health,Health,Free State,Programme 8: Health Facilities Management,Programme 8: Health Facilities Management,Annually,Percentage of health facilities with completed capital infrastructure projects,Non-Standardized,Not  Applicable,"Priority 3: Education, Skills And Health",Improved quality of life,"The Social Protection, Community and Human Development cluster",,,,,,,70 %,60 %,70 %,60 %,,"Target not achieved.
•	Budgetary constraints due to high amount of accruals carried from the previous financial year.",•	Reduce the number of projects on the new budget in order to avoid budget depletion.,,,,,,,,,,,,,,,,,,256
Health,Health,Free State,Programme 8: Health Facilities Management,Programme 8: Health Facilities Management,Quarterly,Percentage of facilities that have undergone maintanance,Non-Standardized,Max,"Priority 3: Education, Skills And Health",Improved quality of life,"The Social Protection, Community and Human Development cluster",70 %,70 %,70 %,45 %,70 %,55 %,70 %,65 %,70 %,70 %,,,,,Target achieved. ,-,,"Target not achieved. 
Due to financial constraints being experienced by the infrastructure grant some of the maintenance projects had to be deferred.",The little funding available is being reprioritized to attend to emergency and high-risk maintenance issues. Lack of funding is a major constrained.,,"•	Constraint budget is still hampering progress. 
•	Electrical framework contracts have expired no new work can be issued.
","Q2 Progress on action plan:
•	Available funding has been allocated to projects on site.
•	Planning of new projects and implementation of non-urgent issues have been deferred to outer financial years.
Q3 Action Plan:
•	Finalisation of new electrical framework contracts.
•	 Annual implementation plan to be amended to include urgent maintenance.
",,"Target not achieved.
- Budgetary constraints and expiry of the electrical framework contract.",- Allocate a higher percentage of the budget to maintenance in the new financial year and fast-track appointments of electrical framework contractors. Ensure contractors are paid through creation of open orders.,,,,,,256
Human Settlements,Human Settlements,Free State,Programme 1: Administration,Sub-programme 1.2: Corporate Services,Quarterly,Number of Internal audits conducted and completed,Non-Standardized,Max,"Priority 1: A Capable, Ethical and Developmental State",Good governance,"Governance, State Capacity and Institutional Development cluster",5,3,5,6,5,3,6,4,21,6,14,Some audit  are ad hoc and others runs in concurrent with year end conclusions.,"The IAF will ensure that planned audits are completed on time within the specified quarter and that no audits overlap to the next quarter.
",,"Other reports are not yet finalised. The over or underachievement is due to Ad-hoc assignments that were conducted by Internal Audit that were not planned for, they come as management request in their nature as and when required. The Internal Audit cannot the number ad-hoc assignments that will be requested by Management in a quarter.
","The IAA will ensure that planned audits are completed on time within the specified quarter and that no audits overlap to the next quarter
",,"There were four (4) audits completed and reports issued in the 2nd quarter. The two (2) reports included as achieved  were completed in the 1st Quarter and only signed-off by the clients in the 2nd quarter.
There is only one audit not completed in this quarter due to the fact that there were delays in the submission and/or responses to request for information from the clients.

",-,,"The internal Audit function deferred the audit on asset management to the first quarter of  2025/26 due to the annual stock take conducted by the Departmental Supply Chain Management and the process is anticipated to be completed at the end of March 2025.
The internal audit function makes provision in the audit plan for adhoc assignment per quarter as a result of management request.  The internal audit function did not receive any request under review.

","The audit will be executed in the
 Quarter 1 of 2025/26 Financial Year.

",,"6 audits were planned in the quarter, 2 are completed , 3 are still in progress.
Out of 6 ,one (1) audit is split into two (2 ) in the Annual Audit Plan under ‘Risk based audits ‘ and “Governance audits” which will be incorporated into one Audit report.
1  was a planned adhoc assignment.


","The IAF will ensure that planned audits are completed on time within the specified quarter and that no audits overlap to the next quarter.
",,,,,,256
Human Settlements,Human Settlements,Free State,Programme 1: Administration,Sub-programme 1.2: Corporate Services,Quarterly,Percentage of valid invoices paid within 30 days,Non-Standardized,Min,"Priority 5: Spatial Integration, Human Settlements and Local Government",Inclusive economic growth and sustainable job creation,"Governance, State Capacity and Institutional Development cluster",100 %,99 %,100 %,93% %,100 %,"96%
 %",100 %,93% %,100 %,99 %,97,"Due to the stopping and reallocation of Human Settlements Development Conditional Grants, 8 invoices could not be paid based on the reduction implemented ",The unpaid invoices forms part of payables not recognized and will be honored with the allocation of 2025/26 financial year.,,1% Deviation came as the result of the deactivated banking details of the supplier,"Suppliers are encouraged to submit the correct banking details.	
",,29 invoices could not be paid within 30 days mainly due to insufficient cash allocation received on Conditional Grants.,Cash flow projections to be revised with the submission of the adjusted business plans.,,"The Human Settlements Development Grant (HSDG) December 2024 tranche was withheld by the National Department of Human Settlements and a total of ten (10) invoices could not be paid.

","There were engagements with the National Department of Human Settlements, the matter has been resolved and some payments have been made.



",,"Due to the stopping and reallocation of Human Settlements Development Conditional Grants, 8 invoices could not be paid based on the reduction implemented on Human Settlements Development Grant.

","The unpaid invoices forms part of payables not recognized and will be honored with the allocation of 2025/26 financial year.

",,,,,,256
Human Settlements,Human Settlements,Free State,"Programme 2: Housing Needs, Research and Planning",Sub-programme 2.2: Policy,Annually,Number of human settlements policies approved in line with national policy guidelines,Non-Standardized,Not  Applicable,"Priority 1: A Capable, Ethical and Developmental State",Good governance,"Governance, State Capacity and Institutional Development cluster",,,,,,,1,0,1,0,0,"The drafted Rapid Land Release Programme: Serviced Sites Policy was discussed with MEC and it was found to still be having significant gaps that needed to be addressed prior to approval. These included but not limited to consultation with various municipalities and stakeholders.
","To address the gaps as identified, i.e. consultation and development of  implementation plan.
",,,,,,,,,,,,,,,,,,256
Human Settlements,Human Settlements,Free State,"Programme 2: Housing Needs, Research and Planning",Sub-programme 2.3: Planning,Annually,Number of integrated implementation programmes for priority development areas completed,Standardized,Not  Applicable,"Priority 5: Spatial Integration, Human Settlements and Local Government",Improved quality of life,"The Economic Sectors, Employment and Infrastructure Development cluster",,,,,,,1,0,1,0,0,"The development plans for the PDA’s have been completed and submitted for ratification and approval to identified Municipalities. To date, only Matjhabeng and Moqhaka have approved the development Plans through their council resolutions.

For Mangaung, Dihlabeng, Maluti-a-Phofung and Metsimaholo, these plans have not yet been approved.
","The Department is participating in MECLOGA through the HOD and these issues will be elevated at that level
",,,,,,,,,,,,,,,,,,256
Human Settlements,Human Settlements,Free State,"Programme 2: Housing Needs, Research and Planning",Sub-programme 2.3: Planning,Annually,Percentage of Investment of the total Human Settlements allocation in PDAs,Standardized,Not  Applicable,"Priority 5: Spatial Integration, Human Settlements and Local Government",Improved quality of life,"The Economic Sectors, Employment and Infrastructure Development cluster",,,,,,,40 %,55.34 %,40 %,55.34 %,55.34,"The high percentage of investment against the target is attributed to the excellent performance of infrastructure projects (serviced sites) in PDA’ s.
",,,,,,,,,,,,,,,,,,,256
Human Settlements,Human Settlements,Free State,"Programme 2: Housing Needs, Research and Planning",Sub-programme 2.4: Research,Annually,Number of research papers completed with content relating to development of sustainable human settle- ments within the MTEF period,Non-Standardized,Not  Applicable,"Priority 5: Spatial Integration, Human Settlements and Local Government",Improved quality of life,"The Economic Sectors, Employment and Infrastructure Development cluster",,,,,,,1,0,1,0,0,"Funding that was budgeted for the Research Project was re prioritized to defray excess Expenditure in Programme 1: Administration thus leaving the Directorate, the amount of R45 000 left which could not cover the costs of any sensible and credible research Project.

With this budget constraint, it was consequently both virtually and practically impossible for any research paper to be completed in the light of the above stated dynamics and realities.
",The Department will ensure that this KPI is adequately budgeted in the new financial year to ensure that planned research endeavours are not compromised and can be undertaken as planned.,,,,,,,,,,,,,,,,,,256
Human Settlements,Human Settlements,Free State,"Programme 2: Housing Needs, Research and Planning",Sub-programme 2.4: Research,Annually,Number of research projects approved with content relating to development of sustainable human settle- ments within the MTEF period,Non-Standardized,Not  Applicable,"Priority 5: Spatial Integration, Human Settlements and Local Government",Improved quality of life,"The Economic Sectors, Employment and Infrastructure Development cluster",,,,,,,1,0,1,0,0,"Funding that was budgeted for the Research Project was re prioritized to defray excess Expenditure in Programme 1: Administration thus leaving the Directorate, the amount of R45 000 left which could not cover the costs of any sensible and credible research Project.

With this budget constraint, it was consequently both virtually and practically impossible for any research paper to be completed in the light of the above stated dynamics and realities.

","The Department will ensure that this KPI is adequately budgeted in the new financial year to ensure that planned research endeavours are not compromised and can be undertaken as planned.
",,,,,,,,,,,,,,,,,,256
Human Settlements,Human Settlements,Free State,"Programme 2: Housing Needs, Research and Planning",Sub-programme 2.4: Research,Quarterly,Default,Not Applicable,Not  Applicable,Not Applicable,-,Not Applicable,0,0,0,,0,,0,0,0,0,,,,,,,,,,,,,,,,,,,,,256
Human Settlements,Human Settlements,Free State,Programme 3: Housing Development,Sub-programme 3.2: Financial Interventions,Quarterly,Number of erven planned and surveyed,Non-Standardized,Max,"Priority 5: Spatial Integration, Human Settlements and Local Government",Improved quality of life,"The Economic Sectors, Employment and Infrastructure Development cluster",0,0,0,0,1060,0,4279,664,5339,664,664,"Most of the projects are at the Municipal Planning Tribunal (MPT) for approval and most of the MPTs are not functional. 
The achieved erven are the following:  664     (Ipopeng 78, Lephoi 192, Clocolan 394 

","The Department has established working relationships with COGTA, there is constant feedback on the process and how far each application is. COGTA is doing its best to fast track the processes in dealing with the department’s applications



",,-,-,,-,-,,"
No Surveyor General Plans approvals received during this quarter.

This is due to several applications that we submitted for Municipal Planning Tribunal (MPT) approvals through (COGTA) during  August, September and October experienced delays in being responded to. These are applications to Municipalities where there are no functional MPTs and COGTA is assisting in this regard.
","COGTA, HS and service providers  resolved  on the structure and content of the applications.

",,"Most of the projects are at the Municipal Planning Tribunal (MPT) for approval and most of the MPTs are not functional. 
The achieved erven are the following:
664    (Ipopeng 78 (Bloemfontein),  Lephoi 192, (Bethulie) and Clocolan 394 

","
The Department has established working relationships with COGTA, there is constant feedback on the process and how far each application is. COGTA is doing its best to fast track the processes in dealing with the department’s applications

",,,,,,256
Human Settlements,Human Settlements,Free State,Programme 3: Housing Development,Sub-programme 3.2: Financial Interventions,Quarterly,Number of households that received subsidies through FLISP (Finance Linked Individual Subsidy Programme),Standardized,Not  Applicable,"Priority 5: Spatial Integration, Human Settlements and Local Government",-,"The Social Protection, Community and Human Development cluster",50,0,50,0,50,0,50,15,200,15,13,"Most application forms are still with the hawks,
The Department is unable to pay, Standard bank responded very late for bank confirmation and no law firm has been paid.

","
The Department is engaging with the hawks to give a list of all applications  that can be processed for payment.
3. The Department will  finalise the   applications having shortfall on the following:
Where the bank could not grant the   applicant/s 100% bond/ home loan, and the application/s end up with law firms.

FLISP (Finance Linked Individual Subsidy Programme) is now called FHF (First Home Finance)
",,"There is an investigation process going on regarding the implementation of FLISP in the Department. This came as the result of alleged irregularities that were identified. During this period no progress was reported because of the investigations, the processing of FLISP applications has been put on hold.",Forensic investigations underway regarding FLISP Programme. The  Department is in the process of reviewing the FLISP Policy in order to ensure that there are effective control systems in place.,,"There was no movement on the programme ,this was occasioned by the ongoing Police investigation ,which was a widespread investigation and appeared to suggest that everyone in the Unit was implicated and thus no applications were processed in this regard .","The investigations have since advanced, and we have now been in contact with the investigating officer who has provided us with the files that they initially removed  .
2) The Department is entering into an MOU with NHFC in terms whereof NHFC will handle end to end processes relating to applications to ensure that the risks are averted , there are ready applications that require approval
",,"The allocation of FLISP subsidies were  deferred due to the ongoing police investigations as well as forensic investigations.
","The Department has processed a total of twenty-five (25) applications where payments are  to be made directly to the bank.
The Department is tightening its processes and controls. 
",,"1. Most application forms are still with the hawks,
2. The Department is unable to pay, Standard bank responded very late for bank confirmation and no law firm has been paid.

","1. The Department is engaging with the hawks to give a list of all applications  that can be processed for payment.
2. The Department will  finalise the   applications having shortfall on the following:
Where the bank could not grant the   applicant/s 100% bond/ home loan, and the application/s end up with law firms.

Programme of FLISP (Finance Linked Individual Subsidy is now called First Home Finance (FHF)



",,,,The output is noted however not verified by National,,256
Human Settlements,Human Settlements,Free State,Programme 3: Housing Development,Sub-programme 3.2: Financial Interventions,Quarterly,Number of informal settlements upgraded to phase 3 of the Upgrading of Informal Settlements Programme (UISP),Non-Standardized,Max,"Priority 5: Spatial Integration, Human Settlements and Local Government",Improved quality of life,"The Economic Sectors, Employment and Infrastructure Development cluster",0,0,0,0,3,0,6,0,9,0,0,Planned projects could not be completed as they were put on hold due to contractual challenges. ,"To adopt a phase in approach to sign off on a portions/sections of work completed.
Finalization of the database so that the projects on hold can be allocated to contractors and be completed
",,-,-,,-,-,,"Projects against which the target was made are currently on hold as a result of contractual challenges. Only one project (Marikana Water And Sewer) is expected to be completed in the next quarter covering 2 informal settlements. 
 
","All the projects on hold are to be reallocated to the service providers on departmental database.

",,"Two settlements have been completed but no completion certificate has been issued. Some of the planned projects could not be completed as they were put on hold due to contractual challenges. 
","
To adopt a phase in approach to sign off on a portions/sections of work completed.
Finalization of the database so that the projects on hold can be allocated to contractors and be completed
",,,,Noted ,,256
Human Settlements,Human Settlements,Free State,Programme 3: Housing Development,Sub-programme 3.2: Financial Interventions,Quarterly,Number of municipalities supported for  ac accreditation,Non-Standardized,Max,"Priority 5: Spatial Integration, Human Settlements and Local Government",Improved quality of life,"The Economic Sectors, Employment and Infrastructure Development cluster",1,1,2,3,2,3,1,3,6,3,6,-,-,,-,-,,"Service providers appointed to review/draft Accreditation  Business Plans  for the Matjhabeng LM, Maluti a Phofung LM and  Dihlabeng LM ",-,,"Drafting of the Accreditation Business plans in the  Dihlabeng, Maluti-a-Phofung  and Metsimaholo Local Municipalities are ongoing support programmes to be completed by the end of the 2024/2025 financial year 


",-,,"Accreditation business plan concluded for Maluti -a Phofung and Dihlabeng Local municipalities. Moqhaka Local Municipality supported training on NHNR.
","All municipalities were attended to for this financial year
",,,,,,256
Human Settlements,Human Settlements,Free State,Programme 3: Housing Development,Sub-programme 3.2: Financial Interventions,Quarterly,Number projects and houses enrolled with NHBRC,Non-Standardized,Max,"Priority 5: Spatial Integration, Human Settlements and Local Government",Improved quality of life,"The Economic Sectors, Employment and Infrastructure Development cluster",0,160,500,472,1500,18035,2000,1755,4000,18035,20422,The over achievement is as a result of NHBRC (National Home Builders Regulation Council) being able to finalize enrollment applications for infrastructure projects which had been submitted in the first and second quarters. ,"The annual target was 4000 and 20422 has been achieved, this brings to an overachievement of 16422 at the end of this financial year",,"The enrolment was done before the 1st quarter and only received approval from NHBRC in the 1st quarter.
",-,,The slow processing of enrolment applications by NHBRC has resulted in enrolment taking long to be finalized.,The performance will improve in the 3rd quarter as there are already enrolment applications for infrastructure projects submitted to NHBRC for enrolment.,,"The over achievement is as a result of NHBRC being able to finalize enrollment applications for infrastructure projects which had been submitted in the first and second quarters. The overachievement implies that we have overachieved the yearly target of 4000 enrolments to date
",-,,"The annual target has already been reached in the 3rd quarter performance.
","The annual target was 4000 and 19422 has been achieved, this brings to an overachievement of 15422 at the end of this financial year. (However, the figures are still to be audited)
",,,,,,256
Human Settlements,Human Settlements,Free State,Programme 3: Housing Development,Sub-programme 3.3: Incremental Interventions,Annually,40% set aside for companies owned by designated groups in line with specific goals for preferential procurement.,Non-Standardized,Not  Applicable,"Priority 5: Spatial Integration, Human Settlements and Local Government",Improved quality of life,"The Economic Sectors, Employment and Infrastructure Development cluster",,,,,,,40 %,44 %,40 %,44 %,44,"The SCM policy has been reviewed to focus and give effect  to procurement of goods and services to designated groups
20% has been spend on Woman and 24% has been spend on Youth
",-,,,,,,,,,,,,,,,,,,256
Human Settlements,Human Settlements,Free State,Programme 3: Housing Development,Sub-programme 3.3: Incremental Interventions,Quarterly,Number of Breaking New Ground (BNG) houses delivered,Standardized,Not  Applicable,"Priority 5: Spatial Integration, Human Settlements and Local Government",-,"The Social Protection, Community and Human Development cluster",231,100,700,140,635,126,483,258,2049,624,624,"The target could not be met because majority of the contractors which were appointed from the Data base were appointed late in the third quarter and were still finalizing the administrative compliances before they can start on site. 

",Progress will be made as soon as the appointed  contractors start functioning,,"The 2000 units  contractor is busy in different districts, Additionally  a panel of contractors is being finalized and 
 other contractors to be appointed for the planned projects.
"," The Department is finalizing  the panel of contractors. The current contractor has also recovered production on many sites to catch up to the first quarter plans
",,Slow delivery by the contractor on site. ,The panel of contractors has been finalised and the Department is in a process of allocating contractors to projects.,,"Under performance is a result of the late appointment of contractors on site in the third quarter.
 Only one contractor has been working across multiple projects in the province","A panel of contractors was  appointed in the third quarter, and work has been assigned.  Some of the contractors have already started work on sites",,"
The target could not be met because majority of the contractors which were appointed from the Data base were appointed late in the third quarter and were still finalizing the administrative compliances before they can start on site. 
",Progress will be made as soon as the appointed  contractors start functioning,,,,The output is noted however not verified by National,,256
Human Settlements,Human Settlements,Free State,Programme 3: Housing Development,Sub-programme 3.3: Incremental Interventions,Quarterly,Number of consumer education conducted,Non-Standardized,Max,"Priority 5: Spatial Integration, Human Settlements and Local Government",Improved quality of life,"The Economic Sectors, Employment and Infrastructure Development cluster",3,3,3,6,3,3,3,2,12,6,14,"A partnership with the office of the Master and the departments
participation in the National wills week has resulted in the over achievement. 
",-,,-,-,,"The following additional Municipalities were  reached as a result of the Partnership with the Masters office  for the National wills week  during September 2024:

-Dihlabeng LM,
-Maluti a Phofung LM and
-Phumelela LM  
",None,,-,-,,"
The session planned in the  Mohokare Local Municipality was postponed by the Municipality. However, the annual target was overachieved with 2. The annual target was 12 and annual achievement is 14. The overachievement was realised in the second quarter due to the achievement of 6 against the target of 3. 
","Reschedule the session for the 2025/2026 financial year 
",,,,,,256
Human Settlements,Human Settlements,Free State,Programme 3: Housing Development,Sub-programme 3.3: Incremental Interventions,Quarterly,Number of New title deeds registered,Non-Standardized,Max,"Priority 5: Spatial Integration, Human Settlements and Local Government",Improved quality of life,"The Economic Sectors, Employment and Infrastructure Development cluster",0,0,0,0,265,0,265,0,530,0,0,"No new housing projects are being implemented in the year under review, as a result there are no title deeds to register
","A decision has been reached at National to do away with categorization of title deeds. This means there is only going to be one indicator on title deeds that talks to title deeds registration.
",,-,-,,-, -,,"Housing projects that are currently being implemented are for beneficiaries approved  in the previous financial years.
","Once there are newly approved beneficiaries they will be allocated to conveyancers for registration of new title deeds.

A decision was taken by the National Department of Human Settlements that for the forthcoming financial years,
only one category of title deeds will be reported on.
",,"No new projects are being implemented in the year under review, as a result there are no title deeds to register
","A decision has been reached at National to do awa with categorization of title deeds. This means there is only going to be one indicator on title deeds that talks to title deeds registration.
",,,,The output is noted however not verified by National,,256
Human Settlements,Human Settlements,Free State,Programme 3: Housing Development,Sub-programme 3.3: Incremental Interventions,Quarterly,Number of Post- 2014 title deeds registered,Non-Standardized,Max,"Priority 5: Spatial Integration, Human Settlements and Local Government",Improved quality of life,"The Economic Sectors, Employment and Infrastructure Development cluster",0,0,230,0,300,0,234,0,824,0,0, Nonperformance by the appointed conveyancers,The process to expand the data base is underway.,,-,-,,"There is work in progress with regard to projects allocated to the service providers, however, our data remains incredible and this has an impact on the work allocated to the conveyancers. We experienced delays in the signing of the 291 deeds of sale allocated to the conveyancers.","""Land Tenure officials are to start by doing comparison of information on HSS against the Deeds Information per each project registered on HSS
Update the HSS with those titles registered but not reflected on HSS
Ongoing process SITA initiative to compile a reporting, tracking and monitoring system aligned to HSS",,"Municipalities did not sign the required documents for lodgement purposes. 
","The Department wrote letters to municipalities, of which some responded and with those who did not respond, the matter will be escalated.
",,"Non performance by the appointed conveyancers
","The process to expand the data base is underway.  
",,,,The output is noted however not verified by National,,256
Human Settlements,Human Settlements,Free State,Programme 3: Housing Development,Sub-programme 3.3: Incremental Interventions,Quarterly,Number of post-1994 title deeds registered,Non-Standardized,Max,"Priority 5: Spatial Integration, Human Settlements and Local Government",Improved quality of life,"The Economic Sectors, Employment and Infrastructure Development cluster",0,0,484,0,645,"0

",460,0,1589,0,0,"Nonperformance by the appointed conveyancers
","The process to expand the data base is underway.  


",,-,-,,"There is work in progress with regard to projects allocated to the service providers, however, our data remains incredible and this has an impact on the work allocated to the conveyancers.               Registration of title deeds only three firms were appointed to do the registrations","""Land Tenure officials are to start by doing comparison of information on HSS against the Deeds Information per each project registered on HSS
Update the HSS with those titles registered but not reflected on HSS
Ongoing process SITA initiative to compile a reporting, tracking and monitoring system aligned to HSS                                                  ""Department is in the process to expand the data base. ",,"Inadequate data on HSS. 
5295 beneficiaries were allocated to three different conveyancers in January 2024, all of them reported that deed searches reflected registrations on those beneficiaries. 
Second allocations were done again in April. One conveyancer has submitted a detailed report:  Out of 475 allocations, the following was reported;
223: registered beneficiaries
75: No information on Deeds
27: No township exist
152: registered under municipality and therefore can be transferred
"," Continuing the verification of information on HSS against Deeds office for  projects registered on HSS. 19 projects completed to date
Eg on Findings: Project F02110002/1 has 99 beneficiaries, all of them have title deeds registered but not paid on HSS

Increase  Human Resource capacity to
update information on title deeds registered but not reflecting on HSS. 

Department is in the process of expanding the database for conveyancers
",,"Non performance by the appointed conveyancers
","The process to expand the data base is underway.  

",,,,The output is noted however not verified by National,,256
Human Settlements,Human Settlements,Free State,Programme 3: Housing Development,Sub-programme 3.3: Incremental Interventions,Quarterly,Number of serviced sites and households delivered,Non-Standardized,Max,"Priority 5: Spatial Integration, Human Settlements and Local Government",Improved quality of life,"The Economic Sectors, Employment and Infrastructure Development cluster",0,0,700,670,700,936,500,1349,1900,1349,2958,The overachievement follows the contracting of service providers on a multi year arrangement where projects have been running across financial years with no disruptions ,-,,-,-,,The contractors are on site and work is in progress.,The contractors are currently on site and performance will be increased next quarter.,,"There is progress because there are now more contractors on the site.
",-,,"The overachievement follows the contracting of service providers on a multi year arrangement where projects have been running across financial years with no disruptions: 
861 serviced sites in Roleleathunya (Rouxville) and 488 serviced sites in Matlakeng (Zastron)
","The target for this year was 1900 and 2951 recorded as achieved which 1051 becomes an overachievement for this financial year. (However, the figures are still to be audited)
",Although the target overachieved. The department must provide a clear reason for deviation when reporting.,,,,,256
Human Settlements,Human Settlements,Free State,Programme 3: Housing Development,Sub-programme 3.3: Incremental Interventions,Quarterly,Number of serviced sites delivered,Standardized,Not  Applicable,"Priority 5: Spatial Integration, Human Settlements and Local Government",-,"The Social Protection, Community and Human Development cluster",250,0,550,2003,405,2719,550,615,1755,5337,5274,The overachievement follows the contracting of service providers on a multi year arrangement where projects have been running across financial years with no disruptions,-,,"Contractors took possession of sites in the first quarter following procurement. This led to the planned targets not being achieved
","Construction of sites has since started and contractors to be ordered to recover on the lost target by accelerating production
",,"There are more contractors that have been appointed for the projects and has caused the increased in the performance

",-,,"Over achievement is as a result of contractors   being on full production throughout all active projects in the third quarter. The yearly target has already been achieved to date

","The performance of contractors in the fourth quarter will be monitored in line with the available budget of the department 
",,"The overachievement follows the contracting of service providers on a multi year arrangement where projects have been running across financial years with no disruptions
395 serviced sites in Maokeng (Kroonstad) and
220 serviced sites in Sasolburg

","The target set for a year was 1755 and 5555 was achieved, this result in an overachievement of 3800.  
",Although the target overachieved. The department must provide a clear reason for deviation when reporting.,,,,,256
Human Settlements,Human Settlements,Free State,Programme 3: Housing Development,Sub-programme 3.3: Incremental Interventions,Quarterly,Number of work opportunities created,Non-Standardized,Max,"Priority 5: Spatial Integration, Human Settlements and Local Government",Improved quality of life,"The Economic Sectors, Employment and Infrastructure Development cluster",0,120,100,117,200,93,200,162,500,162,492,The delay in appointment of contractors has resulted in labour being appointed late in the Financial year,"Department is busy with collecting documents from the new contractors that have recently started on site.
",," The contractors on infrastructure projects are still busy with setting up of site and few projects have started. 
Overachievement due to higher employment requirements during the start of new sites. 
","The figures will stabilize as work starts to peak on sites
",,"Most of  the infrastructure projects started in the second quarter and that  resulted in more people employed hence the overachievement.
",-,,"Non-submission of required documents by the contractors that are already on site resulted in under reporting performance of this target 
","Arrangements  will be made to visit contractors within the 4th quarter  in order to address non-compliance in this matter

",,"
The delay in appointment of contractors has resulted in labour being appointed late in the financial year.
","Department is busy with collecting documents from the new contractors that have recently started on site.
",,,,,,256
Human Settlements,Human Settlements,Free State,Programme 3: Housing Development,Sub-programme 3.4: Social and Rental Intervention,Quarterly,Number of Community Residential Units (CRU) delivered,Standardized,Not  Applicable,"Priority 5: Spatial Integration, Human Settlements and Local Government",-,"The Social Protection, Community and Human Development cluster",0,0,0,0,0,,270,"0
",270,0,0,"There was a delay because of  electrification and water reticulation for both Dark and Silver City and G Hostels despite the structure being completed.
"," Centlec and Eskom have both been engaged and approval for the electrical reticulation on both sites has been granted. The contractors are in the process of procurement and installation of the electrical reticulation after which the units will be reported. The progressive occupation in the units will start May.
",,,,,-,-,,,,Not planned for the quarter,"There was a delay because of  electrification and water reticulation for both Dark and Silver City and G Hostels despite the structure being completed.
","Centlec and Eskom have both been engaged and approval for the electrical reticulation on both sites has been granted. The contractors are in the process of procurement and installation of the electrical reticulation after which the units will be reported. The progressive occupation in the units will start May.
","The said target was scheduled for implementation in Quarter 4. Kindly clarify why no output has been reported, as the APP indicates that this target was planned for Q4.",,,,,256
Human Settlements,Human Settlements,Free State,Programme 3: Housing Development,Sub-programme 3.4: Social and Rental Intervention,Quarterly,Number of rental social housing units delivered,Standardized,Not  Applicable,"Priority 5: Spatial Integration, Human Settlements and Local Government",-,"The Social Protection, Community and Human Development cluster",0,0,0,0,0,0,0,,0,0,0,Not in the 2024 Annual Performance Plans,,,,,,-,-,,,,,,,,,,,,256
Human Settlements,Human Settlements,Free State,Programme 4: Housing Asset Management ,Sub-programme 4.2: Sale and transfer of Housing Properties,Annually,Number of properties and for sale and transfer of ownership,Non-Standardized,Not  Applicable,"Priority 5: Spatial Integration, Human Settlements and Local Government",Improved quality of life,"The Economic Sectors, Employment and Infrastructure Development cluster",,,,,,,56,0,56,0,0,"
Due to non-cooperation of beneficiaries (staying in these properties) who are not the eligible beneficiaries. 
","Extension has been requested from NDHS to devolve these properties to the municipalities and transfer to qualifying beneficiaries for ownership). The process/implementation plan has been amended to end 31 January 2026. Meaning,  the process will be carried over to the new financial year (2025/26).
",,,,,,,,,,,,,,,,,,256
Human Settlements,Human Settlements,Free State,Programme 4: Housing Asset Management ,Sub-programme 4.2: Sale and transfer of Housing Properties,Quarterly,Percentage of levies maintenance fees paid in respect of properties belonging to the Department,Non-Standardized,Max,"Priority 5: Spatial Integration, Human Settlements and Local Government",Improved quality of life,"The Economic Sectors, Employment and Infrastructure Development cluster",0 %,0 %,0 %,,0 %,0 %,0 %,,0 %,0 %,,,,,,,,,,,,,,,,,,,,,256
Human Settlements,Human Settlements,Free State,Programme 4: Housing Asset Management ,Sub-programme 4.4: Housing Properties Maintenance ,Quarterly,Number of pre-1994 title deeds registered,Standardized,Max,"Priority 5: Spatial Integration, Human Settlements and Local Government",Improved quality of life,"The Economic Sectors, Employment and Infrastructure Development cluster",0,14,200,22,1300,23,3423,2,4923,23,63,There was a travelling restriction in the third quarter of the year and this has contributed to low registrations achieved in the 4th quarter in that the process requires adverts which run for at least two months,Land tenure officials to be part of the informal settlement's forum so that issues of title deeds are advanced. Officials have been advised to draw up schedules where they will work with municipal officials on housing files where registrations are still outstanding,,"
This is an overachievement and the reason for deviation is because work on the registration of this title deeds commenced in March, and could only be completed after the 31st March 2023 and therefor could only be reported in the financial year 2024/2025","
In future, any work that is pending completion in the last month of the financial year will be reconciled and recorded as the target for the first quarter of the proceeding financial year.
",,"""Deceased estates and family disputes pertaining to pre 94 transfers","""Intensify consumer education and allocation of disputes to conveyancers",,"Unreported deceased estates and unresolved family disputes

Lost original Mother Titles delay the filing of the applications
","Intensify consumer education and assign conveyancers to handle disputes relating to Pre-1994 stock.
Through the Conveyancers, The Department will be applying for replacement title deeds.
",,"Difficulty in accessing information at the municipalities.
","Land tenure officials to be part of the informal settlement's forum so that issues of title deeds are advanced. 
","The said target was scheduled for implementation in Quarter 4. Kindly clarify why no output has been reported, as the APP indicates that this target was planned for Q4",,,The output is noted however not verified by National,,256
Human Settlements,Human Settlements,Free State,Programme 4: Housing Asset Management ,Sub-programme 4.4: Housing Properties Maintenance ,Quarterly,Number of properties  for sale and transfer of ownership,Non-Standardized,Max,"Priority 5: Spatial Integration, Human Settlements and Local Government",Improved quality of life,"The Economic Sectors, Employment and Infrastructure Development cluster",0,0,0,0,0,0,0,REFER TO THE COMMENTS OF THE COORDINATOR,56,0,0,"Due to non-cooperation of beneficiaries (staying in these properties) and intense processes involved, an extension has been requested from NDHS to devolve these properties to the municipalities and transfer to qualifying beneficiaries for ownership)

","The process/implementation plan has been amended to end 31 January 2026. Meaning,  the process will be carried over to the new financial year (2025/26)

",,-,-,,-,-,,,,Not planned for the quarter.,"
REFER TO THE COMMENTS OF THE COORDINATOR
","
REFER TO THE COMMENTS OF THE COORDINATOR",,,,,,256
Human Settlements,Human Settlements,Free State,Programme 4: Housing Asset Management ,Sub-programme 4.4: Housing Properties Maintenance ,Quarterly,Percentage of levies maintenance fees paid in respect of properties belonging to Department,Non-Standardized,Min,"Priority 5: Spatial Integration, Human Settlements and Local Government",Improved quality of life,"The Economic Sectors, Employment and Infrastructure Development cluster",100 %,100 %,100 %,100 %,100 %,"100%
 %",100 %,100 %,100 %,0 %,100,,,,-,-,,-,-,,,,Achieved.,-,-,"The said target was scheduled for implementation in Quarter 4. Kindly clarify why no output has been reported, as the APP indicates that this target was planned for Q4.",,,,,256
Public Works,Public Works,Free State,Programme 1: Administration,Sub-Programme 1.1: Office of the MEC,Annually,Default,Not Applicable,Not  Applicable,Not Applicable,-,Not Applicable,,,,,,,,,,,,,,,,,,,,,,,,,,,,,,,256
Public Works,Public Works,Free State,Programme 1: Administration,Sub-Programme 1.1: Office of the MEC,Quarterly,Default,Not Applicable,Not  Applicable,Not Applicable,-,Not Applicable,,,,,,,,,,,,,,,,,,,,,,,,,,,,,,,256
Public Works,Public Works,Free State,Programme 1: Administration,Sub-Programme 1.2: Management of the Department,Annually,Default,Not Applicable,Not  Applicable,Not Applicable,-,Not Applicable,,,,,,,,,,,,,,,,,,,,,,,,,,,,,,,256
Public Works,Public Works,Free State,Programme 1: Administration,Sub-Programme 1.2: Management of the Department,Quarterly,Default,Not Applicable,Not  Applicable,Not Applicable,-,Not Applicable,,,,,,,,,,,,,,,,,,,,,,,,,,,,,,,256
Public Works,Public Works,Free State,Programme 1: Administration,Sub-Programme 1.3: Corporate Support  ,Annually,Default,Not Applicable,Not  Applicable,Not Applicable,-,Not Applicable,,,,,,,,,,,,,,,,,,,,,,,,,,,,,,,256
Public Works,Public Works,Free State,Programme 1: Administration,Sub-Programme 1.3: Corporate Support  ,Quarterly,Default,Not Applicable,Not  Applicable,Not Applicable,-,Not Applicable,,,,,,,,,,0,,,,,,,,,,,,,,,,,,,,,256
Public Works,Public Works,Free State,Programme 1: Administration,Sub-Programme 1.3: Corporate Support  ,Quarterly,Designated employee compliance with financial disclosure.,Non-Standardized,Average,"Priority 1: A Capable, Ethical and Developmental State",Good governance,"Governance, State Capacity and Institutional Development cluster",100 %,100 %,100 %,100 %,0 %,0 %,0 %,0 %,100 %,50 %,100,None,None,,None,None,Target achieved,None,None,Achieved,None,None,Not planned for the quarter.,None,None,Not planned for the quarter under review.,,,,,256
Public Works,Public Works,Free State,Programme 1: Administration,Sub-Programme 1.3: Corporate Support  ,Quarterly,Number of buildings installed with Wi-Fi.,Non-Standardized,Not  Applicable,"Priority 1: A Capable, Ethical and Developmental State",Good governance,"Governance, State Capacity and Institutional Development cluster",0,0,0,0,1,0,0,0,1,0,0,"The ICT department faced challenges in installing WIFI due to historical debt owed to Vodacom, which led to Vodacom's refusal to assist. Delays in Vodacom Business issuing new orders further hindered progress, resulting in the ICT department failing to meet its installation target
","ICT has started an initiative to address the historical debt with Vodacom, and the matter will be prioritized in the 1st quarter 2025/26 financial year.",,None,None,Not planned for the quarter.,None,None,Due in quarter 3,Installation of Wi-Fi at the QwaQwa Regional Office could not be achieved due to the unavailability of electricity.,The electricity was restored late in November 2024 and the target will be achieved in Q4.,,None,None,,,,,,256
Public Works,Public Works,Free State,Programme 1: Administration,Sub-Programme 1.3: Corporate Support  ,Quarterly,Number of posts filled.,Non-Standardized,Not  Applicable,"Priority 1: A Capable, Ethical and Developmental State",Good governance,"Governance, State Capacity and Institutional Development cluster",0,0,5,7,5,9,5,2,15,18,18,Some of the posts were filled due to staff turnover and need.   ,"Department remain within COE budget and fiscal control measures.
",,None,None,Not planned for the quarter.,"Posts provided for in the guide for Members of the Executive as approved by the Guide.
","Not applicable
",,Overachievement due to staff turnover and need. Appointment/secondment/ transfer into the Department is within COE budget.,N/A the Department remains within COE budget and fiscal control measures.,,"The targets were achieved in the previous quarters. 
","Not applicable 
",,,,,,256
Public Works,Public Works,Free State,Programme 1: Administration,Sub-Programme 1.3: Corporate Support  ,Quarterly,Number of training interventions.,Non-Standardized,Not  Applicable,"Priority 3: Education, Skills And Health","Education, innovation and skills development","Governance, State Capacity and Institutional Development cluster",5,8,10,7,4,9,3,0,22,24,27,Training interventions: free online training offered by the National School of Government contributed to overachievement for the financial year. ,"Not applicable as it is beyond the
Department's control. 
This remains within the skill development budget.",,"NSG opened the system for free online courses.
","Employees embrace the free online NSG courses.
",,"The three were achieved in Q1.
The NSG website was reconfigured and a new registration system was introduced which contributed to most of the officials to struggle to log/sign into the system.","Beyond Departmental control, but NSG is aware of the situation and has addressed it.
",Noted,Employees embraced free courses from the National School of Government.,N/A as it is beyond the Department's control. This remains within the skills development budget.,,Training interventions are achieved in the previous quarters. Note free online training offered by National School of Government contributed to over achievement for the financial year. ,Not applicable,,,,,,256
Public Works,Public Works,Free State,Programme 1: Administration,Sub-Programme 1.3: Corporate Support  ,Quarterly,Number of user satisfaction surveys conducted to assess quality of Services provided.,Non-Standardized,Not  Applicable,"Priority 1: A Capable, Ethical and Developmental State",Good governance,"Governance, State Capacity and Institutional Development cluster",0,0,1,1,0,0,1,1,2,2,2,None,None,,None,None,Not planned for the quarter.,None,None,Achieved,None,None,Not planned for the quarter.,"None, target achieved as planned.",None,Achievement noted.,,,,,256
Public Works,Public Works,Free State,Programme 1: Administration,Sub-Programme 1.3: Corporate Support  ,Quarterly,Percentage of valid invoices paid within 30 days.,Non-Standardized,Average,"Priority 1: A Capable, Ethical and Developmental State",Good governance,"Governance, State Capacity and Institutional Development cluster",100 %,98.5 %,100 %,96 %,100 %,99 %,100 %,"96%
 %",100 %,97.375 %,98,"- Invoices with no supporting documents (submission). 
- Invoices above cost containment amount. 
- Late certification of invoices by end users.
- Payment batches misplaced by the payment clerk.
- Invoices were submitted late for authorization.
","-Tracking of invoices using an invoice register and follow up with end users.  
- Ensure that supporting documents are attached before the order is generated. 
- Managers to implement consequence management in order to correct undesirable results. 
",,"Delays caused by human error.
","Implement online invoice tracking system.
Implementation of consequence management by relevant managers.
",,"-Invoices with incomplete supporting documentation. 
Invoices above cost containment amount. 
Late certification of invoices by end users.
Payment batches misplaced by the payment clerk.","-Implementation of consequence management. 
Tracking of invoices using invoice register and follow up with end users.
 Ensure that supporting documents are attached before order is generated.
Managers to implement consequence management in order to correct undesirable results. 
",,"Invoices were submitted late for authorization.
",Consequence management to be applied as a corrective measure. Introduce a system to track invoices.,,"Supporting documents not attached to payment batch, late submission of supporting documents resulted to late payments.
","Indicate to users to submit supporting documents  when submitting invoices for payments
",,,,,,256
Public Works,Public Works,Free State,Programme 2: Public Works Infrastructure,Programme 2: Public Works Infrastructure,Annually,deafult,Standardized,Not  Applicable,Not Applicable,-,Not Applicable,,,,,,,,,,,,,,,,,,,,,,,,,,,,,,,256
Public Works,Public Works,Free State,Programme 2: Public Works Infrastructure,Programme 2: Public Works Infrastructure,Quarterly,Number of Facilities provided,Standardized,Max,Priority 2: Economic Transformation And Job Creation,-,"The Economic Sectors, Employment and Infrastructure Development cluster",,,,,,,,,,0,,,,,,,,,,,,,,,,,,,,,256
Public Works,Public Works,Free State,Programme 2: Public Works Infrastructure,Programme 2: Public Works Infrastructure,Quarterly,Number of utilisation inspections conducted for office accommodation,Standardized,Max,Priority 2: Economic Transformation And Job Creation,-,"The Economic Sectors, Employment and Infrastructure Development cluster",,,,,,,,,,0,,,,,,,,,,,,,,,,,,,,,256
Public Works,Public Works,Free State,Programme 2: Public Works Infrastructure,Sub Programme 2.1: Programme support,Annually,Default,Not Applicable,Not  Applicable,Not Applicable,-,Not Applicable,,,,,,,,,,,,,,,,,,,,,,,,,,,,,,,256
Public Works,Public Works,Free State,Programme 2: Public Works Infrastructure,Sub Programme 2.1: Programme support,Quarterly,Default,Not Applicable,Not  Applicable,Not Applicable,-,Not Applicable,,,,,,,,,,,,,,,,,,,,,,,,,,,,,,,256
Public Works,Public Works,Free State,Programme 2: Public Works Infrastructure,Sub Programme 2.2: Planning,Annually,Default,Not Applicable,Not  Applicable,Not Applicable,-,Not Applicable,,,,,,,,,,,,,,,,,,,,,,,,,,,,,,,256
Public Works,Public Works,Free State,Programme 2: Public Works Infrastructure,Sub Programme 2.2: Planning,Quarterly,Default,Not Applicable,Not  Applicable,Not Applicable,-,Not Applicable,,,,,,,,,,0,,,,,,,,,,,,,,,,,,,,,256
Public Works,Public Works,Free State,Programme 2: Public Works Infrastructure,Sub Programme 2.2: Planning,Quarterly,Number of facilities provided.,Non-Standardized,Not  Applicable,"Priority 1: A Capable, Ethical and Developmental State",Good governance,"Governance, State Capacity and Institutional Development cluster",0,0,3,1,3,1,1,3,7,3,5,"Ladybrand offices: the delay was due to the scope change that was not approved which exceeded the required variation of the project amount.

Geduld offices-Sasolburg: The lease agreement has not been finalised to inform the handing over to Client Departments (COGTA, Community Safety and Office of the Premier)
","Ladybrand offices: The Client Departments will be requested to clearly define their needs during the project planning stage to ensure that no other factors could delay project completion. The project is currently implemented by internal maintenance team and the progress is 81%. 

Geduld offices- Sasolburg: To have increased focused and solution- driven discussion with the State Law Advisors and other key role-players to fast-track the signing of the lease agreements.",,None,None,Not planned for the quarter.,"The handing over of MDR was not achieved due to the non-responsiveness of the market for the servicing of the fire extinguishers and the Department had to re-advertise. 

Phase 2 Tshireletsong Building 
The building has not been handed over due to outstanding installation of blinds, commissioning of the fire detectors and programming of the digital panel.
","The Department will re- advertising the project/ service.

The contractor is charged penalties  at a rate of R7500 per calendar day since the 19th of June 2024

A meeting was held between the main contractor and subcontractor on 26 September 2024  and it was agreed that the blinds should be procured within 3 weeks and installed in batches.
",,"1. Reddersburg offices: 
Some of the building work has to be replaced due to vandalism.
2. Ladybrand offices: The delay was due to the scope change that was not approved which exceeded the required variation of the project amount.","1. Reddersburg offices will be rendered with security services to prevent vandalism.
2. Ladybrand project will be completed in-house by the maintenance team.",,"The following facilities were planned to be handed over in  the previous quarters but due to the following reasons they were achieved during the 4th quarter.
1. Reddersburg offices - some of the building work have to be replaced due to vandalism.
2. 2nd phase Tshireletsong building - outstanding installation of blinds, commissioning of the fire detectors and programming of the digital panel.
","1. The Department will ensure that the facilities are safeguarded until they are handed over to Client Departments to prevent vandalism after the renovations/ refurbishments have been completed.
2.  The Client Departments will be requested to clearly define their needs during the project planning stage to ensure that no other factors could delay project completion. 

",Achievement noted.,,,,,256
Public Works,Public Works,Free State,Programme 2: Public Works Infrastructure,Sub Programme 2.2: Planning,Quarterly,Number of utilisation inspections conducted for office accommodation,Non-Standardized,Not  Applicable,"Priority 1: A Capable, Ethical and Developmental State",Good governance,"Governance, State Capacity and Institutional Development cluster",1,1,1,0,2,2,2,2,6,2,6,None,None,,None,None,Achieved.,No inspection was conducted.,Utilisation inspection will be conducted in the next quarter.,,None,None,Achieved.,None,None ,,,,,,256
Public Works,Public Works,Free State,Programme 2: Public Works Infrastructure,Sub Programme 2.3: Design,Annually,Default,Not Applicable,Not  Applicable,Not Applicable,-,Not Applicable,,,,,,,,,,,,,,,,,,,,,,,,,,,,,,,256
Public Works,Public Works,Free State,Programme 2: Public Works Infrastructure,Sub Programme 2.3: Design,Quarterly,Default,Not Applicable,Not  Applicable,Not Applicable,-,Not Applicable,,,,,,,,,,0,,,,,,,,,,,,,,,,,,,,,256
Public Works,Public Works,Free State,Programme 2: Public Works Infrastructure,Sub Programme 2.3: Design,Quarterly,Number of infrastructure designs ready for tender processes.,Standardized,Not  Applicable,"Priority 5: Spatial Integration, Human Settlements and Local Government",Inclusive economic growth and sustainable job creation,"The Economic Sectors, Employment and Infrastructure Development cluster",0,0,0,0,2,1,1,0,3,1,1,"Awaiting finalisation of sites consolidation to accommodate additional facilities such as staff accommodation and EMS at Gariepdam Clinic.
Ventersburg: New EMS Station - Awaiting drawings from Local Municipality of the newly built fire station that is currently empty to see if it will be viable to use for the EMS station. Project on hold till decision is made.
",Client Departments will be requested to clearly outline their needs during the project planning stage to ensure that no other factors (e.g. unavailability of erf) could hinder the project implementation. ,,None,None,Not planned for the quarter.,None,None,Due in quarter 4,Awaiting finalisation of sites consolidation to accommodate additional facilities such as staff accommodation and EMS at Gariepdam Clinic.,Client Departments will be requested to clearly outline their needs during the project planning stage to ensure that no other factors (e.g. insufficient erf size) could hinder the project implementation. ,,"
Ventersburg: New EMS Station - Awaiting drawings from Local Municipality of the newly built fire station that is currently empty to see if it will be viable to use for the EMS station. Project on hold till decision is made.",Client Departments will be requested to clearly outline their needs during the project planning stage to ensure that no other factors (e.g. unavailability of erf) could hinder the project implementation. ,Noted,,,,,256
Public Works,Public Works,Free State,Programme 2: Public Works Infrastructure,Sub Programme 2.4: Construction,Annually,Default,Not Applicable,Not  Applicable,Not Applicable,-,Not Applicable,,,,,,,,,,,,,,,,,,,,,,,,,,,,,,,256
Public Works,Public Works,Free State,Programme 2: Public Works Infrastructure,Sub Programme 2.4: Construction,Quarterly,Default,Not Applicable,Not  Applicable,Not Applicable,-,Not Applicable,,,,,,,,,,0,,,,,,,,,,,,,,,,,,,,,256
Public Works,Public Works,Free State,Programme 2: Public Works Infrastructure,Sub Programme 2.4: Construction,Quarterly,Number of capital infrastructure projects awarded. ,Non-Standardized,Not  Applicable,Priority 2: Economic Transformation And Job Creation,Inclusive economic growth and sustainable job creation,"The Economic Sectors, Employment and Infrastructure Development cluster",4,4,4,3,3,1,2,0,13,8,8,"1. Prestige/House Fence Upgrade: 22 Oscar Hoexter – Initially the project could not be awarded in Q2 as planned due to non-responsiveness of the market. Thereafter, the project was re-advertised and the comparative schedule was received, however, the house number and address were incorrectly captured in the Table B5 as the budget for the project was allocated to a different prestige house. 

2. MPL Village Upgrade Houses (3, 7 & 10): Kitchen cupboards – Initially the project could not be awarded in Q2 as planned due to non-responsiveness of the market. Thereafter, the project was re-advertised and the comparative schedule received. However, there was a shortage of funds.

3. QwaQwa Fence Upgrade –The validity expired before conclusion. This was also affected by SCM officials who left the Department.   

4. Kopano Human Settlement Offices – The validity expired before conclusion. This was also affected by SCM officials who left the Department. 

5. Bethulie Offices—There was a need to review and confirm the scope of works in order to minimize the cost overruns. 

6. Old Reserve Bank – before the project went out on tender, it was indicated that the building was classified as heritage site. Then the Heritage Architect need to advice on the elements of heritage on the building. In order for the BOQ to be updated.

7. The following project was achieved but not planned for 2024/2025 financial year:
Medfontein Building Plumbing: the initial plan for Medfontein was to implement the project using service provider to complete the project. The Department decided to use the internal artisans to refurbish the building, however some of the specialised works had to be outsourced due internal incapacity, this required appointments of the other service providers.
","1. Prestige/House Fence Upgrade: 22 Oscar Hoexter: The budget for the project was allocated to a different prestige house and the submission to shift other funds via virement will be drafted.

2. MPL Village UP House: Kitchen cupboards: Shortage of funds to be allocated and the project to be awarded in the next financial year.

3. Qwaqwa Fence Upgrade: Project to be re-advertised in the next financial year.
Consultation processes have already commenced to address the capacity constraints at SCM.
4. Kopano Human Settlement Offices: Project to be re-advertised next financial year.
Consultation processes have already commenced to address the capacity constraints at SCM.

5. Bethulie Offices: Client Departments and all relevant parties will be requested to clearly outline and confirm in writing their needs during the project planning stage to ensure that no factors could hinder the project implementation. In addition, the implementation IDMS should be enforced and fast tracked.

6. Old Reserve Bank: The Department will be pro-active in verifying and classifying its buildings. 



",,None,None,Target achieved.,"Out of the three targets that were achieved in Q2, two were planned for (Kopano MDR and Medfontein Water Roofing) and one (Medfontein Plumbing) is an overachievement. 

The projects that are not achieved as planned are 1. Pres/House Fence UPG: 22 Oscar Hoexter 
2. MPL Village UP House Kitchen Cupboards 
Both could not be awarded due to the non-responsiveness of the market.","During planning the Department will accommodate the capacitation of artisans in the project plan, the project will be split into segments and will be reported as such 

Awards will be concluded in Q3.

Recommended strategy for Medfontein:
The Department will include all projects related to specialized works on the Departmental Plan should there be any change in implementation methodology.",,"Qwaqwa Fence upgrade  - Validity expired.

The technical evaluation took longer than anticipated for Welkom Kopano Human Settlement offices - Roof. ","QwaQwa Fence Project will be re-advertised.

Welkom Kopano Human Settlements Office – Roof project will be submitted to Bid Adjudication Committee for adjudication and recommendation for award.",,"Bethulie Offices –There was a need to review and confirm the scope of works in order to minimize the cost overruns. 

Old Reserve Bank – before the project went out on tender, it was indicated that the building was classified as heritage site. Then the Heritage Architect need to advise on the elements of heritage on the building. In order for the BOQs to be updated.

","Bethulie Offices - Client Departments and all relevant parties will be requested to clearly outline and confirm in writing their needs during the project planning stage to ensure that no factors  could hinder the project implementation. In addition, the implementation IDMS should be enforced and fast tracked.

Old Reserve Bank - The Department will be pro-active in verifying and classifying its buildings. 

",,,,,,256
Public Works,Public Works,Free State,Programme 2: Public Works Infrastructure,Sub Programme 2.4: Construction,Quarterly,Number of capital infrastructure projects completed. ,Non-Standardized,Not  Applicable,Priority 2: Economic Transformation And Job Creation,Inclusive economic growth and sustainable job creation,"The Economic Sectors, Employment and Infrastructure Development cluster",0,0,3,4,9,4,10,1,22,9,9,"1. Father Balink Primary school: The delay was due to late approval of variation orders and extension of time.

2. Kopano BLG REH (Regional Office -Roof): SCM unit did not manage to get three quotations due to non-responsiveness of the market. 

3. Kopano Human Settlement Offices (Roof): The validity expired before conclusion. This was also affected by SCM officials who left the Department. 

4. Kopano SCM store: Project was put on hold due to additional funds requirement.

5. Fidel Castro 1st floor office (Building works): The commencement of the project was affected by cash flow challenges from the contractor.

6. MPL Village UP Houses (3, 7 & 10) Kitchen cupboards: 
The project could not be completed as it was not awarded in Q2 due to non-responsiveness of the market. It was re-advertised, however, there was shortage of funds.

7. Kopano EMS Offices: No funds were allocated for the project in 2024/25.

8. Frankfort TRP:  The project delayed due to additional culvert which increased the scope of work as a result of heavy rain.

9. Bloemfontein Thusanong: Slow progress on site due to contractor’s capacity.

10. Ladybrand House ARD: the delay was due to the scope change that was not approved which exceeded the required variation of the project amount.

Then there was a delay in payment of contractors by client Departments and approval of variation orders for the following planned projects: 
11. Katlego Mpumelelo Secondary School   
12. Breda Farm School Hostel 
13.	Leboneng Special School Hostel
14.	Rheederpark Clinic
15.	Riebeeckstad - Thandanani Clinic.

16. Pres/House Fence UPG: 22 Oscar Hoexter: Initially the project could not be awarded in Q2 as planned due to non-responsiveness of the market.
Thereafter, the project was re-advertised and the comparative schedule was received, however, the house number and address were incorrectly captured in the Table B5 as the budget for the project was allocated to a different prestige house.  



The following three (3) projects were achieved but not planned for 2024/2025 financial year:
1. Qibing Library was not planned in this financial year and was however fast tracked and completed ahead.
2. Fide Castro Plant Room 9th FL-PH2: The Department could not plan the completion of the project in this financial year as the contractor experienced delay in delivering of water tank from the manufacture in the previous financial year 2023/24. 
3. OR Tambo Renovation of the entrance door - Due to the ageing of the door hinges, the manual door could not close properly and posed the security concerns/threats to security officials on the entrance of the building.

","1. Father Balink Primary school:  Urgent approval of the Terms of Reference for the VO Committee, Standard Operating Procedure for Contract Management and Supply Chain Management Policy for Infrastructure Procurement. 

2. Kopano BLG REH (Regional Office -Roof):  Project to be re-advertised in the next financial year.

3. Kopano Human Settlement Offices (Roof): Project to be re-advertised next financial year. Consultation processes have already commenced to address the capacity constraints at 
SCM.

4. Kopano SCM store – Additional funds will be requested.

5. Fidel Castro 1st floor office (Building works): None; the contractor commenced with the project later than anticipated.

6. MPL Village UP Houses (3, 7 & 10): Kitchen cupboards: Shortage of funds to be allocated and the project to be awarded in the next financial year.

7. Kopano EMS Offices: Not Applicable
8. Frankfort TRP: The Department does not have control over external factors. The project will be completed through the EPWP Artisan programme given that the cost for site re-establishment and de-establishment is relatively higher than the cost of outstanding works since the request for additional funds (variation order) of the culvert was submitted and not approved. 

9. Bloemfontein: Thusanong: The contractor managed to appoint new sub-contractors upon intervention by the Department in order to fast-track the completion of the project.

10. Ladybrand House ARD: The project to be completed in-house by maintenance team.
It is recommended that the budget allocated to client Departments be transferred and managed by the Public Works and Infrastructure Department for the following planned projects: 

11. Katlego Mpumelelo S.S, 12. Breda Farm School Hostel, 13. Leboneng Special School Hostel, 14. Rheedepark Clinic and 
15. Thandanani Clinic.

16. Prestige/ House Fence Upgrade: 22 Oscar Hoexter: The budget for the project was allocated to a different prestige house and the submission to shift other funds via virement will be drafted.
",,None,None,Not planned for the quarter.,"The target on the final APP is 3 and will be rectified after the re-opening of the system.

OR Tambo Renovation of the entrance door - Due to the ageing of the door hinges, the door could not close properly and that has cost the Department to replace the Window more often.

",None.,,"Tshireletsong phase 2 was completed in the current quarter since it could not be completed in Q2 as planned.

Petrus Steyn TRP was planned for quarter 4, however it was expedited and completed earlier in this quarter.

There was a delay in payment of contractors by client Departments  and approval of variation orders for the following planned projects: 
 - Katlego Mpumelelo S.S  
 - Breda Farm School 
Hostel 
 - Leboneng Special School Hostel
 - Rheedepark Clinic
 - Thandanani Clinic

Ladybrand House ARD:  the delay was due to the scope change that was not approved which exceeded the required variation of the project amount.

Prestige/House Fence Upgrade: 22 Oscar Hoexter: 
Comparative schedule was received, however, the house number and address were incorrectly captured in Table B5.","It is recommended that the budget allocated to client departments be transferred and managed the Public Works and Infrastructure Department. 

Ladybrand House ARD: The project will be completed in-house by the maintenance team.

Pres/House Fence UPG: 22 Oscar Hoexter: The budget for the project was allocated to a different prestige house and the submission to shift other funds via virement will be drafted.",,"1. Kopano BLG REH (Regional Office -Roof)- SCM did not manage to get three quotations due to non-responsiveness of the market. 
2. Kopano H/S Offices (Roof) – The validity expired before conclusion. This was also affected by SCM officials who left the Department. 
3. Kopano SCM store –Project was put on hold due to additional funds requirement.
4. Fidel Castro 1st floor office (Building works)–The commencement of the project was affected by cash flow challenges from the contractor.
5.MPL Village UP Houses (3, 7 & 10): Kitchen cupboards – 
The project could not be completed as it was not awarded in Q2 due to non-responsiveness of the market. It was re-advertised, however, there was a shortage of funds.
6. Kopano EMS Offices – No funds were allocated for the project for 2024/25.
7. Frankfort TRP:  The project delayed due to additional culvert which increased the scope of work as a result of heavy rain. 
8.Petrus Steyn TRP: project was achieved ahead of schedule in quarter 3.
9. Bloemfontein: Thusanong: Slow progress on site due contractor’s capacity.
10.Father Balink Primary school: The delay was due to late approval of variation orders and extension of time.
11. Qibing Library was not planned for this financial year, however, it was completed.

","1. Kopano BLG REH (Regional Office -Roof)-- Project to be re-advertised in the next financial year.
2. Kopano H/S Offices (Roof) - Project to be re-advertised next financial year. Consultation processes have already commenced to address the capacity constraints at SCM.
3.  Kopano SCM Stores - Additional funds will be requested.
4. Fidel Castro 1st floor office (Building works) – None, the contractor commenced with the project later than anticipated.
5. MPL Village UP House: Kitchen cupboards -Shortage of funds to be allocated  and the project to be  awarded in the next financial year.
6. Kopano EMS Offices- Not Applicable.
7. Frankfort TRP:  The Department does not have control over external factors. The project will be completed through the EPWP Artisan programme given that the cost for site re-establishment and de-establishment is relatively higher than the cost of outstanding works since the request for additional funds (variation order) of the culvert was submitted and not approved.
8.Petrus Steyn TRP: Not applicable.
9. Bloemfontein Thusanong BLG: The contractor managed to appoint new sub-contractors upon intervention by the Department in order to fast-track the completion of the project.
10. Father Balink Primary school: Urgent approval is requested for the Terms of Reference for the VO Committee, Standard Operating Procedure for Contract Management, and Supply Chain Management Policy for Infrastructure Procurement.
11. Qibing Library-Not Applicable

",,,,,,256
Public Works,Public Works,Free State,Programme 2: Public Works Infrastructure,Sub Programme 2.4: Construction,Quarterly,Number of renewable energy/back up projects completed.,Non-Standardized,Not  Applicable,Priority 2: Economic Transformation And Job Creation,Inclusive economic growth and sustainable job creation,"The Economic Sectors, Employment and Infrastructure Development cluster",1,1,10,2,2,3,0,1,13,7,7,"* QwaQwa Solar Upgrade: The system is not fully functioning due to latent defects.


* Two (2) Prestige/House Woodlands Solar:  The tax matters of the service provider who was going to be appointed were non-compliant.

*MPL Houses (5, 7 &10): Orders had to be cancelled because the contractor appointed did not do the projects.
","*QwaQwa Solar Upgrade: (Latent defects) One of the inverters needs repair/replacement, after then the project will be completed. 


* 2 (two) Prestige/House Woodlands and MPL Houses (5, 7&10) Solar Projects to be implemented next financial year. 
",,None,None,Target achieved.,"Under performance is due to the following:
Qwaqwa Pump Solar:  shortage of cable
Kopano Solar back up system: required a high capacity Distribution box to accommodate the current load and the back up system.

1. MPL Houses no. 5 order was issued on 08 May 2024
2. House no. 7 order was issued on 14 May 2024
3. House no. 10 order was issued on 04 June 2024
Site handover for houses no. 5, 7 and 10 was on 11 September 2024.

1. House no. 2: order was issued on 19 September 2024 
2. Houses no. 4 and 6 order was issued on 16 September 2024.
Site handover for houses 2, 4 and 6 was 19 September 2024. 
","For both projects the cable and DB will be sourced through the maintenance budget. 



















The contractor started with the installation on the 1st of October 2024, anticipating to finish on the 11th of October 2024.
",,"MPL House no.2,4,and 6  were completed in the current quarter since they could not be completed in the Q2 as planned.
 
The two projects on Prestige Houses in Woodlands that were initially planned for Q3 are still at procurement processes. These projects were not awarded in Q2 as planned due to the quotation received exceeding the allocated and available budget. ","The scope of work was revised, the project re-advertised and the briefing session was on the 5th of December 2024. However, the contractors did not attend the meeting.",,Welkom Kopano Solar Upgrade could not be completed in Q2 as planned due to the additional high-capacity Distribution Box required to accommodate the current load and the backup system.  ,Not applicable.,,,,,,256
Public Works,Public Works,Free State,Programme 2: Public Works Infrastructure,Sub Programme 2.4: Construction,Quarterly,Number of renewable energy/back up system projects awarded.,Non-Standardized,Not  Applicable,Priority 2: Economic Transformation And Job Creation,Inclusive economic growth and sustainable job creation,"The Economic Sectors, Employment and Infrastructure Development cluster",6,6,5,3,0,0,0,0,11,9,9,"2 (two) Prestige/House Woodlands Solar – The tax matters of the service provider who was going to be appointed was non-compliant.
","2 (two) Prestige/House Woodlands Solar projects to be re-advertised in the new financial year.
",,None,None,Target achieved.,The quotations from bidders were above the available budget for the two Prestige Houses in Woodlands. ,"The scope will be reduced to be in line with the budget and projects to be re-advertised. 
",,None,None,Not planned for the quarter.,None,none,,,,,,256
Public Works,Public Works,Free State,Programme 2: Public Works Infrastructure,Sub Programme 2.5: Maintenance,Annually,Default,Not Applicable,Not  Applicable,Not Applicable,-,Not Applicable,,,,,,,,,,,,,,,,,,,,,,,,,,,,,,,256
Public Works,Public Works,Free State,Programme 2: Public Works Infrastructure,Sub Programme 2.5: Maintenance,Quarterly,Default,Not Applicable,Not  Applicable,Not Applicable,-,Not Applicable,,,,,,,,,,0,,,,,,,,,,,,,,,,,,,,,256
Public Works,Public Works,Free State,Programme 2: Public Works Infrastructure,Sub Programme 2.5: Maintenance,Quarterly,Number of buildings retrofitted with energy saving lights.,Standardized,Not  Applicable,"Priority 5: Spatial Integration, Human Settlements and Local Government",Inclusive economic growth and sustainable job creation,"The Economic Sectors, Employment and Infrastructure Development cluster",0,0,0,0,0,0,1,0,1,0,0,"The target could not be achieved due to the change of material procurement strategy. Retrofitting was planned to be implemented at the end of Medfontein refurbishment project. 
",Medfontein: Retrofitting with energy-saving lights will be implemented next financial year.,,None,None,,None,None,,None,None,Not planned for the quarter.,"The target could not be achieved due to the change of material procurement strategy. Retrofitting was planned to be implemented at the end of Medfontein refurbishment project.
","
To be implemented in next financial year.
",,,,,,256
Public Works,Public Works,Free State,Programme 2: Public Works Infrastructure,Sub Programme 2.5: Maintenance,Quarterly,Number of planned maintenance projects awarded. ,Non-Standardized,Not  Applicable,Priority 2: Economic Transformation And Job Creation,Inclusive economic growth and sustainable job creation,"The Economic Sectors, Employment and Infrastructure Development cluster",1,0,0,,1,0,0,0,1,0,0,Fidel Castro Switchgear: The pricing schedule (BOQ) was revised.,All relevant parties will be requested to clearly outline and confirm in writing their needs during the project planning stage to ensure that no factors could hinder the project implementation.,,None,None,,,,,Fidel Castro Switch gear UPG – the finalisation for the procurement of the project is at Bid Specification committee.,The procurement processes will be fasttracked.,,None,None,,,,,,256
Public Works,Public Works,Free State,Programme 2: Public Works Infrastructure,Sub Programme 2.5: Maintenance,Quarterly,Number of planned maintenance projects completed. ,Non-Standardized,Not  Applicable,"Priority 5: Spatial Integration, Human Settlements and Local Government",Inclusive economic growth and sustainable job creation,"The Economic Sectors, Employment and Infrastructure Development cluster",1,1,0,0,0,0,1,0,2,1,1,Fidel Castro Switchgear: The pricing schedule (BOQ) was revised.,All relevant parties will be requested to clearly outline and confirm in writing their needs during the project planning stage to ensure that no factors could hinder the project implementation.,,None ,None,"According to the APP, target is planned for Q4. Kindly rectify. ",None,None,,None,None,Not planned for the quarter.,"Fidel Castro Switchgear - The pricing schedule (BOQ) was revised.

","All relevant parties will be requested to clearly outline and confirm in writing their needs during the project planning stage to ensure that no factors  could hinder the project implementation.


",,,,,,256
Public Works,Public Works,Free State,Programme 2: Public Works Infrastructure,Sub Programme 2.6: Immovable Asset Management,Annually,Default,Not Applicable,Not  Applicable,Not Applicable,-,Not Applicable,,,,,,,,,,,,,,,,,,,,,,,,,,,,,,,256
Public Works,Public Works,Free State,Programme 2: Public Works Infrastructure,Sub Programme 2.6: Immovable Asset Management,Quarterly,Default,Not Applicable,Not  Applicable,Not Applicable,-,Not Applicable,,,,,,,,,,0,,,,,,,,,,,,,,,,,,,,,256
Public Works,Public Works,Free State,Programme 2: Public Works Infrastructure,Sub Programme 2.6: Immovable Asset Management,Quarterly,Number of condition assessments conducted on state-owned buildings.,Non-Standardized,Not  Applicable,Priority 2: Economic Transformation And Job Creation,Inclusive economic growth and sustainable job creation,"The Economic Sectors, Employment and Infrastructure Development cluster",3,3,6,6,2,2,1,1,12,12,12,None,None,,None,None,,None. The target on the final APP is 6 and will be rectified after the re-opening of the system.,None,,None,None,Achieved.,None,None,,,,,,256
Public Works,Public Works,Free State,Programme 2: Public Works Infrastructure,Sub Programme 2.7: Facilities Operations,Annually,Amount of revenue collected,Non-Standardized,Not  Applicable,"Priority 1: A Capable, Ethical and Developmental State",Good governance,"Governance, State Capacity and Institutional Development cluster",,,,,,,R77 408m,"R36 621m

",R77 408m,"R36 621m

",R 40.885m,"Revenue target adjusted from R 77m to R 56 m.
Dwellings: 88.11 % achieved due to non-paying residential tenants, SITA, Castle Bridge and SASSA. Parking: officials downgraded or no longer using parking : 92 % Achieved
Sale of Capital Assets : 0 % achieved, R14 m outstanding from the Land Exchange Agreement 
","•	Enforce collection from tenants that are not willing to pay. 
•	Create more parking space in areas where the demand is high.
•	Houses identified earmarked for disposal to reach the target for sale of capital assets
",,,,,,,,,,,,,,,,,,256
Public Works,Public Works,Free State,Programme 2: Public Works Infrastructure,Sub Programme 2.7: Facilities Operations,Annually,Default,Not Applicable,Not  Applicable,Not Applicable,-,Not Applicable,,,,,,,,,,,,,,,,,,,,,,,,,,,,,,,256
Public Works,Public Works,Free State,Programme 2: Public Works Infrastructure,Sub Programme 2.7: Facilities Operations,Quarterly,Default,Not Applicable,Not  Applicable,Not Applicable,-,Not Applicable,,,,,,,,,,0,,,,,,,,,,,,,,,,,,,,,256
Public Works,Public Works,Free State,Programme 2: Public Works Infrastructure,Sub Programme 2.7: Facilities Operations,Quarterly,Number of properties guarded with physical security.,Non-Standardized,Average,Priority 6: Social Cohesion and Safer Communities,Improved quality of life,"Justice, Crime Prevention and Security cluster",22,23,22,"23
",22,23,22,24,22,"23,25",26,"1. Following the completion and handover of the Eureka building project to the Department, the building had to be guarded on an ad hoc basis to mitigate vandalism. The client department could not occupy the property due to some problems that needed to be addressed by the contractor. 
2. Strydom House was rendered with security services to avoid vandalism after the occupant vacated the property.
3. One prestige residence was included after the allocation towards the end of the financial year.
4. An urgent placement was required due to the contractor who withdrew his services from Rheederpark Clinic project in Welkom. 
","Rendering security services depends on the needs.
",,"An ad hoc property had to be guarded after Eureka building project was completed and handed over to the Department by the contractor in March. The Department could not hand over to DoE due to some snags which needed to be attended to by the contractor.
",There is no strategy because handing over challenges facing PMU are not predictable.,,"There was an additional property, Eureka, which was guarded after the building project was completed and handed over to the Department’s Project Management Unit.
",There is no strategy because handing over challenges facing PMU are not predictable.,,Strydom House was rendered with security services to avoid vandalism after the occupant vacated the property.,There is no planned strategy because rendering security services depends on the needs.,,"1. One prestige house was added after being allocated and occupied.

2. An urgent placement was required due to the contractor who withdrew his services from a project at Rheederpark Clinic to avoid vandalism.
","There is no corrective action, service is rendered as an when there is a need. 
",,,,,,256
Public Works,Public Works,Free State,Programme 2: Public Works Infrastructure,Sub Programme 2.7: Facilities Operations,Quarterly,"Number of properties receiving facility management services. (Housekeeping, cleaning-gardening services).",Non-Standardized,Not  Applicable,"Priority 1: A Capable, Ethical and Developmental State",Improved quality of life,"The Economic Sectors, Employment and Infrastructure Development cluster",61,63,61,"62
",61,62,61,62,61,62,64,"1. Property Management had to provide cleaning services for the security guard rooms and to maintain the garden at Eureka Hostel. The security services were rendered in Q1 and Q2 to prevent vandalism as the handover and occupancy had not yet occurred.


 2. Cleaning services were rendered at Traffic Offices Sasolburg.


3. Fast-growing grass and weed at Jim Fouche prompted the Department to provide gardening services as it poses threats to the physical security posted at the facility.
","None, the services; cleaning and gardening maintenance, are currently being provided on a ad-hoc basis until handover to the client department can be finalised. 
",,The achievement increased by two properties because officials who were assisting at the Parys Stadium were moved to CSRT Traffic in Sasolburg. Strydom house also added because the Department carries out gardening services.,None. This is beyond the Department's control. Buildings  increase or decrease  based on the needs on the ground.,,The target is overachieved by one facility.,None all facilities should be   taken care of.,,"Fast-growing grass and weed at Jim Fouche 
prompted the Department to provide gardening services as it poses threats to the physical security posted at the facility.",None,Achieved.,Fast-growing grass and weed at Jim Fouche prompted the Department to provide gardening services as it poses threats to the physical security posted at the facility.,"None.
",,,,,,256
Public Works,Public Works,Free State,Programme 3: Expanded Public Works Programme,Programme 3: Expanded Public Works Programme,Annually,deafult,Standardized,Not  Applicable,Not Applicable,-,Not Applicable,,,,,,,,,,,,,,,,,,,,,,,,,,,,,,,256
Public Works,Public Works,Free State,Programme 3: Expanded Public Works Programme,Programme 3: Expanded Public Works Programme,Quarterly,Number of Public Bodies reporting on EPWP targets in the province ,Standardized,Max,Priority 2: Economic Transformation And Job Creation,-,"The Economic Sectors, Employment and Infrastructure Development cluster",,,,,,,,,,,,,,,,,,,,,,,,,,,,,,,256
Public Works,Public Works,Free State,Programme 3: Expanded Public Works Programme,Programme 3: Expanded Public Works Programme,Quarterly,Number of work opportunities created by Provincial Public Works and Infrastructure,Standardized,Not  Applicable,Priority 2: Economic Transformation And Job Creation,-,"The Economic Sectors, Employment and Infrastructure Development cluster",,,,,,,,,,,,,,,,,,,,,,,,,,,,,,,256
Public Works,Public Works,Free State,Programme 3: Expanded Public Works Programme,Sub Programme 3.1: Programme Support,Annually,Default,Not Applicable,Not  Applicable,Not Applicable,-,Not Applicable,,,,,,,,,,,,,,,,,,,,,,,,,,,,,,,256
Public Works,Public Works,Free State,Programme 3: Expanded Public Works Programme,Sub Programme 3.1: Programme Support,Quarterly,Default,Not Applicable,Not  Applicable,Not Applicable,-,Not Applicable,,,,,,,,,,,,,,,,,,,,,,,,,,,,,,,256
Public Works,Public Works,Free State,Programme 3: Expanded Public Works Programme,Sub Programme 3.2: Community Development,Annually,Default,Not Applicable,Not  Applicable,Not Applicable,-,Not Applicable,,,,,,,,,,,,,,,,,,,,,,,,,,,,,,,256
Public Works,Public Works,Free State,Programme 3: Expanded Public Works Programme,Sub Programme 3.2: Community Development,Quarterly,Default,Not Applicable,Not  Applicable,Not Applicable,-,Not Applicable,,,,,,,,,,0,,,,,,,,,,,,,,,,,,,,,256
Public Works,Public Works,Free State,Programme 3: Expanded Public Works Programme,Sub Programme 3.2: Community Development,Quarterly,Number of beneficiary empowerment interventions. (NYS and Skills Training).,Non-Standardized,Not  Applicable,Priority 2: Economic Transformation And Job Creation,Inclusive economic growth and sustainable job creation,"The Economic Sectors, Employment and Infrastructure Development cluster",1,1,2,2,2,,2,"Not Applicable.
Please refer to subprogram 3.3, where output is correctly captured and placed.",2,2,0,"Please refer to sub-programme 3.3, where output information is correctly captured.",,,None,None,,None,None,,"Indicator corrected and placed under 
sub-programme: 3.3",------------------,,Not applicable ,    -,,,,,,256
Public Works,Public Works,Free State,Programme 3: Expanded Public Works Programme,Sub Programme 3.2: Community Development,Quarterly,Number of Public Bodies reporting on EPWP targets in the province,Non-Standardized,Not  Applicable,Priority 2: Economic Transformation And Job Creation,Inclusive economic growth and sustainable job creation,"The Economic Sectors, Employment and Infrastructure Development cluster",22,22,24,27,27,,32,"Not Applicable
Please refer to subprogram 3.4, where output is correctly captured and placed.",32,32,0,"Please refer to sub-programme 3.4, where output information is correctly captured.",,,None,None,"According to the APP, the 1st quarter target is 21. Is the captured target of 22 herewith a typo? please check and verify.","Nala Local Municipality was encouraged to report.  
",None,,"Indicator corrected and placed under 
sub-programme: 3.4",----------------,,Not applicable ,     -,,,,,,256
Public Works,Public Works,Free State,Programme 3: Expanded Public Works Programme,Sub Programme 3.2: Community Development,Quarterly,Number of work opportunities created by Provincial Public Works and Infrastructure,Non-Standardized,Not  Applicable,Priority 2: Economic Transformation And Job Creation,Inclusive economic growth and sustainable job creation,"The Economic Sectors, Employment and Infrastructure Development cluster",1444,1444,1700,1 449,1900, 1 604,2000,2 037,2000,2037,2037,"The reasons for over achievement is due to expansion of the following projects;
-Qwaqwa /Bethlehem Artisan:     09
-Welkom/ Kroonstad Artisans:     08
-Horticulture (Bloemfontein:         09
-Cash for Waste Springfontein:   10
-Fouriesburg:                                01
Total:                                          37
","None, overachievement within budget
",,None,None,"According to the APP, the 1st quarter target is 700. Is the captured target of 1444 herewith a typo? please check and verify.","1. Some of the projects where beneficiaries were to be placed were not ready 
2. There were still consultations with the Municipalities for appointment of beneficiaries.

","1. EPWP Unit will meet with Works, PMU and Property Management to identify additional Projects.
2. Planned to meet with municipalities to collaborate on the Artisan Development Programme


",,"There was a delay of recruitment for participants of Mantsopa, Bethlehem, Dihlabeng, Matjhabeng and Horticulture due to consultation processes with municipalities not concluded timeously. ","Recruitment meetings were held in Quarter 3 to recruit: 
 - Dihlabeng LM- 20, 
 - Mantsopa LM- 50, 
 - Matjhabeng LM- 20 + 80, 
 - Bethlehem- 80
 - Horticulture- 30, 
 - Construction SETA- 60
 - Total= 340
We envisage for all projects to commence on the 3rd of February 2025 as planned.",,"The reasons for over achievement is due to expansion of the following projects ;
Qwaqwa /Bethlehem Artisan: 09
Welkom/ Kroonstad Artisans   08
Horticulture (Bloemfontein:     09
Cash for Waste Springfontein:  10
Fouriesburg                                 :01
Total in Quarter 4                       :37
","None, overachievement is within the budget.
",,,,,,256
Public Works,Public Works,Free State,Programme 3: Expanded Public Works Programme,Sub Programme 3.3: Innovation and Empowerment,Annually,Default,Not Applicable,Not  Applicable,Not Applicable,-,Not Applicable,,,,,,,,,,,,,,,,,,,,,,,,,,,,,,,256
Public Works,Public Works,Free State,Programme 3: Expanded Public Works Programme,Sub Programme 3.3: Innovation and Empowerment,Quarterly,Default,Not Applicable,Not  Applicable,Not Applicable,-,Not Applicable,,,,,,,,,,0,,,,,,,,,,,,,,,,,,,,,256
Public Works,Public Works,Free State,Programme 3: Expanded Public Works Programme,Sub Programme 3.3: Innovation and Empowerment,Quarterly,Number of beneficiary empowerment interventions. (NYS and Skills Training).,Non-Standardized,Not  Applicable,Priority 2: Economic Transformation And Job Creation,Inclusive economic growth and sustainable job creation,"The Economic Sectors, Employment and Infrastructure Development cluster",1,1,2,,2,2,2,2,2,2,2,None,None,,None,None,,,,,None,None,Achieved,None,None,,,,,,256
Public Works,Public Works,Free State,Programme 3: Expanded Public Works Programme,Sub Programme 3.4: Co-ordination and Compliance Monitoring,Annually,Default,Not Applicable,Not  Applicable,Not Applicable,-,Not Applicable,,,,,,,,,,,,,,,,,,,,,,,,,,,,,,,256
Public Works,Public Works,Free State,Programme 3: Expanded Public Works Programme,Sub Programme 3.4: Co-ordination and Compliance Monitoring,Quarterly,Default,Not Applicable,Not  Applicable,Not Applicable,-,Not Applicable,,,,,,,,,,0,,,,,,,,,,,,,,,,,,,,,256
Public Works,Public Works,Free State,Programme 3: Expanded Public Works Programme,Sub Programme 3.4: Co-ordination and Compliance Monitoring,Quarterly,Number of public bodies reporting on EPWP targets within the Province,Non-Standardized,Not  Applicable,Priority 2: Economic Transformation And Job Creation,Inclusive economic growth and sustainable job creation,"The Economic Sectors, Employment and Infrastructure Development cluster",22,22,24,,27,31,32,32,32,32,32,None,None,,None,None,,,,,"All public bodies are always encouraged to report promptly to improve on performance. This strategy helps to avoid late reporting which might result in exclusions due to non-compliance on the EPWP reporting System. This awareness was also emphasized during the launch of EPWP Phase V. 
","Not applicable
",Achieved,None,None,,,,,,256
