Sector,Institution,Programme,SubProgramme,Location,Frequency,Indicator,Type,SubType,Outcome,Priority,Cluster,Target_Q1,ActualOutput_Q1,Target_Q2,ActualOutput_Q2,Target_Q3,ActualOutput_Q3,Target_Q4,ActualOutput_Q4,AnnualTarget_Summary2,Preliminary_Summary2,PrelimaryAudited_Summary2,ReasonforDeviation_Summary,CorrectiveAction_Summary,ValidatedAudited_Summary2,ReasonforDeviation_Q1,CorrectiveAction_Q1,OTP_Q1,ReasonforDeviation_Q2,CorrectiveAction_Q2,OTP_Q2,ReasonforDeviation_Q3,CorrectiveAction_Q3,ReasonforDeviation_Q4,CorrectiveAction_Q4,OTP_Q3,National_Q3,OTP_Q4,National_Q2,UID
Health,Health,KwaZulu Natal,Programme 1: Administration,Programme 1: Administration,Annually,Audit outcome for regulatory audit expressed by AGSA for the previous FY,Standardized,Not  Applicable,"Priority 3: Education, Skills And Health",Basic Services,"The Social Protection, Community and Human Development cluster",,,,,Unqualified,,,,Unqualified,,,,,,,,,,,,,,,,,,,,125
Health,Health,KwaZulu Natal,Programme 1: Administration,Programme 1: Administration,Annually,Contingent liability of medico-legal cases,Standardized,Not  Applicable,"Priority 3: Education, Skills And Health",Basic Services,"The Social Protection, Community and Human Development cluster",,,,,,,32000000000,31708160893.67,32000000000,31708160893.67,,The Department has contained costs by establishing Centres of Excellence to provide care to some claimants. ,,,,,,,,,,,,,,,,,125
Health,Health,KwaZulu Natal,Programme 1: Administration,Programme 1: Administration,Quarterly,Percentage of hospitals implementing E-Health beyond Module 1 (Phase 1),Non-Standardized,Not  Applicable,"Priority 3: Education, Skills And Health",Basic Services,"The Social Protection, Community and Human Development cluster",47.6 %,81 %,47.6 %,71.4 %,76.2 %,92.9 %,90.5 %,92.9 %,90.5 %,71.4 %,,,,,"Equipment has been procured and training on basic computer literacy provided at 42 hospitals to date.  However, the number of hospitals using eHealth can fluctuate due to network connectivity challenges.",,reason for deviation is noted.,"Equipment has been procured and training on basic computer literacy provided at 42 hospitals to date.  However, the number of hospitals using eHealth can fluctuate due to network connectivity challenges, which the Department is engaging Telkom on. ",,Reason for deviation is noted.,"Equipment has been procured and training on basic computer literacy provided at 42 hospitals to date.  However, the number of hospitals using eHealth can fluctuate due to network connectivity challenges. 

MIGRATION OF EHEALTH FROM SITA: KZN Health ICT is currently researching the possibility of migrating eHealth to a more stable environment and the current examples are Inkosi Albert Luthuli Central hospital or the Dube Trade Port.
",,"Equipment has been procured and training on basic computer literacy provided at 42 hospitals to date.  However, the number of hospitals using eHealth can fluctuate due to network connectivity challenges. ",,,,,,125
Health,Health,KwaZulu Natal,Programme 1: Administration,Programme 1: Administration,Quarterly,Percentage of hospitals implementing E-Health for the first time (At least Module 1),Non-Standardized,Not  Applicable,"Priority 3: Education, Skills And Health",Basic Services,"The Social Protection, Community and Human Development cluster",0 %,0 %,0 %,0 %,22.2 %,0 %,55.6 %,0 %,55.6 %,0 %,,,,,No deviation.,,,No deviation,,,Implementation delayed by budgetary constraints. ,"Secure adequate budget for network upgrades and hardware, provision of additional resources and implementing change management.",Implementation delayed by budgetary constraints. ,"Motivate for adequate budget in 2025/26 for network upgrades and hardware, provision of additional resources and implementing change management.",Reason for deviation and corrective action have been noted.,,,,125
Health,Health,KwaZulu Natal,Programme 1: Administration,Programme 1: Administration,Quarterly,Percentage of supplier invoices paid within 30 Days,Non-Standardized,Not  Applicable,"Priority 3: Education, Skills And Health",Basic Services,"The Social Protection, Community and Human Development cluster",96.2 %,97 %,96.2 %,66.7 %,96.2 %,42.8 %,96.2 %,41.3 %,96.2 %,66.7 %,,,,,Improvement in processing of payments is due to constant reminders sent by Accounts Payables to institution to pay suppliers within the specified period and  the payment cycle reports that are distributed monthly.,,slight positive variance is noted.,"Provincial Treasury changed the methodology used for payments to be made within 30 days, thereby reducing the number of supplier invoices that can be paid.   ",Additional funding to be allocated to the Department to disburse payments timeously.,Reason for deviation is noted,"Provincial Treasury changed the methodology used for payments to be made within 30 days, thereby reducing the number of supplier invoices that can be paid.  ",Additional funding to be allocated to the Department to disburse payments timeously.,"The Department has cash-flow restrictions, thereby reducing the number of supplier invoices that can be paid within 30 days.",Continue to implement the cost saving measures to ensure adequate cash flow in the new financial year.,Reason for deviation and corrective action have been noted.,,,,125
Health,Health,KwaZulu Natal,Programme 1: Administration,Programme 1: Administration,Quarterly,Proportion of expenditure paid to businesses owned by women,Non-Standardized,Not  Applicable,"Priority 3: Education, Skills And Health",Basic Services,"The Social Protection, Community and Human Development cluster",14.7 %,13.5 %,14.7 %,16.1 %,14.8 %,23.2 %,14.8 %,7.2 %,14.7 %,23.2 %,,,,,"Due to the highly specialised nature of procurement in Health, it has been difficult to find suppliers with the requisite credentials.",Strategies to be developed to identify and attract preferential suppliers.,slight under achievement is noted. Reason for deviation is noted.,Increased compliance by female business owners to competitive bid offers.,,Overachievement is noted. Reason for deviation noted,Increased compliance by female business owners to competitive bid offers.,,"There is no Supply Chain Management (SCM) Legislation for “set asides”, therefore women owned businesses are still required to compete with other well established companies.","- Continued use of supplier development information sessions to capacitate women-owned businesses to be more competitive in their bid offers to the Department.
- Prioritisation of vulnerable groups when inviting quotations up to R1 million.",,,,,125
Health,Health,KwaZulu Natal,Programme 2: District Health Services,Disease Prevention and Control (DPC),Annually,Malaria case fatality rate,Standardized,Not  Applicable,"Priority 3: Education, Skills And Health",Basic Services,"The Social Protection, Community and Human Development cluster",,,,,,,0.0 %,0.7 %,0.0 %,0.7 %,,Mortality Audit report suggests a delay in patients seeking treatment. ,Community awareness campaigns on the importance of seeking treatment early.,,,,,,,,,,,,,,,,125
Health,Health,KwaZulu Natal,Programme 2: District Health Services,Disease Prevention and Control (DPC),Quarterly,PHC Mental Disorders Treatment Rate New,Standardized,Not  Applicable,"Priority 3: Education, Skills And Health",Basic Services,"The Social Protection, Community and Human Development cluster",0.01 %,0.03 %,0.01 %,0.03 %,0.01 %,0.04  %,0.01 %,0.04 %,0.01 %,0.04 %,,,,,Implementation of standard operating procedures on screening and treatment initiation. ,,,Implementation of standard operating procedures on screening and treatment initiation. ,,,Continued training on Mental Health and Substance Abuse cascade and indicators.,,"Continued training on Mental Health and Substance Abuse screening, cascade and indicators.",,Positive variance is noted.,,,,125
Health,Health,KwaZulu Natal,Programme 2: District Health Services,"District Health Services (PHC, CHC and District Hospitals)",Annually,Ideal clinic status obtained rate,Standardized,Not  Applicable,"Priority 3: Education, Skills And Health",Basic Services,"The Social Protection, Community and Human Development cluster",,,,,,,94.9 %,97.5 %,94.9 %,97.5 %,,"Ideal Clinic Realisation and Maintenance (ICRM) Champions support and co-ordinate ICRM activities, including implementation of Quality Improvement Plans. ",,,,,,,,,,,,,,,,,125
Health,Health,KwaZulu Natal,Programme 2: District Health Services,"District Health Services (PHC, CHC and District Hospitals)",Annually,Patient Experience of Care satisfaction rate,Standardized,Not  Applicable,"Priority 3: Education, Skills And Health",Basic Services,"The Social Protection, Community and Human Development cluster",,,,,,,89.6 %,87.3 %,89.6 %,87.3 %,,"Clients unsatisfied with access to care, especially referral pathways and the unavailability of medication.","Quality Improvement Plans, training and strategies to focus on these areas. ",,,,,,,,,,,,,,,,125
Health,Health,KwaZulu Natal,Programme 2: District Health Services,"District Health Services (PHC, CHC and District Hospitals)",Quarterly,Patient Safety Incident (PSI) case closure rate –District Health Services,Standardized,Not  Applicable,"Priority 3: Education, Skills And Health",Basic Services,"The Social Protection, Community and Human Development cluster",97.9 %,85 %,97.8 %,89.9 %,97.9 %,97.2 %,97.8 %,97.7 %,97.8 %,97.2 %,,,,,Non-adherence to PSI Guidelines i.e. the committee did not convene as required.,Implementation of a quality improvement strategy to ensure the timeous closure of PSIs.,corrective action statement is noted.,Some PSI’s were still under investigation at the time of reporting.,Investigations to be concluded in the next quarter.,,"Contributing factors include vacant Quality Assurance (QA) Co-ordinator posts, unsustainable PSI Committees, and poor supervision of PHC facilities. ","•	Provincial QA to undertake technical support visits. 
•	Districts to continue with weekly monitoring, review strategies  and  conduct support visits to poor performing facilities.
","Vacant Quality Assurance (QA) Co-ordinator posts, and network challenges impact negatively on PSI management.  
","•	Districts to continue with weekly monitoring, review strategies to mitigate risk factors and conduct support visits.
•	Provincial QA to undertake technical support visits.

(Department has met the revised APP target of 90.8%.)
",Corrective action statement is noted.,,,,125
Health,Health,KwaZulu Natal,Programme 2: District Health Services,"District Health Services (PHC, CHC and District Hospitals)",Quarterly,Severity assessment code (SAC) 1 incident reported within 24 hours rate,Standardized,Not  Applicable,"Priority 3: Education, Skills And Health",Basic Services,"The Social Protection, Community and Human Development cluster",100.0 %,92.9 %,100.0 %,94.1 %,100.0 %,93.7 %,100.0 %,94.0 %,100.0 %,95 %,,,,,Non-adherence to PSI guidelines.,Identified Districts to be provided with in-service training to improve compliance with guidelines.,corrective action statement is noted.,Delayed identification of incorrectly classified PSIs.,In-service training on PSI Guidelines.,Corrective action statement is noted.,Non-compliance to PSI  guidelines.,"Implementation of the matron hand-over SOP and the PSI Guidelines.

","Vacant Quality Assurance (QA) Co-ordinator posts, and network challenges impact negatively on PSI management.  ","Districts to continue with weekly monitoring, review strategies to mitigate risk factors and conduct support visits.

(The Department has met the revised APP target of 90.6%)",Corrective action statement is noted.,,,,125
Health,Health,KwaZulu Natal,Programme 2: District Health Services,HIV/TB and Sexually Transmitted Infections (HAST),Annually,All DS -TB Deaths,Standardized,Not  Applicable,"Priority 3: Education, Skills And Health",Basic Services,"The Social Protection, Community and Human Development cluster",,,,,,,2840,2940,2840,2940,,Late presentation among co-infected patients continues to contribute to high mortality.,"•	Mentoring of district health teams to institutionalize clinical and mortality audits, effectively analyse findings, plan and implement strategies to bridge the gaps giving priority to EThekwini district. 
•	Implementation of TB preventive treatment shorter regimens to all eligible co-infected patients and contacts.
•	Social mobilization campaigns to emphasize identification of symptoms, early diagnosis, and adherence to both TB and ART treatment.                           
",,,,,,,,,,,,,,,,125
Health,Health,KwaZulu Natal,Programme 2: District Health Services,HIV/TB and Sexually Transmitted Infections (HAST),Annually,ART client remain on ART end of month – sum,Standardized,Not  Applicable,"Priority 3: Education, Skills And Health",Basic Services,"The Social Protection, Community and Human Development cluster",,,,,,,1677836,1568784,1677836,1568784,,Retention in care remains the main problem as loss to follow up is still high.,"•	Implementation of data for action/verification for improving retention. 
•	Scale up welcome back as per MOI and men's health strategy. 
•	Decanting of eligible men and children to support retention of these sub populations. 
•	Regional trainings on community ART were conducted with District Health Services, Health Systems Trust to revitalise mobile clinics and outreach services on improving access (a total of 152 Mobile, HTA and Outreach teams)
",,,,,,,,,,,,,,,,125
Health,Health,KwaZulu Natal,Programme 2: District Health Services,HIV/TB and Sexually Transmitted Infections (HAST),Annually,ART death rate (6 months),Standardized,Not  Applicable,"Priority 3: Education, Skills And Health",Basic Services,"The Social Protection, Community and Human Development cluster",,,,,,,1.0 %,1.7 %,1.0 %,1.7 %,,TB/HIV integration is not optimally implemented resulting in delayed and late diagnosis of TB due to low suspicion index.,"•	Monitor mentorship plan and adherence support through retention and viral load suppression indicators at Early warning indicator workshop. 
•	Support implementation of quality Improvement plans (QIPs) on mortality.  
",,,,,,,,,,,,,,,,125
Health,Health,KwaZulu Natal,Programme 2: District Health Services,HIV/TB and Sexually Transmitted Infections (HAST),Quarterly,All DS-TB client LTF rate,Standardized,Not  Applicable,"Priority 3: Education, Skills And Health",Basic Services,"The Social Protection, Community and Human Development cluster",9.0 %,8.2 %,9.0 %,7.1 %,9.0 %,6.9 %,9.0 %,6.8 %,9.0 %,7.1 %,,,,,Improved follow-up on patients who missed appointments and linkage of patients to outreach teams.,,,Improved follow-up on patients who missed appointments and linkage of patients to outreach teams.,,,Improved follow-up on patients who missed appointments and linkage of patients to outreach teams.,,"Improved adherence to treatment, consistent actioning of missed appointment lists, and ongoing data clean-up efforts.",,,,,,125
Health,Health,KwaZulu Natal,Programme 2: District Health Services,HIV/TB and Sexually Transmitted Infections (HAST),Quarterly,All DS-TB client treatment success rate,Standardized,Not  Applicable,"Priority 3: Education, Skills And Health",Basic Services,"The Social Protection, Community and Human Development cluster",72.1 %,75.2 %,72.1 %,75.8 %,72.1 %,75.8 %,72.1 %,75.5 %,72.1 %,75.7 %,,,,,Improved linkage of patients down referred from hospital.,,positive variance is noted.,Improved linkage of patients down referred from hospital.,,Positive variance is noted.,Improved linkage of patients down referred from hospital.,,Consistent improvement in linkage to care.,(The Department met the revised APP target of 72.0%),Positive variance is noted.,,,,125
Health,Health,KwaZulu Natal,Programme 2: District Health Services,HIV/TB and Sexually Transmitted Infections (HAST),Quarterly,ART adult remain in care rate [12 months],Standardized,Not  Applicable,"Priority 3: Education, Skills And Health",Basic Services,"The Social Protection, Community and Human Development cluster",71.0 %,73.4 %,73.0 %,68.4 %,74.0 %,68.0 %,75.0 %,67.8 %,75.0 %,68.4 %,,,,,"Implementation of:
•	patient adherence counselling highlighting adherence planning. 
•	data for action as a retention strategy.

",,,High loss to follow-up among men.,Increased number (116) of Men's health  facilities to improve support for men and adherence to treatment.,,Retention in care remains the main challenge as loss to follow up is still high.,"•	Scale up welcome back as per MOI and men's health strategy. 
•	Decanting of eligible men and children to support retention on these sub populations. 
•	Regional trainings on community ART were conducted to support Community ART.
",Retention in care remains the main challenge as loss to follow up is still high.,"•	Decanting of eligible men and children to support retention. 
•	Implementation of community ART in all districts.
",Corrective action statement is noted.,,,,125
Health,Health,KwaZulu Natal,Programme 2: District Health Services,HIV/TB and Sexually Transmitted Infections (HAST),Quarterly,ART adult viral load suppressed rate - below 50 (12 months),Standardized,Not  Applicable,"Priority 3: Education, Skills And Health",Basic Services,"The Social Protection, Community and Human Development cluster",95.0 %,81.8 %,95.0 %,82.6 %,95.0 %,83 %,95.0 %,82.7 %,95.0 %,82.6 %,,,,,Low level viremia remains the problem against viral undetectable targets.,"•	Intensify Viral load literacy for communities through Undetectable Equals Untransmittable campaign, ensuring patients understand the benefits of viral suppression. 
•	Implementation of Differentiated Models of Care, so clients have treatment collection options that are convenient to them.
",,Low level viremia remains the problem against viral undetectable targets.,"•	Intensify Viral load literacy for communities through Undetectable Equals Untransmittable campaign, ensuring patients understand the benefits of viral suppression. 
•	Implementation of Differentiated Models of Care, so clients have treatment collection options that are convenient to them.
",,Poor adherence due to a combination of factors such as insufficient treatment literacy and sub-optimal implementation of adherence planning.,"•	Adherence planning. 
•	Implementation of Undetectable Equals Untransmittable (U = U) in collaboration with Civil Society to foster treatment literacy. 
•	U=U training was conducted by National Department of Health (NDOH) with a total of 70 health care workers and Civil Society members.
•	Supporting viral load literacy in communities through psychosocial support (facility and in community).
",Poor adherence by patients to their treatment plan.,Implementation of Undetectable Equals Untransmittable (U = U) in collaboration with Civil Society to foster treatment literacy. ,Corrective action statement is noted.,,,,125
Health,Health,KwaZulu Natal,Programme 2: District Health Services,HIV/TB and Sexually Transmitted Infections (HAST),Quarterly,ART child remain in care rate [12 months],Standardized,Not  Applicable,"Priority 3: Education, Skills And Health",Basic Services,"The Social Protection, Community and Human Development cluster",77.0 %,83.6 %,78.0 %,79.8 %,79.0 %,80.7 %,80.0 %,80.3 %,80.0 %,80.7 %,,,,,Implementation of focused interventions on child HIV care.,,,Implementation of focused interventions on child HIV care.,,,Implementation of the “Know Your Child” and Matrix of Intervention (MOI) strategies.,,Implementation of the “Know Your Child” and Matrix of Intervention (MOI) strategies.,,Positive variance is noted.,,,,125
Health,Health,KwaZulu Natal,Programme 2: District Health Services,HIV/TB and Sexually Transmitted Infections (HAST),Quarterly,ART child viral load suppressed rate - below 50 (12 months),Standardized,Not  Applicable,"Priority 3: Education, Skills And Health",Basic Services,"The Social Protection, Community and Human Development cluster",89.9 %,50.2 %,89.9 %,54.7 %,90.0 %,55 %,90.0 %,55.7 %,90.0 %,55 %,,,,,Challenges with the implementation of the Matrix of Intervention (MOI) and status disclosure.,"•	Implementation of “know your Child strategy” to spark complete case management for every child on chronic treatment. 
•	Phased-in implementation of Dolutegravir (DTG), especially monitoring stock levels of legacy regimen. 
•	Implementation of adherence guidelines, especially Disclosure SOP.  
•	Revitalisation of support groups targeting children and their caregivers. 
",,Challenges with the implementation of the Matrix of Intervention (MOI) and status disclosure.,"•	Implementation of “know your Child strategy” to spark complete case management for every child on chronic treatment. 
•	Phased-in implementation of Dolutegravir (DTG), especially monitoring stock levels of legacy regimen. 
•	Implementation of adherence guidelines, especially Disclosure Standard Operating Procedure (SOP).  
•	Revitalisation of support groups targeting children and their caregivers. 
",Corrective action is noted,Non-Disclosure contributes to poor viral suppression in children. This can be further attributed to poor psycho social support of children and caregivers.,"•	To coordinate psycho social activities at hospital/CHC to improve support at PHC facilities and communities (family visits). 
•	Facilitate social worker grounding on HIV management to improve support. 
•	Training of facilities and community based organisations on disclosure processes and mentoring thereof.
",Non-Disclosure contributes to poor viral suppression in children. ,"•	Implementation of disclosure and enhanced adherence counselling (EAC) in all facilities. 
•	Co-ordinate psycho- social activities at hospital/CHC to improve support at facilities and in communities (family visits). 
•	Facilitate Allied Worker grounding on HIV management to improve support.

(The Department has not met the revised APP target of 70.0%) 
",Corrective action statement is noted.,,,,125
Health,Health,KwaZulu Natal,Programme 2: District Health Services,HIV/TB and Sexually Transmitted Infections (HAST),Quarterly,HIV positive 15-24 years (excl ANC) rate,Standardized,Not  Applicable,"Priority 3: Education, Skills And Health",Basic Services,"The Social Protection, Community and Human Development cluster",1.8 %,1.7 %,1.8 %,1.7 %,1.8 %,1.6 %,1.8 %,1.6 %,1.8 %,1.6 %,,,,,"•	Initiation of treatment of young people testing HIV positive to limit transmission.
•	Screening youth when they access other health services. 
•	Outreach campaigns targeting young people.
",,,"•	HIV treatment initiation of young people testing HIV positive to limit transmission.
•	Screening youth when they access other health services. 
•	Outreach campaigns targeting young people.
",,,"Promotion of HIV prevention through commercial and community radio stations, and billboard campaigns.",,"Promotion of HIV prevention through commercial and community radio stations, and billboard campaigns.",,,,,,125
Health,Health,KwaZulu Natal,Programme 2: District Health Services,HIV/TB and Sexually Transmitted Infections (HAST),Quarterly,TB Pre-XDR Loss to follow up Rate,Standardized,Not  Applicable,"Priority 3: Education, Skills And Health",Basic Services,"The Social Protection, Community and Human Development cluster",20.0 %,14.3 %,20.0 %,13 %,22.2 %,16.9 %,21.7 %,16.5 %,21.7 %,0 %,,,,,Improved follow-up on patients who missed appointments and linkage of patients to outreach teams.,,,Improved follow-up on patients who missed appointments and linkage of patients to outreach teams.,,,Improved follow-up on patients who missed appointments and linkage of Extreme Drug Resistant (XDR) TB patients to outreach teams.,,Improved follow-up on patients between decentralised site transfers.,(The Department met the revised APP target of 20.0%),,,,,125
Health,Health,KwaZulu Natal,Programme 2: District Health Services,HIV/TB and Sexually Transmitted Infections (HAST),Quarterly,TB Pre-XDR treatment success rate,Standardized,Not  Applicable,"Priority 3: Education, Skills And Health",Basic Services,"The Social Protection, Community and Human Development cluster",60.0 %,42.9 %,56.7 %,48.9 %,55.6 %,47.7 %,55.0 %,49.4 %,55.0 %,47.7 %,,,,,"•	High death rate related to late presentation, delayed diagnosis and limited skills on drug resistant management associated with staff rotation and high staff turnover. 
•	High loss to follow up and treatment failure rate also contributed to low success rate.
","•	Clinicians, data capturers and TB Coordinators were trained on EDRWEB dash board to identify early and follow up missing results necessary for adjusting treatment regimen. 
•	Community awareness campaigns on the importance of early presentation to clinic for TB treatment and adherence to treatment. 
•	Support Districts with technical working group meetings to ensure that all staff managing TB are updated on  DRTB management.
",,"High death rate related to late presentation, delayed diagnosis and limited skills on drug resistant management associated with staff rotation and high staff turnover. ","•	Clinicians, data capturers and TB Coordinators were trained on Electronic Drug Resistant Web-Based (EDRWEB) Tuberculosis Register  dash board to identify early and follow up missing results necessary for adjusting treatment regimen. 
•	Community awareness campaigns on the importance of early presentation to clinic for TB treatment and adherence to treatment. 
•	Support Districts with technical working group meetings to ensure that all staff managing TB are updated on Drug Resistant Tuberculosis (DRTB) management.
",Corrective action is noted,"High death and lost-to-follow-up rates have contributed to the non-achievement of the success rate target, with Ethekwini reporting the highest rates.","•	Community awareness campaigns on the importance of early presentation to clinics for TB treatment and adherence to treatment. 
•	Implementation of:
o	drug-resistant clinical audit guidelines. 
o	DRTB literacy material. 
o	district technical advisory meetings to ensure that all clinicians are updated on Drug resistant TB management.
","•	High death and lost-to-follow-up rates have contributed to the non-achievement of the success rate target.
•	Treatment failure as patients present late with advanced disease and demise within a short period of being referred to the Centres of Excellence. 
","•	Community awareness campaigns on early clinic presentation for TB screening and treatment, with emphasize on the importance of adherence throughout treatment.
•	Convene regular District Technical Advisory Committee (DTAC) meetings to update clinicians on DR-TB management.
•	Implementation of the shorter DR-TB regimen which has shown an 86% success rate for Pre-XDR TB and 0% death.
",Corrective action statement is noted.,,,,125
Health,Health,KwaZulu Natal,Programme 2: District Health Services,HIV/TB and Sexually Transmitted Infections (HAST),Quarterly,TB Rifampicin resistant / Multidrug - Resistant lost to follow up rate,Standardized,Not  Applicable,"Priority 3: Education, Skills And Health",Basic Services,"The Social Protection, Community and Human Development cluster",15.1 %,15.1 %,15.0 %,15.1 %,15.0 %,15.3 %,15.0 %,15.3 %,15.0 %,15.3 %,,,,,No deviation.,,,"Challenges in the  implementation of the appointment system has resulted in inadequate follow-up of early missed appointments, particularly for patients not linked to outreach teams.","Ensure patients are linked to TB outreach teams.
Revival of appointment system in all decentralised sites  giving priority to King Dinizulu Hospital. 
Enhance social mobilization efforts, emphasizing the importance of treatment adherence.",,Ineffective linkage of all drug resistant TB patients to outreach teams and poor implementation of the appointment system has impact on lost to follow up. ,"•	The number and rate of drug resistant patients linked to outreach teams included in early warning indicators. 
•	Explore with the national team the possibility of including the appointment line list on the Electronic Drug Resistant web system.
",Limitations to linking of all drug resistant TB patients to outreach teams and non-adherence by patients to the appointment system has impact on lost to follow up. ,"•	Implementation of the TB literacy material especially at Ugu, EThekwini and Harry Gwala Districts.
•	Social mobilisation on importance of adherence to treatment.
",,,,,125
Health,Health,KwaZulu Natal,Programme 2: District Health Services,HIV/TB and Sexually Transmitted Infections (HAST),Quarterly,TB Rifampicin Resistant / Multidrug - resistant treatment success rate,Standardized,Not  Applicable,"Priority 3: Education, Skills And Health",Basic Services,"The Social Protection, Community and Human Development cluster",72.0 %,68.5 %,72.0 %,68.4 %,72.0 %,68.6 %,72.0 %,69.2 %,72.0 %,68.6 %,,,,,Performance negatively impacted by the high death rate which is associated with poor implementation of the hospital admission criteria i.e. sick patients are managed at the community;  late presentation for treatment and limited skills on drug resistant management associated with staff rotation and high staff turnover.,"•	Districts to institutionalise clinical audits as per guidelines. 
•	Nurse initiated drug resistant TB training to be convened between September and December 2024. 
•	Develop a checklist to guide patient management and admission when required.                                                                                
",corrective action statement is noted.,Performance negatively impacted by the high death rate which is associated with late presentation for treatment and limited skills on drug resistant management associated with staff rotation and high staff turnover.,"•	Districts to institutionalise clinical audits as per guidelines. 
•	Nurse initiated drug resistant TB training to be convened between September and December 2024. 
•	Develop a checklist to guide patient management and admission when required.                                                                                
",Reason for deviation and corrective action have been noted.,Performance negatively impacted by the non-adherence to treatment and  high death rate which is associated with late presentation for treatment and limited skills on drug resistant management associated with staff rotation and high staff turnover.,"•	Update on clinical and mortality audits targeting districts that have partially implemented audits.  
•	Orientation of the new staff on linkage to care SOP at the centre of excellence. 
•	Implementation of the bring back 25% patients lost to follow up project.  
","Performance negatively impacted by the high lost to follow-up and death rates due to late presentation for treatment, resulting in delayed referrals to the Centre of Excellence.","•	Community awareness campaigns on early clinic presentation for TB screening and treatment, with emphasize on the importance of adherence throughout treatment.
•	Convene regular District Technical Advisory Committee (DTAC) meetings to update clinicians on DR-TB management.
•	Implementation of the shorter DR-TB regimen which has shown an 82% success rate for MDR TB and less than 10% death rate Provincially.

(The Department has not met the revised APP target of 70.0%)",Corrective action statement is noted.,,,,125
Health,Health,KwaZulu Natal,Programme 2: District Health Services,"Maternal, Woman and Child Health Including Nutrition (MCWHN)",Annually,Death in facility under 5 years rate,Standardized,Not  Applicable,"Priority 3: Education, Skills And Health",Basic Services,"The Social Protection, Community and Human Development cluster",,,,,,,5.4 %,3.5 %,5.4 %,3.5 %,,"Implementation of the Essential Package of Paediatric care, and effective outreach support.",,,,,,,,,,,,,,,,,125
Health,Health,KwaZulu Natal,Programme 2: District Health Services,"Maternal, Woman and Child Health Including Nutrition (MCWHN)",Annually,Maternal Mortality in facility Ratio - per 100 000 live births,Standardized,Not  Applicable,"Priority 3: Education, Skills And Health",Basic Services,"The Social Protection, Community and Human Development cluster",,,,,,,98.0/100000,91.8/100000,98.0/100000,91.8/100000,,"Implementation of quality improvement project in health facilities i.e. Minimum Standards of Safe and Respective Care, Respective Labour Care, Online Education Sessions, and EMOTIVE to improve management of postpartum haemorrhage.",,,,,,,,,,,,,,,,,125
Health,Health,KwaZulu Natal,Programme 2: District Health Services,"Maternal, Woman and Child Health including Nutrition (MCWHN) ",Quarterly,Antenatal 1st visit before 20 weeks rate,Standardized,Not  Applicable,"Priority 3: Education, Skills And Health",Basic Services,"The Social Protection, Community and Human Development cluster",75.0 %,77.6 %,75.0 %,"79
 %",75.0 %,79.1 %,75.0 %,78.5 %,75.0 %,0 %,,,,,"House hold pregnancy testing continues and linkage to care is improving. 

",,,House hold pregnancy testing continues and linkage to care is improving. ,,,"Household pregnancy testing continues and linkage to care is improving. 

",,"Household and in-facility pregnancy testing with improved linkage to care.

",,,,,,125
Health,Health,KwaZulu Natal,Programme 2: District Health Services,"Maternal, Woman and Child Health including Nutrition (MCWHN) ",Quarterly,Cervical Cancer Screening Coverage,Standardized,Not  Applicable,"Priority 3: Education, Skills And Health",Basic Services,"The Social Protection, Community and Human Development cluster",70.0 %,65.9 %,70.0 %,"62.4
 %",70.0 %,67.9 %,70.0 %,69.7 %,70.0 %,62.4 %,,,,,Poor marketing of cervical cancer screening at the community and facility level.,"•	Conduct cervical cancer awareness campaigns.
•	Transition from using cytology as a primary method to HPV DNA as primary screening method.
",,Limited marketing of cervical cancer screening at the community and facility level.,"•	Conduct cervical cancer awareness campaigns.
•	Transition from using cytology as a primary method to Deoxyribonucleic acid (DNA) of human papillomaviruses (HPV) [HPV DNA] as primary screening method.
",Corrective action is noted,"•	Although KZN has implemented the transition from pap smear to human papillomaviruses (HPV) deoxyribonucleic acid (DNA) testing, not all facilities have fully transitioned, leading to inconsistencies in screening methods and coverage. 
•	Eligible women may face barriers in accessing cervical cancer screening services, such as lack of transportation, long waiting times, or limited availability of screening facilities. 
•	Some women may not be aware of the importance of cervical cancer screening or may not understand the benefits of HPV DNA testing, leading to low uptake of screening services. 
","•	Ensure that all healthcare facilities in KZN have fully transitioned to HPV DNA testing and that healthcare providers are adequately trained to use the new technology. 
•	Expand screening services to more locations, including rural and underserved areas, and consider mobile screening units or outreach programs to reach eligible women. 
•	Public awareness campaigns to educate women on the importance of cervical cancer screening and the benefits of HPV DNA testing. Provide educational materials and counselling to women at healthcare facilities.
","•	Eligible women may face barriers in accessing cervical cancer screening services, such as lack of transportation. 
•	Some women may not be aware of the importance of cervical cancer screening or may not understand the benefits of human papillomaviruses (HPV) deoxyribonucleic acid (DNA) testing, leading to low uptake of screening services. 
","•	Expand screening services to more locations, including rural and underserved areas, and consider mobile screening units or outreach programs to reach eligible women. 
•	Public awareness campaigns to educate women on the importance of cervical cancer screening and the benefits of HPV DNA testing. Provide educational materials and counselling to women at healthcare facilities.
",Corrective action statement is noted.,,,,125
Health,Health,KwaZulu Natal,Programme 2: District Health Services,"Maternal, Woman and Child Health including Nutrition (MCWHN) ",Quarterly,Child under 5 years diarrhoea case fatality rate,Standardized,Not  Applicable,"Priority 3: Education, Skills And Health",Basic Services,"The Social Protection, Community and Human Development cluster",1.6 %,1.8 %,1.6 %,"1.2

 %",1.6 %,1.2 %,1.6 %,1.2 %,1.6 %,0 %,,,,,"Although the target was not met, this was as a result of the lower than projected admissions due to the positive impact of the rotavirus vaccine; improved compliance with hand hygiene and use of oral rehydration solution thereby reducing the number of children requiring admission.","•	Rapid triage of all children on entry into a primary healthcare facility and proper management. 
•	Compliance with well situated and functional oral rehydration therapy (ORT) corners. 
•	Capacitating clinicians and staff on the Integrated management of Childhood illnesses (IMCI).
",,Effective case management and compliance with clinical guidelines. ,,,Effective case management and compliance with clinical guidelines.,,Effective case management and compliance with clinical guidelines.,,,,,,125
Health,Health,KwaZulu Natal,Programme 2: District Health Services,"Maternal, Woman and Child Health including Nutrition (MCWHN) ",Quarterly,Child under 5 years Pneumonia case fatality rate,Standardized,Not  Applicable,"Priority 3: Education, Skills And Health",Basic Services,"The Social Protection, Community and Human Development cluster",1.7 %,1.3 %,1.8 %,"1.4
 %",1.8 %,1.4 %,1.8 %,1.5 %,1.8 %,1 %,,,,,"Implementation of interventions including effective triaging, twice daily medical review of new admissions and high care patients, and providing respiratory support.",,,"•	Implementation of the Essential Package of Paediatric care.
•	Decrease in neonatal deaths which account for 70% of under 5 deaths.
",,,Increased access to respiratory support equipment and early identification and case management.,,"Increased access to respiratory support equipment, early identification and case management.",,,,,,125
Health,Health,KwaZulu Natal,Programme 2: District Health Services,"Maternal, Woman and Child Health including Nutrition (MCWHN) ",Quarterly,Child under 5 years Severe acute malnutrition case fatality rate,Standardized,Not  Applicable,"Priority 3: Education, Skills And Health",Basic Services,"The Social Protection, Community and Human Development cluster",6.7 %,6.1 %,6.9 %,"6.5
 %",6.9 %,6.1 %,7.1 %,6.4 %,7.1 %,0 %,,,,,"Ongoing training of paediatric ward health workers on inpatient management of severe acute malnutrition. 

",,,"Ongoing training of pediatric ward health workers on inpatient management of severe acute malnutrition. 
",,,"Ongoing training of paediatric ward health workers on inpatient management of severe acute malnutrition. 

",,Uptake of the SAM inpatient training course and implementation of the Family Mid-Upper Arm Circumference (MUAC) Project are key strategies in the early case detection and improved management of SAM.,,,,,,125
Health,Health,KwaZulu Natal,Programme 2: District Health Services,"Maternal, Woman and Child Health including Nutrition (MCWHN) ",Quarterly,Death under 5 years against live birth rate,Standardized,Not  Applicable,"Priority 3: Education, Skills And Health",Basic Services,"The Social Protection, Community and Human Development cluster",2.2 %,1.8 %,2.2 %,1.8 %,2.2 %,1.8 %,2.0 %,1.8 %,2.0 %,3 %,,,,,"•	Implementation of the Essential Package of Paediatric care.
•	Decrease in neonatal deaths which account for 70% of under 5 deaths.
",,,"Implementation of the Essential Package of Pediatric care.
 
",,,"•	Implementation of the Essential Package of Paediatric care.
•	Decrease in neonatal and pneumonia deaths in children.
",,Implementation of the Essential Package of Paediatric care.,,,,,,125
Health,Health,KwaZulu Natal,Programme 2: District Health Services,"Maternal, Woman and Child Health including Nutrition (MCWHN) ",Quarterly,Delivery 10 - 14 years in facility,Standardized,Not  Applicable,"Priority 3: Education, Skills And Health",Basic Services,"The Social Protection, Community and Human Development cluster",158,145,316,"293

",474,398,632,523,632,523,,,,,"•	Integrated Strategy to reduce teenage pregnancy implemented together with other departments and partners. 
•	Adolescents and Youth Friendly Service (AYFS) is functional in 216 public health facilities where comprehensive services are offered.
",,,•	Integrated Strategy to reduce teenage pregnancy implemented together with other departments and partners. ,,,Multi-disciplinary focus in KZN to reduce teenage pregnancy implemented together with other departments and partners. ,,Implementation of the KZN Strategy to curb early pregnancies and Integrated Multi Stakeholder Health Promotion Strategy in all 11 districts.,,,,,,125
Health,Health,KwaZulu Natal,Programme 2: District Health Services,"Maternal, Woman and Child Health including Nutrition (MCWHN) ",Quarterly,HIV Test positive around 18 months rate,Standardized,Not  Applicable,"Priority 3: Education, Skills And Health",Basic Services,"The Social Protection, Community and Human Development cluster",1.5 %,0.2 %,1.5 %,"0.14
 %",1.5 %,0.13 %,1.5 %,0.13 %,1.5 %,0 %,,,,,"•	Education to mothers to avoid mixed feeding continues. 
•	Viral load is completed as required at specific intervals for breast feeding women. 
",,,"•	Education to mothers to avoid mixed feeding continues. 
•	Viral load is completed as required at specific intervals for breast feeding women. 
",,,"•	Education to mothers to avoid mixed feeding continues. 
•	Viral load is completed as required at specific intervals for breast feeding women. 
",,"•	Education to mothers to avoid mixed feeding continues. 
•	Viral load is completed as required at specific intervals for breast feeding women. 
",,,,,,125
Health,Health,KwaZulu Natal,Programme 2: District Health Services,"Maternal, Woman and Child Health including Nutrition (MCWHN) ",Quarterly,Immunisation under 1 year coverage,Standardized,Not  Applicable,"Priority 3: Education, Skills And Health",Basic Services,"The Social Protection, Community and Human Development cluster",95.0 %,84.9 %,95.0 %,"84.8
 %",95.0 %,84.7 %,95.0 %,85.5 %,95.0 %,0 %,,,,,Failure by the facilities to conduct catch-up drive activities. ,Implementation of catch-up drive activities to reach children who missed immunisation doses.,,Insufficient catch-up drive activities. ,Implementation of catch-up drive activities to reach children who missed immunisation doses.,,EPI catch-up drive activities not fully implemented by all districts.,All districts to implement catch-up drive activities.,Expanded Programme on Immunisation (EPI) catch-up drive activities not fully implemented by all districts due to resource constraints.,Implement the Reach Every District (RED) strategy to reach children who missed their vaccination doses in the community.,Corrective action statement is noted.,,,,125
Health,Health,KwaZulu Natal,Programme 2: District Health Services,"Maternal, Woman and Child Health including Nutrition (MCWHN) ",Quarterly,Infant PCR test positive around 6 months rate,Standardized,Not  Applicable,"Priority 3: Education, Skills And Health",Basic Services,"The Social Protection, Community and Human Development cluster",1.0 %,0.35 %,1.0 %,"0.25
 %",1.0 %,0.28 %,1.0 %,0.29 %,1.0 %,0 %,,,,,"•	Education to mothers to avoid mixed feeding continues. 
•	Viral load is completed as required at specific intervals for breast feeding women. 
",,,"•	Education to mothers to avoid mixed feeding continues. 
•	Viral load is completed as required at specific intervals for breast feeding women. 
",,,"•	Education to mothers to avoid mixed feeding continues. 
•	Viral load is completed as required at specific intervals for breast feeding women. 
",,"•	Education to mothers to avoid mixed feeding continues. 
•	Viral load is completed as required at specific intervals for breast feeding women. 
",,,,,,125
Health,Health,KwaZulu Natal,Programme 2: District Health Services,"Maternal, Woman and Child Health including Nutrition (MCWHN) ",Quarterly,IUCD Uptake (*IUCD - Intra Uterine Contraceptive Device),Standardized,Not  Applicable,"Priority 3: Education, Skills And Health",Basic Services,"The Social Protection, Community and Human Development cluster",6804,9302,13608,"18 813

",20412,28 628,27216,38 426,27216,38426,,,,,"Raised awareness and creating demand at facility and community level. 

",,,"Raised awareness and creating demand at facility and community level. 

",,,Increased uptake as a result of continuous promotion of the method at District forums and training.,,Health education in communities and facilities increased demand for IUCD services.,,,,,,125
Health,Health,KwaZulu Natal,Programme 2: District Health Services,"Maternal, Woman and Child Health including Nutrition (MCWHN) ",Quarterly,Measles 2nd dose 1 year coverage,Standardized,Not  Applicable,"Priority 3: Education, Skills And Health",Basic Services,"The Social Protection, Community and Human Development cluster",95.0 %,92.6 %,95.0 %,"91.7
 %",95.0 %,89 %,95.0 %,88.2 %,95.0 %,0 %,,,,,Failure by the facilities to conduct catch-up drive activities. ,Implementation of catch-up drive activities to reach children who missed immunisation doses.,,Insufficient catch-up drive activities. ,Implementation of catch-up drive activities to reach children who missed immunisation doses.,,EPI catch-up drive activities not fully implemented by all districts.,All districts to implement catch-up drive activities.,Expanded Programme on Immunisation (EPI) catch-up drive activities not fully implemented by all districts due to resource constraints.,Implement the Reach Every District (RED) strategy to reach children who missed their vaccination doses in the community.,,,,,125
Health,Health,KwaZulu Natal,Programme 2: District Health Services,"Maternal, Woman and Child Health including Nutrition (MCWHN) ",Quarterly,Mother postnatal visit within 6 days rate,Standardized,Not  Applicable,"Priority 3: Education, Skills And Health",Basic Services,"The Social Protection, Community and Human Development cluster",73.6 %,83.7 %,73.6 %,"85.7
 %",73.6 %,86.6 %,73.6 %,86.9 %,73.6 %,0 %,,,,,"Implementation of Post-natal care register, including at delivering hospitals to record care offered to those who stay beyond 3-6 days in hospitals.",,,"Implementation of Post-natal care register, including at delivering hospitals to record care offered to those who stay beyond 3-6 days in hospitals.",,,"Implementation of Post-natal care register, including at delivering hospitals to record care offered to those who stay beyond 3-6 days in hospitals.

",,"•	Implementation of Post-natal care register, including at delivering hospitals to record care offered to those who stay beyond 3-6 days in hospitals.
•	Integration with Outreach Teams to remind mothers to attend postnatal care.
",(The Department has met the revised APP target of 80.0%),,,,,125
Health,Health,KwaZulu Natal,Programme 2: District Health Services,"Maternal, Woman and Child Health including Nutrition (MCWHN) ",Quarterly,Neonatal death in facility rate (per 1 000 live births),Standardized,Not  Applicable,"Priority 3: Education, Skills And Health",Basic Services,"The Social Protection, Community and Human Development cluster",13.9/1000,12.7,13.9/1000,12.7,13.9/1000,13,13.9/1000,12.9/1000,13.9/1000,-,,,,,"•	Implementation of the Essential Package of Neonatal care.
•	Fewer neonates requiring ventilation. 
",,,"Implementation of the Essential Package of Neonatal care.
",,,Improved care immediately after birth which may be due to the Essential New-born Care training (ENC) programme.,,Improved case management immediately after birth which may be due to the Essential New-born Care training (ENC) programme.,,,,,,125
Health,Health,KwaZulu Natal,Programme 2: District Health Services,"Maternal, Woman and Child Health including Nutrition (MCWHN) ",Quarterly,Still Birth in Facility Rate (Per 1 000 births),Standardized,Not  Applicable,"Priority 3: Education, Skills And Health",Basic Services,"The Social Protection, Community and Human Development cluster",26.8/1000,22.2,26.8/1000,"22.5
",26.8/1000,22.7,26.8/1000,23/1000,26.8/1000,-,,,,,"•	Treatment for syphilis in pregnant women. 
•	Outreach Obstetric & Gynae (O&G) Education sessions for midwives and doctors working in maternity units, which includes the management of hypertension in pregnancy.
",,,"•	Treatment for syphilis in pregnant women. 
•	Outreach Obstetrics & Gynaecology (O&G) Education sessions for midwives and doctors working in maternity units, which includes the management of hypertension in pregnancy.
",,,Implementation of the new vertical transmission program (VTP)  guidelines on syphilis.,,"•	Implementation of the new vertical transmission program (VTP) guidelines on syphilis. 
•	Improved management of Hypertension in pregnant woman.
",,,,,,125
Health,Health,KwaZulu Natal,Programme 3: Emergency Medical Services,Programme 3: Emergency Medical Services,Quarterly,EMS P1 rural response under 60 minutes rate,Standardized,Not  Applicable,"Priority 3: Education, Skills And Health",Basic Services,"The Social Protection, Community and Human Development cluster",48.0 %,43.2 %,48.0 %,47.1 %,48.0 %,45.5 %,48.0 %,43.6 %,48.0 %,135.8 %,,,,,"•	Some districts experienced challenges with the current fleet management contract (RT46) resulting in delays and extended downtime of emergency vehicles
•	Insufficient emergency vehicles to meet the demand.
","•	Vehicle management service provider has been engaged to increase the pool of service providers and increase supervision of fleet matters.
•	EMS has provision to procure a total of 42 new ambulances, 8 new priority patient transport service (PPTS) vehicles and 2 rapid response vehicles, which have been ordered.
",,"•	Some districts experienced challenges with the current fleet management contract (RT46) resulting in delays and extended downtime of emergency vehicles
•	Insufficient emergency vehicles to meet the demand.
","•	Vehicle management service provider has been engaged to increase the pool of service providers and increase supervision of fleet matters.
•	EMS has provision to procure a total of 42 new ambulances, 8 new priority patient transport service (PPTS) vehicles and 2 rapid response vehicles, which have been ordered.
",,"•	Ambulances are aged and require repairs frequently which increases their downtime. 
•	Fleet repair and maintenance merchants were not operating at full capacity during the festive period. 
","•	Engagement with the fleet management service provider is ongoing. 
•	A total of 38 new ambulances and 2 rapid response vehicles were issued to districts in December 2024.
","•	Insufficient operational ambulances and response units available to attend to the demand for services. 
•	The majority of emergency vehicles are aged increasing the frequency of repairs and vehicle downtime.
",Regular engagement with Fleet Section and the fleet maintenance service provider. ,Corrective action statement is noted.,,,,125
Health,Health,KwaZulu Natal,Programme 3: Emergency Medical Services,Programme 3: Emergency Medical Services,Quarterly,EMS P1 urban response under 30 minutes rate,Standardized,Not  Applicable,"Priority 3: Education, Skills And Health",Basic Services,"The Social Protection, Community and Human Development cluster",42.0 %,43.3 %,42.0 %,42.7 %,42.0 %,32.7 %,42.0 %,26.8 %,42.0 %,118.7 %,,,,,"Implementation of fleet management interventions resulted in improved vehicle maintenance turnaround time, which positively influenced the performance in Amajuba, eThekwini, Ilembe and Ugu Districts.",,,"Implementation of fleet management interventions resulted in improved vehicle maintenance turnaround time, which positively influenced the performance in some districts. ",,,"•	Ambulances are aged and require repairs frequently which increases their downtime. 
•	Fleet repair and maintenance merchants were not operating at full capacity during the festive period. 
","•	Engagement with the fleet management service provider is ongoing. 
•	A total of 38 new ambulances and 2 rapid response vehicles were issued to districts in December 2024.
","•	Insufficient operational ambulances and response units available to attend to the demand for services. 
•	The majority of emergency vehicles are aged increasing the frequency of repairs and vehicle downtime.
",Regular engagement with Fleet Section and the fleet maintenance service provider. ,Corrective action statement is noted.,,,,125
Health,Health,KwaZulu Natal,Programme 4: Provincial Hospital Services,Programme 4: Provincial Hospital Services,Annually,Maternal deaths in facility,Standardized,Not  Applicable,"Priority 3: Education, Skills And Health",Basic Services,"The Social Protection, Community and Human Development cluster",,,,,,,25,71,25,71,,Hypertension and Post Partum Haemorrhage continue to contribute to deaths.,"Implementation of EMOTIVE protocol to reduce severe post-partum haemorrhage (PPH) in all labour wards, as part of minimum standards for safe and respectful care during labour. ",,,,,,,,,,,,,,,,125
Health,Health,KwaZulu Natal,Programme 4: Provincial Hospital Services,Programme 4: Provincial Hospital Services,Annually,Patient Experience of Care satisfaction rate,Standardized,Not  Applicable,"Priority 3: Education, Skills And Health",-,"The Social Protection, Community and Human Development cluster",,,,,,,86.1 %,80.7 %,86.1 %,80.7 %,,"Patients were unsatisfied with the information received when treatment is prescribed, and were not aware of the complaints management systems.","The District QA co-ordinators and Communications Officers to educate patients on complaints mechanisms.

",,,,,,,,,,,,,,,,125
Health,Health,KwaZulu Natal,Programme 4: Provincial Hospital Services,Programme 4: Provincial Hospital Services,Quarterly,Cervical Cancer screening,Standardized,Not  Applicable,"Priority 3: Education, Skills And Health",Basic Services,"The Social Protection, Community and Human Development cluster",1675,1479,3350,"3 094
",5025,4 968,6700,6 427,6700,6427,,,,,Poor marketing of cervical cancer screening at the community and facility level.,Conduct cervical cancer awareness campaigns.,,Limited marketing of cervical cancer screening at the community and facility level.,Conduct cervical cancer awareness campaigns.,,Marketing of cervical cancer screening at the community and facility level is a gradual process,Increase coverage of cervical cancer awareness campaigns within the available resources,"Some women may not be aware of the importance of cervical cancer screening or may not understand the benefits of human papillomaviruses (HPV) deoxyribonucleic acid (DNA) testing, leading to low uptake of screening services.",Public awareness campaigns to educate women on the importance of cervical cancer screening and the benefits of HPV DNA testing. Provide educational materials and counselling to women at healthcare facilities,Corrective action statement is noted.,,,,125
Health,Health,KwaZulu Natal,Programme 4: Provincial Hospital Services,Programme 4: Provincial Hospital Services,Quarterly,Death in facility under 5 years,Standardized,Not  Applicable,"Priority 3: Education, Skills And Health",Basic Services,"The Social Protection, Community and Human Development cluster",427,373,854,"667
",1282,977,1710,1 258,1710,1258,,,,,Factors contributing to reduced deaths were decreased extreme low birth weight admissions and better access to respiratory support and oxygen.,,,"Factors contributing to reduced deaths were, decreased extreme low birth weight admissions and better access to respiratory support and oxygen.",,,Decreased number of preterm admissions resulting in increased access to respiratory support and reduced healthcare associated infections.,,"Improved triage and case management, and increased access to respiratory support at District hospitals.",,,,,,125
Health,Health,KwaZulu Natal,Programme 4: Provincial Hospital Services,Programme 4: Provincial Hospital Services,Quarterly,Diarrhoea death under 5 years,Standardized,Not  Applicable,"Priority 3: Education, Skills And Health",Basic Services,"The Social Protection, Community and Human Development cluster",12,14,24,"21
",36,31,48,43,48,43,,,,,Deaths were associated with late entry into the health service with advanced disease.,Strengthen regional level paediatric critical care services.,corrective action statement is noted.,Effective case management and compliance with clinical guidelines.,,,Compliance with clinical management guidelines. ,,Compliance with clinical management guidelines. ,,,,,,125
Health,Health,KwaZulu Natal,Programme 4: Provincial Hospital Services,Programme 4: Provincial Hospital Services,Quarterly,Patient Safety Incident (PSI) case closure rate,Standardized,Not  Applicable,"Priority 3: Education, Skills And Health",-,"The Social Protection, Community and Human Development cluster",98.1 %,93.4 %,98.1 %,97.6 %,98.1 %,99.5 %,98.1 %,99.96 %,98.1 %,99.5 %,,,,,"Committees at RK Khan, Ladysmith, Fort Napier and Ekuhlengeni Hospitals not fully functional resulting in PSIs not being closed timeously. ",Affected Districts were engaged by the Provincial Office to support identified facilities. ,,Some PSI’s were still under investigation at the time of reporting.,Investigations to be concluded in the next quarter.,,Implementation of PSI guidelines.,,Implementation of PSI guidelines.,(The Department has met the revised APP target of 90.6%),,,,,125
Health,Health,KwaZulu Natal,Programme 4: Provincial Hospital Services,Programme 4: Provincial Hospital Services,Quarterly,Pneumonia death under 5 years,Standardized,Not  Applicable,"Priority 3: Education, Skills And Health",Basic Services,"The Social Protection, Community and Human Development cluster",25,16,51,"28
",77,42,103,53,103,53,,,,,Reduction in deaths are associated with a functional referral system and increased access to respiratory support.,,,Reduction in deaths are associated with a functional referral system and increased access to respiratory support.,,,Reduction in deaths are associated with a functional referral system and increased access to respiratory support.,,Reduction in deaths are associated with a functional referral system and increased access to respiratory support.,(The Department has met the revised APP target of 95),,,,,125
Health,Health,KwaZulu Natal,Programme 4: Provincial Hospital Services,Programme 4: Provincial Hospital Services,Quarterly,Severe acute malnutrition (SAM) death under 5 years,Standardized,Not  Applicable,"Priority 3: Education, Skills And Health",Basic Services,"The Social Protection, Community and Human Development cluster",12,12,25,"24
",36,30,49,45,49,45,,,,,No deviation,,,Implementation of training on inpatient management of SAM for health workers in paediatric wards.,,,Implementation of training on inpatient management of SAM for health workers in paediatric wards.,,"•	Training on inpatient management of SAM.  
•	Implementation of Mother-Baby Friendly Initiative (MBFI), Infant and young child feeding interventions to prevent SAM.
",,,,,,125
Health,Health,KwaZulu Natal,Programme 4: Provincial Hospital Services,Programme 4: Provincial Hospital Services,Quarterly,Severity assessment code (SAC) 1 incident reported within 24 hours rate,Standardized,Not  Applicable,"Priority 3: Education, Skills And Health",-,"The Social Protection, Community and Human Development cluster",100.0 %,100 %,100.0 %,97.1 %,100.0 %,98.1 %,100.0 %,99.5 %,100.0 %,98.1 %,,,,,No deviation,,,Delayed identification of incorrectly classified PSI.,In-service training on PSI Guidelines.,,"Non-compliance with PSI guidelines with regards to timeous recording.

","On-site and virtual support and coaching provided by the District to facilities on PSI guideline implementation and corrections to the Ideal System.  

",Timeous recording is negatively impacted by network challenges.,"District to continue to monitor timing of reporting as per PSI Guidelines.

(The Department has met the revised APP target of 92.1%)",Corrective action statement is noted.,,,,125
Health,Health,KwaZulu Natal,Programme 5: Central and Tertiary Hospitals,Central and Tertiary Hospitals,Annually,Maternal deaths in facility,Standardized,Not  Applicable,"Priority 3: Education, Skills And Health",Basic Services,"The Social Protection, Community and Human Development cluster",,,,,,,13,27,13,27,,Complex medical and surgical conditions contributed to maternal deaths.,Implementation of new national Maternal and perinatal care guidelines for improved case management and prompt referrals to  higher levels of care.,,,,,,,,,,,,,,,,125
Health,Health,KwaZulu Natal,Programme 5: Central and Tertiary Hospitals,Central and Tertiary Hospitals,Annually,Patient Experience of Care satisfaction rate,Standardized,Not  Applicable,"Priority 3: Education, Skills And Health",Basic Services,"The Social Protection, Community and Human Development cluster",,,,,,,88.2 %,86.5 %,88.2 %,86.5 %,,"Clients expressed dissatisfaction with access to care, specifically the referral pathways. ","Quality improvement plans, training and strategies to focus on educating clients so that they are better informed.",,,,,,,,,,,,,,,,125
Health,Health,KwaZulu Natal,Programme 5: Central and Tertiary Hospitals,Central and Tertiary Hospitals,Quarterly,Cervical cancer screening ,Standardized,Not  Applicable,"Priority 3: Education, Skills And Health",Basic Services,"The Social Protection, Community and Human Development cluster",370,301,740,536,1110,803,1480,1 102,1480,1102,,,,,Poor marketing of cervical cancer screening at the community and facility level.,Conduct cervical cancer awareness campaigns.,,Limited marketing of cervical cancer screening at the community and facility level.,Conduct cervical cancer awareness campaigns.,,Marketing of cervical cancer screening at the community and facility level is a gradual process,Increase coverage of cervical cancer awareness campaigns within the available resources,"Some women may not be aware of the importance of cervical cancer screening or may not understand the benefits of human papillomaviruses (HPV) deoxyribonucleic acid (DNA) testing, leading to low uptake of screening services.",Public awareness campaigns to educate women on the importance of cervical cancer screening and the benefits of HPV DNA testing. Provide educational materials and counselling to women at healthcare facilities,Corrective action statement is noted.,,,,125
Health,Health,KwaZulu Natal,Programme 5: Central and Tertiary Hospitals,Central and Tertiary Hospitals,Quarterly,Death in facility under 5 years,Standardized,Not  Applicable,"Priority 3: Education, Skills And Health",Basic Services,"The Social Protection, Community and Human Development cluster",114,114,228,"212
",343,317,458,433,458,433,,,,,No deviation,,,Major factors contributing to reduced post neonatal deaths were earlier referrals and better access to respiratory support and oxygen at lower levels of care.,,,"Earlier referrals, better access to respiratory support and oxygen continue to lessen the number of deaths.",,"Earlier referrals, better access to respiratory support and oxygen continue to minimize the number of deaths.",,,,,,125
Health,Health,KwaZulu Natal,Programme 5: Central and Tertiary Hospitals,Central and Tertiary Hospitals,Quarterly,Diarrhoea death under 5 years,Standardized,Not  Applicable,"Priority 3: Education, Skills And Health",Basic Services,"The Social Protection, Community and Human Development cluster",1,1,2,3,3,3,4,6,4,6,,,,,No deviation,,,Late entry into the health system with advanced disease.,"Maintain existing PHC programmes and oral rehydration corners in every clinic and CHC.
Strengthen early identification and referral.",,No deviation.,,Late presentation for treatment with advanced disease.,"•	Community awareness campaigns on the importance of early presentation to health facilities for treatment.
•	Maintain existing PHC programmes and oral rehydration corners in every clinic and CHC.
•	Strengthen early identification and referral.
",,,,,125
Health,Health,KwaZulu Natal,Programme 5: Central and Tertiary Hospitals,Central and Tertiary Hospitals,Quarterly,Patient Safety Incident (PSI) case closure rate,Standardized,Not  Applicable,"Priority 3: Education, Skills And Health",Basic Services,"The Social Protection, Community and Human Development cluster",97.3 %,96.9 %,97.4 %,99.8 %,97.4 %,100.1 %,97.4 %,99.6 %,97.4 %,99.8 %,,,,,PSI committees not fully functional i.e. the committee was unaware of cases carried over from previous quarters. ,Facilities engaged to monitor PSI management on a monthly basis in order to identify challenges and address them timeously.,,Adherence to PSI guidelines.,,,"Compliance with guidelines, ensuring that carried over PSI’s are closed.",,Compliance with PSI guidelines.,(The Department has met the revised APP target of 91.6%),,,,,125
Health,Health,KwaZulu Natal,Programme 5: Central and Tertiary Hospitals,Central and Tertiary Hospitals,Quarterly,Pneumonia death under 5 years,Standardized,Not  Applicable,"Priority 3: Education, Skills And Health",Basic Services,"The Social Protection, Community and Human Development cluster",7,7,16,12,25,16,34,20,34,20,,,,,No deviation,,,Reduction in deaths are associated with a functional referral system and increased access to respiratory support.,,,Improved access to respiratory support in regional and district hospitals contributed to the reduction in referrals to and deaths at these hospitals.,,Improved access to respiratory support in district and regional hospitals contributed to the reduction in referrals to and deaths at these hospitals.,(The Department has met the revised APP target of 36),,,,,125
Health,Health,KwaZulu Natal,Programme 5: Central and Tertiary Hospitals,Central and Tertiary Hospitals,Quarterly,Severe acute malnutrition (SAM) death under 5 years,Standardized,Not  Applicable,"Priority 3: Education, Skills And Health",Basic Services,"The Social Protection, Community and Human Development cluster",1,2,3,6,5,8,8,11,8,11,,,,,"Complicated SAM death with co-morbidity.

","Continue with IMCI training for early case detection of illness in children, and referral to higher level of care as needed.",,"Complications due to cardiac conditions, cerebral palsy and late diagnosis of HIV.",IMCI training and inpatient management of SAM.,,"Patients not responding to treatment due to co-morbid conditions such as cardiac conditions, cerebral palsy and late diagnosis of HIV.","Continue with IMCI training for early case detection of illness in children, and referral to higher level of care as needed; and inpatient management of SAM.","Treatment failure due to co-morbid conditions such as cardiac conditions, cerebral palsy and late diagnosis of HIV.","Continue with IMCI training for early case detection of illness in children, and referral to higher level of care as needed; and inpatient management of SAM.",Corrective action statement is noted.,The reasons provided are not related to SAM?,,,125
Health,Health,KwaZulu Natal,Programme 5: Central and Tertiary Hospitals,Central and Tertiary Hospitals,Quarterly,Severity assessment code (SAC) 1 incident reported within 24 hours rate,Standardized,Not  Applicable,"Priority 3: Education, Skills And Health",Basic Services,"The Social Protection, Community and Human Development cluster",100.0 %,96.9 %,100.0 %,95.7 %,100.0 %,98.6 %,100.0 %,95.6 %,100.0 %,98.6 %,,,,,Non-adherence to PSI guidelines.,Identified facility to be provided with in-service training to improve compliance with guidelines.,,Misunderstanding on the interpretation of PSI cases led to delays in reporting at Greys Hospital.,Training videos shared with the district Quality Assurance Coordinators  to facilitate training.,,Non-compliance at Inkosi Albert Luthuli Hospital on the implementation of PSI guidelines in relation to classification of incidents and reporting timelines.,District to conduct support visit to re-orientate the clinicians on reporting of SAC1 incidents.,Timeous recording is negatively impacted by network challenges.,"District to continue to monitor timing of reporting as per PSI Guidelines.

(The Department has met the revised APP target of 91.6%)",Corrective action statement is noted.,,,,125
Health,Health,KwaZulu Natal,Programme 6: Health Sciences and Training,Programme 6: Health Sciences and Training,Annually,Number of Bursaries awarded to first year nursing students,Non-Standardized,Not  Applicable,"Priority 3: Education, Skills And Health",Basic Services,"The Social Protection, Community and Human Development cluster",,,,,,,120,239,120,239,,The increased demand for General Nurses to be trained to meet the human resources needs of the Department.,,,,,,,,,,,,,,,,,125
Health,Health,KwaZulu Natal,Programme 6: Health Sciences and Training,Programme 6: Health Sciences and Training,Annually,Number of internal employees awarded bursaries,Non-Standardized,Not  Applicable,"Priority 3: Education, Skills And Health",Basic Services,"The Social Protection, Community and Human Development cluster",,,,,480,,,,480,,,,,,,,,,,,,,,,,,,,125
Health,Health,KwaZulu Natal,Programme 7: Health Care Support Services,Programme 7: Health Care Support Services,Quarterly,"Tracer Medicine Stock- Out Rate at facilities (hospitals, community health centres and clinics)",Non-Standardized,Not  Applicable,"Priority 3: Education, Skills And Health",Basic Services,"The Social Protection, Community and Human Development cluster",5 %,1.8 %,5 %,1.5 %,5 %,1.6 %,5 %,2.6 %,5 %,3.3 %,,,,,"•	Stock levels were closely monitored.
•	Improved follow-up on suppliers with overdue orders.
•	PPSD rationed the stock of products with supply constraints to ensure all facilities were covered.
•	Redistribution of stock to facilities with low stock levels.
",,,"•	Stock levels were closely monitored.
•	Improved follow-up on suppliers with overdue orders.
•	PPSD rationed the stock of products with supply constraints to ensure all facilities were covered.
•	Redistribution of stock to facilities with low stock levels.
",,,"•	Stock levels were closely monitored.
•	Improved follow-up on suppliers with overdue orders.
•	PPSD rationed the stock of products with supply constraints to ensure all facilities were covered.
",,"•	Stock levels were closely monitored.
•	Improved follow-up on suppliers with overdue orders.
•	PPSD rationed the stock of products with supply constraints to ensure all facilities were covered.
",,,,,,125
Health,Health,KwaZulu Natal,Programme 7: Health Care Support Services,Programme 7: Health Care Support Services,Quarterly,Tracer Medicine Stock- Out Rate at the Provincial Pharmaceutical Supply Depot (PPSD),Non-Standardized,Not  Applicable,"Priority 3: Education, Skills And Health",Basic Services,"The Social Protection, Community and Human Development cluster",5 %,0.4 %,5 %,1.3 %,5 %,1.3 %,5 %,3.9 %,5 %,1.7000000000000002 %,,,,,"Maintained the following control measures:
•	Follow up on suppliers with overdue orders.
•	Ration the stock of products with supply constraints to ensure all facilities were covered.
•	Prepared for transitioning into new contracts
",,,Continuously engaging with suppliers to limit supply disruptions. ,,,Continuous engagement with suppliers to limit supply disruptions. ,,Continuous engagement with suppliers to limit supply disruptions. ,,,,,,125
Health,Health,KwaZulu Natal,Programme 8: Health Facilities Management,Programme 8: Health Facilities Management,Quarterly,Number of Capital Infrastructure Projects completed,Non-Standardized,Not  Applicable,"Priority 3: Education, Skills And Health",Basic Services,"The Social Protection, Community and Human Development cluster",35,40,25,40,25,35,18,18,103,133,,,,,Projects were completed earlier than anticipated.,,,High number of completed projects is as a result of Department of Public Work (DOPW) roll-over projects which were targeted to be complete in the 2023/24 financial year.,,,High number of completed projects is as a result of Department of Public Work (DOPW) roll-over projects which were targeted to be complete in the 2023/24 financial year.,,No deviation.,(The Department has not met the revised APP target of 22),,,,,125
Health,Health,KwaZulu Natal,Programme 8: Health Facilities Management,Programme 8: Health Facilities Management,Quarterly,Percentage of preventative maintenance expenditure,Non-Standardized,Not  Applicable,"Priority 3: Education, Skills And Health",Basic Services,"The Social Protection, Community and Human Development cluster",48.0 %,39.2 %,48.0 %,43.5 %,48.0 %,42.3 %,48.0 %,2.4 %,48.0 %,0 %,,,,,Major breakdowns reported during the quarter resulting in over-expenditure in Category A and under-expenditure on preventative maintenance.,Institutions to service machinery and equipment regularly.,,Major breakdowns reported during the quarter resulting in over-expenditure in Category A and under-expenditure on preventative maintenance.,To service machinery and equipment regularly to reduce breakdowns.,,Major breakdowns reported during the quarter resulting in over-expenditure in Category A and under-expenditure on preventative maintenance.,To service machinery and equipment regularly to reduce breakdowns.,Major breakdowns reported during the quarter resulting in over-expenditure in Category A and under-expenditure on preventative maintenance.,"Institutions to service machinery and equipment regularly.

(The Department has not met the revised APP target of 32.0%)",Corrective action statement is noted.,,,,125
Human Settlements,Human Settlements,KwaZulu Natal,Programme 1: Administration,Sub-programme 1.2: Corporate Services,Annually,1.1 % of Approved Human Resource plan implemented,Non-Standardized,Not  Applicable,"Priority 5: Spatial Integration, Human Settlements and Local Government",Human Settlement and sustainable livelihood  ,"Governance, State Capacity and Institutional Development cluster",100 %,87.5 %,,,,,,,100 %,87.5 %,,Seven HR Planning objectives have been achieved out of a total of eight that were identified on the HR Plan for 2020/2025.,"Due to budgetary constraints the Department is unable to finalize the reviewal and approval of the organisational structure, it will however, consider realignment of the organisational structure.",,,,,,,,,,,,,,,,125
Human Settlements,Human Settlements,KwaZulu Natal,Programme 1: Administration,Sub-programme 1.2: Corporate Services,Annually,1.3 % implementation of the approved internal audit plan,Non-Standardized,Not  Applicable,"Priority 5: Spatial Integration, Human Settlements and Local Government",Human Settlement and sustainable livelihood  ,"Governance, State Capacity and Institutional Development cluster",100 %,100 %,,,,,,,100 %,100 %,,Target has been achieved,None Required,,,,,,,,,,,,,,,,125
Human Settlements,Human Settlements,KwaZulu Natal,Programme 1: Administration,Sub-programme 1.2: Corporate Services,Annually,1.5 % implementation of the approved audit improvement plan,Non-Standardized,Not  Applicable,"Priority 5: Spatial Integration, Human Settlements and Local Government",Human Settlement and sustainable livelihood  ,"Governance, State Capacity and Institutional Development cluster",100 %,0 %,,,,,,,100 %,0 %,,Not targeted for the current quarter,None Required,,,,,,,,,,,,,,,,125
Human Settlements,Human Settlements,KwaZulu Natal,Programme 1: Administration,Sub-programme 1.2: Corporate Services,Annually,1.6 Annual performance information management report submitted,Non-Standardized,Not  Applicable,"Priority 5: Spatial Integration, Human Settlements and Local Government",Human Settlement and sustainable livelihood  ,"Governance, State Capacity and Institutional Development cluster",1,1,,,,,,,1,1,,Target has been achieved,None Required,,,,,,,,,,,,,,,,125
Human Settlements,Human Settlements,KwaZulu Natal,Programme 1: Administration,Sub-programme 1.2: Corporate Services,Annually,1.8 % of the Organizational Functionality Assessment improvement plan implemented,Non-Standardized,Not  Applicable,"Priority 5: Spatial Integration, Human Settlements and Local Government",Human Settlement and sustainable livelihood  ,"Governance, State Capacity and Institutional Development cluster",,,,,,,25,25,25,25,,Target achieved,None Required,,,,,,,,,,,,,,,,125
Human Settlements,Human Settlements,KwaZulu Natal,Programme 1: Administration,Sub-programme 1.2: Corporate Services,Quarterly,1.2 Number of ICT Governance framework performance reports submitted,Non-Standardized,Not  Applicable,"Priority 5: Spatial Integration, Human Settlements and Local Government",Human Settlement and sustainable livelihood  ,"Governance, State Capacity and Institutional Development cluster",1,1,1,1,1,1,1,1,4,4,,,,,Target has been achieved,None Required,,Target has been achieved,None Required,N/A,Target has been achieved,None Required,Target achieved,None Required,N/A,,,,125
Human Settlements,Human Settlements,KwaZulu Natal,Programme 1: Administration,Sub-programme 1.2: Corporate Services,Quarterly,1.4 % of invoices paid within 30 days of receipt,Non-Standardized,Average,"Priority 5: Spatial Integration, Human Settlements and Local Government",Human Settlement and sustainable livelihood  ,"Governance, State Capacity and Institutional Development cluster",100 %,91.3 %,100 %,75.99 %,100 %,86.45 %,100 %,95.94 %,100 %,0 %,,,,,Invoices could not be processed as funding allocated had been exhausted and Debtor system payments could not be interfaced on BAS timeously.,Strict monitoring of budget as per approved business plan. Matter was communicated with National Human Settlements.,,Most invoices could not be paid as the Department was awaiting a tranche from National to be used to disburse claims since some invoices could not be processed as funding allocated had been exhausted.,A meeting with the service providers was held in June 2024 to stress the importance of ensuring that their claims are in line with the cash flows as per business plan. Projects to be monitored strictly to ensure that the spending is in line with the approved business plan.,N/A,1) Most invoices could not be paid as the Department is awaiting a tranche from National to be used to disburse claims and some invoices could not be processed as funds allocated had been exhausted.,"1) The Service Providers IA's Project Staff and Municipalities have been engaged on the constraints experienced by the Department mainly as a result of budget which necessitates the reduction in the number of units and serviced sites. 
2) The IA's have ben encouraged not to start new works until all unpaid invoices have been paid. 
3) Projects to be monitored stringently to ensure that the spending is in line with the approved business plan.",1. Invoices could not be processed as funding allocated to the project in the financial year had been exhausted.                                                                                                       2. Incorrect supporting documents were attached to the payment and there was a delay in returning claim with correct supporting documents.                                                                                                                         3. The payment run that was scheduled for the 24th of December 2024 did not take place due to BAS technical error.                                                                                                                                                                                                                                                                      4. Delays were due to the closure of offices for festive season.  ,1. Project to be monitored stringently to ensure that the spending is in line with the approved business plan.                                                                                                                        2. Non- compliance letters were issued to responsible officials.                                                                                                                                                                                                                                                         3. Provincial Treasury has since resolve the issue.  ,Noted.,,,,125
Human Settlements,Human Settlements,KwaZulu Natal,Programme 1: Administration,Sub-programme 1.2: Corporate Services,Quarterly,1.7 % of the approved Procurement Plan implemented,Non-Standardized,Not  Applicable,"Priority 5: Spatial Integration, Human Settlements and Local Government",Human Settlement and sustainable livelihood  ,"Governance, State Capacity and Institutional Development cluster",10 %,14 %,40 %,14 %,40 %,20 %,10 %,4 %,100 %,52 %,,,,,Target exceeded because the target is an estimate the department always strives to achieve more to expedite service delivery processes., The improvement emanates from various engagement with end users sections to submit procurement request in time and it is now yielding benefit in our goals to achieve 100% implementation of Procurement Plan.,,Due to financial constraints projects have been put on hold. ,"Future target setting will be reviewed.
",N/A,Under-performance is due to financial constraints and cost cutting measures. Projects have been put on hold.,End users have been requested to indicate which projects should be cancelled due to budget constraints and the Procurement Plan will be amended accordingly.,Due to cost cutting measures awards could not be finalised.,"The Procurement plan was amended and all items that were not achievable are allowed to be removed from plan.  Therefore, there were 98 items remaining.  Therefore, SCM achieved 96% for the 2024-2025 Procurement Plan.",Noted.,,,,125
Human Settlements,Human Settlements,KwaZulu Natal,"Programme 2: Housing Needs, Research and Planning",Sub-programme 2.1: Administration ,Quarterly,2.15 Number of individuals provided with human settlements consumer education,Non-Standardized,Not  Applicable,"Priority 5: Spatial Integration, Human Settlements and Local Government",Human Settlement and sustainable livelihood  ,"Governance, State Capacity and Institutional Development cluster",1000,1129,1000,1034,1500,1589,1500,2243,5000,5995,,,,,"Target exceeded because more than expected number of individuals (406) attended a consumer education workshop in Jozini on 06/06/2024.
",There is really no way of stopping individuals from attending a Consumer Education workshop. Perhaps the Department will look at the option of reducing the number of Consumer Education Workshops. ,,Target exceeded due to the high demand for consumer education.,"Department to manage the demand for consumer education.
",N/A,During this reporting period the demand for Human Settlements consumer education was higher.,Adjustments in the number of Human Settlements consumer education workshops have been made for Quarter 4 in order to cater for the over-achievement in the previous quarters as well as the cost cutting measures.,The attendance for consumer education was higher than expected resulting in the target being exceeded.,None Required,Noted,,,,125
Human Settlements,Human Settlements,KwaZulu Natal,"Programme 2: Housing Needs, Research and Planning",Sub-programme 2.3: Planning,Annually,2.10 Number of farm residents housing assistance projects in planning phase,Non-Standardized,Not  Applicable,"Priority 5: Spatial Integration, Human Settlements and Local Government",Human Settlement and sustainable livelihood  ,"Governance, State Capacity and Institutional Development cluster",,,,,,,6,6,6,6,,Target achieved,Future target setting will be reviewed.,,,,,,,,,,,,,,,,125
Human Settlements,Human Settlements,KwaZulu Natal,"Programme 2: Housing Needs, Research and Planning",Sub-programme 2.3: Planning,Annually,2.11 Number of informal settlements upgrade plans completed,Non-Standardized,Not  Applicable,"Priority 5: Spatial Integration, Human Settlements and Local Government",Human Settlement and sustainable livelihood  ,"Governance, State Capacity and Institutional Development cluster",,,,,,,1,1,1,1,,Target achieved,None Required,,,,,,,,,,,,,,,,125
Human Settlements,Human Settlements,KwaZulu Natal,"Programme 2: Housing Needs, Research and Planning",Sub-programme 2.3: Planning,Annually,2.4 Approved multi-year housing development plan reviewed annually,Non-Standardized,Not  Applicable,"Priority 5: Spatial Integration, Human Settlements and Local Government",Human Settlement and sustainable livelihood  ,"Governance, State Capacity and Institutional Development cluster",,,,,,,1,1,1,1,,Target achieved,None Required,,,,,,,,,,,,,,,,125
Human Settlements,Human Settlements,KwaZulu Natal,"Programme 2: Housing Needs, Research and Planning",Sub-programme 2.3: Planning,Annually,2.7 Number of catalytic projects in planning phase,Non-Standardized,Not  Applicable,"Priority 5: Spatial Integration, Human Settlements and Local Government",Human Settlement and sustainable livelihood  ,"Governance, State Capacity and Institutional Development cluster",,,,,,,3,3,3,3,,Target achieved,None Required,,,,,,,,,,,,,,,,125
Human Settlements,Human Settlements,KwaZulu Natal,"Programme 2: Housing Needs, Research and Planning",Sub-programme 2.3: Planning,Annually,2.9 Number of farm residents housing assistance projects at pre-feasibility stage,Non-Standardized,Not  Applicable,"Priority 5: Spatial Integration, Human Settlements and Local Government",Human Settlement and sustainable livelihood  ,"Governance, State Capacity and Institutional Development cluster",,,,,,,1,1,1,1,,Target achieved,None Required,,,,,,,,,,,,,,,,125
Human Settlements,Human Settlements,KwaZulu Natal,"Programme 2: Housing Needs, Research and Planning",Sub-programme 2.3: Planning,Annually,Number of UISP projects in phase 2 (planning),Non-Standardized,Not  Applicable,"Priority 5: Spatial Integration, Human Settlements and Local Government",Human Settlement and sustainable livelihood  ,"Governance, State Capacity and Institutional Development cluster",,,,,,,83,83,83,83,,Target achieved,None Required,,,,,,,,,,,,,,,,125
Human Settlements,Human Settlements,KwaZulu Natal,"Programme 2: Housing Needs, Research and Planning",Sub-programme 2.3: Planning,Quarterly,2.12 Number of ISUP projects in phase 1 (pre-feasibility),Non-Standardized,Not  Applicable,"Priority 5: Spatial Integration, Human Settlements and Local Government",Human Settlement and sustainable livelihood  ,"Governance, State Capacity and Institutional Development cluster",4,2,3,7,4,1,4,2,15,12,,,,,Projects are awaiting approvals of TEC recommendations. ,"Continuous follow ups are being made on outstanding approvals.
",,Target has been exceeded because TEC recommendations received approval and some of the 1st Quarter referred back submissions were resolved by the respective Planners.,Future target setting will be reviewed.,The department is advised to revise the reason for deviation. (First sentence).,Target was  exceeded by 4 projects  In the previous quarter which resulted in under performance in the current quarter..,Future target setting will be reviewed.,Due to the Budget cuts no new Project applications were submitted for TEC approval.,Future target setting will be reviewed.,Noted.,,,,125
Human Settlements,Human Settlements,KwaZulu Natal,"Programme 2: Housing Needs, Research and Planning",Sub-programme 2.3: Planning,Quarterly,2.14 Number of ISUP projects in phase 2 (planning) projects completed,Non-Standardized,Not  Applicable,"Priority 5: Spatial Integration, Human Settlements and Local Government",Human Settlement and sustainable livelihood  ,"Governance, State Capacity and Institutional Development cluster",0,0,1,2,0,0,2,1,3,3,,,,,Not targeted for the current quarter,None Required,,Target was exceeded due to the additional close out report for Quarter 1 was finalized in Quarter 2.,Future target setting will be reviewed.,N/A,Not targeted for in the current quarter,None Required,Annual target has been achieved.,Future target setting to be reviewed.,N/A,,Please provide the reason for deviation.,,125
Human Settlements,Human Settlements,KwaZulu Natal,"Programme 2: Housing Needs, Research and Planning",Sub-programme 2.3: Planning,Quarterly,2.5 Number of municipalities provided with technical support ,Non-Standardized,Not  Applicable,"Priority 5: Spatial Integration, Human Settlements and Local Government",Human Settlement and sustainable livelihood  ,"Governance, State Capacity and Institutional Development cluster",10,16,10,22,10,10,13,21,43,69,,,,,"Ad hoc Meetings were held at the request of the Community to provide a report on project progress, delays and challenges. These issues could not  wait for the normal scheduled meetings.",Future target setting on this indicator will be reviewed.,,Target has been exceeded due to the additional technical support meetings took place in Quarter 2.,"Future target setting will be reviewed.

",The department is advised to revise the reason for deviation. (First sentence).,Target has been achieved.,"None Required
",Additional technical support was provided for the respective Municipalities in order to enhance the engagement process.,Future target setting to be reviewed.,N/A.,,Please provide the reason for deviation.,,125
Human Settlements,Human Settlements,KwaZulu Natal,"Programme 2: Housing Needs, Research and Planning",Sub-programme 2.3: Planning,Quarterly,2.6 Number of human settlement development projects approved for planning (stage1),Non-Standardized,Not  Applicable,"Priority 5: Spatial Integration, Human Settlements and Local Government",Human Settlement and sustainable livelihood  ,"Governance, State Capacity and Institutional Development cluster",6,6,4,6,5,1,5,3,20,16,,,,,Target has been achieved ,None Required,,Target has been exceeded because TEC recommendations received approval and some of the 1st Quarter referred back submissions were resolved by the respective Planners.,"Future target setting will be reviewed.
",The department is advised to revise the reason for deviation. (First sentence).,"Due to the Budget cuts that was implemented in Quarter 3 of 2024.25, requests for New Projects had to be limited which resulted in the reported under-performance.",Future target setting will be reviewed.,Due to the Budget cuts no new Project applications were submitted for TEC approval.,Future target setting will be reviewed.,Noted.,,,,125
Human Settlements,Human Settlements,KwaZulu Natal,"Programme 2: Housing Needs, Research and Planning",Sub-programme 2.3: Planning,Quarterly,2.8 Number of hectares of land procured/ proclaimed,Non-Standardized,Not  Applicable,"Priority 5: Spatial Integration, Human Settlements and Local Government",Human Settlement and sustainable livelihood  ,"Governance, State Capacity and Institutional Development cluster",0,0,75,0,0,0,75,0,150,0,,,,,Not targeted for the current quarter,None Required,,Abaqulisi municipality- Property valuation was undertaken for the Nooitgedacht no 388 land (41 hectares). Department is awaiting the Municipality to trace the Landowner for Portion 32.,"Municipality to report back on the progress made to locate the landowner for Portion 32, or else the acquisition of Portion 31 only will proceed.",N/A,Not targeted for in the current quarter,None Required,"Land was not purchased due to delays in the land procurement process. 
Delays incurred in the Abaqulusi Municipality tracing the Landowner for Portion 32 and the delays in the response on the offer to purchase Portion 31.",Future target setting will be reviewed.,N/A,,"Please review the reason for deviation, it is not in line with the actual output.",,125
Human Settlements,Human Settlements,KwaZulu Natal,"Programme 2: Housing Needs, Research and Planning",Sub-programme 2.3: Planning,Quarterly,Number of integrated implementation programmes for priority development areas completed per year,Standardized,Not  Applicable,"Priority 5: Spatial Integration, Human Settlements and Local Government",-,"The Social Protection, Community and Human Development cluster",0,0,0,0,0,0,3,4,3,4,,,,,Not targeted for the current quarter,None Required,,Not targeted for the current quarter.,None Required,N/A,Not targeted for in the current quarter,None Required,Completed Implementation Programmes were endorsed by the respective Municipalities earlier than anticipated. This Target is measured on a completed plus endorsed Implementation Programmes.,Future target setting to be reviewed.,N/A,,Please provide the reason for deviation.,,125
Human Settlements,Human Settlements,KwaZulu Natal,"Programme 2: Housing Needs, Research and Planning",Sub-programme 2.3: Planning,Quarterly,Percentage of investment of the total Human Settlements allocation in PDAs,Standardized,Not  Applicable,"Priority 5: Spatial Integration, Human Settlements and Local Government",-,"The Social Protection, Community and Human Development cluster",0 %,0 %,0 %,0 %,0 %,0 %,10 %,17 %,10 %,17 %,,,,,Not targeted for the current quarter,None Required,,Not targeted for the current quarter.,None Required,N/A,Not targeted for in the current quarter,None Required,"Additional Expenditure was incurred on the Projects within the PHDA's that have Bulks Funding, in order to unlock the respective blocked Projects for Human Settlements developments.",Future target setting to be reviewed.,N/A,,,,125
Human Settlements,Human Settlements,KwaZulu Natal,"Programme 2: Housing Needs, Research and Planning",Sub-programme 2.3: Planning,Quarterly,Percentage of land acquired during 2014-2019 within the PDA’s rezoned ,Standardized,Not  Applicable,"Priority 5: Spatial Integration, Human Settlements and Local Government",-,"The Social Protection, Community and Human Development cluster",0 %,0 %,0 %,0 %,0 %,0 %,5 %,0 %,5 %,0 %,,,,,Not targeted for the current quarter,None Required,,Not targeted for the current quarter.,None Required,N/A,Not targeted for in the current quarter,None Required,"Due to the Budget cuts that were implemented in Quarter 3 of 2024.25, no land was purchased during the financial year. The Project for re-zoning is at inception stage.",Future target setting will be reviewed.,N/A,,"Please review the reason for deviation, it is not in line with the actual output.",,125
Human Settlements,Human Settlements,KwaZulu Natal,"Programme 2: Housing Needs, Research and Planning",Sub-programme 2.4: Research,Annually,2.16 Number of reports developed in terms of approved research studies,Non-Standardized,Not  Applicable,"Priority 5: Spatial Integration, Human Settlements and Local Government",Human Settlement and sustainable livelihood  ,"Governance, State Capacity and Institutional Development cluster",,,,,,,2,2,2,2,,Target achieved,None Required,,,,,,,,,,,,,,,,125
Human Settlements,Human Settlements,KwaZulu Natal,Programme 3: Housing Development,Sub-programme 3.2: Financial Interventions,Annually,Number of social housing institutions accredited,Non-Standardized,Not  Applicable,"Priority 5: Spatial Integration, Human Settlements and Local Government",Human Settlement and sustainable livelihood  ,"Governance, State Capacity and Institutional Development cluster",,,,,,,2,2,2,2,,Target achieved,None Required,,,,,,,,,,,,,,,,125
Human Settlements,Human Settlements,KwaZulu Natal,Programme 3: Housing Development,Sub-programme 3.2: Financial Interventions,Quarterly,3.19 Number of designated groups companies trained,Non-Standardized,Not  Applicable,"Priority 5: Spatial Integration, Human Settlements and Local Government",Human Settlement and sustainable livelihood  ,"Governance, State Capacity and Institutional Development cluster",0,0,20,0,70,0,80,0,170,0,,,,,Not targeted for the current quarter,None Required,,Budgetary constraints have hampered delivery in this programme.,Future target setting will be reviewed.,The department is advised to revise the corrective action statement (indicate what measure are planned or have been implemented to correct the deviation),Delivery on this indicator was hampered by the budget constraints that resulted in the unavailability of  funds to procure a service provider to undertake  the accredited Skills Training Programme.,Funding has been leveraged from the National Skills Fund to implement skills training programme. Recruitment and selection process has commenced and training of all 170 businesses is planned for implementation in Quarter 4.,Delivery on this indicator was hampered by the budget constraints that resulted in the unavailability of funds to procure a service provider to undertake the accredited Skills Training Programme.,Funding has been leveraged from the National Skills Fund to implement skills training programme. Recruitment and selection process has commenced and training of all 170 businesses is planned for implementation in Quarter 2 of the 2025/26 financial year.,Noted.,,"Please review the corrective action. This is Q4, was the training implemented? ",,125
Human Settlements,Human Settlements,KwaZulu Natal,Programme 3: Housing Development,Sub-programme 3.2: Financial Interventions,Quarterly,3.20 Number of work opportunities created through EPWP aligned projects,Non-Standardized,Not  Applicable,"Priority 5: Spatial Integration, Human Settlements and Local Government",Human Settlement and sustainable livelihood  ,"Governance, State Capacity and Institutional Development cluster",1200,2465,1200,579,2500,923,1000,865,5900,4832,,,,,Quarter 1 Target has been achieved and exceeded as a result of projects which were reporting in Quarter 4 of the 2023/2024 financial year which continued to report in Quarter 1 of the 2024/2025 financial year.,Achievement to be considered for future targeting where the unit will be mindful of multiyear projects. ,The department is reminded to capture output for the quarter when submitting to oversight. Please update output before submission to accounting officer.,Due to budget constraints the Department is unable to meet quarterly targets.,Future targeting to be made based on available budget..,N/A,Housing projects have been affected by budget cuts which directly affects the creation of work opportunities where most project are on hold or inactive.,"The unit to ensure that all active projects are reporting on the EPWP system in order to reduce deficit however, the department will not meet the set target.",Housing projects have been affected by budget cuts which directly affects the creation of work opportunities where most project are on hold or inactive.,"The unit to ensure that all active projects are reporting on the EPWP system in order to reduce deficit however, the department will not meet the set target.",Noted.,,,,125
Human Settlements,Human Settlements,KwaZulu Natal,Programme 3: Housing Development,Sub-programme 3.2: Financial Interventions,Quarterly,3.21 Number of full time equivalent (FTE's) achieved through EPWP aligned projects,Non-Standardized,Not  Applicable,"Priority 5: Spatial Integration, Human Settlements and Local Government",Human Settlement and sustainable livelihood  ,"Governance, State Capacity and Institutional Development cluster",250,317,300,248.7,935,134.6,215,113.3,1700,480,,,,,Quarter 1 Target has been achieved and exceeded as a result of projects which were reporting in Quarter 4 of the 2023/2024 financial year which continued to report in Quarter 1 of the 2024/2025 financial year.,Achievement to be considered for future targeting where the unit will be mindful of multiyear projects. ,The department is reminded to capture output for the quarter when submitting to oversight. Please update output before submission to accounting officer.,Due to budget constraints the Department is unable to meet quarterly targets.,Future targeting to be made based on available budget..,N/A,Housing projects have been affected by budget cuts which directly affects the creation of FTEs where most project are on hold or inactive.,"The unit to ensure that all active projects are reporting on the EPWP system in order to reduce deficit however, the department will not meet the set target.",Housing projects have been affected by budget cuts which directly affects the creation of FTEs where most project are on hold or inactive.,"The unit to ensure that all active projects are reporting on the EPWP system in order to reduce deficit however, the department will not meet the set target.",Noted.,,,,125
Human Settlements,Human Settlements,KwaZulu Natal,Programme 3: Housing Development,Sub-programme 3.2: Financial Interventions,Quarterly,3.22 Number of person's days of work created through EPWP aligned projects,Non-Standardized,Not  Applicable,"Priority 5: Spatial Integration, Human Settlements and Local Government",Human Settlement and sustainable livelihood  ,"Governance, State Capacity and Institutional Development cluster",57500,72927,69000,57196,215050,30956,49450,26063,391000,187142,,,,,Quarter 1 Target has been achieved and exceeded as a result of projects which were reporting in Quarter 4 of the 2023/2024 financial year which continued to report in Quarter 1 of the 2024/2025 financial year.,Achievement to be considered for future targeting where the unit will be mindful of multiyear projects. ,The department is reminded to capture output for the quarter when submitting to oversight. Please update output before submission to accounting officer.,Due to budget constraints the Department is unable to meet quarterly targets.,Future targeting to be made based on available budget..,N/A,Housing projects have been affected by budget cuts which directly affects the creation of person days of work  where most project are on hold or inactive.,"The unit to ensure that all active projects are reporting on the EPWP system in order to reduce deficit however, the department will not meet the set target.",Housing projects have been affected by budget cuts which directly affects the creation of person days of work where most project are on hold or inactive.,"The unit to ensure that all active projects are reporting on the EPWP system in order to reduce deficit however, the department will not meet the set target.",Noted.,,,,125
Human Settlements,Human Settlements,KwaZulu Natal,Programme 3: Housing Development,Sub-programme 3.2: Financial Interventions,Quarterly,3.23 Number of EPWP beneficiaries provided with accredited training,Non-Standardized,Not  Applicable,"Priority 5: Spatial Integration, Human Settlements and Local Government",Human Settlement and sustainable livelihood  ,"Governance, State Capacity and Institutional Development cluster",0,0,140,226,60,60,60,0,260,286,,,,,Not targeted for the current quarter,None Required,,Target was exceeded due to the beneficiaries trained in the 1st Quarter and reported in the current quarter since there was not target set for Quarter 1.,Future target setting will be reviewed.,The department is advised to kindly revise both reason for deviation and corrective action.,Target has been achieved.,None Required,The planned training for Q4 was implemented in Q2 and Q3 thus the Department has achieved and exceeded its training target for the financial year.,Current performance to be used for future targeting.,N/A,,,,125
Human Settlements,Human Settlements,KwaZulu Natal,Programme 3: Housing Development,Sub-programme 3.2: Financial Interventions,Quarterly,Number of households that received subsidies through FLISP (Finance Linked Individual Subsidy Programme),Standardized,Not  Applicable,"Priority 5: Spatial Integration, Human Settlements and Local Government",-,"The Social Protection, Community and Human Development cluster",99,92,99,93,99,76,103,69,400,330,,,,,"   Non-achievement of optimal performance on target was affected by:                                                                        1) Applicants not meeting the stringent qualifying criteria, namely income threshold as capped at R22000 gross household income per month.                                                                                                                                         
2) Lack of awareness of the availability of this subsidy and its process.                                                                                                         3. Recent interest rate hikes have affected the entry level buyers in the Affordable Market.    ","1) The new FLISP Policy in implementation will assist with new initiatives to deliver FLISP, especially via the non-mortgage options.
2) To increase awareness KZN FLISP is continuing with the Communications Drive and                                                                                                                3.Strategic arrangements of on-line receipt applications with beneficiaries and stakeholders has also been key to increase efficiency in the process.
",,"Non-achievement of optimal performance on target was affected by:                                                                        1) Applicants not meeting the stringent qualifying criteria, namely income threshold as capped at R22000 gross household income per month.                                                                                                                                         
2) Lack of awareness of the availability of this subsidy and its process.                                                                                                         3) Recent interest rate hikes have affected the entry level buyers in the Affordable Market.    ","1) The new FLISP Policy in implementation will assist with new initiatives to deliver FLISP, especially via the non-mortgage options.
2) To increase awareness KZN FLISP is continuing with the Communications Drive and                                                                                                                3) Strategic arrangements of on-line receipt applications with beneficiaries and stakeholders have also been key to increase efficiency in the process.",The department is advised to revise the corrective action statement (indicate what measure are planned or have been implemented to correct the deviation),"Non-achievement of optimal performance on target was affected by:                                                                        
1) Applicants not meeting the stringent qualifying criteria, namely income threshold as capped at R22000 gross household income per month.                                                                                                                                      
2) Lack of awareness of the availability of this subsidy and its process.                                                                                                         
3. Recent interest rate hikes have affected the entry level buyers in the Affordable Market.","1) The new FLISP Policy in implementation will assist with new initiatives to deliver FLISP, especially via the non-mortgage options 
2) To increase awareness KZN FLISP is continuing with the Communications Drive.   ",The under-performance is attributed to :                                                                                                                      1) Applicants not meeting the stringent qualifying criteria                                                                                        2) Lack of awareness of the subsidy programme                                                                                                   3) Recent interest rate hikes deterring potential buyers                                                                                                           4) Presence of the NHFC in the Province that is also processing FLISP applications.     ,"1) Certain requirements have been relaxed such as strictly proving relationship to a dependant as well as the provision of bank statements.                               
2) A new communication strategy has been prepared for approval. However, Finance did not approve the funding due to budget constraints. In the interim, the Department's website is currently being updated with the new revised Frequently Asked Questions (FAQ), FLISP brochure and leaflet as these do not require a budget.                                    3) The decrease in the interest rates recently has allowed for more potential buyers to purchase properties and apply for First Home Finance (FLISP)                                                                                          4) The Communication Strategy as well as the FLISP unit accompanying the Consumer Education Unit will assist in attracting more applicants to apply via the Department's FLISP Unit due to widespread advertising and to cover more areas in the province than the NHFC.                                                                                                                                                                                                                                                                                                                                                                                                                                                                                                                                                                                                                         The over-expenditure, however, can be attributed to the new revised subsidy quantum allowing applicants in the same income group from the previous years now qualifying for higher subsidies especially the lower income groups who are qualifying for a bigger portion of the budget.  
",Noted.,,,The output is noted however not verified by National,125
Human Settlements,Human Settlements,KwaZulu Natal,Programme 3: Housing Development,Sub-programme 3.3: Incremental Interventions,Annually,Number of informal settlements upgraded to phase 3 of the Upgrading of Informal Settlements Programme (UISP),Standardized,Not  Applicable,"Priority 5: Spatial Integration, Human Settlements and Local Government",-,"The Social Protection, Community and Human Development cluster",,,,,,,2,0,2,0,,"Due to 2024/25 financial year being the first year of budget cuts, there are activities that could not be completed as budget had to reallocated to projects which were already on the ground.",New projects are expected to commence in the 2025/26 financial year.,,,,,,,,,,,,,,,,125
Human Settlements,Human Settlements,KwaZulu Natal,Programme 3: Housing Development,Sub-programme 3.3: Incremental Interventions,Quarterly,3.10 Number of MVHP houses units delivered,Non-Standardized,Not  Applicable,"Priority 5: Spatial Integration, Human Settlements and Local Government",Human Settlement and sustainable livelihood  ,"Governance, State Capacity and Institutional Development cluster",25,1,25,11,25,0,25,20,100,32,,,,," The under-performance is due to the following:   
1)Delays caused by unauthorised connections passing through the construction site, as well as delays related to sewer connections managed by the Municipality. 
2) The stoppage of commencement of construction on eThekwini Savanah Park site delayed the construction. 
3) The approval to change of professional team & contractor in compliance with NHBRC hindered the anticipated start dates of construction in other sites.","1) Illegal connections have been removed, and work on sewer connections is currently in progress, with completion expected to be reported in Quarter 2. 
2) Social facilitation meeting to engagement of stakeholders and community representative was undertaken to unlock the issues. 
3) The approvals for the  change of professional team & contractors was obtained and the contractor commenced on site with work in progress that is anticipated to yield completed units by Quarter 2.",,"The instrument was affected by Socio Political challenges in the acceptance of the project within certain area of eThekwini. 
Total of 21 units were completed in the current quarter but only 11 were paid for. The balance of 10 units were paid for  in October and will be reported in Quarter 3.","The engagements with the affected ward counselors has been undertaken by the Department, the issues have been resolved and construction has commenced. ",The department is advised to kindly revise both reason for deviation and corrective action statement.,"Target was not achieved because:
1) The instrument was affected by socio-political challenges in the acceptance of the project within certain area of eThekwini. 
2) Some sites  in eThekwini are being invaded by community members claiming to own the sites without legal documentation. 
3) Shortage of sites in eThekwini is also affecting the construction as some sites still require planning activities. 
","1) The engagements with the affected ward councilors has been undertaken by the Department, the issues have been resolved and construction has commenced. 
2) The Department has requested the Metro to intervene on the invasions since the sites affected belong to them.
2) The Department has further extended the scope of the service providers to start with construction on the available sites. ","Target was not achieved because:
1) The instrument was affected by socio-political challenges in the acceptance of the project within certain area of eThekwini. 
2) Some sites  in eThekwini are being invaded by community members claiming to own the sites without legal documentation. 
3) Shortage of sites in eThekwini is also affecting the construction as some sites still require planning activities. 
","1) The engagements with the affected ward councilors has been undertaken by the Department, the issues have been resolved and construction has commenced. 
2) The Department has requested the Metro to intervene on the invasions since the sites affected belong to them.
2) The Department has further extended the scope of the service providers to start with construction on the available sites. ",Noted.,,,,125
Human Settlements,Human Settlements,KwaZulu Natal,Programme 3: Housing Development,Sub-programme 3.3: Incremental Interventions,Quarterly,3.11 Number of IRDP houses (units) delivered,Non-Standardized,Not  Applicable,"Priority 5: Spatial Integration, Human Settlements and Local Government",Human Settlement and sustainable livelihood  ,"Governance, State Capacity and Institutional Development cluster",244,287,318,217,376,106,341,324,1279,934,,,,,"The over-performance is due to the following:                                                                         1)Amajuba: there were challenges on inception of the Danhauser Housing Project due to beneficiary administration, this among other challenges has been resolved and capacity has been increased and performance is in line with the recovery plan.                                              2)ILembe: Performance in line with the development programme for Inyoni Housing Project.",1)Close monitoring underway and the IAs have been advised to align with the business plan projections.,kindly provide corrective action statement and expand on the reason for deviation.,"1)Ethekwini: There are invoices that could not be processed in Quarter with completions due to financial constraints. 
2)King Cetshwayo: Dumisane Makhaye had delays due to material supply for the retaining walls. 3) Amajuba: tthere are invoices with completions that could not be processed for Dannhauser Housing Project due to financial constraints. 
4) Harry Gwala: there is lack of bulk water supply which has affected Ithubalethu Project.","1) Payments have been processed in the month of October and delivery will be reported in the third quarter of the financial year. 
2) The IA has requested to prioritize units at roof level to allow for occupation while the material is delivered. 
3) The business plan has been revised to align with invoices submitted and the expected delivery.  
4) Ongoing engagements are underway with the District Municipality. ",N/A,"Target was not achieved because:
1) Amajuba: Project under Dannhauser was delayed due to water connections                                                    
2) King Cetshwayo: there are projects within the district which are affected by poor workmanship and delays in the material supply for retaining walls.                                                                                                                            
3) Projects in all districts have been affected for funding limitations.
4) Umgungundlovu, Copesville  project could not commence due to social issues whereby there was conflict between the two Ward Councilors as a result of the project boundary changes  which affected the project in the 1st Quarter. ","1) Amajuba: water has been connected to units that were completed and invoices will be processed in Quarter 4 of the financial year.                                                                                                                                                                  
2) King Cetshwayo: IA has appointed a new professional team that has more expertise in Human Settlements Projects.                                                                                                                                                            
3) Movement of fund applications are being submitted for approval to allow for processing of invoices with sites
4) The issue was  resolved through the engagement with municipality but project could not have sufficient funding to commence since it is a greenfield project and requires more funding.","The under-performance is attributed to;                                                                                                            1)Umzinyathi: There were delays with the appointment of a service provider for projects.                                      2)Umgungundlovu: a)Copesville Housing Project could not commence due to funding constraints, funding therefore had to be moved to other projects where construction had already commenced. b) KwaMevana was affected by poor performance.                                                                                                                                                                  3)EThekwini: there were delays with the construction of houses under Burlington due to geotechnical challenges on the ground. Oakford Project was affected by non-existence of bulk infrastructure and delays by the municipality. Ntuzuma was affected by huge number of beneficiaries in the way of services.            4) King Cetshwayo: Dumisane Makhaye was delayed due to some of the units which required retaining wall.                                                                                                                                                             5) Ilembe: Inyoni Phase 1 was abandoned by the IA .","1)Umzinyathi: Appointments have been concluded and conclusion of agreement underway.                                                                                                                                               2) Umgungundlovu: Contract was not renewed for KwaMevana.                                       3) EThekwini: Additional resources have been added to Burlington, Constant engagement with the Municipal's water and sanitation components and layout has been changed for Ntuzuma and all planning aspects had to be factored in.                             4) King Cetshwayo: additional resources added to allow the completion of these units.           5)ILembe: Notice of breach has been issued by the Department.",Noted.,,,,125
Human Settlements,Human Settlements,KwaZulu Natal,Programme 3: Housing Development,Sub-programme 3.3: Incremental Interventions,Quarterly,3.12 Number of houses (units) delivered through the consolidation subsidy programme,Non-Standardized,Not  Applicable,"Priority 5: Spatial Integration, Human Settlements and Local Government",Human Settlement and sustainable livelihood  ,"Governance, State Capacity and Institutional Development cluster",85,78,43,43,10,20,0,8,138,149,,,,,The under-performance is due to the following;                                                                           1) uMgungundlovu: there were delays with the processing of an invoice for Thembalihle Housing Project by the Municipality.,1)Payment of the delayed invoice to be processed in the second quarter.,,Target has been achieved.,None Required,N/A,"Target was exceeded because:
1) The beneficiaries that the technical challenges that affected the approval of beneficiaries on the Housing Subsidy System (HSS)  have been resolved. 
2) The new service providers are performing better. ","1) None required as the reported over-achievement makes up for the shortfall in the previous quarter.
2) The projects are closely monitored in line with the se annual target.","Due to the Budget cuts that was implemented in Quarter 3 of 2024.25, there have been delays in the completion of projects, the units reported in this quarter were not budgeted to perform in the current quarter however due to delays in previous quarters delivery could only be reported in Q4.",Future target setting will be reviewed.,Noted.,,,,125
Human Settlements,Human Settlements,KwaZulu Natal,Programme 3: Housing Development,Sub-programme 3.3: Incremental Interventions,Quarterly,3.13 Number of IRDP serviced sites delivered,Non-Standardized,Not  Applicable,"Priority 5: Spatial Integration, Human Settlements and Local Government",Human Settlement and sustainable livelihood  ,"Governance, State Capacity and Institutional Development cluster",1,0,0,0,38,0,384,0,423,0,,,,,Target was not achieved due to the delay in finalizing the internal services design from the IA's side. IA changed the project engineer and the drafting of contract was recently finalized.,"Number of interventions have been put in place to ensure project progress with the IA, DOHS and Municipality and further actions will be taken to fast track the project and to cover non-delivered targets.",kindly provide corrective action statement and expand on the reason for deviation.,Not targeted for the current quarter,None Required,N/A,Target was not achieved due to the delay in finalizing the internal services design from the IA's side. IA changed the project engineer and the drafting of contract was has been finalized.,"Number of interventions have been put in place to ensure project progress with the IA, DOHS and Municipality and further actions will be taken to fast track the project and to cover non-delivered targets.",The under-performance is attributed to;                                                                                                              1) EThekwini: Cornubia was affected by Rain delays which therefore resulted to internal services not being completed.                                                                                                                                                  2) Ilembe: Inyoni IRDP Phase 4 was affected by heavy rains as the terrain in the area.,1) EThekwini :Civil contractor to speed up progress in line with the Development Programme.                                                                                                                   2) Ilembe: Inyoni Service Provider has been requested to add capacity to recover lost period.,Noted.,,,,125
Human Settlements,Human Settlements,KwaZulu Natal,Programme 3: Housing Development,Sub-programme 3.3: Incremental Interventions,Quarterly,3.14 Number of UISP serviced sites delivered,Non-Standardized,Not  Applicable,"Priority 5: Spatial Integration, Human Settlements and Local Government",Human Settlement and sustainable livelihood  ,"Governance, State Capacity and Institutional Development cluster",196,264,233,33,231,109,322,429,982,835,,,,,The over-performance is due to the following:                                                                         1)Amajuba: the project period for JBC is coming to an end on the month of October therefore production has been increased to align delivery with the remaining months. ,1) Project is monitored closely and the district has managed to source additional funding to pay for the works.,kindly provide corrective action statement and expand on the reason for deviation.,"1) Uthukela: Ephangweni Housing Project has been affected by socio-political and technical challenges.  
2) Ilembe: invoices processed were for work done hence no sites could be reported.","1)The Department, Municipality and IA are in the process of resolving the mentioned challenges and a recovery plan has been prepared.   
2) The business plan has been revised to align with invoices submitted and the expected delivery.","Reason for deviation is noted, however, the corrective action statement needs to be revised.","Target was not achieved because:
1) There are projects where sites could not be fully serviced as per the definition of the technical indicator for sites that requires sites to be services with water, sanitation, roads and storm water before they can be reported. As at the end of the current quarter there were 590 sites serviced with water, 382 serviced with sanitation, 1,042 serviced with roads and 928 serviced with storm-water.
2 )Delays emanating from the  insufficient bulk infrastructure capacity. In the Ilembe District there are 193 sites serviced with water, roads and storm-water but sanitation reticulation could not be installed due to the unavailability of the bulk infrastructure.","1) The technical indicator definition was raised with the National Department and resolution taken was for the Provincial Departments to only report on completed sites at the end of the financial year starting from 2025/26.


2) The Department engaging with affected District Municipality on the bulk infrastructure challenge.",Target exceeded ,None required as the reported over-achievement makes up for the under-performance in the IRDP Category.,Noted.,,,,125
Human Settlements,Human Settlements,KwaZulu Natal,Programme 3: Housing Development,Sub-programme 3.3: Incremental Interventions,Quarterly,3.7 Number of post 1994 tittle deeds registered,Non-Standardized,Not  Applicable,"Priority 5: Spatial Integration, Human Settlements and Local Government",Human Settlement and sustainable livelihood  ,"Governance, State Capacity and Institutional Development cluster",0,0,40,186,255,43,410,21,705,250,,,,,Not targeted for the current quarter,None Required,,Target was exceeded due to the title deeds issued in the 1st Quarter and reported in the current quarter since there was not target set for Quarter 1.,None required as the over-performance makes up for under-performance in the Title Deeds Programme.,N/A,"1)   A delay has occurred with the signing of sale agreements by eDumbe Municipality for 55 properties and in Umdoni Municipality for 47 properties. 
2) The signing of the POA progressed slowly, causing delays for 119 properties in uMlalazi Municipality.",Municipalities are encouraged to timeously finalize the signing of sale agreements and follow ups are being made on a regular basis as this hinders the delivery of title deeds.,"72 properties could not be lodged due to pending rates clearance certificates for Vryheid Ext 16 Housing Project in Abaqulusi Municipality. The signing of the POA progressed slowly, causing delays for 119 properties in uMlalazi Municipality. 100 Ntuzuma transferred were delayed due to late receipt of rates clearance certificates. 55 title deeds in Nquthu delayed due to lapse of contract. 50 in Newcastle Municipality delay in resolving disputes due to the withdrawal of Conveyancers. ","Engagements have been made with the Municipality to fast track the issuing of title deeds. The Municipalities have been encouraged to sign all relevant the documents timeously, follow ups are being made on a regular basis. New SCM process underway for Nquthu Municipality. in Newcastle a new SCM process underway to appoint new convayancers.",Noted.,,"Please review the corrective. This is Q4, was the payment made?",The output is noted however not verified by National,125
Human Settlements,Human Settlements,KwaZulu Natal,Programme 3: Housing Development,Sub-programme 3.3: Incremental Interventions,Quarterly,3.8 Number of post 2014 tittle deeds registered,Non-Standardized,Not  Applicable,"Priority 5: Spatial Integration, Human Settlements and Local Government",Human Settlement and sustainable livelihood  ,"Governance, State Capacity and Institutional Development cluster",248,26,36,11,66,1,112,0,462,38,,,,," The under-performance is due to the following:                                                                                1) uThukela: there are delays with the transfer of land between the Rural Development and the Municipality.   
2.) King Cetshwayo: there were delays with the submission of an invoice for Sunnydale by the IA due to challenges that they have with their conveyancer.  
3) eThekwini :There were delays for some deceased beneficiaries under Cornubia which have delayed the process at the Deeds Office.                                                   ","1) Follow-ups are being made on regular basis as this hinders the delivery of title deeds.                2)Title deeds for King Cetshwayo will be reported under Quarter 2.                                                                          3) The municipality is dealing with deceased estates, determining respective next of kin so that conveyancing can be finalized.",,"1) UThukela: there are challenges encountered in transferring land from Rural Development to the Municipality for Lochsloy Housing Project.     
2) Ethekwini: there were delays with issuing of Section 28,1 Certificate due to some remedial works required for some of the projects. 
3) Umgungundlovu: there is an invoice which could not be processed in the month of September 2024.",1) The IA is assisting the municipality in order to fast-track the transfer process.                                                                                2) The Metro is attending to the remedial actions required.                                                                                                  3) Invoice processed in the month of October.,N/A,"There were delays with the issuing of Section 28,1 Certificate in eThekwini Metro due to some remedial work requirements.",The Metro is currently attending to the remedial works and payment is to follow in Quarter 4.,Target was not achieved.,Over-achievement in the New Title Category makes up for the shortfall in this category.,Noted.,,"Please review the corrective. This is Q4, was the payment made?",The output is noted however not verified by National,125
Human Settlements,Human Settlements,KwaZulu Natal,Programme 3: Housing Development,Sub-programme 3.3: Incremental Interventions,Quarterly,3.9 Number of new tittle deeds registered,Non-Standardized,Not  Applicable,"Priority 5: Spatial Integration, Human Settlements and Local Government",Human Settlement and sustainable livelihood  ,"Governance, State Capacity and Institutional Development cluster",50,187,45,127,160,311,45,402,300,1027,,,,,"The over-performance is due to the following:                                                                         1)King Cetshwayo: there are title deeds for Empangeni 1C that were completed in the last quarter 2023/24 financial year but could not be processed in within the said period as there were delays with sourcing supporting documents.                                                                                                  2)uMgungundlovu: there is an invoice for KwaMevana which could not be processed in the last quarter of 2023/24 financial year due to some discrepancies that were identified. These were resolved however, the payment was only finalized in the 2024/25 financial year.",1)Service Provider has been encouraged to timeously submit all invoices to align with the business plan targets.                                                                                                                           2) Service Provider encouraged to timeously address any discrepancies in future.,,"1) UThukela: Acaciaville challenges have been resolved hence the delivery of title deeds and the IA has increased the rate in order to align the recovery programme.  
2) Amajuba: Overperformance is due to Goedehoop Housing Project as challenges had been resolved.","1) Progress is being closely monitored.                                                         
2) The business plan has been revised to align with invoices submitted and the expected delivery.  ",N/A,Target has been Exceeded.,"None required as the reported over-achievement makes up for the overall under-performance in the title deeds programme.
",Amajuba: there were delays which had been previously encountered under Goedehoop which were later resolve hence the overperformance. ,None Required as the reported over-achievement makes up for the under-performance in the Post-2014 Category.,"Noted. however, please consider this overachievement for future target setting.",,,The output is noted however not verified by National,125
Human Settlements,Human Settlements,KwaZulu Natal,Programme 3: Housing Development,Sub-programme 3.3: Incremental Interventions,Quarterly,Number of Breaking New Ground (BNG) houses delivered,Standardized,Not  Applicable,"Priority 5: Spatial Integration, Human Settlements and Local Government",-,"The Social Protection, Community and Human Development cluster",1568,2576,1972,1517,1845,1447,1561,3104,6946,8644,,,,,"The over-performance is due to the following:                                                                         1) Payment of invoices for work done which could not be paid for in the last financial year. 
2)Huge works in progress converted to completions in the current quarter.                                                       3)Performance in line with development programmes.","1) Request for movement of funds submitted for approval to cater for invoices where there are constraints.
2)Service Providers requested to perform and spend thereof in line with the set targets.",kindly provide corrective action statement and expand on the reason for deviation.,"The reasons for underperformance are as follows:              
1) Poor performance of Service Providers,                                
2) Sites with topographical challenges thus making it difficult to be accessible,                                                                        3) Invoices that could not be processed in the quarter due to funding exhausted for the quarter as payments made were for works in progress,                                                              
4) Delays in sourcing material for retaining walls, and          
5 ) Lack of bulk water supply.","1)Notices of breach have been issued,                                       
2) Additional funding made available for projects affected in line with the new policy,                                                             3) Business Plan submitted to align with invoices and expected delivery,                                                                                    4) Priority is given to converting roofs to completions while awaiting material for retaining walls,                                    5) District Municipality continuously engaged in order to resolve the matter.",N/A,"The reasons for underperformance are as follows:                                                                                                          
1) Umkhanyakude: Termination of services due to poor performance and other projects were affected by social issues whereby community members demanded increased labour rates.                                                                                                                                                                    
2)  King Cetshwayo: Most OSS projects are affected by access due to bad terrain in the area.                           
3 )Umgungundlovu: there were non-compliances issued to some projects due to contractor's capacity.         
4) eThekwini: Poor performance of contractors and other projects affected by site conditions.                         
5) Zululand: the district is busy with the appointment of service providers for two projects where one surrendered the projects and the one where contract was not extended due to poor performance.                    
6) Amajuba: Projects affected by water connections.                                                                                                    
7) Projects in all districts have been affected for funding limitations.","1) Umkhanyakude: Appointment of a new service provider underway and the social issues were resolved through community engagements.                                                                                                                                                                                          
2) King Cetshwayo: The municipality is assisting with access roads.                                                                                         
3) Umgungundlovu: Letters have been issued to address poor performance (capacity matters)                         
4) eThekwini: Notices of breach have been issued to service providers not performing.                                                
5) Zululand: The district is closely monitoring other OSS project ensuring that they are in line with their development programme.                                                                                                                                                   
6) Amajuba: Connections have been completed and units will be reported for in Quarter 4.                                 
7) Movement of fund applications are being submitted for approval to allow for processing of invoices with sites. ",The over-performance is attributed to;                                                                                                     1) The Department took a resolution to temporarily suspend all new projects to allow for movement to cater for the deficit on projects already on the ground.                                                                                             2) Movement of funds were approved for the last three months of the year to accommodate processing of invoices with completions.,"1) New projects to commence in the 2025/26 financial year.                                               
2) New business for 2025/26 plan has catered for the need on the ground.",Noted.,,,The output is noted however not verified by National,125
Human Settlements,Human Settlements,KwaZulu Natal,Programme 3: Housing Development,Sub-programme 3.3: Incremental Interventions,Quarterly,Number of serviced sites delivered,Standardized,Not  Applicable,"Priority 5: Spatial Integration, Human Settlements and Local Government",-,"The Social Protection, Community and Human Development cluster",197,264,233,33,269,109,706,429,1405,835,,,,,"The over-performance is due to the following:                                                                         1) Increased production due to Project Period coming to an end.                                       
 2) Performance in line with recovery plan for those that had been issued with notice of breach.","1) Request for movement of funds submitted for approval to cater for invoices where there are constraints.
2)Service Providers requested to perform and spend thereof in line with the set targets. ",kindly provide corrective action statement and expand on the reason for deviation.,"The reasons for underperformance are as follows:                 
1) Ephangweni housing under uThukela has been affected by socio-political and technical challenges.                             
2) Ilembe District had invoices that could not be processed within the quarter as funding for this period had been exhausted ","1)The Department, Municipality and IA are in the process of resolving the mentioned challenges and a recovery plan has been prepared.  
 2) The business plan has been revised to align with invoices submitted and the expected delivery.","Reason for deviation is noted, however, the corrective action statement needs to be revised.","Target was not achieved because:
1) There are projects where sites could not be fully serviced as per the definition of the technical indicator for sites that requires sites to be services with water, sanitation, roads and storm water before they can be reported. As at the end of the current quarter there were 590 sites serviced with water, 382 serviced with sanitation, 1,042 serviced with roads and 928 serviced with stormwater.
2 )Delays emanating from the  insufficient bulk infrastructure capacity. In the Ilembe District there are 193 sites serviced with water, roads and storm-water but sanitation reticulation could not be installed due to the unavailability of the bulk infrastructure.","1) The technical indicator definition was raised with the National Department and resolution taken was for the Provincial Departments to only report on completed sites at the end of the financial year starting from 2025/26.


2) The Department engaging with affected District Municipality on the bulk infrastructure challenge.","The under-performance is attributed to;                                                                                                1) Ilembe: Nyathikazi and Sihle Housing Project: People settling in the way of internal services.               
2) uThukela: Ephangweni Phase 1 and 2 was delayed due to division of sites rejections of Phase 4 and 5 by beneficiaries thus resulted to the project being on hold.                                                                        3) Amajuba: there are milestones that have not been completed for JBC hence sites cannot be reported.     
4) EThekwini and Ilembe: Cornubia and Inyoni Phase 4 Projects were affected by heavy rains.","1) Ilembe: Project has been recommended for replanning in order to deal with the matter of people who have settled in the way.                                                                                  
2) Uthukela : the Department, Municipality and PSC are in the process of resolving the matter with the affected beneficiaries.                                                                     
3) Amajuba: Service Providers have been encouraged to fast-track other milestones to allow for service sites to be reported.                                                                                
4) Service Providers requested to increase capacity in order to catch up with the programme.",Noted.,,,The output is noted however not verified by National,125
Human Settlements,Human Settlements,KwaZulu Natal,Programme 3: Housing Development,Sub-programme 3.4: Social and Rental Intervention,Annually,Default,Not Applicable,Not  Applicable,Not Applicable,-,Not Applicable,,,,,,,,,0,0,,N/A,N/A,,,,,,,,,,,,,,,,125
Human Settlements,Human Settlements,KwaZulu Natal,Programme 3: Housing Development,Sub-programme 3.4: Social and Rental Intervention,Annually,Number of social housing projects approved for Consolidated Capital grant funding,Non-Standardized,Not  Applicable,"Priority 5: Spatial Integration, Human Settlements and Local Government",Human Settlement and sustainable livelihood  ,"Governance, State Capacity and Institutional Development cluster",,,,,,,2,1,2,1,,SHRA had limited budget for the financial year to approve new projects due to budget cuts,SHRA to indicate project funding available for new projects in the financial year,,,,,,,,,,,,,,,,125
Human Settlements,Human Settlements,KwaZulu Natal,Programme 3: Housing Development,Sub-programme 3.4: Social and Rental Intervention,Quarterly,Number of Community Residential Units (CRU) delivered,Standardized,Not  Applicable,"Priority 5: Spatial Integration, Human Settlements and Local Government",-,"The Social Protection, Community and Human Development cluster",0,0,0,0,0,0,270,0,270,0,,,,,Not targeted for the current quarter,None Required,,Not targeted for the current quarter.,None Required,N/A,Not targeted for the current quarter ,None required,The underperformance is because of work done on the projects but could not be reported due to audit finding from previous year.,Indicator has been revised for the new financial year to allow for reporting.,N/A,,,,125
Human Settlements,Human Settlements,KwaZulu Natal,Programme 3: Housing Development,Sub-programme 3.4: Social and Rental Intervention,Quarterly,Number of rental social housing units delivered,Standardized,Not  Applicable,"Priority 5: Spatial Integration, Human Settlements and Local Government",-,"The Social Protection, Community and Human Development cluster",0,0,0,0,0,0,0,,0,0,,,,,N/A,N/A,,Not targeted for the current quarter.,None Required,N/A,Not targeted for the current quarter,None required,,,N/A,,Please capture the actual output even if the target is zero.,,125
Human Settlements,Human Settlements,KwaZulu Natal,Programme 3: Housing Development,Sub-programme 3.5: Rural Intervention,Quarterly,3.16 Number of houses(units) delivered through OSS intervention for vulnerable groups,Non-Standardized,Not  Applicable,"Priority 5: Spatial Integration, Human Settlements and Local Government",Human Settlement and sustainable livelihood  ,"Governance, State Capacity and Institutional Development cluster",268,198,296,116,190,86,116,184,870,584,,,,,"The under-performance is due to the following:                                                                           1) eThekwini: poor performance by Service Providers appointed for the programme.         
2) uMkhanyakude: Delays due to business forums demanding high rates and the effect due to the change in political leadership in the area.                                                                       
3) uGu: Difficulty in accessing sites                                                                                                 4) uThukela: OSS Projects are currently affected by land ownership matters.",1)Notice of breach issued for poor or non-performance.                                                                2) Facilitation has been ongoing by the district office ensuring that challenges in the project are resolved.                                                                                                                                3) Municipality requested to assist with access to the identified homesteads                         4) On-going engagement by Municipalities with land owners.,Please expand on the reason for deviation as to why the target was not achieved.,"1) Uthukela: 51 units under Okhahlamba, 16 units under Inkosi Langalibalele, 40 units under Inkosi Langalibalele are affected by land issues. 
2) Ethekwini: Projects have been affected by poor performance of Service Providers. 
3) uMkhanyakude: target not met due to service providers not complying with the recovery plans. 
4) King Cetshwayo: OSS projects are currently busy with the works in progress, this process is however slow due to distance between sites.  
5) Zululand: Underperformance is due to poor performance of service providers appointed for OSS 46 and 20 units. 
6) Harry Gwala: Most OSS projects under this district have been affected sites not being accessible due to bad terrain.","1) Engagements are underway with landowners for projects that are affected by land issues in the District.                          
 2) Notices of breach have been issued.                                          
3) The services of the Service Provider have been terminated and beneficiaries moved to another project.                              
4) Various sub-contractors have been appointed to improve production.    
5) Department in the process of appointing new service providers for implementation. 
6) Additional funding has been made available to allow for access in line with the new policy.",N/A,"The reasons for under-performance are as follows:                                                                                                          
1) Umkhanyakude: Termination of services due to poor performance and other projects were affected by social issues whereby community members demanded increased labour rates.                                                                                                                                                                    
2)  King Cetshwayo: Most OSS projects are affected by access due to bad terrain in the area.                           
3 )Umgungundlovu: district delivered 24 OSS units during this quarter the balance of the houses  at various stages was  affected by shortage of funding.         
4) eThekwini: Poor performance of contractors and other projects affected by non-accessible site conditions.                         
5) Zululand: the district is busy with the appointment of service providers for two projects where one surrendered the projects and the one where contract was not extended due to poor performance.                   
6) Province: Projects in all districts have been affected for funding limitations.","1) Umkhanyakude: Appointment of a new service provider underway and the social issues were resolved through community engagements.                                                                                                                                                                                           
2) King Cetshwayo: the municipality is assisting with access roads.                                                                                         
3) Umgungundlovu: Letters have been issued to address poor performance (capacity matters)                         
4) eThekwini: Notices of breach have been issued to service providers not performing.                                                
5) Zululand: the district is closely monitoring other OSS project ensuring that they are in line with their development programme.                                                                                                                                                   
6) Movement of fund applications are being submitted for approval to allow for processing of invoices with sites. ","The under-performance is attributed to;                                                                                                 1)Umzinyathi: Majority of the projects in the district are currently doing beneficiary administration hence construction is still at early stages.                                                                                                                   2) Zululand: The Service Providers underperformed due to difficulties in sourcing material, bad terrain and homesteads being scattered.                                                                                                                             3) uThukela: there are projects where funds were exhausted and therefore had to be placed on hold.                               
4) Ilembe: 307 OSS the project was affected by the the request that the contractor should commence with construction in all areas which was not in line with the construction sequence."," 1)Umzinyathi: More completions are expected to be delivered in the new financial year.                                                                                                                         2) Zululand: Incomplete projects to be allocated to new service providers.                                 
3)UThukela:Funding has been allocated in the 2025/26 financial year which will then allow for projects to resume.                                                                                  4) Ilembe: the decision was later revoked and Service Provider was then requetsed to rioritize construction in wards 3,4 and 6.",Kindly revise the reason for deviation statement  as it does not provide reason(s) for the underachievement.,,,,125
Human Settlements,Human Settlements,KwaZulu Natal,Programme 3: Housing Development,Sub-programme 3.5: Rural Intervention,Quarterly,3.17 Number of houses (units) delivered to household affected by disasters,Non-Standardized,Not  Applicable,"Priority 5: Spatial Integration, Human Settlements and Local Government",Human Settlement and sustainable livelihood  ,"Governance, State Capacity and Institutional Development cluster",0,124,0,137,0,219,1500,540,1500,1020,,,,,"The over-performance is based on the following:
1) The department has made an allowance for the disaster projects to spend from HSDG in Quarter 4 while awaiting the roll-over approval. However, due to the need on the ground and conditions which these beneficiaries reside under; Service Providers were then requested to proceed with the works to address the need.",The Service Providers are encouraged to complete the units before the rain seasons so that disaster affected beneficiaries are assisted in time.,,"The Department has made an allowance for the disaster projects to spend from HSDG in Quarter 4 while awaiting the roll-over approval. However, due to the need on the ground and conditions which these beneficiaries reside under; Service Providers were then requested to proceed with the works to address the need.",Service Providers are encouraged to complete the units before the rain seasons so that disaster affected beneficiaries are assisted in time.,N/A,Disaster Projects are prioritized to fast-track the construction for the affected beneficiaries.,Disaster Projects are closely monitored inline with the annual target set for the current financial year.,"The under-performance is attributed to;                                                                                                                  1)Umzinyathi: Challenges with inaccessible sites, scattered sites and finding the relevant beneficiaries as well as severe weather changes. The scope for the appointed Service Provider was reduced due to poor performance.                                                                                                                                              2) Ugu: Most OSS projects are affected by access due to bad terrain in the area.                                                 
3) Zululand: The Service Providers underperformed due to difficulties in sourcing material, bad terrain and homesteads being scattered.                                                                                                                              4) Umgungundlovu: Ringfenced funds were exhausted and there are invoices for work done which could not be processed in the year.                                                                                                                                    5) uThukela: there are beneficiaries that were identified to be residing in Privately-owned land and therefore could not benefit.                                                                                                                                             6) eThekwini: Disaster projects were affected by land invasions and delays due to land that required land invasions.                                                                                                                                            7) King Cetshwayo: 80 Disaster was affected by shortage of water in the areas of Umlalazi as well as the strike in ward 6. 192 Disaster affected by shortage of material suppliers in and around Nkandla.                                    
8) Amajuba: the project under this district is currently in deep area with poor infrastructure and this affects delivery of material especially rainy days.                                                                                                         9) The rolled-over funding of R263 741 was depleted and an alternative payment strategy had to be devised.","1)Umzinyathi: Appointment of an additional service provider is underway.                              
2) Ugu: The Municipality is assisting with the plant in order to open access roads.             
3) Zululand: Incomplete projects to be allocated to new service providers.                                  
4) Umgungundlovu:  inoices to be submitted in Quarter 1 of 2025/26                                               
5) Engagements have been underway and Amakhosi have set aside which will be used for the construction of these units.                                                                                   
6) EThekwini Contractors are now on site with subdivisions.                                                                  
7) King Cetshwayo: Engagements underway to resolve the issue of construction being halted as a result of strike in the area and material is currently being sourced as Stanger thus incurring additional costs.                                                                                8) Municipality is engaged to assist where required.                                                         9) Funding for disaster projects has been set aside on the HSDG Business Plan in the 25/26 year.",N/A,,,,125
Human Settlements,Human Settlements,KwaZulu Natal,Programme 3: Housing Development,Sub-programme 3.5: Rural Intervention,Quarterly,3.18 Number of rural houses (units) delivered,Non-Standardized,Not  Applicable,"Priority 5: Spatial Integration, Human Settlements and Local Government",Human Settlement and sustainable livelihood  ,"Governance, State Capacity and Institutional Development cluster",946,1888,1290,993,1244,1016,1079,2028,4559,5925,,,,,"The over-performance is due to the following:                                                                         1)Amajuba: Payment of invoices for work done in the last quarter for Ubuhlebomzinyathi, Philip and Mafahlawane.                                                                                                                      2)eThekwini: Additional Contractors appointed by the Developer.                                        3)Harry Gwala: Huge works in progress from last financial converted in Quarter 1.                                 4) King Cetshwayo: Payment of invoices for work done in the last quarter and increased performance for Zondi, KwaMondi and Dondotha Project.                                                                        5) uMkhanyakude: Huge works in progress from last financial converted in Quarter 1                    6)Umzinyathi: Payment of invoices for work done in the last quarter for Matimolo and Amakhabeleni Project.",1)Projects are closely monitored to ensure that performance is in line with the set targets for the year.                                                                                                                                        2)Where funding is limited; application for movement of funds are submitted for approval to allow for processing of invoices for work done.,,"1)There are invoices that could not be processed in quarter 2 for the completed work in various projects implemented across the province. 
2) Umgungundlovu: Target not met due to poor performance of Ias appointed for Maqongqo and KwaMahleka Housing Projects.","1) Other payments have been processed in the month of October and the business plan has been revised to accommodate these changes. More units will be reported for in quarter 3 and 4. 
2) New Service Providers to be appointed.",N/A,The reason for underperformance is that projects under implementation within this instrument could not produce completions due to shortage of funding which has resulted to projects being halted.,Movement of fund applications are being submitted for approval to allow for processing of invoices with priority being given to completions and roofs.,Movement of funds applications were done for the last three months of the year and this allowed for the payment of invoices with completions to be processed hence the over-performance.,Delivery is now in line with the development programmes.,Noted.,,,,125
Human Settlements,Human Settlements,KwaZulu Natal,Programme 4: Housing Asset Management ,Sub-programme 4.2: Sale and transfer of Housing Properties,Annually,4.4 Number of Land parcels devolved to municipalities for human settlements development,Non-Standardized,Not  Applicable,"Priority 5: Spatial Integration, Human Settlements and Local Government",Human Settlement and sustainable livelihood  ,"Governance, State Capacity and Institutional Development cluster",,,,,,,30,109,30,109,,During the year we were able to finalise additional agreements with municipalities that resulted in additional properties being devolved.,Review projections in line with progress being achieved.,,,,,,,,,,,,,,,,125
Human Settlements,Human Settlements,KwaZulu Natal,Programme 4: Housing Asset Management ,Sub-programme 4.2: Sale and transfer of Housing Properties,Quarterly,4.2 Number of rental units sold to beneficiaries,Non-Standardized,Not  Applicable,"Priority 5: Spatial Integration, Human Settlements and Local Government",Human Settlement and sustainable livelihood  ,"Governance, State Capacity and Institutional Development cluster",0,0,0,0,25,12,50,89,75,101,,,,,Not targeted for the current quarter,None Required,,Not targeted for the current quarter,None Required,N/A,"Under-performance was due to the reluctance of those beneficiaries of the 1 bedroom Rebuild Project not wanting to sign sale agreements, citing that they want to receive free services as well.",Direct work on the ground educating occupants on the merits of home ownership is underway and what are their responsibilities.,This was due to resolving some of the challenges experienced on cases with beneficiaries that were reluctant to conclude sale agreements.,Review projections in line with progress being achieved.,Noted.,,,,125
Human Settlements,Human Settlements,KwaZulu Natal,Programme 4: Housing Asset Management ,Sub-programme 4.2: Sale and transfer of Housing Properties,Quarterly,4.3 Number of debtors reduced,Non-Standardized,Not  Applicable,"Priority 5: Spatial Integration, Human Settlements and Local Government",Human Settlement and sustainable livelihood  ,"Governance, State Capacity and Institutional Development cluster",0,0,25,43,25,0,25,90,75,133,,,,,Not targeted for the current quarter,None Required,,Target exceeded as the additional matters have been closed to assist with the target to closing of the Housing Fund by March 2025.,Department to conclude as many debtors as possible by the end of March 2025.,N/A,"Due to the shortage of staff, the unit was delayed to processing the necessary debtors in the quarter.",The debtors will be processed in the month of January 2025.,There was underperformance in previous Quarters and also additional cases were resolved with debtors.,Review projections in line with progress being achieved.,Noted.,,,,125
Human Settlements,Human Settlements,KwaZulu Natal,Programme 4: Housing Asset Management ,Sub-programme 4.2: Sale and transfer of Housing Properties,Quarterly,Number of Pre-1994 title deeds registered,Standardized,Not  Applicable,"Priority 5: Spatial Integration, Human Settlements and Local Government",-,"The Social Protection, Community and Human Development cluster",0,0,119,160,105,84,1194,94,1418,338,,,,,Not targeted for the current quarter,None Required,,Target was exceeded due to the title deeds issued in the 1st Quarter and reported in the current quarter since there was not target set for Quarter 1.,None required as the over-performance makes up for under-performance in the Title Deeds Programme.,N/A,"Properties could not be transferred due to: 
1) Missing beneficiaries that cannot be located.
2) Ownership disputes","1) The Department has made funding available for the municipality to advertise for missing beneficiaries, 
2) Dispute Resolution Committees have been established at municipalities to resolve disputes that are delaying transfers.","72 properties could not be lodged due to pending rates clearance certificates for Vryheid Ext 16 Housing Project in Abaqulusi Municipality. The signing of the POA progressed slowly, causing delays for 119 properties in uMlalazi Municipality.","Engagements have been made with the Municipality to fast track the issuing of title deeds. The Municipalities have been encouraged to sign all relevant the documents timeously, follow ups are being made on a regular basis.",Noted.,,,,125
Human Settlements,Human Settlements,KwaZulu Natal,Programme 4: Housing Asset Management ,Sub-programme 4.4: Housing Properties Maintenance ,Quarterly,4.5 Number of rental units maintained,Non-Standardized,Not  Applicable,"Priority 5: Spatial Integration, Human Settlements and Local Government",Human Settlement and sustainable livelihood  ,"Governance, State Capacity and Institutional Development cluster",40,64,50,63,60,50,50,83,200,260,,,,,"There were additional cases of maintenance reported for the quarter that needed to be attended to in order to avoid further cost being incurred by the department.
","Department to monitor progress on maintenance matters received and to align to the targets.
",,Activities are being undertaken towards achieving targets set for Quarter 2. These are in response to maintenance matters as and when they occur.,Activities are ongoing and maintenance matters are dealt with as soon as they are reported.,N/A,Cumulatively to date the number of units maintained is on track.. More units were maintained in Quarter 1 and Quarter 2 than was projected hence an under-delivery in Quarter 3. Reason for over-performance in Quarter 1 and Quarter 2 was as a result of the additional urgent maintenance matters that needed to be attended to during the period to avoid additional cost and damage to the structures.,Number of units maintained will be aligned to projections for the year.,Additional maintenance matters reported during the quarter.,Emergency maintenance matters dealt with as and when they are reported.,Noted.,,,,125
Human Settlements,Human Settlements,KwaZulu Natal,Programme 4: Housing Asset Management ,Sub-programme 4.4: Housing Properties Maintenance ,Quarterly,4.6 Number of units rectified for pre-1994 stock,Non-Standardized,Not  Applicable,"Priority 5: Spatial Integration, Human Settlements and Local Government",Human Settlement and sustainable livelihood  ,"Governance, State Capacity and Institutional Development cluster",50,40,50,38,50,44,50,19,200,141,,,,,"Some contractors progress on site were slower due to cash flow challenges. Remaining units were completed after the quarter had ended and will be reported in the next quarter.
", Projects are being managed closely with the Service Providers.,,Service provider for Austerville is appointed but the progress is delayed due to invasion of decanting units.,Legal Services is still working on the matter of evictions through the courts which will then allow for the rectification work to commence.,N/A,There was a delay in the appointment of the service provider for Austerville and Shallcross Rectification projects due to the request for appointment of service providers being referred back by SCM for clarification in terms of the Implementation Plan for the project.,Service providers are now appointed and work is expected to commence in Quarter 4.,107 additional units rectified at Colita Foderville. District providing missing documents.,District to ensure all supporting documents required are provided timeously.,Noted.,,,,125
