Sector,Institution,Programme,SubProgramme,Location,Frequency,Indicator,Type,SubType,Outcome,Priority,Cluster,Target_Q1,ActualOutput_Q1,ReasonforDeviation_Q1,CorrectiveAction_Q1,OTP_Q1,Target_Q2,ActualOutput_Q2,ReasonforDeviation_Q2,CorrectiveAction_Q2,OTP_Q2,Target_Q3,ActualOutput_Q3,ReasonforDeviation_Q3,CorrectiveAction_Q3,OTP_Q3,Target_Q4,ActualOutput_Q4,ReasonforDeviation_Q4,CorrectiveAction_Q4,OTP_Q4,AnnualTarget_Summary2,Preliminary_Summary2,PrelimaryAudited_Summary2,ReasonforDeviation_Summary,CorrectiveAction_Summary,ValidatedAudited_Summary2,National_Q1,National_Q2,National_Q4,National_Q3,DesiredPerformance,UID
Social Development,Social Development,Gauteng,Programme 1:  Administration,Sub - Programme 1.2.2: Supply Chain Management,Quarterly,Number of contracts awarded by the Department to HDI/SMME companies.,Standardized,Not  Applicable,Priority 4: Consolidating the Social Wage through Reliable and Quality Basic Services,"Safety, Social Cohesion and Food Security","The Social Protection, Community and Human Development cluster",5,3,"Target: Not Achieved 
The pending two projects were finalised, however will be cancelled due to non-responsiveness.",The Department will re-advertise the projects and improve the specification to get better responses,Target not achieved.,5,"3
",Target: Not achieved Performance is due to 2 tenders that were advertised for forensic audit were cancelled due to the mandate not belonging to the department.),Supply Chain Management has a plan in place to ensure acceleration of bids that are in the procurement plan to ensure completion thereof within the 2024/25 financial year.,Target not achieved.,11,"
6","Performance is due to 2 tenders that were advertised for forensic audit were  cancelled due to the mandate not belonging to the department. 
The advertisement of tenders for food parcels, dignity packs and long-term contracts (security, catering, cleaning and laundry services) for Institutions have been delayed due to some strategic considerations by the department.",Supply Chain Management has a plan in place to ensure acceleration of bids that are in the procurement plan to ensure completion thereof within the 2024/25 financial year.,Target not achieved.,19,"31
","Target: Exceeded
Performance is due to additional contracts that were awarded
",The Department has aligned the APP target in line with the baseline,Target not achieved ,19,43,31,"Target: Exceeded
Performance is due to contracts that were awarded in line with the catch-up plan. ",The Department will identify value of the tender to determine awarding of contract.,,,,,,,76
Social Development,Social Development,Gauteng,Programme 1:  Administration,Sub - Programme 1.2.2: Supply Chain Management,Quarterly,Percentage procurement spend in township by the Department.,Standardized,Max,Priority 4: Consolidating the Social Wage through Reliable and Quality Basic Services,"Safety, Social Cohesion and Food Security","The Social Protection, Community and Human Development cluster",40 %,36.94 %,"Target: Not Achieved
Limited programmes took place   in townships, impacting on procurement spent.",The Department continues to monitor implementation of the departmental procurement strategy and Provincial TER strategy,Target not achieved.,40 %,"43.46%
 %",Target: Achieved                                                                                                                                                                                                                                                                                                                                                                                            ,The Department will increase procurement of goods and services from target groups and monitor the implementation of the departmental procurement strategy and Provincial TER strategy.,,40 %,"40,22% %","Target: Exceeded
 Performance is due to implementation of the departmental procurement strategy and Provincial TER strategy.                                        
",The contracts were awarded according to the procurement plan to ensure that the RFP Plan is adhered to through monitoring of projects. ,,40 %,44.30% %,"Target: Exceeded
Performance is due to implementation of the departmental procurement strategy and Provincial TER strategy.                                        
Comment: Performance is as at the end of February 2025 due to alignment of the system by Gauteng Provincial Treasury.  
                                                                                                                                                                                                                        
                                                                                                                                                                                                ",The contracts were awarded according to the procurement plan to ensure that the RFP Plan is adhered to through monitoring of projects.,Target exceeded,40 %,0 %,44.87,"Target: Exceeded
Performance is due to implementation of the departmental procurement strategy and Provincial TER strategy.                                        
                                                                                                                                                                      ",The contracts were awarded according to the procurement plan to ensure that the RFP Plan is adhered to through monitoring of projects.,,,,,,,76
Social Development,Social Development,Gauteng,Programme 1:  Administration,Sub - Programme 1.2.2: Supply Chain Management,Quarterly,Preferential procurement spend per GPG targets ('R000) by the Department,Standardized,Not  Applicable,Priority 4: Consolidating the Social Wage through Reliable and Quality Basic Services,"Safety, Social Cohesion and Food Security","The Social Protection, Community and Human Development cluster",HDI: 80% Women: 40% Youth: 30% People with Disabilities: 7%,"HDI:93.55% Women:48.68% Youth:46.24% People with Disabilities:
1.62%
","Target: Not achieved 
Performance for people with disabilities is due to minimal procurement of goods and services in the quarter under review. 
", The Department will continue to monitor implementation of the departmental procurement strategy and Provincial TER strategy.  This will ensure End users enhance monitoring of deliveries and payment of People with disabilities owned companies.,Target not achieved.,HDI: 80% Women: 40% Youth: 30% People with Disabilities: 7%, HDI:88.04% Women:51.21% Youth:36.48% PWD's:1.28%,Target: Not Achieved                                                 The performance for PWD owned companies is due to minimal participation by PWD's                                                                                                                                                                                                                                                                                                                                                                                                                                                                                                                                                                                                                                              ,The Department will increase procurement of goods and services from target groups and monitor the implementation of the departmental procurement strategy and Provincial TER strategy.,Target not achieved for PWD's.,HDI: 80% Women: 40% Youth: 30% People with Disabilities: 7%,"HDI:81.41% Women:44.55% Youth:28.51% People with Disabilities:1.36%

","Target: Not achieved 
The performance for people with disabilities is due to minimal procurement of goods and services in the quarter under review. 
",The Department will continue to monitor implementation of the departmental procurement strategy and Provincial TER strategy.  This will ensure End users enhance monitoring of deliveries and payment of People with disabilities owned companies.,Target not achieved. The Corrective Action is the same as Q1. ,HDI: 80% Women: 40% Youth: 30% People with Disabilities: 7%,"HDI:87.92% Women:42.15% Youth:28.73% PWD's:0.26%
","Target: Not achieved 
The performance for people with disabilities is due to minimal procurement of goods and services in the quarter under review.
Performance for youth was attained in the previous quarters.
Comment: Performance is as at the end of February 2025 due to alignment of the system by Gauteng Provincial Treasury.  

                                                                                                                                                                                                                                                                                                                                                      

                                                                                                                                                                                                                                                                                                                         ","The Department will continue to monitor implementation of the departmental procurement strategy and Provincial TER strategy.  This will   enhance monitoring of deliveries and payment of People with disabilities owned companies.

                                                                                                                                                                                                                                                                                                                                                      
",Target not achieved ,HDI: 80% Women: 40% Youth: 30% People with Disabilities: 7%,-,"HDI:91.10% Women:48% Youth:30% PWD's:0.46%
","Target: Not achieved 
The performance for youth and people with disabilities is due to minimal procurement of goods and services in the quarter under review. 
",The Department will continue to monitor implementation of the departmental procurement strategy and Provincial TER strategy.  This will   enhance monitoring of deliveries and payment of Youth and People with disabilities owned companies.,,,,,,,76
Social Development,Social Development,Gauteng,Programme 1:  Administration,Sub-Programme 1.2.1: Human Resource Management,Quarterly,Number of EPWP work opportunities created,Standardized,Max,Priority 4: Consolidating the Social Wage through Reliable and Quality Basic Services,"Safety, Social Cohesion and Food Security","The Social Protection, Community and Human Development cluster",9125,8104,"Target: Not Achieved
Performance is due to efforts to realise the targets within the quarter could not be concluded pending finalization of Service Level Agreements (SLAs). Some participants resigned due to better opportunities. Moreover, there are some NPOs that could not sign the SLA as a result of their non-compliance with funding requirements.","The Department will fast track signing of SLAs and continue to facilitate access and support NPOS to comply with funding requirements.
",Target not achieved.,9125,"8 335

","Target: Not Achieved                                                     Performance is due to brigades who terminated their services for better opportunities. Moreover, there are some NPOs that could not sign the SLA as a result of their non-compliance with funding requirements.",The Department aligned target on Revised APP to current baseline and budget.,Target not achieved.,8169,9741,"Target: Exceeded  
Performance is due to the reporting of expansion programmes.                                                   ",The Department will continue to facilitate and monitor reporting of job creation initiatives.  ,The Annual Target is not aligned to revised APP.,8169,"
9 692
",Target: Exceeded                         Performance is due to the reporting of expansion programmes. ,The Department will continue to facilitate and monitor reporting of job creation initiatives. ,Target exceeded,8169,9741,10092,Target: Exceeded                         Performance is due to the reporting of expansion programmes. ,The Department will continue to facilitate and monitor reporting of job creation initiatives. ,,Targeted output is underachieved with reason for deviation and corrective action reported.,"Underachievement with reason for deviation and corrective action is noted for this indicator.

",Reason for deviation and corrective action are acknowledged for this overachieved indicator.,,,76
Social Development,Social Development,Gauteng,Programme 1:  Administration,Sub-Programme 1.2.1: Human Resource Management,Quarterly,Number of learners on learnership programmes,Standardized,Not  Applicable,Priority 4: Consolidating the Social Wage through Reliable and Quality Basic Services,"Safety, Social Cohesion and Food Security","The Social Protection, Community and Human Development cluster",50,50,Target achieved,None,Target achieved.,0,"0
",Comment: Not targeted in the quarter under review.,"None
",,0,0,Comment: Not targeted in the quarter under review,None,,0,"
0","Comment: Not targeted in the quarter under review.

","None
",Reported in Q1,50,50,50,"Target: Achieved
","None
",,,,,,,76
Social Development,Social Development,Gauteng,Programme 1:  Administration,Sub-Programme 1.2.1: Human Resource Management,Quarterly,Number of new bursars participating in external bursary programmes,Standardized,Not  Applicable,Priority 4: Consolidating the Social Wage through Reliable and Quality Basic Services,"Safety, Social Cohesion and Food Security","The Social Protection, Community and Human Development cluster",50,0,Target: Not Achieved   Performance is pending reconciliation targets,Target to be aligned during APP review and achieved in Quarter 4,Target not achieved.,0,"0
","Comment: Not targeted in the quarter under review.
","None
",,0,0,Comment: Not targeted in the quarter under review,None,,50,"
0","Target: Not achieved               Performance is due to insufficient budget.
","Budget is not available to grant bursaries.


",Target not achieved,50,0,0,Target: Not achieved               Performance is due to insufficient budget.,Budget is not available to grant bursaries.,,,,,,,76
Social Development,Social Development,Gauteng,Programme 1:  Administration,Sub-Programme 1.2.1: Human Resource Management,Quarterly,Number of people participating in internship programmes,Standardized,Not  Applicable,Priority 4: Consolidating the Social Wage through Reliable and Quality Basic Services,"Safety, Social Cohesion and Food Security","The Social Protection, Community and Human Development cluster",242,242,Target  achieved,None,Target achieved.,0,"0
",Comment: Not targeted in the quarter under review.,"None
",,0,0,Comment: Not targeted in the quarter under review.,None,,104,"
104
","Target: Achieved
","None

",Target achieved,346,346,346,"Target: Achieved
","None
",,,,,,,76
Social Development,Social Development,Gauteng,Programme 1:  Administration,Sub-Programme 1.2.3: Financial Management,Quarterly,Audit opinion on Annual financial statements expressed by the AGSA,Non-Standardized,Not  Applicable,Priority 4: Consolidating the Social Wage through Reliable and Quality Basic Services,"Economy, Jobs and Infrastructure ","The Social Protection, Community and Human Development cluster","Targeted in 
the second
quarter",Targeted in the 2nd quarter,Comment: Not targeted in the quarter under review.,None,,"Unqualified 
(Clean) Audit 
opinion","Achieved with findings
",Comment: Not achieved Unqualified (Clean) Audit opinion with findings,The Department will continue to implement the audit recommendations.,"Target not achieved. The department is requested to look at APP, as the target is targeted for Q2. The department is further requested to consider amending targets set for the indicator during revision period.","Achieved in 
the 2nd 
quarter",Reported in the 2nd quarter,Reported in the 2nd quarter,None,,"Achieved in 
the second
quarter","Reported in the 2nd quarter
","Comment: Achieved in the 2nd quarter
","None
",Achieved,"Unqualified 
(Clean) Audit 
opinion",-,Achieved with findings,Target: Not Achieved                                   Unqualified (Clean) Audit opinion with findings.,"The Department will continue to
implement the audit recommendations.",,,,,,,76
Social Development,Social Development,Gauteng,Programme 1:  Administration,Sub-Programme 1.2.3: Financial Management,Quarterly,Percentage of suppliers paid within 15 days,Standardized,Not  Applicable,Priority 4: Consolidating the Social Wage through Reliable and Quality Basic Services,"Economy, Jobs and Infrastructure ","The Social Protection, Community and Human Development cluster",80 %,95 %,"Target: Exceeded
Performance is due to compliance by end-users in confirming services within 48 hours.",The Department continues to liaise with VMD to update TCC on vendor profiles and conduct end-user forums emphasizing turnaround time of 48 hrs on confirming services rendered or good delivered. ,,80 %,"
93,17%
 %","Target: Exceeded
Performance is due to compliance by end-users in confirming services within 48 hours.",The Department continues to liaise with Vendor management Division (VMD) to update Tax Clearance Certificate (TCC) on vendor profiles and conduct end-user forums emphasizing turnaround time of 48 hrs on confirming services rendered or good delivered. ,,80 %,"92,38 %","Target: Exceeded
Performance is due to compliance by end-users in confirming services within 48 hours.",The Department continues to liaise with Vendor management Division (VMD) to update Tax Clearance Certificate (TCC) on vendor profiles and conduct end-user forums emphasizing turnaround time of 48 hrs on confirming services rendered or good delivered. ,,80 %,"
99,93%

 %","Target: Exceeded
Performance is due to compliance by end-users in confirming services within 48 hours.",The Department continues to liaise with Vendor management Division (VMD) to update Tax Clearance Certificate (TCC) on vendor profiles and conduct end-user forums emphasizing turnaround time of 48 hrs on confirming services rendered or good delivered. ,Target exceeded,80 %,95 %,99.93,"Target: Exceeded
Performance is due to compliance by end-users in confirming services within 48 hours.",The Department continues to liaise with Vendor management Division (VMD) to update Tax Clearance Certificate (TCC) on vendor profiles and conduct end-user forums emphasizing turnaround time of 48 hrs on confirming services rendered or good delivered. ,,,,,,,76
Social Development,Social Development,Gauteng,Programme 1:  Administration,Sub-Programme 1.2.3: Financial Management,Quarterly,Percentage of suppliers paid within 30 days,Non-Standardized,Not  Applicable,Priority 4: Consolidating the Social Wage through Reliable and Quality Basic Services,"Economy, Jobs and Infrastructure ","The Social Protection, Community and Human Development cluster",100 %,100 %,Target: Achieved,None,Target achieved.,100 %,"99,74%

 %","Target: Not Achieved 
Performance is due to non-compliance by end-users in confirming services within 48 hours.","The Department continues to liaise with Vendor management Division (VMD) to update Tax Clearance Certificate (TCC) on vendor profiles and conduct end-user forums emphasizing turnaround time of 48 hrs on confirming services rendered or good delivered. 

Non-compliance by end users will be escalated to relevant managers to ensure compliance in future.
",Target not achieved.,100 %,"99,27 %","Target: Not Achieved 
Performance is due to non-compliance by end-users in confirming services within 48 hours.
Inadequacy of cash availability at the end of November impacted on the achievement of the target.","The Department continues to liaise with VMD to update TCC on vendor profiles and conduct end-user forums emphasizing turn around time of 48 hrs  on confirming services rendered or good delivered. 

Non-compliance by end users will be escalated to relevant managers to ensure compliance in future.
",Target not achieved.,100 %,"
99,09%
 %","Target: Not Achieved 
Performance is due to non-compliance by end-users in confirming services within 48 hours.","The Department continues to liaise with VMD to update TCC on vendor profiles and conduct end-user forums emphasizing turnaround time of 48 hrs on confirming services rendered or good delivered. 

Non-compliance by end users will be escalated to relevant managers to ensure compliance in future.

",Target not achieved ,100 %,100 %,99.09,"Target: Not Achieved 
Performance is due to non-compliance by end-users in confirming services within 48 hours.
Furthermore, inadequacy of cash availability at the end of November impacted on the achievement of the target.","The Department continues to liaise with VMD to update TCC on vendor profiles and conduct end-user forums emphasizing turnaround time of 48 hrs on confirming services rendered or good delivered. 

Non-compliance by end users will be escalated to relevant managers to ensure compliance in future.
",,,,,,,76
Social Development,Social Development,Gauteng,Programme 2:  Social Welfare Services,Sub Programme 2.2: Services to Older Persons,Quarterly,Number of older persons accessing community-based care and support services,Standardized,Max,Priority 4: Consolidating the Social Wage through Reliable and Quality Basic Services,"Safety, Social Cohesion and Food Security","The Social Protection, Community and Human Development cluster",19675,11336,"Target: Not Achieved.
Performance is due to fewer beneficiaries accessing community-based services than anticipated. Efforts to realise the target within the quarter could not be concluded pending finalisation of Service Level Agreements (SLAs).
","The Department will fast track signing of SLAs and implementation of the programme in the subsequent quarter. Furthermore, the Department will facilitate access to the programme through promotion and prevention services to make communities aware of existing services. 
",Target not achieved.,19675,"
15 110
",Target: Not Achieved                                performance is due community-based care and support centres that does not meet funding requirements.,The Department will continue to capacitate community-based care and support centres to comply with the funding requirements for older persons to access the services.,Target not achieved.,15822,"

15 813
",Target: Not Achieved                                Performance is due to community-based care and support centres that does not meet funding requirements.,The Department will continue to capacitate community-based care and support centres to comply with the funding requirements for older persons to access the services.,Target not achieved. The Annual Target is not aligned to revised APP.,15822,"

16 416
",Target: Exceeded                                       Performance is due to community-based care and support centres that met the funding requirements.,The Department will continue to facilitate access to the programme.,Target exceeded,15822,16416,16416,Target: Exceeded                                       Performance is due to community-based care and support centres that met the funding requirements.,The Department will continue to facilitate access to the programme.,,"Targeted output is underachieved, reason for deviation and corrective action noted.","Underachievement with reason for deviation and corrective action is noted for this indicator.

",Reason for deviation and corrective action are acknowledged for this overachieved indicator.,Reason for deviation and corrective action are acknowledged although the targeted output is underachieved.,,76
Social Development,Social Development,Gauteng,Programme 2:  Social Welfare Services,Sub Programme 2.2: Services to Older Persons,Quarterly,Number of older persons accessing residential facilities,Standardized,Max,Priority 4: Consolidating the Social Wage through Reliable and Quality Basic Services,"Safety, Social Cohesion and Food Security","The Social Protection, Community and Human Development cluster",6146,5384,"Target: Not Achieved
Performance is due to fewer beneficiaries accessing residential facilities than anticipated and it is also dependent on the number of referrals received from communities.",The Department will continue to facilitate access to the programme (Prevention and awareness services to make communities aware of existing services). Furthermore review to ensure all categories of residential facilities are included as per norms and standards.,Target not achieved.,6146,"
5 777
","Target: Not Achieved                              Performance is due to less admissions 
caused by reclassification of persons with disabilities as older persons and mental health patients. Two (2) facilities have not signed SLAs.","The Department will continue to facilitate access to the programme (Prevention and awareness services to make communities aware of existing services). Furthermore, review to ensure all categories of residential facilities are included as per norms and standards.",Target not achieved.,6146,"
5 915
",Target: Not Achieved                              Performance is due to less referrals received from the community ,The Department will continue to facilitate access to the programme through prevention and awareness services to make communities aware of existing services.,Target not achieved.,6146,"
6 385
",Target: Exceeded                                        Performance is due to more beneficiaries being accommodated in residential facilities ,The Department will continue to facilitate access to the programme.,Target exceeded,6146,6385,6390,Target: Exceeded                                        Performance is due to more beneficiaries being accommodated in residential facilities.,The Department will continue to facilitate access to the programme.,,Underachievement with reasons for deviation and corrective action noted.,"Underachievement with reason for deviation and corrective action is noted for this indicator.

",Reason for deviation and corrective action are acknowledged for this overachieved indicator.,Reason for deviation and corrective action are acknowledged although the targeted output is underachieved.,,76
Social Development,Social Development,Gauteng,Programme 2:  Social Welfare Services,Sub Programme 2.3:	Services to the Persons with Disabilities,Quarterly,Number of persons with disabilities accessing residential facilities,Standardized,Max,Priority 4: Consolidating the Social Wage through Reliable and Quality Basic Services,"Safety, Social Cohesion and Food Security","The Social Protection, Community and Human Development cluster",1703,1277,"Target: Not achieved
Performance is due to less admissions 
caused by reclassification of persons with disabilities as older persons.
 
Furthermore, efforts to realise the target within the quarter could not be concluded pending finalisation of Service Level Agreements (SLAs).
","TThe Department has since finalised signing of SLAs, will continue to facilitate access to the programme and fast track implementation in the subsequent quarter.
","Target not achieved.
",1703,"
1 429
","Target: Not Achieved
Performance is due to less admissions 
caused by reclassification of persons with disabilities as older persons and some reclassified as mental health patients. Furthermore two (2) facilities have not signed SLAs.",The Department will facilitate access to the programme through promotion and prevention services to make communities aware of existing services. ,Target not achieved.,1703,"1 435
","Target: Not achieved
Performance is due to the reclassification of persons with disabilities as older persons, some. are now beneficiaries of the Department of Health due to severe disability There are also vacant beds that needs to be filled.",The Department will facilitate access to the programme through promotion and prevention services to make communities aware of existing services. ,Target not achieved.,1703,"

1 398
","Target: Not achieved
Performance is due to the reclassification of persons with disabilities over the age of 60 as older persons, therefore no longer reported under disability programme but they are still occupying space and benefiting from the disability residential facilities. Some are now beneficiaries of the Department of Health due to severe disability.",The Department will facilitate access to the programme.,Target not achieved ,1703,1435,1438,"Target: Not achieved
Performance is due to the reclassification of persons with disabilities over the age of 60 as older persons, therefore no longer reported under disability programme but they are still occupying space and benefiting from the disability residential facilities. Some are now beneficiaries of the Department of Health due to severe disability.",The Department will facilitate access to the programme.,,Underachievement with reason for deviation and corrective action reported.,"Underachievement with reason for deviation and corrective action is noted for this indicator.

",Reason for deviation and corrective action are acknowledged for this underachieved indicator.,Performance is noted for this indictor wit reason for deviation and corrective action in place.,,76
Social Development,Social Development,Gauteng,Programme 2:  Social Welfare Services,Sub Programme 2.3:	Services to the Persons with Disabilities,Quarterly,Number of persons with disabilities accessing services in protective workshops,Standardized,Max,Priority 4: Consolidating the Social Wage through Reliable and Quality Basic Services,"Safety, Social Cohesion and Food Security","The Social Protection, Community and Human Development cluster",4265,3146,"Target: Not Achieved
Performance is due to fewer beneficiaries accessing Protective Workshops than anticipated. Some Protective Workshop were not complaint to funding requirements.",The Department will continue to facilitate access to the programme and to support NPOs to meet the compliance requirements.,Target not achieved.,4265,"
3 241
","Target: Not Achieved
Performance is due to some protective workshops that could not sign their SLAs as a result of their non-compliance with funding requirements. ",The Department will continue to facilitate access to the programme and support NPOs to meet the compliance requirements.,Target not achieved.,3509,3353,"Target: Not achieved
Performance is due to  some protective workshops  that are non-compliant with funding requirements. Furthermore less beneficiaries presented themselves for the service.",The Department will continue to facilitate access to the programme and support NPOs to meet the compliance requirements.,"Target not achieved. Revised target is noted. However, the indicator is not the same as the Revised APP. ",3509,"

3 690
","Target: Exceeded 
Performance is due to additional protective workshops that are compliant with funding requirements. ",The Department will continue to facilitate access to the programme ,Target exceeded,3509,3690,3690,"Target: Exceeded 
Performance is due to additional protective workshops that are compliant with funding requirements.",The Department will continue to facilitate access to the programme.,,"The same comment as above applies, submission noted.",The same comment as above applies.,Reason for deviation and corrective action are acknowledged for this overachieved indicator.,Underachievement is noted for this indicator.,,76
Social Development,Social Development,Gauteng,Programme 2:  Social Welfare Services,Sub Programme 2.4:	HIV and AIDS,Quarterly,"Number of beneficiaries reached through social, and behaviour  change programmes.",Standardized,Not  Applicable,Priority 4: Consolidating the Social Wage through Reliable and Quality Basic Services,"Safety, Social Cohesion and Food Security","The Social Protection, Community and Human Development cluster",68540,485774,"Target:  Exceeded
Performance is due to Department effort to upscale Social and Behaviour Change Programme to mitigate and raise awareness on the increasing infection rate in province.",The Department will continue to facilitate access to the programme.,,68541,"
327 449
","Target:  Exceeded
Performance is due to Department effort to upscale Social and Behaviour Change Programme to mitigate and raise awareness on the increasing infection rate in province.                                                 ",The Department will continue to facilitate access to the programme.,,68675,"

345 249
","Target:  Exceeded
Performance is due to Department effort to upscale Social and Behaviour Change Programme to mitigate and raise awareness on the increasing infection rate in the province.                                  ","The Department will continue to facilitate access to the programme.
",,68540,"

431242","Target:  Exceeded
Performance is due to Department effort to upscale Social and Behaviour Change Programme to mitigate and raise awareness on the increasing infection rate in the province.       ",The Department will continue to facilitate access to the programme.,Target exceeded,274296,1589714,1589714,"Target:  Exceeded
Performance is due to Department effort to upscale Social and Behaviour Change Programme to mitigate and raise awareness on the increasing infection rate in the province.",The Department will continue to facilitate access to the programme.,,"The same comment as above applies, submission noted.","Overachievement with reason for deviation and corrective action is noted for this indicator.

",Reason for deviation and corrective action are acknowledged for this overachieved indicator.,Reason for deviation and corrective action are acknowledged although the targeted output is overachieved.,,76
Social Development,Social Development,Gauteng,Programme 2:  Social Welfare Services,Sub Programme 2.4:	HIV and AIDS,Quarterly,Number of beneficiaries receiving psychosocial support services,Standardized,Max,Priority 4: Consolidating the Social Wage through Reliable and Quality Basic Services,"Safety, Social Cohesion and Food Security","The Social Protection, Community and Human Development cluster",111275,90375,"Target: Not achieved
Efforts to realise the targets within the quarter could not be concluded. ",The Department will improve performance in subsequence quarters. ,Target not achieved.,111275,"
116 729
","Target: Exceeded
Performance is due to intensified Psychosocial Support Services.",The Department will continue to facilitate access to the programme.,Target not achieved.,111275,"
129 412
","Target: Exceeded
Performance is due to intensified Psychosocial Support Services.",The Department will continue to facilitate access to the programme.,,111275,"
130 533
","Target: Exceeded
Performance is due to intensified Psychosocial Support Services.",The Department will continue to facilitate access to the programme.,Target exceeded,111275,130533,131804,"Target: Exceeded
Performance is due to intensified Psychosocial Support Services.",The Department will continue to facilitate access to the programme.,,Targeted output is underachieved with reason for deviation and corrective action reported.,"Underachievement with reason for deviation and corrective action is noted for this indicator.

",The same comment as above applies.,The same comment as above applies.,,76
Social Development,Social Development,Gauteng,Programme 2:  Social Welfare Services,Sub Programme 2.4:	HIV and AIDS,Quarterly,"Number of implementers trained on social, and behaviour  change programmes.",Standardized,Not  Applicable,Priority 4: Consolidating the Social Wage through Reliable and Quality Basic Services,"Safety, Social Cohesion and Food Security","The Social Protection, Community and Human Development cluster",60,61,"Target:  Exceeded
Performance is due to Department effort to upscale Social and Behaviour Change Programme and capacitate   implementers.",The Department will continue to facilitate access to the programme,,60,"

60
","Target:  Achieved                      
          ","None
",Target achieved.,60,"

64
","Target:  Exceeded 
Performance is due to more social service practitioners presenting themselves for training.                
                    
","The Department will continue to facilitate access to the programme .
",,60,"

71
","Target:  Exceeded 
Performance is due to more social service practitioners presenting themselves for training.                              ",The Department will continue to facilitate access to the programme.,Target exceeded,240,256,256,"Target:  Exceeded 
Performance is due to more social service practitioners presenting themselves for training.                               ",The Department will continue to facilitate access to the programme.,,Overachievement with reason for deviation and corrective action reported.,Targeted output is achieved for this indicator.,Reason for deviation and corrective action are acknowledged for this overachieved indicator.,Reason for deviation and corrective action are acknowledged although the targeted output is overachieved.,,76
Social Development,Social Development,Gauteng,Programme 3: Children and Families,Sub Programme 3.2: Care and Services to Families,Quarterly,Number of family members participating in family preservation services,Standardized,Not  Applicable,Priority 4: Consolidating the Social Wage through Reliable and Quality Basic Services,"Safety, Social Cohesion and Food Security","The Social Protection, Community and Human Development cluster",45542,43764,Target:  Not achieved                                                   Performance is due to fewer beneficiaries presenting themselves to access services as anticipated. Efforts to realise the targets within the quarter could not be concluded. ,The Department will continue to facilitate access to the programme.,,45668,"

54 293
","Target: Exceeded                                      
Performance is due to the intensified Departmental efforts in implementing the programme including the use of a revised mode of service delivery which attracted an increased number of beneficiaries.","The Department will continue to facilitate access to the programme.
",,40491,"

53 608
","Target: Exceeded                                      
Performance is due to the intensified Departmental efforts in implementing the programme including the use of a revised mode of service delivery which attracted an increased number of beneficiaries.",The Department will continue to facilitate access to the programme.,,44034,"

54077
","Target: Exceeded                                      
Performance is due to the intensified Departmental efforts in implementing the programme including the use of a revised mode of service delivery which attracted an increased number of beneficiaries.",The Department will continue to facilitate access to the programme.,Target exceeded,175735,205742,205742,"Target: Exceeded                                      
Performance is due to the intensified Departmental efforts in implementing the programme including the use of a revised mode of service delivery which attracted an increased number of beneficiaries.",The Department will continue to facilitate access to the programme.,,Overachievement is noted with reason for deviation and corrective action.,"Overachievement with reason for deviation and corrective action is noted for this indicator.

", Overachievement for this indicator is noted with reason for deviation and corrective action reported.,Overachievement is noted for this indicator.,,76
Social Development,Social Development,Gauteng,Programme 3: Children and Families,Sub Programme 3.2: Care and Services to Families,Quarterly,Number of family members participating in parenting programmes,Standardized,Not  Applicable,Priority 4: Consolidating the Social Wage through Reliable and Quality Basic Services,"Safety, Social Cohesion and Food Security","The Social Protection, Community and Human Development cluster",23941,27811,"Target: Exceeded                                      
Performance is due to the intensified Departmental efforts in implementing the programme including the use of a revised mode of service delivery which attracted an increased number of beneficiaries.",The Department will continue to facilitate access to the programme.,,25508,"

33 833
","Target: Exceeded                                      
Performance is due to the intensified Departmental efforts in implementing the programme including the use of a revised mode of service delivery which attracted an increased number of beneficiaries.","The Department will continue to facilitate access to the programme.

",,19356,"

33 911
","Target: Exceeded                                      
Performance is due to the intensified Departmental efforts in implementing the programme including the use of a revised mode of service delivery which attracted an increased number of beneficiaries.
","The Department will continue to facilitate access to the programme.
",,22305,"

32087
","Target: Exceeded                                      
Performance is due to the intensified Departmental efforts in implementing the programme including the use of a revised mode of service delivery which attracted an increased number of beneficiaries.",The Department will continue to facilitate access to the programme.,Target exceeded,91110,127642,127642,"Target: Exceeded                                      
Performance is due to the intensified Departmental efforts in implementing the programme including the use of a revised mode of service delivery which attracted an increased number of beneficiaries.",The Department will continue to facilitate access to the programme.,,"Targeted output is overachieved, reasons for deviation and corrective action are noted.","Overachievement with reason for deviation and corrective action is noted for this indicator.

",Overachievement for this indicator is noted with reason for deviation and corrective action reported.,Reason for deviation and corrective action are acknowledged although the targeted output is overachieved.,,76
Social Development,Social Development,Gauteng,Programme 3: Children and Families,Sub Programme 3.2: Care and Services to Families,Quarterly,Number of family members reunited with their families,Standardized,Not  Applicable,Priority 4: Consolidating the Social Wage through Reliable and Quality Basic Services,"Safety, Social Cohesion and Food Security","The Social Protection, Community and Human Development cluster",551,597,"Target: Exceeded                      
Performance is due to more beneficiaries participating in the programme than anticipated. ",The Department will continue to facilitate access to the programme.,,581,"
602
","Target: Exceeded                      
Performance is due to is due to readiness of families and members for reunification.",The Department will continue to facilitate access to the programme.,,582,"
562
","Target: Not achieved                
Reunification is an intensive process and is dependent on the willingness of the clients to be reunified and the families to positively receive their family members.",The Department will continue to facilitate access to the programme.,Target not achieved. ,497,"
530
","Target: Exceeded                                      
Performance is due to the intensified Departmental efforts in implementing the programme.",The Department will continue to facilitate access to the programme.,Target exceeded,2211,2291,2291,"Target: Exceeded                                      
Performance is due to the intensified Departmental efforts in implementing the programme including the use of a revised mode of service delivery which attracted an increased number of beneficiaries.",The Department will continue to facilitate access to the programme.,,"The same comment as above applies, submission noted.","Overachievement with reason for deviation and corrective action is noted for this indicator.

",Overachievement for this indicator is noted with reason for deviation and corrective action reported.,Performance is noted for this indicator.,,76
Social Development,Social Development,Gauteng,Programme 3: Children and Families,Sub Programme 3.2: Care and Services to Families,Quarterly,Number of homeless beneficiaries accessing Drop-in Centre,Non-Standardized,Not  Applicable,Priority 4: Consolidating the Social Wage through Reliable and Quality Basic Services,"Safety, Social Cohesion and Food Security","The Social Protection, Community and Human Development cluster",0,0,Not targeted under the quarter review,None,,0,,,,,5760,"
2 070
","Target: Not achieved 
Performance is due to the  number of beneficiaries that presented themselves for the service .
Comment:  The target includes physical and mobile drop-in centres.                                         
",Two new  physical  drop-in centres   have been approved for funding this quarter  to improve performance.                                        The Department will continue to facilitate access to the programme.,Target not achieved. Revised target noted.,11520,"
 5 347
","Target: Not achieved 
Performance is due to the number of beneficiaries that presented themselves for the service. 
Comment:  The target includes physical and mobile drop-in centres.
                                         ",Two new physical drop-in centres   have been approved for funding this quarter to improve performance.                                        The Department will continue to facilitate access to the programme.,Target not achieved ,11520,5347,5347,"Target: Not achieved 
Performance is due to  the  number of beneficiaries that presented themselves for the service .
Comment:  The target includes physical and mobile drop-in centres. ",Two new  physical  drop-in centres   have been approved for funding this quarter  to improve performance.                                        The Department will continue to facilitate access to the programme.,,,,,,Highest performance is desired,76
Social Development,Social Development,Gauteng,Programme 3: Children and Families,Sub Programme 3.2: Care and Services to Families,Quarterly,Number of homeless beneficiaries accessing homeless shelters,Standardized,Not  Applicable,Priority 4: Consolidating the Social Wage through Reliable and Quality Basic Services,"Safety, Social Cohesion and Food Security","The Social Protection, Community and Human Development cluster",3210,1674,"Target: Not achieved Efforts to realise the targets within the quarter could not be concluded pending finalisation of Service Level Agreements (SLAs). Moreover, one shelter is under renovation and 1 shelter was closed due to health and safety compliance.","The Department has since finalised signing of SLAs, will continue to facilitate access to the programme and fast track implementation in the subsequent quarter.
",,3210,"
2 361
","Target:  Not achieved 
Performance is due ti there (3) shelters that were not operational, (1) is closed and two (2) were temporarily closed due to health and safety compliance. Funding for two 2 shelters in Northern Corridor is suspended due to non- compliance One shelter is under renovation .",The Department will continue to monitor and promote access to shelter services.,Target not achieved.,3210,"
2 303
","Target:  Not achieved 
Performance is due to three shelter that were closed and another one is not operational due to health and safety reasons. Furthermore, funding for 1 shelter is suspended due to non-compliance.",The Department will continue to monitor and promote access to shelter services.,Target not achieved. Revised target noted.,3210,"
2 352
","Target:  Not achieved 
Performance is due to three shelter that were closed and another one is not operational due to health and safety reasons. Furthermore, funding for 1 shelter is suspended due to non-compliance.",The Department will continue to monitor and promote access to shelter services.,Target not achieved ,3210,2352,2361,"Target:  Not achieved 
Performance is due to three shelter that were closed and another one is not operational due to health and safety reasons. Furthermore, funding for 1 shelter is suspended due to non-compliance.","The Department will continue to monitor and promote access to shelter services 
Deaprtment is embarking on the process of identifying buildings to be converted as shelters for homeless.",,,,,,,76
Social Development,Social Development,Gauteng,Programme 3: Children and Families,Sub Programme 3.3: Child Care and Protection,Quarterly,Number of children in foster care re-unified with their families,Standardized,Not  Applicable,Priority 4: Consolidating the Social Wage through Reliable and Quality Basic Services,"Safety, Social Cohesion and Food Security","The Social Protection, Community and Human Development cluster",74,38,"Target: Not Achieved
Both children and families were not ready to be reunified due to unresolved issues and in most instances the reasons for removal still exist. 
","The Department will continue to implement the reunification programmes and work on the areas of removal so that children and families remain committed to the reunification process.
",Target not achieved.,74,"
45
","Target: Not Achieved
Both Children and Families were not ready to be reunified due to unresolved issues and in most instances the reasons for removal still exist.  ",The Department will continue to implement the reunification programmes and work on the areas of removal so that children and families remain committed to the reunification process,Target not achieved.,74,"
29
","Target: Not Achieved
Performance is due to most foster care placements are with related family members therefore there is no need for family reunification.","The Department will continue to implement the reunification programme in terms of unrelated foster care placements.
","Target not achieved. The Department has provided the same RoD and Corrective Actions from Q1 and Q2, but the target remains underachieved. ",74,"
39
","Target: Not Achieved
Underperformance is due to most foster care placements are with related family members therefore prompting no need for family reunification.",The Department will continue to implement the reunification program in terms of unrelated foster care placements,Target not achieved ,296,151,151,"Target: Not Achieved
Underperformance is due to most foster care placements are with related family members therefore prompting  no need for family reunification.",The Department will continue to implement the reunification program in terms of unrelated foster care placements.,,"The same comment as above applies, submission noted.","Underachievement is noted for this indicator coupled with reason for deviation and corrective action.

",The same comment as above applies.,Reason for deviation and corrective action are acknowledged although the targeted output is underachieved.,,76
Social Development,Social Development,Gauteng,Programme 3: Children and Families,Sub Programme 3.3: Child Care and Protection,Quarterly,Number of Children participating in Masupatsela Programme,Non-Standardized,Max,Priority 4: Consolidating the Social Wage through Reliable and Quality Basic Services,"Safety, Social Cohesion and Food Security","The Social Protection, Community and Human Development cluster",0,0,New indicator. Not targeted under the quarter review ,None ,,0,,,,,390,"
481
","Target: Exceeded                                      
Performance is due to the intensified Departmental efforts in implementing the programme.
",The Department will continue to facilitate access to the programme.,,390,"
696
","Target: Exceeded                                      
Performance is due to the intensified Departmental efforts in implementing the programme",The Department will continue to facilitate access to the programme.,Target exceeded,390,696,696,"Target: Exceeded                                      
Performance is due to the intensified Departmental efforts in implementing the programme.",The Department will continue to facilitate access to the programme .,,,,,,Higher performance is desired,76
Social Development,Social Development,Gauteng,Programme 3: Children and Families,Sub Programme 3.3: Child Care and Protection,Quarterly,Number of children with valid foster care orders,Standardized,Max,Priority 4: Consolidating the Social Wage through Reliable and Quality Basic Services,"Safety, Social Cohesion and Food Security","The Social Protection, Community and Human Development cluster",36363,31824,"Target: Not Achieved 
Efforts to realise the targets within the quarter could not be concluded. This has impacted on the performance particularly on CPOs contribution to the indicator. ","The Department developed catch up plans with affected Child Protection Organisations to fast track the finalisation of Children Court Enquiries related to Children to be placed in Foster Care.
","Target not achieved.

The department is requested to correct ""Target Achieved"" with ""Target not achieved"".",36363,"34336
","Target: Not Achieved 
Performance is due to some Child Protection Organisation (CPO) experiencing challenges in implementing catch up plans. In addition there are delays in securing the dates on court roll.
 ",The Department will continue to monitor the implementation of catch up plans.,Target not achieved.,33755,"
34 876
","Target: Exceeded
Performance is due to presiding officers prioritising finalisation of children court enquiries related to children being placed in foster care.
The CPOs have intensified implementation of catch-up plans.",The Department will continue with its case flow management meetings with presiding officers as well continue to monitor the catch up plans the Corridors have in place with Child Protection Organisations.,"Target not achieved. The Dept has provided the same RoD and Corrective Actions from Q1 and Q2, but the target remains underachieved. ",33755,"
28892
","Target: Not Achieved 
Performance is due to children who turned 18 years that now require Section 176 Order - only qualify for Section 176 Order when pursuing studies. This means Social Workers will have to receive proof of registration into an educational facility before issuing Section 176 Orders.  
Comment: Annual performance has been achieved.
",The Department will Intensify efforts to remind Foster Parents to submit proof of registration as well as micromanage Social Workers on concluding all cases that qualify for Section 176 Order.,Target not achieved ,33755,34876,34876,"Target: Exceeded
Performance is due to presiding officers prioritising finalisation of children court enquiries related to children being placed in foster care.
The CPOs further intensified implementation of catch up plans
",The Department will continue with its case flow management meetings with presiding officers .,,"Targeted output not achieved, reasons for deviation and corrective action reported.","Underachievement is noted for this indicator coupled with reason for deviation and corrective action.

","
Performance for this indicator shows an improvement with regards to services related to foster care.",Reason for deviation and corrective action are acknowledged although the targeted output is underachieved.,,76
Social Development,Social Development,Gauteng,Programme 3: Children and Families,Sub Programme 3.3: Child Care and Protection,Quarterly,Number of reported cases of child abuse,Standardized,Not  Applicable,Priority 4: Consolidating the Social Wage through Reliable and Quality Basic Services,"Safety, Social Cohesion and Food Security","The Social Protection, Community and Human Development cluster",879,1020,"Target: Exceeded      
Performance is due to Departmental intervention on Prevention and Awareness wherein in communities, children (through school social work interventions) are encouraged to report any forms of abuse. In addition, all reported cases of abuse legislatively requires the completion Form 22 and Form 23 which feeds into the Part A of the National Child Protection Register.",The Department will continue to implement childcare and protection programmes through prevention and awareness interventions and communities are encouraged to report abuse as legislatively required.,,879,"1166
","Target: Exceeded      
Performance is due to Departmental intervention on Prevention and Awareness wherein in communities, children (through school social work interventions) are encouraged to report any forms of abuse. In addition, all reported cases of abuse legislatively requires the completion Form 22 and Form 23 which feeds into the Part A of the National Child Protection Register.",The Department will continue to implement child care and protection programmes through prevention and awareness interventions and communities are encouraged to report abuse as legislatively required.,,879,"
1 080
","Target: Exceeded      
Performance is due to Departmental intervention on Prevention and Awareness wherein in communities, children (through school social work interventions) are encouraged to report any forms of abuse. In addition, all reported cases of abuse legislatively require the completion Form 22 and Form 23 which feeds into the Part A of the National Child Protection Register.
",The Department will continue to implement child care and protection programmes through prevention and awareness interventions and communities are encouraged to report abuse as legislatively required.,,880,"
981
","Target: Exceeded      
Performance is due to Departmental intervention on Prevention and Awareness wherein in communities, children (through school social work interventions) are encouraged to report any forms of abuse. In addition, all reported cases of abuse legislatively require the completion Form 22 and Form 23 which feeds into the Part A of the National Child Protection Register.",The Department will continue to implement child care and protection programmes through prevention and awareness interventions and communities are encouraged to report abuse as legislatively required.,Target exceeded,3517,4247,4247,"Target: Exceeded      
Performance is due to Departmental intervention on Prevention and Awareness wherein in communities, children participating in school social work interventions are encouraged to report any forms of abuse. In addition all reported cases of abuse legislatively requires the completion Form 22 and Form 23 which feeds into the Part A of the National Child Protection Register.",The Department will continue to implement child care and protection programmes through prevention and awareness interventions and communities are encouraged to report abuse as legislatively required.,,Overachievement with reason for deviation and corrective action reported. this shows an increased awareness efforts on the part of the department.,"Overachievement with reason for deviation and corrective action is noted for this indicator.

",Overachievement for this indicator is noted with reason for deviation and corrective action reported.,Overachievement indicates the increase in awareness by the department considering this is a negative indicator.,,76
Social Development,Social Development,Gauteng,Programme 3: Children and Families,Sub Programme 3.3: Child Care and Protection,Quarterly,Percentage of children placed in foster care ,Standardized,Not  Applicable,Priority 4: Consolidating the Social Wage through Reliable and Quality Basic Services,"Safety, Social Cohesion and Food Security","The Social Protection, Community and Human Development cluster",100 %,100 %,"Target: Achieved 
Performance is due d to the Presiding Officers discouraging kinship foster care placement as the child is not a child in need of care and protection. Instead, such learners are diverted to SASSA for the Child Support Top Up Grant.
Furthermore, efforts to realise the targets within the quarter could not be concluded. This has impacted on the performance particularly on CPOs contribution to the indicator. ","The Department developed catch up plans with affected Child Protection Organisations to fast track the finalisation of Children Court Enquiries related to Children to be placed in Foster Care.
",Target achieved.,100 %,100 %,"Target: Not Achieved 
Performance is due to the Presiding Officers discouraging kinship foster care placement as such children are not found to be in need of care and protection. 
 
",The Department will continue to monitor catch up plans and additionaly children are diverted to SASSA for the Child Support Top Up Grant.,Target achieved.,100 %,"
100 %","Target: Achieved 
Performance is due to presiding officers prioritising finalisation of children court enquiries related to children being placed in foster care.
.",The Department will continue with its case flow management meetings with presiding officers as well continue to monitor the catch up plans the Corridors have in place with Child Protection Organisations.,Target achieved.,100 %,"
100 %","Target: Achieved 
Performance is due to presiding officers prioritising finalisation of children court enquiries related to children being placed in foster care.
",The Department will continue with its case flow management meetings with presiding officers as well continue to monitor the catch up plans the Corridors have in place with Child Protection Organisations.,Target achieved ,100 %,400 %,100,"Target: Achieved 
Performance is due to presiding officers prioritising finalisation of children court enquiries related to children being placed in foster care.
",The Department will continue with its case flow management meetings with presiding officers as well continue to monitor the catch up plans the Corridors have in place with Child Protection Organisations.,,Targeted output is achieved.,,,,,76
Social Development,Social Development,Gauteng,Programme 3: Children and Families,Sub Programme 3.5: Child and Youth Care Centres,Quarterly,Number of children in CYCCs re-unified with their families ,Standardized,Not  Applicable,Priority 4: Consolidating the Social Wage through Reliable and Quality Basic Services,"Safety, Social Cohesion and Food Security","The Social Protection, Community and Human Development cluster",42,63,"Target: Exceeded
Performance is due to more children and families meeting the criteria for reunification.
","The Department will continue to intensify services for children and families to meet reunification criteria.
",,42,"
60
","Target: Exceeded
Performance is due to more children and families meeting the criteria for reunification.",The Department will continue to intensify services for children and families to meet reunification criteria.,,42,"
63
","Target: Exceeded
Performance is due to more children and families meeting the criteria for reunification.",The Department will continue to intensify services for children and families to meet reunification criteria.,,45,"
78
","Target: Exceeded
Performance is due to more children and families meeting the criteria for reunification.",The Department will continue to intensify services for children and families to meet reunification criteria.,Target exceeded,171,264,264,"Target: Exceeded
Performance is due to more children and families meeting the criteria for reunification.",The Department will continue to intensify services for children and families to meet reunification criteria.,,Targeted output is overachieved with reasons for deviation and corrective action reported.,Overachievement with reason for deviation and corrective action is noted for this indicator.,Reason for deviation and corrective action are noted with targeted output overachieved for this indicator.,Reason for deviation and corrective action are acknowledged although the targeted output is overachieved.,,76
Social Development,Social Development,Gauteng,Programme 3: Children and Families,Sub Programme 3.5: Child and Youth Care Centres,Quarterly,Percentage of children placed in Child and Youth Care Centres ,Standardized,Max,Priority 4: Consolidating the Social Wage through Reliable and Quality Basic Services,"Safety, Social Cohesion and Food Security","The Social Protection, Community and Human Development cluster",100 %,100 %,"Target: Achieved                 
Comment: 100% of all children in need of care and protection in CYCCs who were referred were provided with the service. In addition, non-compliance of CYCCs to the municipal bi-laws, administrative governance and financial management have led to the closure of CYCCs which results in an hindrance to service delivery. ",The Department will continue to facilitate access to Child Care and Protection Services.,Target achieved.,100 %,"
100 %","Target: Achieved                 
Comment: 100% of all children in need of care and protection in CYCCs who were referred were provided with the service. In addition, non-compliance of CYCCs to the municipal bi-laws, administrative governance and financial management have led to the closure of CYCCs which results in an hindrance to service delivery.
There are two CYCC that have closed down voluntarily.",The Department will continue to facilitate access to Child Care and Protection Services.,Target achieved.,100 %,"
100 %","Target: Achieved                 
Comment: 100% of all children in need of care and protection in CYCCs who were referred were provided with the service. In addition, non-compliance of CYCCs to the municipal bi-laws, administrative governance and financial management have led to the closure of some CYCCs which results in a hindrance to service delivery.           A media enquiry led to one CYCC being investigated.",The Department will continue to facilitate access to Child Care and Protection Services.,,100 %,"
100 %","Target: Achieved                 
Comment: 100% of all children in need of care and protection in CYCCs who were referred were provided with the service. In addition, non-compliance of CYCCs to the municipal bi-laws, administrative governance and financial management have led to the closure of some CYCCs which results in a hindrance to service delivery. A media enquiry led to one CYCC being investigated.",The Department will continue to facilitate access to Child Care and Protection Services.,Target  achieved ,100 %,100 %,100,"Target: Achieved                 
Comment: 100% of all children in need of care and protection in CYCCs who were referred were provided with the service. In addition, non-compliance of CYCCs to the municipal bi-laws, administrative governance and financial management have led to the closure of some CYCCs which results in an hindrance to service delivery.A media enquiry led to one CYCC being investigated.",The Department will continue to facilitate access to Child Care and Protection Services.,,Targeted output achieved.,,,,,76
Social Development,Social Development,Gauteng,Programme 3: Children and Families,Sub Programme 3.6:	Community-Based Care Services for children,Quarterly,Number of children reached through community-based prevention and early intervention programmes,Standardized,Max,Priority 4: Consolidating the Social Wage through Reliable and Quality Basic Services,"Safety, Social Cohesion and Food Security","The Social Protection, Community and Human Development cluster",21263,23242,"Target: Exceeded 
Performance is due to more beneficiaries accessing community-based services than anticipated. 
",The Department will continue to implement the programme.,,21263,"

28 877
","Target: Exceeded 
Performance is due to the intensified Departmental efforts in implementing the programme including the use of a revised mode of service delivery which attracted an increased number of beneficiaries.",The Department will continue to implement the programme.,,21263,"

28 504
","Target: Exceeded 
 Performance is due to the intensified Departmental efforts in implementing the programme including the use of a revised mode of service delivery which attracted an increased number of beneficiaries.","The Department will continue to implement the programme.
",,21263,"28559
","Target: Exceeded 
Performance is due to the intensified Departmental efforts in implementing the programme including the use of a revised mode of service delivery which attracted an increased number of beneficiaries.","The Department will continue to implement the programme.
",Target exceeded,21263,28877,28877,"Target: Exceeded 
Performance is due to the intensified Departmental efforts in implementing the programme including the use of a revised mode of service delivery which attracted an increased number of beneficiaries.",The Department will continue to implement the programme.,,Overachievement with reason for deviation and corrective action reported.,Overachievement with reason for deviation and corrective action is noted for this indicator.,Reason for deviation and corrective action are noted with targeted output overachieved for this indicator.,Reason for deviation and corrective action are acknowledged although the targeted output is overachieved.,,76
Social Development,Social Development,Gauteng,Programme 4:  Restorative Services,Sub Programme 4.2:	Crime Prevention and support,Quarterly,Number of persons reached through social crime prevention programmes,Standardized,Not  Applicable,Priority 4: Consolidating the Social Wage through Reliable and Quality Basic Services,"Safety, Social Cohesion and Food Security","The Social Protection, Community and Human Development cluster",318166,1052076,"Target: Exceeded                                      
Performance is due to the intensified Departmental efforts in implementing the programme including the use of a revised mode of service delivery which attracted an increased number of beneficiaries.",The Department will continue to facilitate access to the programme.,,1255323,"
2 557 020
","Target: Exceeded                                      
Performance is due to the intensified Departmental efforts in implementing the programme including the use of a revised mode of service delivery which attracted an increased number of beneficiaries.","The Department will continue to facilitate access to the programme.
",,2050885,"
3 886 932"," Target: Exceeded                                      
Performance is due to the intensified Departmental efforts in implementing the programme including the use of a revised mode of service delivery which attracted an increased number of beneficiaries. Comment: : (additional Q1 roll over  performance  considered in Q2","The Department will continue to facilitate access to the programme.
",,2536312,"

5 029 777
","Target: Exceeded                                      
Performance is due to the intensified Departmental efforts in implementing the programme including the use of a revised mode of service delivery which attracted an increased number of beneficiaries. ",The Department will continue to facilitate access to the programme.,Target exceeded,2536312,12525805,5029777,Target: Exceeded Performance is due to the intensified Departmental efforts in implementing the programme including the use of a revised mode of service delivery which attracted an increased number of beneficiaries. ,The Department will continue to facilitate access to the programme .,,Targeted output is overachieved. Reason for deviation and corrective action are noted.,Overachievement with reason for deviation and corrective action is noted for this indicator.,Reason for deviation and corrective action are noted with targeted output overachieved for this indicator.,Reason for deviation and corrective action are acknowledged although the targeted output is overachieved.,,76
Social Development,Social Development,Gauteng,Programme 4:  Restorative Services,Sub Programme 4.2:	Crime Prevention and support,Quarterly,Percentage of children in conflict with the law who accessed secure care centres,Standardized,Not  Applicable,Priority 4: Consolidating the Social Wage through Reliable and Quality Basic Services,"Safety, Social Cohesion and Food Security","The Social Protection, Community and Human Development cluster",100 %,100 %,Target: Achieved                                                                        Comment: 100% of all children in conflict with the law referred by SAPS were assessed and met the criteria to be placed at secure care centres by courts.,The Department will continue to facilitate access to the programme.,Target achieved.,100 %,"
100 %",Target: Achieved                                                                        Comment: 100% of all children in conflict with the law referred by SAPS were assessed and met the criteria to be placed at secure care centres by courts.,The Department will continue to facilitate access to the programme.,Target achieved.,100 %,"
100 %",Target: Achieved                                                                        Comment: 100% of all children in conflict with the law referred by SAPS were assessed and met the criteria to be placed at secure care centres by courts.,The Department will continue to facilitate access to the programme,Target achieved. ,100 %,"

100 %",Target: Achieved                                                                        Comment: 100% of all children in conflict with the law referred by SAPS were assessed and met the criteria to be placed at secure care centres by courts.,The Department will continue to facilitate access to the programme.,Target  achieved ,100 %,100 %,100,Target: Achieved                                                                        Comment: 100% of all children in conflict with the law referred by SAPS were assessed and met the criteria to be placed at secure care centres by courts.,The Department will continue to facilitate access to the programme .,,Targeted output is achieved.,,,,,76
Social Development,Social Development,Gauteng,Programme 4:  Restorative Services,Sub Programme 4.2:	Crime Prevention and support,Quarterly,Percentage of persons in conflict with the law who completed diversion programmes ,Standardized,Not  Applicable,Priority 4: Consolidating the Social Wage through Reliable and Quality Basic Services,"Safety, Social Cohesion and Food Security","The Social Protection, Community and Human Development cluster",100 %,100 %,"Target: Achieved
Comment: 100% of all children in the diversion programme were provided with the service",The Department will continue to facilitate access to the programme.,Target achieved.,100 %,100 %,"Target: Achieved
Comment: 100% of all children in the diversion programme were provided with the service.",The Department will continue to facilitate access to the programme.,Target achieved.,100 %,"
100 %","Target: Achieved
Comment: 100% of all children in the diversion programme were provided with the service.",The Department will continue to facilitate access to the programme,Target achieved. ,100 %,"

100 %","Target: Achieved
Comment: 100% of all children in the diversion programme were provided with the service.",The Department will continue to facilitate access to the programme.,Target  achieved ,100 %,100 %,100,"Target: Achieved
Comment: 100% of all children in the diversion programme were provided with the service.",The Department will continue to facilitate access to the programme .,,Targeted output is achieved.,,,,,76
Social Development,Social Development,Gauteng,Programme 4:  Restorative Services,Sub Programme 4.3:	Victim empowerment,Quarterly,Number of beneficiaries reached through programme of no violence against children and women including 365 days of activism,Standardized,Not  Applicable,Priority 4: Consolidating the Social Wage through Reliable and Quality Basic Services,"Safety, Social Cohesion and Food Security","The Social Protection, Community and Human Development cluster",676972,549753,"Target: Not Achieved
Performance is due to fewer beneficiaries  accessing the programme  than anticipated. Efforts to realise the targets within the quarter could not be concluded.", The Department has developed a catch-up plan to improve the performance in the subsequent quarters.,Target not achieved.,1397793,"

2 527 582
","Target: Exceeded
Performance is due to intensified Departmental efforts in the implementation of the programme including the use of revised mode of service delivery which attracted an increased number of beneficiaries.",The Department will continue to facilitate access to the programme.,,2783686,"


3 549 971
","Target: Exceeded
Performance is due to intensified Departmental efforts in the implementation of the programme including the use of revised mode of service delivery which attracted an increased number of beneficiaries. ",The Department will continue to facilitate access to the programme.,,3200659,"


4 380 629
","Target: Exceeded
Performance is due to intensified Departmental efforts in the implementation of the programme including the use of revised mode of service delivery which attracted an increased number of beneficiaries. ","The Department will continue to facilitate access to the programme.
",Target exceeded,3200659,4380629,1179970,"Target: Exceeded
Performance is due to intensified Departmental efforts in the implementation of the programme including the use of revised mode of service delivery which attracted an increased number of beneficiaries. ",The Department will continue to facilitate access to the programme,,,,,,,76
Social Development,Social Development,Gauteng,Programme 4:  Restorative Services,Sub Programme 4.3:	Victim empowerment,Quarterly,Number of LGBTQIA+ beneficiaries receiving psycho-social support service,Standardized,Not  Applicable,Priority 4: Consolidating the Social Wage through Reliable and Quality Basic Services,"Safety, Social Cohesion and Food Security","The Social Protection, Community and Human Development cluster",323,263,Target: Not Achieved                                                               Performance is due to less beneficiaries accessing the programme than anticipated.,The Department will continue to facilitate access to the programme.,"Target not achieved.
The department is requested to align the indicator to the 2024/25 APP by correcting ""service"" with ""services.""",288,"
478
",Target: Exceeded                                                        Performance is due to more beneficiaries accessing the programme than anticipated.,The Department will continue to facilitate access to the programme.,Target not achieved.,289,"

473",Target: Exceeded                                                        Performance is due to the intensified departmental efforts in implementing the programme.,The Department will continue to facilitate access to the programme.,,288,"
323
",Target: Exceeded                                                        Performance is due to more beneficiaries accessing the programme than anticipated.,The Department will continue to facilitate access to the programme.,Target exceeded,1188,1537,1537,Target: Exceeded                                                        Performance is due to more beneficiaries accessing the programme than anticipated,The Department will continue to facilitate access to the programme.,,,,,,,76
Social Development,Social Development,Gauteng,Programme 4:  Restorative Services,Sub Programme 4.3:	Victim empowerment,Quarterly,Number of men reached through the empowerment programmes,Standardized,Not  Applicable,Priority 4: Consolidating the Social Wage through Reliable and Quality Basic Services,"Safety, Social Cohesion and Food Security","The Social Protection, Community and Human Development cluster",15538,33102,"Target: Exceeded                                                                               Performance is due to intensified Departmental efforts in the implementation of the programme , including the use of a revised mode of service delivery, which attracted an increased number of beneficiaries.",The Department will continue to facilitate access to the programme .,,109838,"
152 606
","Target: Exceeded                                                                               Performance is due to intensified Departmental efforts in the implementation of the programme, including the use of a revised mode of service delivery, which attracted an increased number of beneficiaries.","The Department will continue to facilitate access to the programme.
",,16537,"
56 745
","Target: Exceeded                                                                               Performance is due to intensified Departmental efforts in the implementation of the programme , including the use of a revised mode of service delivery, which attracted an increased number of beneficiaries.",The Department will continue to facilitate access to the programme .,,15537,"
35 281
","Target: Exceeded                                                                               Performance is due to intensified Departmental efforts in the implementation of the programme, including the use of a revised mode of service delivery, which attracted an increased number of beneficiaries.","The Department will continue to facilitate access to the programme.
",Target exceeded,157450,277734,277734,"Target: Exceeded                                                                               Performance is due to intensified Departmental efforts in the implementation of the programme , including the use of a revised mode of service delivery, which attracted an increased number of beneficiaries.",The Department will continue to facilitate access to the programme .,,,,,,,76
Social Development,Social Development,Gauteng,Programme 4:  Restorative Services,Sub Programme 4.3:	Victim empowerment,Quarterly,Number of victims of crime and violence accessing support services,Standardized,Not  Applicable,Priority 4: Consolidating the Social Wage through Reliable and Quality Basic Services,"Safety, Social Cohesion and Food Security","The Social Protection, Community and Human Development cluster",14582,7257,"Target: Not Achieved
Performance is due to fewer beneficiaries accessing the programme as efforts to realise the target within the quarter could not be concluded pending finalisation of Service Level Agreements (SLAs).","The Department has since finalised signing of SLAs and developed a catch-up plan to improve the performance in the subsequent quarters
",Target not achieved.,29046,"
19 002
","Target: Not Achieved
Performance is due to non-compliant NPOs and some of these NPOs provided victim friendly services. ",The Department will continue to provide capacity-building to NPOs to meet compliance requirements for funding.,Target not achieved.,41526,"

30 264
","Target: Not Achieved
Performance is due to non-compliant NPOs providing victim friendly services. Furthermore, the service is demand driven.
",The Department will continue to provide capacity-building to NPOs to meet compliance requirements for funding. Furthermore the Department will continue to market the service through awareness campaigns ,"Target not achieved. The RoD and Corrective Action is the same as in Q2, but the target remains underachieved.  ",54530,"

44 074
","Target: Not Achieved
Performance is due to non-compliant NPOs that were not funded to provide victim friendly services. Furthermore, the service is demand driven.","The Department will continue to provide capacity-building to NPOs to meet compliance requirements for funding. Furthermore, the Department will continue to market the service through awareness campaigns.",Target not achieved ,54530,100597,44621,"Target: Not Achieved
Performance is due to non-compliant NPOs that were not funded to provide victim friendly services. 
Furthermore the service is demand driven 
",The Department will continue to provide capacity-building to NPOs to meet compliance requirements for funding. Furthermore the Department will continue to market the service through awareness campaigns ,,Underachievement with reasons for deviation and corrective action reported.,Underachievement with reason for deviation and corrective action is noted for this indicator.,Reason for deviation and corrective action are noted with targeted output underachieved for this indicator.,Reason for deviation and corrective action are acknowledged although the targeted output is underachieved.,,76
Social Development,Social Development,Gauteng,Programme 4:  Restorative Services,Sub Programme 4.3:	Victim empowerment,Quarterly,Number of victims of GBV and crime who accessed sheltering services,Standardized,Not  Applicable,Priority 4: Consolidating the Social Wage through Reliable and Quality Basic Services,"Safety, Social Cohesion and Food Security","The Social Protection, Community and Human Development cluster",523,206,"Target: Not Achieved.
Performance is due to fewer beneficiaries  accessing the programme  as efforts to realise the target within the quarter could not be concluded pending finalisation of Service Level Agreements (SLAs).","The Department has since finalised signing of SLAs and developed a catch-up plan to improve the performance in the subsequent quarters.
",Target not achieved.,524,"
341
","Target: Not Achieved
Performance is due to two Shelters that were not funded due to non-compliance and One shelter de-registered. 
Comment: 100% of Victims of GBV who were referred to shelters were admitted.",The Department will continue to support non-compliant shelters to acquire the required documents from Municipality. The affected Corridors will identify compliant shelters.,Target not achieved.,526,"

373","Target: Not achieved 
Performance is due to shelters that were not funded due to non-compliance and one shelter  was de-registered. 
Comment: 100% of Victims of GBV who were referred to shelters were admitted.
",The Department will continue to support non-compliant shelters to acquire the required documents from Municipality. ,"Target not achieved. The RoD and Corrective Action is the same as in Q2, but the target remains underachieved.   ",525,"

370
","Target: Not achieved 
Performance is due to shelters that were not funded due to non-compliance and one shelter was suspended. 
Comment: 100% of Victims of GBV who were referred to shelters were admitted.


",The Department will continue to support non-compliant shelters to acquire the required documents from Municipality. ,Target not achieved ,2098,1290,1290,"Target: Not achieved 
Performance is due to shelters that were not funded due to non-compliance and one shelter  was suspended. 
Comment: 100% of Victims of GBV who were referred to shelters were admitted.
","The Department will continue to support non-compliant shelters to acquire the required documents from Municipality. 
Department is in the process of operationalising properties donated by Department of Public Works.",,Underachievement with reason for deviation and corrective action reported.,Underachievement with reason for deviation and corrective action is noted for this indicator.,Reason for deviation and corrective action are noted with targeted output underachieved for this indicator.,Reason for deviation and corrective action are acknowledged although the targeted output is underachieved.,,76
Social Development,Social Development,Gauteng,Programme 4:  Restorative Services,Sub Programme 4.3:	Victim empowerment,Quarterly,Percentage of funded VEP service centres,Standardized,Max,Priority 4: Consolidating the Social Wage through Reliable and Quality Basic Services,"Safety, Social Cohesion and Food Security","The Social Protection, Community and Human Development cluster",100 %,100 %,"Target: Achieved 
Comment: 100% of all submitted and compliant business plans of NPOs were funded. 

",The Department will continue to provide capacity-building to NPOs to meet compliance requirements for funding.,Target achieved.,100 %,"
100 %","Target: Achieved 
Comment: 100% of all submitted and compliant business plans of NPOs were funded. ",The Department will continue to provide capacity-building to NPOs to meet compliance requirements for funding.,Target achieved.,100 %,"
100 %","Target: Achieved 
Comment: 100% of all submitted and compliant business plans of NPOs were funded. ",The Department will continue to provide capacity-building to NPOs to meet compliance requirements for funding.,Target achieved. ,100 %,"
100 %","Target: Achieved 
Comment: 100% of all submitted and compliant business plans of NPOs were funded. ",The Department will continue to provide capacity-building to NPOs to meet compliance requirements for funding.,Target  achieved ,100 %,100 %,100,"Target: Achieved 
Comment: 100% of all submitted and compliant business plans of NPOs were funded. 
",The Department will continue to provide capacity-building to NPOs to meet compliance requirements for funding.,,Targeted output is achieved.,,,,,76
Social Development,Social Development,Gauteng,Programme 4:  Restorative Services,Sub Programme 4.3:	Victim empowerment,Quarterly,Percentage of human trafficking victims who accessed social services,Standardized,Not  Applicable,Priority 4: Consolidating the Social Wage through Reliable and Quality Basic Services,"Safety, Social Cohesion and Food Security","The Social Protection, Community and Human Development cluster",100 %,100 %,"Target: Achieved 
Comment: All victims of human trafficking who needed services accessed the service.  ",The Department will continue to facilitate access to the programme.,Target achieved.,100 %,"
100 %","Target: Achieved   
Comment: All victims of human trafficking who needed services accessed the service.                                                         ",The Department will continue to facilitate access to the programme.,Target achieved.,100 %,"

100 %","Target: Achieved   
Comment: All victims of human trafficking who needed services accessed the service.    ",The Department will continue to facilitate access to the programme.,Target achieved. ,100 %,"

100 %","Target: Achieved   
Comment: All victims of human trafficking who needed services accessed the service.                                              ","The Department will continue to facilitate access to the programme.
",Target  achieved ,100 %,400 %,100,"Target: Achieved   
Comment: All victims of human trafficking who needed services accessed the service.                                              ",The Department will continue to facilitate access to the programme .,,Targeted output is achieved.,,,,,76
Social Development,Social Development,Gauteng,Programme 4:  Restorative Services,"Sub Programme 4.4:	Substance Abuse, Prevention and Rehabilitation",Quarterly,Number of beneficiaries reached through Ke-Moja drug prevention programme,Standardized,Not  Applicable,Priority 4: Consolidating the Social Wage through Reliable and Quality Basic Services,"Safety, Social Cohesion and Food Security","The Social Protection, Community and Human Development cluster",383284,128611,"Target: Not Achieved
Performance is due to fewer beneficiaries accessing the programme as efforts to realise the target within the quarter could not be concluded pending finalisation of Service Level Agreements (SLAs).
","The Department will intensify community mobilization in line with the catch-up plan.
",Target not achieved.,762727,"
573 540
","Target: Not achieved
Performance is due to delays in funding that led to fewer beneficiaries",The Department will continue to facilitate access to the programme.,Target not achieved.,1033770,"

1 103 170
","Target: Exceeded
Performance is due to intensified departmental efforts to implement the programme including the use of technological platforms which attracted an increased number of participants.
","The Department will continue to facilitate access to the programme.
",,1425745,"

1 669 831
","Target: Exceeded
Performance is due to intensified departmental efforts to implement the programme including the use of technological platforms which attracted an increased number of participants.",The Department will continue to facilitate access to the programme.,Target exceeded,1425745,1669831,1669831,"Target: Exceeded
Performance is due to intensified departmental efforts to implement the programme including the use of technological platforms which attracted an increased number of participants.",The Department will continue to facilitate access to the programme.,,,,,,,76
Social Development,Social Development,Gauteng,Programme 4:  Restorative Services,"Sub Programme 4.4:	Substance Abuse, Prevention and Rehabilitation",Quarterly,Number of beneficiaries reached through substance  abuse call and walk-in centres,Non-Standardized,Not  Applicable,Priority 4: Consolidating the Social Wage through Reliable and Quality Basic Services,"Safety, Social Cohesion and Food Security","The Social Protection, Community and Human Development cluster",0,0,New indicator. Not targeted ,New indicator. Not targeted ,,0,,,,,8610,"

1081
",Target: Not achieved                                                                                                        Performance is due to fewer calls received at the call centre and few cases of SUD reported or referred ,The department will continue to advertise the service.,Target not achieved. Revised indicator noted.,17220,"

5 419
",Target: Not Achieved                                                                                                        Performance is due to fewer calls received at the call centre and few cases of SUD reported and referred.,Department will continue with outreach and community-based activations to market available services.,Target not achieved ,17220,5419,5419,Target: Not  Achieved                                                                                                        Performance is due to fewer calls received at the call centre and few cases of SUD reported and referred.,Department will continue with outreach and community based activations to market available services.,,,,,,Higher performance is desired ,76
Social Development,Social Development,Gauteng,Programme 4:  Restorative Services,"Sub Programme 4.4:	Substance Abuse, Prevention and Rehabilitation",Quarterly,Number of people reached through substance abuse prevention programmes,Standardized,Not  Applicable,Priority 4: Consolidating the Social Wage through Reliable and Quality Basic Services,"Safety, Social Cohesion and Food Security","The Social Protection, Community and Human Development cluster",924568,608587,"Target: Not Achieved.
Performance is due to fewer beneficiaries accessing the programme than anticipated. Efforts to realise the target within the quarter could not be concluded pending finalisation of Service Level Agreements (SLAs).
","The Department has since finalised signing of SLAs and will intensify community mobilization in line with the catch-up plan.
",Target not achieved.,2516042,"
3 385 759
","Target: Exceeded
Performance is due to intensified departmental efforts to implement the programme including the use of technological platforms which attracted an increased number of participants.",The Department will continue to facilitate access to the programme.,,3793829,"

5 204 146
","Target: Exceeded
Performance is due to intensified departmental efforts to implement the programme including the use of technological platforms which attracted an increased number of participants.","The Department will continue to facilitate access to the programme.
",,4736786,"

6 738 213
","Target: Exceeded
Performance is due to intensified departmental efforts to implement the programme including the use of technological platforms which attracted an increased number of participants.",The Department will continue to facilitate access to the programme.,Target exceeded,4736786,6738213,6738213,"Target: Exceeded
Performance is due to intensified departmental efforts to implement the programme including the use of technological platforms which attracted an increased number of participants.",The Department will continue to facilitate access to the programme,,Targeted output is underachieved with reason for deviation and corrective action reported.,Overachievement with reason for deviation and corrective action is noted for this indicator.,Reason for deviation and corrective action are noted with targeted output overachieved for this indicator.,Reason for deviation and corrective action are acknowledged although the targeted output is overachieved.,,76
Social Development,Social Development,Gauteng,Programme 4:  Restorative Services,"Sub Programme 4.4:	Substance Abuse, Prevention and Rehabilitation",Quarterly,Number of recovering service users participating in aftercare programmes,Standardized,Not  Applicable,Priority 4: Consolidating the Social Wage through Reliable and Quality Basic Services,"Safety, Social Cohesion and Food Security","The Social Protection, Community and Human Development cluster",7276,1631,"Target: Not Achieved.
Performance is due to fewer beneficiaries accessing the programme than anticipated. Efforts to realise the targets within the quarter could not be concluded pending finalisation of Service Level Agreements.","The Department has since finalised signing of SLAs and will continue to facilitate access to aftercare support services and capacitate Departmental officials to render after care services. 
",Target not achieved. ,7275,"

4 712
","Target: Not Achieved
Performance is due to delays in funding that led to fewer beneficiaries completing primary treatment programmes.
This service is also provided by Departmental officials.
Comment: Service depend on service users' willingness to participate in aftercare programme.",The Department has since finalised signing of SLAs and will continue to facilitate access to aftercare support services and capacitate Departmental officials to render after care services.,Target not achieved.,7275,"

5 662
","Target: Not Achieved
Performance is due to service users discharging themselves before completing treatment programmes.
Comment: Service depend on service users willingness to participate in aftercare programme",The Department will strengthen aftercare services and explore creative means  that will encourage participation in aftercare programmes. ,"Target not achieved. The Corrective Action is the same from Q1 and Q2, but the target remains underachieved.  ",7271,"

5 477
","Target: Not Achieved
Performance is due to service users discharging themselves before completing treatment programmes.
Comment: Service depend on service users' willingness to participate in aftercare programme.",The Department will strengthen aftercare services and explore creative means that will encourage participation in aftercare programmes. ,Target not achieved ,29097,17482,17482,"Target: Not Achieved
Performance is due to service users discharging themselves before completing treatment programmes.
Comment: Service depend on service users willingness to participate in after care programme",The Department will strengthen aftercare services and explore creative means  that will encourage participation in aftercare programmes.,,,,,,,76
Social Development,Social Development,Gauteng,Programme 4:  Restorative Services,"Sub Programme 4.4:	Substance Abuse, Prevention and Rehabilitation",Quarterly,Number of service users admitted at registered and funded Halfway Houses,Standardized,Not  Applicable,Priority 4: Consolidating the Social Wage through Reliable and Quality Basic Services,"Safety, Social Cohesion and Food Security","The Social Protection, Community and Human Development cluster",220,58,"Target: Not Achieved
Performance is due to fewer service users admitted at Halfway Houses due to suspension of funding to two Halfway houses that were non-compliant to funding requirements","The Department anticipate a state run facility to improve performance and access to Halfway house.
",Target not achieved. ,220,"

141
","Target: Not Achieved                                                                                                        Performance is due to non-funding of two Halfway houses.
Comment: The bed capacity in two Halfway Houses is 144.",Department is exploring partnerships with other stakeholders to increase bed capacity.,Target not achieved.,219,"

147","Target: Not  Achieved                                                                                                        Performance is due to non funding of two Halfway houses due to on-going investigations
Comment: The bed capacity in two Halfway Houses is 144.",Department is exploring partnerships with other stakeholders to increase bed capacity.,"Target not achieved. The RoD the same as in Q2, whilst the Corrective Action is the same from Q1, but the target remains underachieved.  ",220,"

223

",Target: Exceeded                                                                                                      All recovering service users that were referred to Halfway Houses were admitted.,"Department will continue to implement Halfway House programme.
",Target not achieved ,879,569,569,Target: Not Achieved          Performance is due to limited number of funded beds at Halfway Houses.,,,,,,,,76
Social Development,Social Development,Gauteng,Programme 4:  Restorative Services,"Sub Programme 4.4:	Substance Abuse, Prevention and Rehabilitation",Quarterly,Number of service users who accessed substance use disorder (SUD) treatment services,Standardized,Not  Applicable,Priority 4: Consolidating the Social Wage through Reliable and Quality Basic Services,"Safety, Social Cohesion and Food Security","The Social Protection, Community and Human Development cluster",13042,1810,"Target: Not Achieved
Performance is due to fewer service users accessing the programme as the efforts to realise the targets within the quarter could not be concluded pending finalisation of Service Level Agreements. ","Department has finalised funding process for substance use disorder (SUD) treatment centres and will expand partnership with private treatment centres and facilitate re-re-registration of DR F&F towards improving performance and access to services.
",Target not achieved. ,26150,"
11 369
","Target: Not Achieved
Performance is due to fewer funded inpatient treatment beds available and two community base services not funded 
Comment: 606 inpatient beds discontinued due to on-going investigations.
One community base service suspended due to financial mismanagement and One community base service is due to delayed funding.",Department is exploring partnerships with other stakeholders to increase bed capacity and conclude on funding of affected CBS.,Target not achieved.,36308,"

19 523
","Target: Not Achieved
Performance is due to fewer funded inpatient treatment beds available and two community base services not funded 
Comment: 606 inpatient beds discontinued due to on-going investigations.
One community base service suspended due to financial mismanagement and One community base service is due to delayed funding.
","Department is exploring partnerships with other stakeholders to increase bed capacity and conclude on funding of affected CBS.
  ","Target not achieved. The RoD and Corrective Action is the same as in Q2, but the target remains underachieved.  ",46630,"

31 084
","Target: Not Achieved
Performance is due to fewer funded inpatient treatment beds available and one community-based service not funded due to mismanagement of funds. The most common substance of abuse (Nyaope and Crystal Meth) requires inpatient treatment interventions for better outcomes.","The Department will continue to explore options of increasing inpatient treatment centres. 
Furthermore, service users will be motivated to utilise community based and outpatient treatment services. More day clinics and walk-in centres will be established.
  ","Target not achieved, most of the interventions related programme were underachieved however significant progress is noted. Dept to ensure that remedial actions are noted as provided in the corrective actions since substance abuse is the priority of the province  ",46630,31084,31084,"Target: Not Achieved
Performance is due to fewer funded inpatient treatment beds available and one community based service not funded due to mismanagement of funds. The most common substance of abuse (Nyaope and Crystal Meth) requires inpatient treatment interventions for better outcomes.
","The Department will continue to explore options of increasing inpatient treatment centres. 
Furtheremore service users will be motivated to utilise community based and outpatient treatment services. More day clinics and walk-in centres will be established.",,Underachievement is noted with reasons for deviation and corrective action in place.,Underachievement with reason for deviation and corrective action is noted for this indicator.,Underachievement with reason for deviation and corrective action are noted for this indicator.,Reason for deviation and corrective action are acknowledged although the targeted output is underachieved.,,76
Social Development,Social Development,Gauteng,Programme 4:  Restorative Services,"Sub Programme 4.4:	Substance Abuse, Prevention and Rehabilitation",Quarterly,Number of service users who completed in-patient treatment services at funded treatment centres,Standardized,Not  Applicable,Priority 4: Consolidating the Social Wage through Reliable and Quality Basic Services,"Safety, Social Cohesion and Food Security","The Social Protection, Community and Human Development cluster",1308,149,"Target: Not Achieved
Performance is due to fewer service users accessing the programme as efforts to realise the targets within the quarter could not be concluded pending finalisation of Service Level Agreements.","Department has finalised funding of inpatient treatment centres and  will expand partnership with treatment centres and facilitate re-reregistration of DR FF. This will increase capacity  to improve on performance and access to treatment.  
",Target not achieved. ,1426,"

665
","Target: Not Achieved
Performance is due to fewer funded inpatient treatment beds available.
Comment: 606 inpatient beds discontinued due to on-going investigations.",Department is exploring partnerships with other stakeholders to increase bed capacity.,Target not achieved.,1215,"

699
","Target: Not Achieved
Performance is due to service users discharging themselves before completing treatment programmes.
Comment: 606 inpatient beds discontinued due to on-going investigations.
","Department will strengthen motivational counselling to reduce non completion of treatment.
Furthermore the Department will continue to explore partnerships with other stakeholders to increase bed capacity.","Target not achieved. The RoD and Corrective Action is the same as in Q2, but the target remains underachieved.  ",1252,"

1 025
","Target: Not Achieved
Performance is due to service users discharging themselves before completing treatment programmes.
Comment: 606 inpatient beds discontinued due to on-going investigations.
 



","Department will strengthen motivational counselling to reduce non completion of treatment.
Furthermore, the Department will continue to explore partnerships with other stakeholders to increase bed capacity.
 ",Target not achieved ,5201,2538,2538,"Target: Not Achieved
Performance is due to service users discharging themselves before completing treatment programmes.
Comment: 606 inpatient beds discontinued due to on-going investigations.
","Department will strengthen motivational counselling to reduce non completion of treatment.
Furthermore the Department will continue to explore partnerships with other stakeholders to increase bed capacity.
",,,,,,,76
Social Development,Social Development,Gauteng,Programme 4:  Restorative Services,"Sub Programme 4.4:	Substance Abuse, Prevention and Rehabilitation",Quarterly,Percentage of recovering service users participating in aftercare programmes,Non-Standardized,Not  Applicable,Priority 4: Consolidating the Social Wage through Reliable and Quality Basic Services,"Safety, Social Cohesion and Food Security","The Social Protection, Community and Human Development cluster",7276 %,1631 %,"Target: Not Achieved.
Performance is due to fewer beneficiaries accessing the programme than anticipated. Efforts to realise the targets within the quarter could not be concluded pending finalisation of Service Level Agreements.","The Department has since finalised signing of SLAs and will continue to facilitate access to aftercare support services and capacitate Departmental officials to render after care services. 
",,7275 %,,,,,7275 %,"

5662 %","Target: Not Achieved
Performance is due to service users discharging themselves before completing treatment programmes.
Comment: Service depend on service users willingness to participate in after care programme",The Department will strengthen aftercare services and explore creative means  that will encourage participation in aftercare programmes. ,"Target not achieved. The Corrective Action is the same as in Q1, but the target remains underachieved.  ",7271 %,"

100 %","Target: Achieved
Performance is due to service users discharging themselves before completing treatment programmes.
Comment: Service depend on service users willingness to participate in aftercare programme.",The Department will strengthen aftercare services and explore creative means that will encourage participation in aftercare programmes. ,Target not achieved ,29097 %,7393 %,100,"Target: Achieved
Performance is due to service users discharging themselves before completing treatment programmes.
Comment: Service depend on service users willingness to participate in after care programme",The Department will strengthen aftercare services and explore creative means  that will encourage participation in aftercare programmes. ,,,,,,"
Higher performance is desired",76
Social Development,Social Development,Gauteng,Programme 5: Development and Research,Sub Programme 5.2:	Community Mobilisation,Quarterly,Number of people reached through community mobilisation programmes.,Standardized,Not  Applicable,Priority 4: Consolidating the Social Wage through Reliable and Quality Basic Services,"Safety, Social Cohesion and Food Security","The Social Protection, Community and Human Development cluster",3184151,4629517,"Target: Exceeded
Performance is due to the intensified Departmental efforts in the implementation of the programme including the use of technological platforms and radio interviews which increased number of people reached.",The Department will continue to facilitate access to the programme.,,8158429,"
12 963 092
","Target: Exceeded
Performance is due to the intensified Departmental efforts in the implementation of the programme including the use of technological platforms and radio interviews which increased number of people reached.",The Department will continue to facilitate access to the programme.,,14328365,"

20 036 536","Target: Exceeded
Performance is due to the intensified Departmental efforts in the implementation of the programme including the use of technological platforms and radio interviews which increased number of people reached.","The Department will continue to facilitate access to the programme.
",,17192733,"

26 563 113
","Target: Exceeded
Performance is due to the intensified Departmental efforts in the implementation of the programme including the use of technological platforms and radio interviews which increased number of people reached.",The Department will continue to facilitate access to the programme.,Target exceeded,17850604,,30748907,"Target 
exceeded
due to the intensified Departmental efforts in the implementation of the programme including the use of technological platforms and radio interviews which increased number of people reached.",The Department will continue to facilitate access to the programme.,,Overachievement is noted for this indicator and this shows an increased awareness efforts on the part of the department.,Overachievement with reason for deviation and corrective action is noted for this indicator.,Overachievement with reason for deviation and corrective action are noted for this indicator.,Reason for deviation and corrective action are acknowledged although the targeted output is overachieved.,,76
Social Development,Social Development,Gauteng,Programme 5: Development and Research,Sub Programme 5.3:	Institutional capacity building and support for NPOs,Quarterly,Number of NPOs capacitated ,Standardized,Not  Applicable,Priority 4: Consolidating the Social Wage through Reliable and Quality Basic Services,"Safety, Social Cohesion and Food Security","The Social Protection, Community and Human Development cluster",312,404,"Target: Exceeded                                                     
Performance is due to intensified departmental efforts in the implementation of the programme to ensure newly funded NPOs governing structures are capacitated in terms of their roles and responsibilities",The Department will continue to facilitate access to the programme.,,314,"463

","Target: Exceeded                                                     
Performance is due to intensified departmental efforts in the implementation of the programme to ensure newly funded NPOs governing structures are capacitated in terms of their roles and responsibilities",The Department will continue to facilitate access to the programme.,,312,"
1 209
","Target: Exceeded                                                     
Performance is due to intensified departmental efforts in the implementation of the programme to ensure  newly funded NPOs governing structures are capacitated in terms of their roles and responsibilities.",The Department will continue to facilitate access to the programme.,,312,"
376
","Target: Exceeded                                                     
Performance is due to intensified departmental efforts in the implementation of the programme to ensure newly funded NPOs governing structures are capacitated in terms of their roles and responsibilities.",The Department will continue to facilitate access to the programme.,Target exceeded,1250,2452,2452,"Target exceeded                                                     
due to intensified departmental efforts in the implementation of the programme to ensure newly funded NPOs governing structures are capacitated in terms of their roles and responsibilities.",The Department will continue to facilitate access to the programme.,,Overachievement is noted for this indicator.,Overachievement with reason for deviation and corrective action is noted for this indicator.,Overachievement with reason for deviation and corrective action are noted for this indicator.,Overachievement is noted for this indicator.,,76
Social Development,Social Development,Gauteng,Programme 5: Development and Research,Sub Programme 5.4:	Poverty Alleviation and Sustainable Livelihoods,Quarterly,Number of beneficiaries  participating in skills development programmes,Standardized,Not  Applicable,Priority 4: Consolidating the Social Wage through Reliable and Quality Basic Services,"Safety, Social Cohesion and Food Security","The Social Protection, Community and Human Development cluster",24075,13941,Target: Not Achieved Performance is due to fewer beneficiaries participating in the programmes. Efforts to realise the target within the quarter could not be concluded pending finalisation of governance processes,"The Department will continue to  facilitate access to the programme.
",Target not achieved.,36553,"
24 688
","Target: Not Achieved 
Performance is affected by governance (Investigations) which led to limited number of funded NPOs.",The Department has revised 2024_25 target and will continue to support the programme.,Target not achieved.,24364,"

23 542

","Target: Exceeded
Performance is due to more beneficiaries participating in skills development programmes ",The Department will continue to facilitate access to the programme.,Target not achieved. Revised indicator has not changed as per the revised APP.,38300,"

32251

","Target: Exceeded                                                         Performance is due to more beneficiaries participating in skills development programmes 
                                                                           ","The Department will continue to support the programme. 
",Target not achieved,123292,94422,95072,"Target exceeded 
due to more beneficiaries participating in skills development programmes. ",The Department will continue to support the programme.,,,,,,,76
Social Development,Social Development,Gauteng,Programme 5: Development and Research,Sub Programme 5.4:	Poverty Alleviation and Sustainable Livelihoods,Quarterly,Number of beneficiaries accessing food relief programmes,Standardized,Not  Applicable,Priority 4: Consolidating the Social Wage through Reliable and Quality Basic Services,"Safety, Social Cohesion and Food Security","The Social Protection, Community and Human Development cluster",130600,112519,"Target: Not Achieved 
Performance is due to non-compliant DICs who could not be funded to provide cooked meals as efforts to realise the targets within the quarter could not be concluded. ",The Department will continue to monitor the catch-up plan and fast track the food distribution to the affected beneficiaries to mitigate the shortfall in subsequent quarters. The Department will further raise awareness on compliance requirements to the communities,Target not achieved.,316650,"199 654

","Target: Not Achieved                                 Performance is due to delays in the resolution of governance issues (investigation) for the two FDCs and the food supply tender finalization. Furthermore, non-compliant DICs who could not be funded to provide cooked meals to OVC. Efforts to realise the targets within the quarter could not be concluded.","The SCM plans are under way to advertise, evaluate and award the tender. Investigation in progress. anticipated to be finalised in quarter 3. The Department will continue to monitor the catch-up plan and fast track the food distribution to the affected beneficiaries to mitigate the shortfall in subsequent quarters. Further raise awareness on compliance requirements to the communities.",Target not achieved.,412949,"
331 772
",Target: Not Achieved                                 Performance is due to delays in the resolution of governance issues (investigation) for the two FDCs and the food supply tender finalization.,"The Supply Chain Management (SCM) plans are under way to evaluate and award the tender, including fast tracking of the resolutions of governance matters at NPOs.","Target not achieved. The RoD and Corrective Action is the same as in Q2, but the target remains underachieved.  ",528902,"
404 443
","Target: Not Achieved                             
 Performance is due to delays in the finalisation of food supply tender.",The department will fast track the SCM processes.,Target not achieved,528902,0,404433,Target not achieved                             due to delays in the finalisation of food supply tender.,The Department will fast track the SCM processes.,,Underachievement is noted with reason for deviation and corrective action in place.,,,,,76
Social Development,Social Development,Gauteng,Programme 5: Development and Research,Sub Programme 5.4:	Poverty Alleviation and Sustainable Livelihoods,Quarterly,Number of beneficiaries participating in the Welfare to Work programme,Standardized,Not  Applicable,Priority 4: Consolidating the Social Wage through Reliable and Quality Basic Services,"Safety, Social Cohesion and Food Security","The Social Protection, Community and Human Development cluster",5194,1205,Target: Not Achieved.  Performance is due to fewer beneficiaries participating in the programmes due to ongoing investigation of one organisation.,"The Department will continue to facilitate access to the programme.
",Target not achieved.,13372,"
8 202
","Target: Not Achieved 
Performance is affected by governance (Investigations) which led to limited number of funded NPOs.",The Department has revised 2024_25 target and will continue to support the programme.,Target not achieved.,16015,"

13 590
","Target: Not Achieved  
Performance is due to inadequate funded NPOs to implement the programme.
",The Department will continue to  facilitate access to the programme.,"Target not achieved. The RoD and Corrective Action is the same as in Q2, but the target remains underachieved.  ",18657,"

18 677
",Target: Exceeded                                                         Performance is due to more beneficiaries participating in Welfare- to -Work Programme.,The Department will continue to support the programme. ,Target exceeded,18657,18677,18677,"Target exceeded                                                         
due to more beneficiaries participating in Welfare- to -Work Programme.",The Department will continue to support the programme. ,,,,,,,76
Social Development,Social Development,Gauteng,Programme 5: Development and Research,Sub Programme 5.4:	Poverty Alleviation and Sustainable Livelihoods,Quarterly,Number of children provided with pro-poor basket  interventions,Non-Standardized,Not  Applicable,Priority 4: Consolidating the Social Wage through Reliable and Quality Basic Services,"Safety, Social Cohesion and Food Security","The Social Protection, Community and Human Development cluster",481050,1266967,"Target: Exceeded
Performance is inclusive of 
the remainder target from 
the previous financial year.","The Department will 
continue to facilitate 
access to the programme.",,962100,,,,,1004150,"
1 382 383
","Target: Exceeded
Performance is inclusive of the remainder target from the previous financial year.",The Department will continue to  facilitate access to the programme.,,1777930,"
1 502 856
","Target: Not Achieved      
Performance is due to delayed distribution as dignity packs tender evaluation is currently underway. 
",The department will fast track the SCM processes.,Target not achieved ,1777930,1502856,1502856,"Target not achieved      
due to delayed distribution as dignity packs tender evaluation is currently underway. ",The department will fast track the SCM processes.,,,,,,"Higher performance is desired
",76
Social Development,Social Development,Gauteng,Programme 5: Development and Research,Sub Programme 5.4:	Poverty Alleviation and Sustainable Livelihoods,Quarterly,Number of cooperatives linked to economic opportunities ,Standardized,Not  Applicable,Priority 4: Consolidating the Social Wage through Reliable and Quality Basic Services,"Safety, Social Cohesion and Food Security","The Social Protection, Community and Human Development cluster",20,117,"Target: Exceeded 
Performance is due to agriculture cooperatives linked to the food security programme and cooperatives within the clothing and textile industry",The Department will continue to facilitate access to the programme (linking Cooperatives to available opportunities).,,60,"
535
",Target: Exceeded                                     Performance is due to the provincial workshop held with different stakeholders.,The Department will continue to facilitate access to the programme (linking Cooperatives to available opportunities).,,80,"
636
",Target: Exceeded                                     Performance is due to the provincial workshop held with different stakeholders.,The Department will continue to facilitate access to the programme (linking Cooperatives to available opportunities).,,485,"
288
",Target: Not Achieved                                              Performance achieved in previous quarters.                  ,The Department will continue to facilitate access to the programme (linking Cooperatives to available opportunities).,Target not achieved,485,288,645,"Target exceeded                                     
due to the provincial workshop held with different stakeholders.",The Department will continue to facilitate access to the programme (linking Cooperatives to available opportunities).,,Targeted output is overachieved. Reason for deviation and corrective action are noted.,Overachievement with reason for deviation and corrective action is noted for this indicator.,Underachievement with reason for deviation and corrective action are noted for this indicator.,Performance is noted for this indicator.,,76
Social Development,Social Development,Gauteng,Programme 5: Development and Research,Sub Programme 5.4:	Poverty Alleviation and Sustainable Livelihoods,Quarterly,Number of cooperatives trained,Standardized,Average,Priority 4: Consolidating the Social Wage through Reliable and Quality Basic Services,"Safety, Social Cohesion and Food Security","The Social Protection, Community and Human Development cluster",365,112,"Target: Not Achieved. Performance is due to governance dispute caused by contracted cooperatives.
","The Department has since  resolved the dispute and is finalising procurement process to realise performance  in the subsequent quarter.

The Department will further convene more sessions than the regular trend and invite additional attendees. 
",Target not achieved.,365,"
484
",Target: Exceeded                                                     Performance is due to the provincial workshop held with different stakeholders.,The Department will continue to facilitate development and support to cooperatives (Training Cooperatives to access available opportunities).,,365,"
558
",Target: Exceeded                                                     Performance is due to the provincial workshop held with different stakeholders.,The Department will continue to facilitate development and support to cooperatives (Training Cooperatives to access available opportunities).,,365,"201
","Target: Not Achieved                                              Performance achieved in previous quarters.
",The Department will continue to facilitate development and support to cooperatives (Training Cooperatives to access available opportunities).,Target not achieved,365,"338,75",558,"Target exceeded                                                     
due to the provincial workshop held with different stakeholders.",The Department will continue to facilitate development and support to cooperatives (Training Cooperatives to access available opportunities).,,,,,,,76
Social Development,Social Development,Gauteng,Programme 5: Development and Research,Sub Programme 5.4:	Poverty Alleviation and Sustainable Livelihoods,Quarterly,Number of dignity packs distributed,Standardized,Not  Applicable,Priority 4: Consolidating the Social Wage through Reliable and Quality Basic Services,"Safety, Social Cohesion and Food Security","The Social Protection, Community and Human Development cluster",444000,1203670,"Target: Exceeded.
Performance is inclusive of the remainder target from the previous financial year.",The Department will continue to  facilitate access to the programme.,,888000,"
1 203 670
","Target: Exceeded
Performance is inclusive of the remainder target from the previous financial year.",The Department will continue to facilitate access to the programme.,,888000,"
1 203 670
","Target: Exceeded
Performance is inclusive of the remainder target from the previous financial year.",The Department will continue to  facilitate access to the programme.,,1521702,"
1 221 979
","Target: Not Achieved      
Performance is due to delayed distribution as dignity packs tender evaluation is currently underway. ",The department will fast track the SCM processes.,Target not achieved,1521702,1221979,1221979,"Target not achieved      
due to delayed distribution as dignity packs tender evaluation is currently underway. ",The Department will fast track the SCM processes.,,,,,,,76
Social Development,Social Development,Gauteng,Programme 5: Development and Research,Sub Programme 5.4:	Poverty Alleviation and Sustainable Livelihoods,Quarterly,Number of households accessing food through DSD food security programmes,Standardized,Not  Applicable,Priority 4: Consolidating the Social Wage through Reliable and Quality Basic Services,"Safety, Social Cohesion and Food Security","The Social Protection, Community and Human Development cluster",10000,24070,"Target exceeded.
Performance is inclusive of the remainder target from the previous financial year.
 ",The Department will continue to implement the programme within the allocated budget. ,,35000,"

30 714
",Target: Not Achieved                                 Performance is due to delays in the resolution of governance issues (investigation) for the two FDCs and the food supply tender the finalization.,"The SCM plans are under way to advertise, evaluate and award the tender. 
Fast tracking of the conclusion of investigations.",,75000,"

48 228
",Target: Not Achieved                                 Performance is due to delays in the resolution of governance issues (investigation) for the two FDCs and the food supply tender finalization.,"The Supply Chain Management (SCM) plans are under way to evaluate and award the tender, including fast tracking of the resolutions of governance matters at NPOs.","Target not achieved. The RoD and Corrective Action is the same as in Q2, but the target remains underachieved.  ",100000,"

48 228
","Target: Not Achieved                             
 Performance is due to delays in the finalisation of food supply tender.",The department will fast track the SCM processes.,Target not achieved,100000,48228,48228,"Target not achieved                             
due to delays in the finalisation of food supply tender.",The Department will fast track the SCM processes.,,Overachievement is noted with reason for deviation and corrective action in place.,Overachievement with reason for deviation and corrective action is noted for this indicator.,Underachievement with reason for deviation and corrective action are noted for this indicator.,Reason for deviation and corrective action are acknowledged although the targeted output is underachieved.,,76
Social Development,Social Development,Gauteng,Programme 5: Development and Research,Sub Programme 5.4:	Poverty Alleviation and Sustainable Livelihoods,Quarterly,Number of people benefitting from poverty reduction initiatives,Standardized,Not  Applicable,Priority 4: Consolidating the Social Wage through Reliable and Quality Basic Services,"Safety, Social Cohesion and Food Security","The Social Protection, Community and Human Development cluster",157651,127105,"Target: Not Achieved 
Performance is due to non-compliant DICs who could not be funded to provide cooked meals as efforts to realise the targets within the quarter could not be concluded. ",The Department will continue to monitor the catch-up plan and fast track the food distribution to the affected beneficiaries  to mitigate the  shortfall in subsequent quarters. The Department will further  raise awareness on compliance requirements to the communities,Target not achieved.,365777,"
226 977
","Target: Not Achieved                                 Performance is due to delays in the resolution of governance issues (investigation) for the two FDCs and the food supply tender finalization. Furthermore, non-compliant DICs who could not be funded to provide cooked meals to OVC.","The SCM plans are under way to advertise, evaluate and award the tender. Investigation in progress. anticipated to be finalised in quarter 3. The Department will continue to monitor the catch-up plan and fast track the food distribution to the affected beneficiaries to mitigate the shortfall in subsequent quarters. Further raise awareness on compliance requirements to the communities.",Target not achieved.,468649,"
377 987
", Target: Not Achieved                                 Performance is due to delays in the resolution of governance issues for the two Food Distribution Centres (FDCs) and the finalisation of food supply tender.,The department will fast track the processing of the NPO funding and SCM processes.,"Target not achieved. The RoD and Corrective Action is the same as in Q2, but the target remains underachieved.  ",591279,"
481886
","Target: Not Achieved                             
 Performance is due to delays in the finalisation of food supply tender.",The department will fast track the SCM processes.,Target not achieved,595714,0,487627,Target: not achieved                           due to delays in the finalisation of food supply tender.,The Department will fast track the SCM processes.,,"Targeted output is underachieved, reason for deviation should have been provided.",Reasons for deviation and corrective action acknowledged with underachievement reported.,Underachievement with reason for deviation and corrective action are noted for this indicator.,Reason for deviation and corrective action are acknowledged although the targeted output is underachieved.,,76
Social Development,Social Development,Gauteng,Programme 5: Development and Research,Sub Programme 5.4:	Poverty Alleviation and Sustainable Livelihoods,Quarterly,Number of people participating in income generating programmes/ economic opportunities,Standardized,Not  Applicable,Priority 4: Consolidating the Social Wage through Reliable and Quality Basic Services,"Safety, Social Cohesion and Food Security","The Social Protection, Community and Human Development cluster",22813,14586,"Target: Not Achieved Performance is due to fewer beneficiaries participating in the programmes. Efforts to realise the target within the quarter could not be concluded pending finalisation of governance processes.
","The Department will continue to facilitate access to the programme.
",Target not achieved.,36711,"
27 323
","Target: Not Achieved  
Performance is due to fewer beneficiaries participating in the programmes. Efforts to realise the target within the quarter could not be concluded pending finalisation of governance processes.",The Department will continue to facilitate access to the programme.,Target not achieved.,39685,"

40827
","
Target: Exceeded
Performance is due to  intensified departmental efforts to implement the programme .",The Department will continue to  facilitate access to the programme.,,43720,"

58 766

","Target: Exceeded
Performance is due to intensified departmental efforts to implement the programme.",The Department will continue to facilitate access to the programme.,Target exceeded,48155,,64507,"Target Exceeded
due to intensified departmental efforts to implement the programme .",The Department will continue to facilitate access to the programme.,,,,,,,76
Social Development,Social Development,Gauteng,Programme 5: Development and Research,Sub Programme 5.4:	Poverty Alleviation and Sustainable Livelihoods,Quarterly,Number of recovering service users participating in the Tshepo 1 Million programme ,Standardized,Not  Applicable,Priority 4: Consolidating the Social Wage through Reliable and Quality Basic Services,"Safety, Social Cohesion and Food Security","The Social Protection, Community and Human Development cluster",480,79,Target: Not Achieved.  Performance is due to fewer service users accessing the programme as the  efforts to realise the targets within the quarter could not be concluded pending finalisation of Service Level Agreements ,TThe Department has since finalised signing of SLAs and will continue to facilitate access to Tshepo 1 Million programme ,Target not achieved.,580,"
571
","Target: Not Achieved 
Performance is affected by governance (Investigations) which led to limited number of funded NPOs.",The Department has revised 2024_25 target and will continue to support the programme.,Target not achieved.,680,"

596
","Target: Not Achieved 
Performance is affected by governance (Investigations) which led to limited number of funded NPOs.
",The Department has revised 2024_25 target and will continue to support the programme.,"Target not achieved. The RoD and Corrective Action is the same as in Q2, but the target remains underachieved.  ",560,"

1 205

","Target: Not Achieved 
Performance is affected by governance (Investigations) which led to limited number of funded NPOs.",The Department has revised 2024_25 target and will continue to support the programme.,Target exceeded,2300,2451,2560,"Target not achieved. 
Performance is affected by governance (Investigations) which led to limited number of funded NPOs.
",The Department has revised 2024_25 target and will continue to support the programme.,,,,,,,76
Social Development,Social Development,Gauteng,Programme 5: Development and Research,Sub Programme 5.4:	Poverty Alleviation and Sustainable Livelihoods,Quarterly,Number of school uniform packs distributed,Standardized,Not  Applicable,Priority 4: Consolidating the Social Wage through Reliable and Quality Basic Services,"Safety, Social Cohesion and Food Security","The Social Protection, Community and Human Development cluster",0,31609,"Comment:
The quarter under review was not targeted. However, there is recorded performance due to the remainder of target from the previous financial year.",The Department will continue to facilitate access to the programme.,"The progress is noted, however the target was not planned for Q1.",0,"
43 712
","Target: Exceeded
Performance is inclusive of the remainder target. from the previous financial year.
Comment: (additional Q1 roll over performance considered in Q2).",The Department will continue to facilitate access to the programme.,"The progress is noted, however the target was not planned for Q2.",0,"
46162
","Target: Exceeded
Performance is inclusive of the remainder target from the previous financial year.
Comment: (additional Q1 roll over  performance  considered in Q2)",The Department will continue to  facilitate access to the programme.,,185000,"
98 010
","Target: Not Achieved           
Performance was affected by the roll-over of previous sub-contracted school uniform awards which yielded lesser numbers than anticipated. 
 

",School Uniform tender to be awarded timeously in the new financial year to avoid roll-overs.  ,Target not achieved,185000,98010,98010,"Target not achieved.           
Performance was affected by the roll-over of previous sub-contracted school uniform awards which yielded lesser numbers than anticipated. ",School uniform tender to be awarded timeously in the new financial year to avoid roll-overs.,,,,,,,76
Social Development,Social Development,Gauteng,Programme 5: Development and Research,Sub Programme 5.4:	Poverty Alleviation and Sustainable Livelihoods,Quarterly,Number of welfare and vulnerable persons participating in  skills development programmes .,Standardized,Not  Applicable,Priority 4: Consolidating the Social Wage through Reliable and Quality Basic Services,"Safety, Social Cohesion and Food Security","The Social Protection, Community and Human Development cluster",24555,13941,Target: Not Achieved Performance is due to fewer beneficiaries participating in the programmes. Efforts to realise the target within the quarter could not be concluded pending finalisation of governance processes,"The Department will continue to facilitate access to the programme.
",,37133,,,,,9091,"

23 542
",Target: Exceeded                                                         Performance is due to more beneficiaries participating in skills development programmes,The Department will  continue to support the programme. ,,8971,"
32 251
",Target: Exceeded                                                         Performance is due to more beneficiaries participating in skills development programmes.                        ,The Department will continue to support the programme. ,Target exceeded,79750,69734,95072,"Target exceeded 
due to more beneficiaries participating in skills development programmes. ",The Department will continue to support the programme. ,,,,,,Higher performance is desired,76
Social Development,Social Development,Gauteng,Programme 5: Development and Research,Sub Programme 5.5:	Community Based Research and Planning,Quarterly,Number of community- based plans developed,Standardized,Not  Applicable,Priority 4: Consolidating the Social Wage through Reliable and Quality Basic Services,"Safety, Social Cohesion and Food Security","The Social Protection, Community and Human Development cluster",5,5,Target achieved.,None,Target achieved.,13,"
14
","Target: Exceeded
Performance is due to the intensified Departmental efforts. Furthermore, additional officials were recruited to profile households.",The Department will continue to facilitate access to the programme.,,19,"
20
","Target: Exceeded
Performance is due to the intensified Departmental efforts. Furthermore additional officials were recruited to profile households.",The Department will continue to facilitate access to the programme.,,26,"
29
","Target: Exceeded
Performance is due to the intensified Departmental efforts. Furthermore, additional officials were recruited to profile households.",The Department will continue to facilitate access to the programme.,Target exceeded,26,29,29,"Target exceeded
due to the intensified Departmental efforts. Furthermore, additional officials were recruited to profile households.",The Department will continue to facilitate access to the programme.,,Targeted output is achieved.,Overachievement with reason for deviation and corrective action is noted for this indicator.,Overachievement with reason for deviation and corrective action are noted for this indicator.,Targeted output achieved.,,76
Social Development,Social Development,Gauteng,Programme 5: Development and Research,Sub Programme 5.5:	Community Based Research and Planning,Quarterly,Number of households profiled,Standardized,Not  Applicable,Priority 4: Consolidating the Social Wage through Reliable and Quality Basic Services,"Safety, Social Cohesion and Food Security","The Social Protection, Community and Human Development cluster",4892,7338,"Target: Exceeded
Performance is due to the intensified Departmental efforts. Furthermore, additional officials were recruited to profile households.",The Department will continue to facilitate access to the programme.,,9784,"
12 626
","Target: Exceeded
Performance is due to the intensified Departmental efforts. Furthermore, additional officials were recruited to profile households.",The Department will continue to facilitate access to the programme.,,14677,"
17 601","Target: Exceeded
Performance is due to the intensified Departmental efforts. Furthermore additional officials were recruited to profile households.",The Department will continue to facilitate access to the programme.,,19569,"
23 070
","Target: Exceeded
Performance is due to the intensified Departmental efforts. Furthermore, additional officials were recruited to profile households.",The Department will continue to facilitate access to the programme.,Target exceeded,19569,23070,23070,"Target exceeded
due to the intensified Departmental efforts. Furthermore, additional officials were recruited to profile households.",The Department will continue to facilitate access to the programme.,,Targeted output is overachieved with reason for deviation and corrective action in place.,Overachievement with reason for deviation and corrective action is noted for this indicator.,Overachievement with reason for deviation and corrective action are noted for this indicator.,Reason for deviation and corrective action are acknowledged although the targeted output is overachieved.,,76
Social Development,Social Development,Gauteng,Programme 5: Development and Research,Sub Programme 5.5:	Community Based Research and Planning,Quarterly,Number of unemployment grant beneficiaries profiled,Non-Standardized,Not  Applicable,Priority 4: Consolidating the Social Wage through Reliable and Quality Basic Services,"Safety, Social Cohesion and Food Security","The Social Protection, Community and Human Development cluster",0,0,New indicator,New indicator,,0,,,,,6926,"
7 082
","Target: Exceeded
Performance is due to the intensified Departmental efforts. Furthermore additional officials were recruited to profile unemployment grant beneficiaries ",The Department will continue to facilitate access to the programme.,,13852,"
18 511
","Target: Exceeded
Performance is due to the intensified Departmental efforts. Furthermore, additional officials were recruited to profile unemployment grant beneficiaries.",The Department will continue to facilitate access to the programme.,Target exceeded,13852,18511,18511,"Target exceeded
due to the intensified Departmental efforts. Furthermore, additional officials were recruited to profile unemployment grant beneficiaries ",The Department will continue to facilitate access to the programme.,,,,,,Higher performance is desired,76
Social Development,Social Development,Gauteng,Programme 5: Development and Research,Sub Programme 5.6:	Youth development,Quarterly,Number of youth participating in youth mobilisation programmes,Standardized,Not  Applicable,Priority 4: Consolidating the Social Wage through Reliable and Quality Basic Services,"Safety, Social Cohesion and Food Security","The Social Protection, Community and Human Development cluster",37021,21119,Target: Not Achieved Performance is due to fewer beneficiaries participating in the programmes. Efforts to realise the target within the quarter could not be concluded pending finalisation of governance processes.,The Department will continue to facilitate access to the programme.,Target not achieved.,37021,"
34 167
","Target: Not Achieved 
Performance is affected by governance (Investigations) which led to limited number of funded NPOs.",The Department has revised 2024_25 target and will continue to support the programme.,Target not achieved.,37021,"
33 864
","Target: Not Achieved 
Performance is affected by governance (Investigations) which led to limited number of funded NPOs.
",The Department has recovery plan in place to fastrack performance in subsequent quarter.,"Target not achieved. The RoD and Corrective Action is the same as in Q2, but the target remains underachieved.  ",37021,"73 840
","Target: Exceeded
Performance is due to intensified departmental efforts in implementation of the programme.
",The Department will continue to facilitate access to youth programmes.,Target exceeded,148084,162990,162990,"Target exceeded
due to intensified departmental efforts in implementation of the programme.",The Department will continue to facilitate access to youth programmes.,,Underachievement noted for this indicator.,Underachievement with reason for deviation and corrective action is noted for this indicator.,Overachievement with reason for deviation and corrective action are noted for this indicator.,Reason for deviation and corrective action are acknowledged although the targeted output is underachieved.,,76
Social Development,Social Development,Gauteng,Programme 5: Development and Research,Sub Programme 5.6:	Youth development,Quarterly,Percentage of youth development structures supported,Standardized,Max,Priority 4: Consolidating the Social Wage through Reliable and Quality Basic Services,"Safety, Social Cohesion and Food Security","The Social Protection, Community and Human Development cluster",100 %,100 %,"Target:  Achieved 
100% of all compliant business plans submitted are funded and supported. Efforts to realise the targets within the quarter could not be concluded.",The Department will continue to  facilitate access to the programme.,Target achieved.,100 %,"
100 %","Target:  Achieved 
100% of all compliant business plans submitted are funded and supported. 
However, performance was affected by governance (investigations). 
",The Department will continue to facilitate access to the programme.,Target achieved.,100 %,"
100
 %","Target:  Achieved 
100% of all compliant business plans submitted are funded and supported. 
However performance was affected by governance (investigations). ",The Department will continue to  facilitate access to the programme.,Target not achieved. Revised target has not changed as per the revised APP.,100 %,"
100 %","Target:  Achieved 

","None
","Target exceeded, reasons for deviation not provided",100 %,100 %,100,Target achieved. ,None,,Targeted output is achieved.,,,,,76
Social Development,Social Development,Gauteng,Programme 5: Development and Research,Sub Programme 5.7:	Women development,Quarterly,Number of women on child support grant linked to economic opportunities.,Non-Standardized,Not  Applicable,Priority 4: Consolidating the Social Wage through Reliable and Quality Basic Services,"Safety, Social Cohesion and Food Security","The Social Protection, Community and Human Development cluster",1397,576,Target: Not Achieved Performance is due to fewer beneficiaries participating in the programmes due to ongoing investigation of one organisation.,"The Department will continue to facilitate access to the programme.
",,1398,"
3 100
","Target: Exceeded
Performance is due to intensified departmental efforts in the implementation of the programme. ",The Department will continue to facilitate access to the programme.,,1398,"

1 423
","Target: Exceeded
Performance is due to  intensified departmental efforts in the implementation of the programme. ",The Department will continue to  facilitate access to the programme.,,1398,"

1 416
","Target: Exceeded
Performance is due to intensified departmental efforts in the implementation of the programme. ","The Department will continue to facilitate access to the programme.

",Target exceeded,5591,6515,6515,"Target exceeded
due to intensified departmental efforts in the implementation of the programme. ",The Department will continue to facilitate access through women empowerment programmes. ,,,,,,,76
Social Development,Social Development,Gauteng,Programme 5: Development and Research,Sub Programme 5.7:	Women development,Quarterly,Number of women participating in empowerment programmes,Standardized,Not  Applicable,Priority 4: Consolidating the Social Wage through Reliable and Quality Basic Services,"Safety, Social Cohesion and Food Security","The Social Protection, Community and Human Development cluster",9696,1566,Target: Not Achieved Performance is due to fewer beneficiaries participating in the programme as the efforts to realise the targets within the quarter could not be concluded pending finalisation of Service Level Agreements ,"The Department will continue to facilitate access to the programme.
",Target not achieved.,18826,"
14 044
","Target: Not Achieved 
Performance is affected by governance (Investigations) which led to limited number of funded NPOs.",The Department has revised 2024_25 target and will continue to support the programme.,Target not achieved.,22323,"
21 144
","Target: Not Achieved 
Performance is affected by governance (Investigations) which led to limited number of funded NPOs.
",The Department has recovery plan in place to fastrack performance in subsequent quarter.,"Target not achieved. The RoD and Corrective Action is the same as in Q2, but the target remains underachieved. ",25820,"
28 184
","Target: Exceeded
Performance is due to intensified departmental efforts in the implementation of the programme. 
",The Department will continue to facilitate access through women empowerment programmes.,Target exceeded,25820,28184,28184,"Target exceeded
due to intensified departmental efforts in the implementation of the programme. ",The Department will continue to facilitate access through women empowerment programmes. ,,Targeted output is underachieved with reason for deviation and corrective action in place.,Underachievement with reason for deviation and corrective action is noted for this indicator.,Overachievement with reason for deviation and corrective action are noted for this indicator.,Reason for deviation and corrective action are acknowledged although the targeted output is underachieved.,,76
Social Development,Social Development,Gauteng,Programme 5: Development and Research,Sub Programme 5.8:	Population Policy Promotion,Quarterly,Number of demographic profiles completed,Standardized,Not  Applicable,Priority 4: Consolidating the Social Wage through Reliable and Quality Basic Services,"Safety, Social Cohesion and Food Security","The Social Protection, Community and Human Development cluster",12,12,Target:  Achieved   ,None,Target achieved.,12,"
12
","Target:  Achieved      
","None
",,12,"
12
","Target:  Achieved      
","None
",Target achieved. ,12,"
12",Target:  Achieved     ,None,Target achieved ,48,48,48,Target achieved.   ,None,,Targeted output is achieved.,Targeted output is achieved for this indicator.,Targeted output is achieved for this indicator.,Targeted output achieved.,,76
Social Development,Social Development,Gauteng,Programme 5: Development and Research,Sub Programme 5.8:	Population Policy Promotion,Quarterly,"Number of Population Advocacy, Information, Education and Communication (IEC) activities implemented",Standardized,Not  Applicable,Priority 4: Consolidating the Social Wage through Reliable and Quality Basic Services,"Safety, Social Cohesion and Food Security","The Social Protection, Community and Human Development cluster",3,3,Target:  Achieved   ,None,Target achieved.,3,"

3
","Target:  Achieved      
","None
",,3,"

3
","Target:  Achieved      
","None
",Target achieved. ,3,"

3",Target:  Achieved     ,None,Target achieved ,12,12,12,Target achieved.   ,None,,Targeted output is achieved.,Targeted output is achieved for this indicator.,Targeted output is achieved for this indicator.,Targeted output achieved.,,76
Social Development,Social Development,Gauteng,Programme 5: Development and Research,Sub Programme 5.8:	Population Policy Promotion,Quarterly,Number of population capacity development sessions conducted,Standardized,Not  Applicable,Priority 4: Consolidating the Social Wage through Reliable and Quality Basic Services,"Safety, Social Cohesion and Food Security","The Social Protection, Community and Human Development cluster",1,0,Target: Not Achieved Performance is due to sessions been rescheduled to take place in a subsequent quarter.,The Department will continue to facilitate access to the programme (will convene more sessions than the regular trend).,Target achieved.,1,"
2
","Target: Exceeded
Performance includes previous quarter's variance.
                                ",The Department will continue to facilitate access to the programme.,The department is requested to correct the Reasons for Deviation.,1,"
1
",Target:  Achieved   ,"None
",Target achieved. ,1,"
1","
Target:  Achieved     ",None,Target achieved ,4,4,4,Target achieved.   ,None,,,Underachievement with reason for deviation and corrective action is noted for this indicator.,Targeted output is achieved for this indicator.,Targeted output achieved.,,76
Social Development,Social Development,Gauteng,Programme 5: Development and Research,Sub Programme 5.8:	Population Policy Promotion,Quarterly,Number of population policy monitoring and evaluation reports produced,Standardized,Not  Applicable,Priority 4: Consolidating the Social Wage through Reliable and Quality Basic Services,"Safety, Social Cohesion and Food Security","The Social Protection, Community and Human Development cluster",1,1,Target:  Achieved   ,None,Target achieved.,1,"

1
","Target:  Achieved      
","None
",,1,"
1
","Target:  Achieved      
","None
",Target achieved. ,1,"

1",Target:  Achieved     ,None,Target achieved ,4,4,4,Target achieved.   ,None,,Targeted  output is achieved.,Targeted output is achieved for this indicator.,Targeted output is achieved for this indicator.,Targeted output achieved.,,76
Social Development,Social Development,Gauteng,Programme 5: Development and Research,Sub Programme 5.8:	Population Policy Promotion,Quarterly,Number of research projects completed,Standardized,Not  Applicable,Priority 4: Consolidating the Social Wage through Reliable and Quality Basic Services,"Safety, Social Cohesion and Food Security","The Social Protection, Community and Human Development cluster",1,1,Target:  Achieved,None,Target achieved.,1,"
1
","Target:  Achieved      
","None
",,1,"
1
","Target:  Achieved      
","None
",Target achieved. ,1,"
1",Target:  Achieved     ,None,Target achieved ,4,4,4,Target achieved.      ,None,,Targeted output is achieved.,Targeted output is achieved for this indicator.,Targeted output is achieved for this indicator.,Targeted output achieved.,,76
