Sector,Institution,Programme,SubProgramme,Location,Frequency,Indicator,Type,SubType,Outcome,Priority,Cluster,Target_Q1,ActualOutput_Q1,ReasonforDeviation_Q1,CorrectiveAction_Q1,OTP_Q1,Target_Q2,ActualOutput_Q2,ReasonforDeviation_Q2,CorrectiveAction_Q2,OTP_Q2,Target_Q3,ActualOutput_Q3,ReasonforDeviation_Q3,CorrectiveAction_Q3,OTP_Q3,Target_Q4,ActualOutput_Q4,ReasonforDeviation_Q4,CorrectiveAction_Q4,OTP_Q4,AnnualTarget_Summary2,Preliminary_Summary2,PrelimaryAudited_Summary2,ReasonforDeviation_Summary,CorrectiveAction_Summary,OTP_Summary,ValidatedAudited_Summary2,National_Q2,DesiredPerformance,National_Q1,National_Q3,National_Q4,UID
,Cooperative Governance,Western Cape,Programme 1.	Administration,Sub Programme 1.2.	Corporate Services,Quarterly,1.1 Level of compliance with the planning & reporting legislative framework,Non-Standardized,Not  Applicable,"Priority 5: Spatial Integration, Human Settlements and Local Government","Enable a resilient, sustainable, quality and inclusive living environment","Governance, State Capacity and Institutional Development cluster",100,100,,,Target achieved. Data accepted.,100,100,,,Target achieved. Data accepted.,100,"
100",,,Target Achieved. Data accepted.,100,"

100",,,Target achieved. Data Accepted.,100,100,100,,,Annual Target achieved. Data accepted.,,,,,,,168
,Cooperative Governance,Western Cape,Programme 1.	Administration,Sub Programme 1.2.	Corporate Services,Quarterly,1.2 Level of compliance with financial legislative framework,Non-Standardized,Not  Applicable,"Priority 5: Spatial Integration, Human Settlements and Local Government","Enable a resilient, sustainable, quality and inclusive living environment","Governance, State Capacity and Institutional Development cluster",100,100,,,Target achieved. Data accepted.,100,100,,,Target achieved. Data accepted.,100,"
100",,,Target Achieved. Data accepted.,100,"
100",,,Target achieved. Data Accepted.,100,100,100,,,Annual Target achieved. Data accepted.,,,,,,,168
,Cooperative Governance,Western Cape,Programme 2: Local Governance,Sub Programme 2.1: Municipal Administration,Annually,2.1.1(a) Number of Legislation development initiatives implemented,Non-Standardized,Not  Applicable,"Priority 1: A Capable, Ethical and Developmental State","Enable a resilient, sustainable, quality and inclusive living environment","Governance, State Capacity and Institutional Development cluster",,,,,,,,,,,,,,,,4,4,,,,4,4,4,,,The PDO notes the Annual Target is achieved. Data accepted.,,,,,,,168
,Cooperative Governance,Western Cape,Programme 2: Local Governance,Sub Programme 2.1: Municipal Administration,Annually,2.1.2(a) Number of assessments conducted on Senior Management Appointments in accordance with legal prescripts,Non-Standardized,Not  Applicable,"Priority 1: A Capable, Ethical and Developmental State","Enable a resilient, sustainable, quality and inclusive living environment","Governance, State Capacity and Institutional Development cluster",,,,,,,,,,,,,,,,20,29,,,,20,29,30,This output is depended on appointment from municipalities,,The PDO notes the over achievement as well as the target adjustment for FY2025-26.,,,,,,,168
,Cooperative Governance,Western Cape,Programme 2: Local Governance,Sub Programme 2.1: Municipal Administration,Annually,2.1.4(a) Code of Conduct cases assessed to ensure legislative compliance,Non-Standardized,Not  Applicable,"Priority 1: A Capable, Ethical and Developmental State","Enable a resilient, sustainable, quality and inclusive living environment","Governance, State Capacity and Institutional Development cluster",,,,,,,,,,,,,,,,10,0,,,,10,0,3,"Demand Driven, cases can only be reviewed once they received",,The PDO notes the Annual Target was not met and reason for deviation due to this indicator being demand driven and dependent on other stakeholders.,,,,,,,168
,Cooperative Governance,Western Cape,Programme 2: Local Governance,Sub Programme 2.1: Municipal Administration,Annually,2.1.5(a) Number of Legal Support initiatives provided to Municipalities to strengthen Municipal Governance,Non-Standardized,Not  Applicable,"Priority 1: A Capable, Ethical and Developmental State","Enable a resilient, sustainable, quality and inclusive living environment","Governance, State Capacity and Institutional Development cluster",,,,,,,,,,,,,,,,8,8,,,,8,8,8,,,The PDO notes the Annual Target is achieved. Data accepted.,,,,,,,168
,Cooperative Governance,Western Cape,Programme 2: Local Governance,Sub Programme 2.1: Municipal Administration,Annually,21.2(b) Annual report in respect of formal provincial interventions justified or required in terms of Section 139 of the Constitution,Non-Standardized,Not  Applicable,"Priority 1: A Capable, Ethical and Developmental State","Enable a resilient, sustainable, quality and inclusive living environment","Governance, State Capacity and Institutional Development cluster",,,,,,,,,,,,,,,,1,1,,,,1,1,1,,,The PDO notes the Annual Target is achieved. Data accepted.,,,,,,,168
,Cooperative Governance,Western Cape,Programme 2: Local Governance,Sub Programme 2.1: Municipal Administration,Annually,"SPI:1 Number of municipalities supported to comply with MSA Regulations on the appointment of senior managers (Linked to MTSF 2019 – 2024, Priority 1)",Standardized,Not  Applicable,"Priority 1: A Capable, Ethical and Developmental State","Enable a resilient, sustainable, quality and inclusive living environment","The Economic Sectors, Employment and Infrastructure Development cluster",,,,,,,,,,,,,,,,30,30,,,,30,30,30,,,The PDO notes the Annual Target is achieved. Data accepted.,,,,,,,168
,Cooperative Governance,Western Cape,Programme 2: Local Governance,Sub Programme 2.1: Municipal Administration,Annually,"SPI:2 Number of municipalities monitored on the extent to which anti-corruption measures are implemented (Linked to MTSF 2019 – 2024, Priority 1)",Standardized,Not  Applicable,"Priority 1: A Capable, Ethical and Developmental State","Enable a resilient, sustainable, quality and inclusive living environment","The Economic Sectors, Employment and Infrastructure Development cluster",,,,,,,,,,,,,,,,30,30,,,,30,30,30,,,The PDO notes the Annual Target is achieved. Data accepted.,,,,,,,168
,Cooperative Governance,Western Cape,Programme 2: Local Governance,Sub Programme 2.1: Municipal Administration,Quarterly,"2.1.1(b) Quarterly reports in respect assessments and investigations pertaining to allegations of maladministration, fraud, corruption or any other serious malpractice",Non-Standardized,Not  Applicable,"Priority 1: A Capable, Ethical and Developmental State","Enable a resilient, sustainable, quality and inclusive living environment","Governance, State Capacity and Institutional Development cluster",1,1,,,Target achieved. Data accepted.,1,"


1",,,Target achieved. Data accepted.,1,"


1",,,Target Achieved. Data accepted.,1,"


1",,,Target achieved. Data Accepted.,4,4,4,,,Data accepted.,,,,,,,168
,Cooperative Governance,Western Cape,Programme 2: Local Governance,Sub Programme 2.1: Municipal Administration,Quarterly,2.1.3(a) Number of assessments on Municipal Public Account Committees (MPACS) conducted,Non-Standardized,Not  Applicable,"Priority 5: Spatial Integration, Human Settlements and Local Government","Enable a resilient, sustainable, quality and inclusive living environment","Governance, State Capacity and Institutional Development cluster",0,2,MPAC meetings moved forward to the 1st quarter,,Due Q2. The PDO notes performance recorded against the target in Q1 and reason for deviation. ,3,"

3",,,Target achieved. Data accepted.,3,"
3
",,,Target Achieved. Data accepted.,4,"
4",,,Target achieved. Data Accepted.,10,12,10,,,The PDO notes the Annual Target is achieved. Data accepted.,,,,,,,168
,Cooperative Governance,Western Cape,Programme 2: Local Governance,Sub Programme 2.2: Public Participation,Annually,"SPI:4 Number of municipalities supported to promote participation in community-based local governance processes (Priority 1: Capable, Ethical and Developmental State) (Priority 6 MTEF indicatory: Social Cohesion and Safer Communities)",Standardized,Not  Applicable,"Priority 1: A Capable, Ethical and Developmental State","Enable a resilient, sustainable, quality and inclusive living environment","The Economic Sectors, Employment and Infrastructure Development cluster",,,,,,,,,,,,,,,,3,3,,,,3,3,3,,,Annual Target achieved. Data accepted.,,,,,,,168
,Cooperative Governance,Western Cape,Programme 2: Local Governance,Sub Programme 2.2: Public Participation,Annually,SPI:5 Number of municipalities supported to resolve community concerns,Standardized,Not  Applicable,"Priority 1: A Capable, Ethical and Developmental State","Enable a resilient, sustainable, quality and inclusive living environment","The Economic Sectors, Employment and Infrastructure Development cluster",,,,,,,,,,,,,,,,1,1,,,,1,1,1,,,Annual Target achieved. Data accepted.,,,,,,,168
,Cooperative Governance,Western Cape,Programme 2: Local Governance,Sub Programme 2.2: Public Participation,Quarterly,2.2.1(a) Number of support actions to improve citizen interface,Non-Standardized,Not  Applicable,"Priority 1: A Capable, Ethical and Developmental State","Enable a resilient, sustainable, quality and inclusive living environment","Governance, State Capacity and Institutional Development cluster",1,1,,,Target Achieved. Data accepted.,2,"
2",,,Target achieved. Data accepted.,1,"
1",,,Target Achieved. Data accepted.,1,"

1",,,Target achieved. Data Accepted.,5,5,5,,,Annual Target achieved. Data accepted.,,,,,,,168
,Cooperative Governance,Western Cape,Programme 2: Local Governance,Sub Programme 2.2: Public Participation,Quarterly,2.2.1(b) Number of support actions to improve Gender Mainstreaming and Human Rights in municipalites,Non-Standardized,Not  Applicable,"Priority 1: A Capable, Ethical and Developmental State","Enable a resilient, sustainable, quality and inclusive living environment","Governance, State Capacity and Institutional Development cluster",0,0,,,Due in Q2,2,"

2",,,Target achieved. Data accepted.,0,"

0",,,,2,"

2",,,Target achieved. Data Accepted.,4,4,4,,,Annual Target achieved. Data accepted.,,,,,,,168
,Cooperative Governance,Western Cape,Programme 2: Local Governance,Sub Programme 2.2: Public Participation,Quarterly,2.2.2(a) Number of municipalities supported with communication programmes,Non-Standardized,Not  Applicable,"Priority 1: A Capable, Ethical and Developmental State","Enable a resilient, sustainable, quality and inclusive living environment","Governance, State Capacity and Institutional Development cluster",0,0,,,Due in Q2,5,"
5",,,Target achieved. Data accepted.,10,"
10",,,Target Achieved. Data accepted.,9,"
9",,,Target achieved. Data Accepted.,24,24,27,,,The PDO notes the Annual Target is over achieved. Kindly provide a reason for deviation.,,,,,,,168
,Cooperative Governance,Western Cape,Programme 2: Local Governance,Sub Programme 2.2: Public Participation,Quarterly,"SPI:3 Number of municipalities supported to maintain functional ward committees (Linked to MTSF 2019 - 2024, Priority 1)",Standardized,Not  Applicable,Priority 2: Economic Transformation And Job Creation,"Enable a resilient, sustainable, quality and inclusive living environment","The Economic Sectors, Employment and Infrastructure Development cluster",5,5,,,Target achieved. Data accepted.,10,"

20",All municipalities required support with Operational Support ,,The PDO notes the target is over achieved and the reason for deviation.,5,"

5",,,Target Achieved. Data accepted.,4,"

0",,The Target has been achieved Q2.,The PDO notes the early delivery of the target in Q2 as reason for deviation and therefore the Annual Target has been met.,24,30,25,,,The PDO notes the Annual Target is over achieved. Kindly provide a reason for deviation.,,,,,,,168
,Cooperative Governance,Western Cape,Programme 2: Local Governance,Sub Programme 2.2: Public Participation,Quarterly,"SPI:6 Number of work opportunities reported through Community Work Programme (CWP) (MTSF 2019-2024, Priority 2)",Standardized,Not  Applicable,Priority 2: Economic Transformation And Job Creation,"Enable a resilient, sustainable, quality and inclusive living environment","The Economic Sectors, Employment and Infrastructure Development cluster",16647,14485,"Given that the CWP provides a safety net of 2 days per week, 8 days per month, participants exit the programme when there are seasonal work opportunities on farms.",,Target partially achieved. Reason for deviation noted.,16647,15088,"Due to the national budget cuts, the  Department of Cooperative Governance (DCOG) reduced the participant target for the Western Cape from 17 500  to 13 725.

The Western Cape currently exceeds the new target by 1363 participants. This implies that the Western Cape will have to exit participants over time to meet the target.

",,The PDO notes the target is partially achieved  and the reason for deviation.,16647,"

13140","The  Department of Cooperative Governance (DCOG) reduced the participant target for the Western Cape from 17 500  to 13 725, however the Microsoft Information System (MIS) report. indicates a higher target of  15 450.",,The PDO notes the target has been partially achieved and the reason for deviation.,16647,14357,"Budget cuts prevented the Provincial, District, and site managers from effectively monitoring and overseeing CWP sites. On the CWP, sites were not permitted to recruit new participants.
",,The PDO notes the reason for deviation for the under performance.,16647,14357,14232,"Given that the CWP provides a safety net of 2 days per week, 8 days per month, participants exit the programme when there are seasonal work opportunities on farms.",,The PDO notes the Annual Target was partially achieved and the reason for deviation as well as the slight decrease in the MTEF period within the 2025-26 APP.,,,,,,,168
,Cooperative Governance,Western Cape,Programme 2: Local Governance,Sub Programme 2.3: Capacity Development,Annually,2.3.2 Monitor compliance to the Skills Development Act,Non-Standardized,Not  Applicable,"Priority 1: A Capable, Ethical and Developmental State","Enable a resilient, sustainable, quality and inclusive living environment","Governance, State Capacity and Institutional Development cluster",,,,,,,,,,,,,,,,1,1,,,,1,1,1,,,The PDO notes the Annual Target is achieved. Data accepted.,,,,,,,168
,Cooperative Governance,Western Cape,Programme 2: Local Governance,Sub Programme 2.3: Capacity Development,Annually,2.3.3 Number of training and development programmes implemented in municipalities,Non-Standardized,Not  Applicable,"Priority 1: A Capable, Ethical and Developmental State","Enable a resilient, sustainable, quality and inclusive living environment","Governance, State Capacity and Institutional Development cluster",,,,,,,,,,,,,,,,2,2,,,,2,2,2,,,The PDO notes the Annual Target is achieved. Data accepted.,,,,,,,168
,Cooperative Governance,Western Cape,Programme 2: Local Governance,Sub Programme 2.3: Capacity Development,Quarterly,2.3.1 Number of programmes implemented to enhance the capacity of municipalities,Non-Standardized,Not  Applicable,"Priority 1: A Capable, Ethical and Developmental State","Enable a resilient, sustainable, quality and inclusive living environment","Governance, State Capacity and Institutional Development cluster",0,0,,,Due Q3 and Q4,0,"

0",,,,1,"
1
",,,Target Achieved. Data accepted.,2,"

2",,,Target achieved. Data Accepted.,3,3,3,,,Annual Target achieved. Data accepted.,,,,,,,168
,Cooperative Governance,Western Cape,Programme 2: Local Governance,Sub Programme 2.3: Capacity Development,Quarterly,"SPI:7 Number of capacity-building interventions conducted in municipalities (Linked to MTSF 2019-2024, Priority 1) (B2B Pillar 5)",Standardized,Not  Applicable,"Priority 1: A Capable, Ethical and Developmental State","Enable a resilient, sustainable, quality and inclusive living environment","The Economic Sectors, Employment and Infrastructure Development cluster",0,0,,,Due Q3 and Q4.,0,"


0",,,,1,"

1",,,Target Achieved. Data accepted.,2,"

2",,,Target achieved. Data Accepted.,3,2,3,,,Annual Target achieved. Data accepted.,,,,,,,168
,Cooperative Governance,Western Cape,Programme 2: Local Governance,Sub Programme 2.3: Capacity Development,Quarterly,"SPI:8 Number of municipalities guided to comply with  the MPRA (Linked to MTSF 2019 – 2024, Priority  1) (B2B Pillar 4)",Standardized,Not  Applicable,"Priority 1: A Capable, Ethical and Developmental State","Enable a resilient, sustainable, quality and inclusive living environment","The Economic Sectors, Employment and Infrastructure Development cluster",25,25,,,Target achieved. Data accepted.,0,"

0",,,,25,"

25",,,Target Achieved. Data accepted.,0,"

0",,,Zero target for Q4 noted.,25,0,25,,,Annual Target achieved. Data accepted.,,,,,,,168
,Cooperative Governance,Western Cape,Programme 2: Local Governance,Sub Programme 2.3: Capacity Development,Quarterly,"SPI:9 Number of municipalities supported to  institutionalize the performance management  system (PMS) (Linked to MTSF 2019 – 2024,  Priority 1)",Standardized,Not  Applicable,"Priority 1: A Capable, Ethical and Developmental State","Enable a resilient, sustainable, quality and inclusive living environment","The Economic Sectors, Employment and Infrastructure Development cluster",0,0,,,Due Q4.,0,"


0",,,,0,"

0",,,Annual target due Q4.,29,"


29",,,Target achieved. Data Accepted.,29,29,29,,,Annual Target achieved. Data accepted.,,,,,,,168
,Cooperative Governance,Western Cape,Programme 2: Local Governance,"Sub Programme 2.4 Municipal Performance Monitoring, Reporting and Evaluation",Annually,2.4.1 A single repository for the management and dissemination of information relating to municipalities established,Non-Standardized,Not  Applicable,"Priority 1: A Capable, Ethical and Developmental State","Enable a resilient, sustainable, quality and inclusive living environment","Governance, State Capacity and Institutional Development cluster",,,,,,,,,,,,,,,,Implementation of a single Data Repository,Implementation of a single Data Repository,,,,Implementation of a single Data Repository,Implementation of a single Data Repository,Implementation of a single Data Repository,,,The PDO notes the Annual Target is achieved. Data accepted.,,,,,,,168
,Cooperative Governance,Western Cape,Programme 2: Local Governance,"Sub Programme 2.4 Municipal Performance Monitoring, Reporting and Evaluation",Annually,"SPI: 11 Number of Section 47 Reports compiled as  prescribed by the MSA (Linked to MTSF 2019 –  2024, Priority 1) (B2B Pillar 5)",Standardized,Not  Applicable,"Priority 1: A Capable, Ethical and Developmental State","Enable a resilient, sustainable, quality and inclusive living environment","The Economic Sectors, Employment and Infrastructure Development cluster",,,,,,,,,,,1,1,,,,,,,,,1,1,1,,,The PDO notes the Annual Target is achieved. Data accepted.,,,,,,,168
,Cooperative Governance,Western Cape,Programme 2: Local Governance,"Sub Programme 2.4 Municipal Performance Monitoring, Reporting and Evaluation",Quarterly,2.4.2 Number of reports providing insight into municipal status and functioning produced,Non-Standardized,Not  Applicable,"Priority 1: A Capable, Ethical and Developmental State","Enable a resilient, sustainable, quality and inclusive living environment","Governance, State Capacity and Institutional Development cluster",1,1,,,Target achieved. Data accepted.,1,"
1
",,,The PDO notes that no performance has been recorded against the target. Please provide a reason for deviation and Corrective Action?,1,"
1
",,,Target Achieved. Data accepted.,1,"
1
",,,Target achieved. Data Accepted.,4,4,4,,,Annual Target achieved. Data accepted.,,,,,,,168
,Cooperative Governance,Western Cape,Programme 2: Local Governance,"Sub Programme 2.4 Municipal Performance Monitoring, Reporting and Evaluation",Quarterly,2.4.3 Number of programmes implemented to institutionalise GIS in the municipal space ,Non-Standardized,Not  Applicable,"Priority 5: Spatial Integration, Human Settlements and Local Government","Enable a resilient, sustainable, quality and inclusive living environment","Governance, State Capacity and Institutional Development cluster",0,0,,,Due Q3 and Q4,0,"

0",,,,1,"
1
",,,Target Achieved. Data accepted.,1,"
1",,,Target achieved. Data Accepted.,2,2,2,,,Annual Target achieved. Data accepted.,,,,,,,168
,Cooperative Governance,Western Cape,Programme 2: Local Governance,"Sub Programme 2.4 Municipal Performance Monitoring, Reporting and Evaluation",Quarterly,2.4.4 Number of programmes implemented to institutionalise ICT in the municipal space ,Non-Standardized,Not  Applicable,"Priority 5: Spatial Integration, Human Settlements and Local Government","Enable a resilient, sustainable, quality and inclusive living environment","Governance, State Capacity and Institutional Development cluster",0,0,,,Due Q2 and Q4,1,"
1",,,Target achieved. Data accepted.,0,"
0",,,,1,"
1",,,Target achieved. Data Accepted.,2,2,2,,,Annual Target achieved. Data accepted.,,,,,,,168
,Cooperative Governance,Western Cape,Programme 2: Local Governance,"Sub Programme 2.4 Municipal Performance Monitoring, Reporting and Evaluation",Quarterly,SPI:10 Number of municipalities monitored on the implementation of indigent policies (Sub-outcome 1) (B2B Pillar 2),Standardized,Not  Applicable,"Priority 1: A Capable, Ethical and Developmental State","Enable a resilient, sustainable, quality and inclusive living environment","Governance, State Capacity and Institutional Development cluster",0,0,,,Due Q3 and Q4,0,"

0",,,,2,"

2",,,Target Achieved. Data accepted.,2,"

2",,,Target achieved. Data Accepted.,4,4,4,,,Annual Target achieved. Data accepted.,,,,,,,168
,Cooperative Governance,Western Cape,Programme 2: Local Governance,Sub Programme 2.5 Service Delivery Integration,Quarterly,2.5.1(b) Number of services accessed through the Thusong Programme ,Non-Standardized,Not  Applicable,"Priority 1: A Capable, Ethical and Developmental State","Enable a resilient, sustainable, quality and inclusive living environment","The Economic Sectors, Employment and Infrastructure Development cluster",0,0,,,Due Q3 and Q4,0,"
0
",,,,650000,"
650000",Reports did not meet the verification criteria and were returned to municipalities for corrections.,,The PDO notes the target has been partially achieved and the reason for deviation.,650000,"
1 121 977",Demand for more government services,,The PDO notes the over achievement of the annual target. ,1300000,1771977,1473215,,,The PDO notes the Annual Target is over achieved. Kindly provide reason for deviation.,,,,,,,168
,Cooperative Governance,Western Cape,Programme 2: Local Governance,Sub Programme 2.5 Service Delivery Integration,Quarterly,2.5.1(c) Support actions to improve District Inter Governmental Relations (IGR) platforms,Non-Standardized,Not  Applicable,"Priority 1: A Capable, Ethical and Developmental State","Enable a resilient, sustainable, quality and inclusive living environment","The Economic Sectors, Employment and Infrastructure Development cluster",0,1,District engagement moved to the 1st quarter,,Due Q2. The PDO notes performance recorded against the target in Q1 and reason for deviation.,1,"

1",,,Target achieved. Data accepted.,1,"

1",,,Target Achieved. Data accepted.,1,"

1",,,Target achieved. Data Accepted.,3,4,3,,,Annual Target achieved. Data accepted.,,,,,,,168
,Cooperative Governance,Western Cape,Programme 2: Local Governance,Sub Programme 2.5 Service Delivery Integration,Quarterly,2.5.2(c) Support actions to improve Provincial Inter Governmental Relations (IGR) platforms,Non-Standardized,Not  Applicable,"Priority 1: A Capable, Ethical and Developmental State","Enable a resilient, sustainable, quality and inclusive living environment","The Economic Sectors, Employment and Infrastructure Development cluster",1,1,,,Target achieved. Data accepted.,1,"

1",,,Target achieved. Data accepted.,1,"

1",,,Target Achieved. Data accepted.,1,"

1",,,Target achieved. Data Accepted.,4,4,4,,,"Annual Target achieved. Data accepted.
",,,,,,,168
,Cooperative Governance,Western Cape,Programme 2: Local Governance,Sub Programme 2.5: Service Delivery Integration,Annually,2.5.1(a) Socio-economic projects facilitated,Non-Standardized,Not  Applicable,"Priority 1: A Capable, Ethical and Developmental State","Enable a resilient, sustainable, quality and inclusive living environment","The Economic Sectors, Employment and Infrastructure Development cluster",,,,,,,,,,,,,,,,4,4,,,,4,4,4,,,Annual Target achieved. Data accepted.,,,,,,,168
,Cooperative Governance,Western Cape,Programme 2: Local Governance,Sub Programme 2.5: Service Delivery Integration,Annually,2.5.2(b) Support  actions to ensure effective functioning of the Thusong Programme,Non-Standardized,Not  Applicable,"Priority 1: A Capable, Ethical and Developmental State","Enable a resilient, sustainable, quality and inclusive living environment","The Economic Sectors, Employment and Infrastructure Development cluster",,,,,,,,,,,,,,,,4,4,,,,4,4,4,,,Annual Target achieved. Data accepted.,,,,,,,168
,Cooperative Governance,Western Cape,Programme 2: Local Governance,Sub Programme 2.6: Community Development Worker Programme,Annually,2.6.1 Government initiatives to enhance social well-being ,Non-Standardized,Not  Applicable,"Priority 1: A Capable, Ethical and Developmental State","Enable a resilient, sustainable, quality and inclusive living environment","The Economic Sectors, Employment and Infrastructure Development cluster",,,,,,,,,,,,,,,,5,5,,,,5,5,5,,,Annual Target achieved. Data accepted.,,,,,,,168
,Cooperative Governance,Western Cape,Programme 2: Local Governance,Sub Programme 2.6: Community Development Worker Programme,Annually,2.6.2 Initiatives to support informal economy,Non-Standardized,Not  Applicable,"Priority 1: A Capable, Ethical and Developmental State","Enable a resilient, sustainable, quality and inclusive living environment","The Economic Sectors, Employment and Infrastructure Development cluster",,,,,,,,,,,,,,,,4,4,,,,4,4,4,,,Annual Target achieved. Data accepted.,,,,,,,168
,Cooperative Governance,Western Cape,Programme 3: Development and Planning,Sub Programme 3.1 Municipal Infrastructure,Annually,3.1.1 Number of programmes to strengthen basic service delivery,Non-Standardized,Not  Applicable,"Priority 1: A Capable, Ethical and Developmental State","Enable a resilient, sustainable, quality and inclusive living environment","The Economic Sectors, Employment and Infrastructure Development cluster",,,,,,,,,,,,,,,,2,2,,,,2,2,2,,,Annual Target achieved. Data accepted.,,,,,,,168
,Cooperative Governance,Western Cape,Programme 3: Development and Planning,Sub Programme 3.1 Municipal Infrastructure,Annually,3.1.2 Number of water resilience programmes,Non-Standardized,Not  Applicable,"Priority 1: A Capable, Ethical and Developmental State","Enable a resilient, sustainable, quality and inclusive living environment","The Economic Sectors, Employment and Infrastructure Development cluster",,,,,,,,,,,,,,,,2,2,,,,2,2,2,,,Annual Target achieved. Data accepted.,,,,,,,168
,Cooperative Governance,Western Cape,Programme 3: Development and Planning,Sub Programme 3.1 Municipal Infrastructure,Annually,3.1.3 Number of energy resilience programmes,Non-Standardized,Not  Applicable,"Priority 1: A Capable, Ethical and Developmental State","Enable a resilient, sustainable, quality and inclusive living environment","The Economic Sectors, Employment and Infrastructure Development cluster",,,,,,,,,,,,,,,,2,2,,,,2,2,2,,,Annual Target achieved. Data accepted.,,,,,,,168
,Cooperative Governance,Western Cape,Programme 3: Development and Planning,Sub Programme 3.1 Municipal Infrastructure,Annually,3.1.4 Number of infrastructure funding programmes,Non-Standardized,Not  Applicable,"Priority 1: A Capable, Ethical and Developmental State","Enable a resilient, sustainable, quality and inclusive living environment","The Economic Sectors, Employment and Infrastructure Development cluster",,,,,,,,,,,,,,,,1,1,,,,1,1,1,,,Annual Target achieved. Data accepted.,,,,,,,168
,Cooperative Governance,Western Cape,Programme 3: Development and Planning,Sub Programme 3.1 Municipal Infrastructure,Annually,"SPI:12 Number of municipalities monitored on the implementation of infrastructure delivery programmes (Outcome 9, Sub-outcome 1) (B2B Pillar 5)",Standardized,Not  Applicable,"Priority 1: A Capable, Ethical and Developmental State","Enable a resilient, sustainable, quality and inclusive living environment","The Economic Sectors, Employment and Infrastructure Development cluster",,,,,,,,,,,,,,,,25,25,,,,25,25,25,,,Annual Target achieved. Data accepted.,,,,,,,168
,Cooperative Governance,Western Cape,Programme 3: Development and Planning,Sub Programme 3.2: Disaster Management and Fire Brigade Services,Annually,3.2.1(c) Number of Risk and Vulnerability Assessments conducted,Non-Standardized,Not  Applicable,"Priority 5: Spatial Integration, Human Settlements and Local Government","Enable a resilient, sustainable, quality and inclusive living environment","Governance, State Capacity and Institutional Development cluster",,,,,,,,,,,,,,,,1,2,,,,1,2,2,"
Towards the end of the FY, additional funding became available, allowing the department to update and review the WC Provincial Disaster Risk Assessment. 
",,The PDO notes the Annual Target was over achieved and the reason for deviation.,,,,,,,168
,Cooperative Governance,Western Cape,Programme 3: Development and Planning,Sub Programme 3.2: Disaster Management and Fire Brigade Services,Annually,3.2.2(a) Monitor & evaluate the implementation of Disaster management ,Non-Standardized,Not  Applicable,"Priority 5: Spatial Integration, Human Settlements and Local Government","Enable a resilient, sustainable, quality and inclusive living environment","Governance, State Capacity and Institutional Development cluster",,,,,,,,,,,1,1,,,,,,,,,1,1,1,,,Annual Target achieved. Data accepted.,,,,,,,168
,Cooperative Governance,Western Cape,Programme 3: Development and Planning,Sub Programme 3.2: Disaster Management and Fire Brigade Services,Annually,3.2.2(b) Co-ordinate effective disaster recovery processes that enhance resilience,Non-Standardized,Not  Applicable,"Priority 5: Spatial Integration, Human Settlements and Local Government","Enable a resilient, sustainable, quality and inclusive living environment","Governance, State Capacity and Institutional Development cluster",,,,,,,,,,,,,,,,1,5,,,,1,5,5,Demand driven,,The PDO notes that the Annual Target was over achieved and the reason for deviation. ,,,,,,,168
,Cooperative Governance,Western Cape,Programme 3: Development and Planning,Sub Programme 3.2: Disaster Management and Fire Brigade Services,Annually,3.2.2(c) Upgrade & maintain Disaster Management Spatial Data Repository,Non-Standardized,Not  Applicable,"Priority 5: Spatial Integration, Human Settlements and Local Government","Enable a resilient, sustainable, quality and inclusive living environment","Governance, State Capacity and Institutional Development cluster",,,,,,,,,,,,,,,,1,1,,,,1,1,1,,,Annual Target achieved. Data accepted.,,,,,,,168
,Cooperative Governance,Western Cape,Programme 3: Development and Planning,Sub Programme 3.2: Disaster Management and Fire Brigade Services,Annually,3.2.3(a) Development and review of WC Disaster Management Policy Provisions,Non-Standardized,Not  Applicable,"Priority 5: Spatial Integration, Human Settlements and Local Government","Enable a resilient, sustainable, quality and inclusive living environment","Governance, State Capacity and Institutional Development cluster",,,,,,,,,,,,,,,,1,1,,,,1,1,1,,,Annual Target achieved. Data accepted.,,,,,,,168
,Cooperative Governance,Western Cape,Programme 3: Development and Planning,Sub Programme 3.2: Disaster Management and Fire Brigade Services,Annually,3.2.3(c) Number of municipalities supported in developing Disaster Risk Reduction measures in their IDPs,Non-Standardized,Not  Applicable,"Priority 5: Spatial Integration, Human Settlements and Local Government","Enable a resilient, sustainable, quality and inclusive living environment","Governance, State Capacity and Institutional Development cluster",,,,,,,,,,,1,1,,,,,,,,,1,1,3,The implementation of the Risk Reduction and Integration into Development Planning Guideline allowed for additional municipalities to be supported.,,The PDO notes the Annual Target is over achieved as well as the slight increase in the MTEF period within the 2025-26 APP.,,,,,,,168
,Cooperative Governance,Western Cape,Programme 3: Development and Planning,Sub Programme 3.2: Disaster Management and Fire Brigade Services,Annually,3.2.3(d) Aerial Firefighting and Ground Support Programme implemented,Non-Standardized,Not  Applicable,"Priority 5: Spatial Integration, Human Settlements and Local Government","Enable a resilient, sustainable, quality and inclusive living environment","Governance, State Capacity and Institutional Development cluster",,,,,,,,,,,,,,,,1,1,,,,1,1,1,,,Annual Target achieved. Data accepted.,,,,,,,168
,Cooperative Governance,Western Cape,Programme 3: Development and Planning,Sub Programme 3.2: Disaster Management and Fire Brigade Services,Annually,3.2.4(c) Hazard Awareness Programme,Non-Standardized,Not  Applicable,"Priority 5: Spatial Integration, Human Settlements and Local Government","Enable a resilient, sustainable, quality and inclusive living environment","Governance, State Capacity and Institutional Development cluster",,,,,,,,,,,1,1,,,,,,,,,1,1,1,,,Annual Target achieved. Data accepted.,,,,,,,168
,Cooperative Governance,Western Cape,Programme 3: Development and Planning,Sub Programme 3.2: Disaster Management and Fire Brigade Services,Annually,SPI:14 Number of municipalities supported on Fire Brigade Services,Standardized,Not  Applicable,"Priority 1: A Capable, Ethical and Developmental State","Enable a resilient, sustainable, quality and inclusive living environment","The Economic Sectors, Employment and Infrastructure Development cluster",,,,,,,,,,,,,,,,5,9,,,,5,9,9,This project varies based on budget availability.,,The PDO notes the Annual Target was over achieved and the reason for deviation.,,,,,,,168
,Cooperative Governance,Western Cape,Programme 3: Development and Planning,Sub Programme 3.2: Disaster Management and Fire Brigade Services,Quarterly,3.2.1(a) Facilitate co-ordination of disaster management partnerships,Non-Standardized,Not  Applicable,"Priority 1: A Capable, Ethical and Developmental State","Enable a resilient, sustainable, quality and inclusive living environment","Governance, State Capacity and Institutional Development cluster",2,2,,,Target achieved. Data accepted.,2,"
2",,,Target achieved. Data accepted.,2,"
2",,,Target achieved. Data accepted.,2,"
2
",,,Target achieved. Data Accepted.,8,8,8,,,Annual Target achieved. Data accepted.,,,,,,,168
,Cooperative Governance,Western Cape,Programme 3: Development and Planning,Sub Programme 3.2: Disaster Management and Fire Brigade Services,Quarterly,3.2.1(b) Support organs of state to ensure disaster readiness and response,Non-Standardized,Not  Applicable,"Priority 1: A Capable, Ethical and Developmental State","Enable a resilient, sustainable, quality and inclusive living environment","Governance, State Capacity and Institutional Development cluster",1,2,,,The PDO notes the target is over achieved.,1,"
1",,,Target achieved. Data accepted.,0,"
0",,,,2,"
3","The additional target was reached due to the urgency around the need for a Taxi Contingency plan. 
",,The PDO notes the target was over  achieved and the reason for deviation.,4,6,5,Debriefing Business Continuity Test for Communication during a major Electrical Event,,The PDO noted the Annual Target is over achieved and reason for deviation.,,,,,,,168
,Cooperative Governance,Western Cape,Programme 3: Development and Planning,Sub Programme 3.2: Disaster Management and Fire Brigade Services,Quarterly,3.2.1(d) Number of training programmes to improve Fire & life safety in the Province,Non-Standardized,Not  Applicable,"Priority 1: A Capable, Ethical and Developmental State","Enable a resilient, sustainable, quality and inclusive living environment","Governance, State Capacity and Institutional Development cluster",0,1,,,Due Q2. The PDO notes performance recorded against the target in Q1.,2,"
4",Fire Training moved up to 2nd quarter to adequately prepare for the upcoming fire season,,The PDO notes the target is over achieved. Please provide a reason for deviation?,2,"
2",,,Target achieved. Data accepted.,2,"
2",,,Target achieved. Data Accepted.,6,9,7,Additional training due to budget availability,,The PDO noted the Annual Target is over achieved and reason for deviation.,,,,,,,168
,Cooperative Governance,Western Cape,Programme 3: Development and Planning,Sub Programme 3.2: Disaster Management and Fire Brigade Services,Quarterly,3.2.2(d) Number of training programmes to improve Emergency & Special Capacity capability in the Province,Non-Standardized,Not  Applicable,"Priority 1: A Capable, Ethical and Developmental State","Enable a resilient, sustainable, quality and inclusive living environment","Governance, State Capacity and Institutional Development cluster",0,0,,,Due Q2,1,"

1",,,The PDO notes that no performance has been recorded against the target. Please provide a reason for deviation and Corrective Action?,1,"
3",,,Target over achieved. Data accepted.,1,"

1",,,Target achieved. Data Accepted.,3,5,3,,,Annual Target achieved. Data accepted.,,,,,,,168
,Cooperative Governance,Western Cape,Programme 3: Development and Planning,Sub Programme 3.2: Disaster Management and Fire Brigade Services,Quarterly,SPI:13 Number of municipalities supported to maintain functional Disaster Management Centres,Standardized,Not  Applicable,"Priority 1: A Capable, Ethical and Developmental State","Enable a resilient, sustainable, quality and inclusive living environment","The Economic Sectors, Employment and Infrastructure Development cluster",6,6,,,Target achieved. Data accepted.,6,"
6",,,Target achieved. Data accepted.,6,"
6",,,Target achieved. Data accepted.,6,"

6",,,Target achieved. Data Accepted.,6,6,6,,,Annual Target achieved. Data accepted.,,,,,,,168
,Cooperative Governance,Western Cape,Programme 3: Development and Planning,Sub Programme 3.3 Integrated Development Planning,Quarterly,3.3.1(a) Initiatives to improve the quality of integrated development plans,Non-Standardized,Not  Applicable,"Priority 1: A Capable, Ethical and Developmental State","Enable a resilient, sustainable, quality and inclusive living environment","Governance, State Capacity and Institutional Development cluster",0,0,,,Due Q2,1,"
1
",,,Target achieved. Data accepted.,1,"
1",,,Target achieved. Data accepted.,1,"
1
",,,Target achieved. Data Accepted.,3,3,3,,,Annual Target achieved. Data accepted..,,,,,,,168
,Cooperative Governance,Western Cape,Programme 3: Development and Planning,Sub-Programme 3.3: Integrated Development Planning,Annually,3.3.1(b) Number of Functional District Interface Teams as part of the Joint District and Metro Approach,Non-Standardized,Not  Applicable,"Priority 1: A Capable, Ethical and Developmental State","Enable a resilient, sustainable, quality and inclusive living environment","The Economic Sectors, Employment and Infrastructure Development cluster",,,,,,,,,,,,,,,,5,5,,,,5,5,5,,,Annual Target achieved. Data accepted.,,,,,,,168
,Cooperative Governance,Western Cape,Programme 3: Development and Planning,Sub-Programme 3.3: Integrated Development Planning,Annually,SPI:15 Number of municipalities with legally compliant IDPs,Standardized,Not  Applicable,"Priority 1: A Capable, Ethical and Developmental State","Enable a resilient, sustainable, quality and inclusive living environment","The Economic Sectors, Employment and Infrastructure Development cluster",,,,,,,,,,,,,,,,30,30,,,,30,30,30,,,Annual Target achieved. Data accepted.,,,,,,,168
,Cooperative Governance,Western Cape,Programme 3: Development and Planning,Sub-Programme 3.3: Integrated Development Planning,Annually,"SPI:16 Number of Districts/Metros monitored on the implementation One Plans (MTSF 2019-2024, Priority 5: Spatial integration, human settlements and local government) ",Standardized,Not  Applicable,"Priority 1: A Capable, Ethical and Developmental State","Enable a resilient, sustainable, quality and inclusive living environment","The Economic Sectors, Employment and Infrastructure Development cluster",,,,,,,,,,,,,,,,5,5,,,,5,5,5,,,Annual Target achieved. Data accepted.,,,,,,,168
"Agriculture, Forestry and Fisheries",Agriculture,Western Cape,Programme 1: Administration,Sub Programme 1.2: Senior Management ,Annually,Number of evaluations completed,Non-Standardized,Not  Applicable,"Priority 1: A Capable, Ethical and Developmental State",VIP 5: Innovation and Culture,"Governance, State Capacity and Institutional Development cluster",,,,,,,,,,,,,,,,2,2,,,,2,2,2,None ,None ,,,,,,,,168
"Agriculture, Forestry and Fisheries",Agriculture,Western Cape,Programme 1: Administration,Sub Programme 1.2: Senior Management ,Quarterly,Number of local government engagements in which the Department participated,Non-Standardized,Not  Applicable,Priority 2: Economic Transformation And Job Creation,Create opportunities for growth and jobs,"The Economic Sectors, Employment and Infrastructure Development cluster",0,0,,,"""0"" Target noted.",0,,,,"""0"" target noted",1,1,None ,None ,Data Accepted,1,1,None ,None ,Data Accepted,2,2,2,None ,None ,,,,,,,,168
"Agriculture, Forestry and Fisheries",Agriculture,Western Cape,Programme 1: Administration,Sub Programme 1.3: Corporate Services,Annually,Annual review with updated Business Continuity Plan,Non-Standardized,Not  Applicable,"Priority 1: A Capable, Ethical and Developmental State","Enable a resilient, sustainable, quality and inclusive living environment","Governance, State Capacity and Institutional Development cluster",,,,,,,,,,,,,,,,yes,yes,,,,yes,yes,yes,none ,none ,,yes,,,,,,168
"Agriculture, Forestry and Fisheries",Agriculture,Western Cape,Programme 1: Administration,Sub Programme 1.3: Corporate Services,Annually,Annual submission of the User Asset Management Plan (UAMP),Non-Standardized,Not  Applicable,Priority 2: Economic Transformation And Job Creation,VIP 3: Empowering People,"The Economic Sectors, Employment and Infrastructure Development cluster",,,,,,,,,,,,,,,,yes,yes,,,,yes,yes,yes ,none,none ,,yes,,,,,,168
"Agriculture, Forestry and Fisheries",Agriculture,Western Cape,Programme 1: Administration,Sub Programme 1.3: Corporate Services,Annually,Number of Bursaries awarded,Non-Standardized,Not  Applicable,"Priority 3: Education, Skills And Health",VIP 2: Growth and Jobs,"The Economic Sectors, Employment and Infrastructure Development cluster",,,,,,,,,,,,,,,,45,104,,,,45,104,104,"Reasons for deviation:59
•	Bursary contract period extended 
•	Addition funding available from programmes resulted in awarding more staff bursaries 

",none -The Additional funding is not guaranteed in future  ,,104,,,,,,168
"Agriculture, Forestry and Fisheries",Agriculture,Western Cape,Programme 1: Administration,Sub Programme 1.3: Corporate Services,Quarterly,Number of awareness sessions held during the year,Non-Standardized,Not  Applicable,"Priority 1: A Capable, Ethical and Developmental State","Enable a resilient, sustainable, quality and inclusive living environment","Governance, State Capacity and Institutional Development cluster",0,,,None,"""0"" Target noted",1,1,n/a,n/a,Data Accepted,1,1,n/a,n/a,Data Accepted,0,,,,"""0"" target noted",2,2,2,none ,none ,,2,,,,,,168
"Agriculture, Forestry and Fisheries",Agriculture,Western Cape,Programme 1: Administration,Sub Programme 1.3: Corporate Services,Quarterly,Number of blitzes facilitated,Non-Standardized,Not  Applicable,Priority 2: Economic Transformation And Job Creation,Create opportunities for growth and jobs,"Governance, State Capacity and Institutional Development cluster",1,1,N/A,none ,Data Accepted,0,,,,"""0"" target noted",1,1,n/a,n/a,Data Accepted,0,,,,"""0"" target noted",2,2,2,none,none ,,2,,,,,,168
"Agriculture, Forestry and Fisheries",Agriculture,Western Cape,Programme 1: Administration,Sub Programme 1.3: Corporate Services,Quarterly,Number of interns  given workplace experience,Non-Standardized,Max,Priority 2: Economic Transformation And Job Creation,Create opportunities for growth and jobs,"The Economic Sectors, Employment and Infrastructure Development cluster",10,29,"19 interns were supposed to be appointed in 
 the  last quarter of 23/24. Due to delayed vetting they could only be appointed in Q1 of 24/25",none ,The PDO notes the overachievement of the target - comments on in-year changes noted.,0,,,,"""0"" target noted",0,,,,The performance indicator has been revised through the formal in-year change process,160,188,"Reasons for deviation:
•interns replaced who resigned within the first 6 months.
•	Contract period overlapping of graduate interns appointed for two years 
•	Appointment periods for student interns differs (6 -18) months
•
",The indictor TID was changed ,The performance indicator has been revised through the formal in-year change process,170,188,188,"18
administrative interns appointed ",none ,,188,,,,,,168
"Agriculture, Forestry and Fisheries",Agriculture,Western Cape,Programme 1: Administration,Sub Programme 1.3: Corporate Services,Quarterly,Number of interns  given workplace experience,Non-Standardized,Not  Applicable,Priority 2: Economic Transformation And Job Creation,VIP 2: Growth and Jobs,"The Economic Sectors, Employment and Infrastructure Development cluster",10,29,"19 interns were supposed to be appointed in 
 the  last quarter of 23/24. Due to delayed vetting they could only be appointed in Q1 of 24/25",none ,,0,,,,,0,,,,"The PDO notes the ""0"" target for Q3",160,188,"Reasons for deviation:
•	interns replaced who resigned within the first 6 months.
•	Contract period overlapping of graduate interns appointed for two years 
•	Appointment periods for student interns differs (6 -18) months
•	
",None- Its very difficult to predict how many students / intern will pull of of the system mid way,The PDO notes the over performance of the annual target.,170,217,217,"47
29 interns appointed in Q1 due to delayed vetting. ",none ,,217,,Higher than target,,,,168
"Agriculture, Forestry and Fisheries",Agriculture,Western Cape,Programme 1: Administration,Sub Programme 1.4: Financial Management,Annually,Achieving a clean external audit opinion without other matters for Financial Management,Non-Standardized,Not  Applicable,"Priority 1: A Capable, Ethical and Developmental State",VIP 5: Innovation and Culture,"The Economic Sectors, Employment and Infrastructure Development cluster",,,,,,yes,Yes,,,,,,,,,,,,,,yes,Yes,yes,N/A,N/A,,,,,,,,168
"Agriculture, Forestry and Fisheries",Agriculture,Western Cape,Programme 1: Administration,Sub Programme 1.4: Financial Management,Annually,Achieving a clean external audit opinion without other matters for Supply Chain Management,Non-Standardized,Not  Applicable,"Priority 1: A Capable, Ethical and Developmental State",VIP 5: Innovation and Culture,"The Economic Sectors, Employment and Infrastructure Development cluster",,,,,,yes ,Yes,,,,,,,,,,,,,,yes ,Yes,yes,N/A,N/A,,,,,,,,168
"Agriculture, Forestry and Fisheries",Agriculture,Western Cape,Programme 1: Administration,Sub Programme 1.5: Communication Services  ,Quarterly,Number of events coordinated,Non-Standardized,Not  Applicable,Priority 2: Economic Transformation And Job Creation,VIP 2: Growth and Jobs,"The Economic Sectors, Employment and Infrastructure Development cluster",3,3,none ,none ,Data Accepted,3,3,None,None ,Data Accepted,4,4,None ,None ,Data Accepted,2,2,None,None  ,Data Accepted,12,12,12,None ,None ,,,,,,,,168
"Agriculture, Forestry and Fisheries",Agriculture,Western Cape,Programme 1: Administration,Sub Programme 1.5: Communication Services  ,Quarterly,Number of publications coordinated,Non-Standardized,Not  Applicable,Priority 2: Economic Transformation And Job Creation,Create opportunities for growth and jobs,"The Economic Sectors, Employment and Infrastructure Development cluster",3,3,none,none,Data Accepted,3,3,None ,None ,Data Accepted,2,2,None ,None ,Data Accepted,3,3,None ,None,Data Accepted,11,11,11,None ,None,,,,,,,,168
"Agriculture, Forestry and Fisheries",Agriculture,Western Cape,Programme 2: Sustainable Resource Use and Management,Sub Programme 2.1: Agricultural Engineering Services,Quarterly,Number of agricultural engineering support activities provided,Non-Standardized,Not  Applicable,Priority 2: Economic Transformation And Job Creation,Create opportunities for growth and jobs,"The Economic Sectors, Employment and Infrastructure Development cluster",75,83,Slight overachievement due to variable demand.,No corrective action,Data Accepted,75,75,No deviation,No corrective action,Data Accepted,75,82,Slight overachievement due to variable demand.,No corrective action,The PDO notes the overachievement of the target,75,79,Slight overachievement due to variable demand. Annual performance 106%.,"Demand and other variable factors make it difficult to set targets accurately. The trend of the previous years is used to set the targets per Quarter.  Therefore, no corrective action is advised.",The PDO notes the over performance of the target,300,319,319,Slight overachievement due to variable demand.,"Demand and other variable factors make it difficult to set targets accurately. The trend of previous years is used to set targets.  Therefore, no corrective action is advised.",,,Performance achieved as planned.,,,,,168
"Agriculture, Forestry and Fisheries",Agriculture,Western Cape,Programme 2: Sustainable Resource Use and Management,Sub Programme 2.1: Agricultural Engineering Services,Quarterly,Number of agricultural infrastructure established,Standardized,Not  Applicable,"Priority 5: Spatial Integration, Human Settlements and Local Government",-,"The Economic Sectors, Employment and Infrastructure Development cluster",0,0,N/A,N/A,"""0"" Target noted",0,0,No deviation,No corrective action,"""0"" target noted",0,0,No deviation,No corrective action,"""0"" target noted",1,1,No deviation,No corrective action,Data Accepted,1,1,1,No deviation,No corrective action,,,N/A,,None,None,none,168
"Agriculture, Forestry and Fisheries",Agriculture,Western Cape,Programme 2: Sustainable Resource Use and Management,Sub Programme 2.2: Land Care,Annually,Number of hectares of cultivated land under Conservation Agriculture practices,Standardized,Not  Applicable,Priority 2: Economic Transformation And Job Creation,-,"The Economic Sectors, Employment and Infrastructure Development cluster",,,,,,,,,,,,,,,,800,802,,,,800,802,802,Sum of ha of fields under CA come to slightly more than target. Field sizes cannot be adjusted to exactly fit target.,No corrective action,,,,,,,,168
"Agriculture, Forestry and Fisheries",Agriculture,Western Cape,Programme 2: Sustainable Resource Use and Management,Sub Programme 2.2: Land Care,Quarterly,Number of green jobs created,Standardized,Not  Applicable,"Priority 5: Spatial Integration, Human Settlements and Local Government",-,"The Economic Sectors, Employment and Infrastructure Development cluster",550,558,Within margin of control of target.,No corrective action,Data Accepted,350,218,Some areas remained inaccessible after heavy rains which reduced employment opportunities.,Employment will accelerate during the dryer period remaining in the year. The achievement to date is 71% of the annual target already.,The PDO notes the underperformance of the target - Data Accepted,100,191,Dryer months provided the opportunity to employ more people and address the backlog from Q2.,"No corrective action
",The PDO notes the overachievement of the target,100,265,"Field conditions improved which allowed more jobs to be created. Conditions during Quarter 1 and 2 were unfavourable hence the under achievement of this target. Over achievement is recorded for this Quarter, as conditions allowed more work to be completed at lower cost. Annual performance 112%.","Variable factors make it difficult to set targets accurately. The trend of the previous years are used to set the targets per Quarter.  Therefore, no corrective action is advised.","The PDO notes the over performance of the annual 
target",1100,1232,1232,Improvements in field conditions during the latter part of the year allowed more work to be done and thus more jobs to be created.,"Variable factors make it difficult to set targets accurately. The trend of previous years is considered when setting targets. Therefore, no corrective action is advised.",,,Noted.,,Noted,noted.,None,168
"Agriculture, Forestry and Fisheries",Agriculture,Western Cape,Programme 2: Sustainable Resource Use and Management,Sub Programme 2.2: Land Care,Quarterly,Number of hectares of agricultural land rehabilitated,Standardized,Not  Applicable,"Priority 5: Spatial Integration, Human Settlements and Local Government",-,"The Economic Sectors, Employment and Infrastructure Development cluster",7500,5101,Heavy rainfall and flooding restricted access in some areas and diverted resources. Resignation of technician also impacted progress. These issues were ad hoc and unpredictable.,Backlog will be addressed in remaining quarters.,The PDO notes the underachievement of the target - Corrective Action noted,7500,10047,Backlog from quarter 1 was addressed.,No corrective action,The PDO notes the overperformance of the target - Data Accepted,7500,7926,Slight overachievement addresses remaining backlog from Q1.,"No corrective action
",The PDO notes the overachievement of the target,7500,9026,"Field conditions improved which allowed greater areas to be covered. Conditions during Quarter 1 and 2 were unfavourable hence the under achievement of this target. Over achievement is recorded for this Quarter. Moreover, instead of doing initial  clearing which is more intense and requires more time, smaller areas were covered compared to follow-up areas. Doing follow-up clearing allowed for greater areas to be covered hence the over achievement of this target. Annual performance 107%.","Variable factors make it difficult to set targets accurately. The trend of the previous years are used to set the targets per Quarter.  Therefore, no corrective action is advised.","The PDO notes the over 
performance of the annual target",30000,32100,32100,Improvements in field conditions during the latter part of the year allowed more areas to be rehabilitated.,"Variable factors make it difficult to set targets accurately. The trend of previous years is considered when setting targets. Therefore, no corrective action is advised.",,,It is important to specify the actual performance that relate to the previous reporting period for transparent reporting.,,Noted,noted. ,None,168
"Agriculture, Forestry and Fisheries",Agriculture,Western Cape,Programme 2: Sustainable Resource Use and Management,Sub Programme 2.2: Land Care,Quarterly,Number of technical services rendered,Non-Standardized,Not  Applicable,"Priority 1: A Capable, Ethical and Developmental State",Create opportunities for growth and jobs,"The Economic Sectors, Employment and Infrastructure Development cluster",300,307,Within margin of control of target.,No corrective action,Data Accepted,300,304,More demand for services than anticipated.,Monitor progress for remainder of year.,Data Accepted,200,265,"M&E for flood works, not possible to anticipate when targets were set, resulted in more services rendered. ","No corrective action
",The PDO notes the overachievement of the target,300,305,Slight overachievement due to variable demand.,No corrective action,The PDO notes the over performance of the annual target,1100,1181,1181,Slight overachievement due to variable demand.,No corrective action.,,,"It is important to track the trend and demand changes for future realistic 
 target setting during the planning phase.",,,,,168
"Agriculture, Forestry and Fisheries",Agriculture,Western Cape,Programme 2: Sustainable Resource Use and Management,Sub Programme 2.3: Land Use Management,Annually,Number of agro-ecosystem management plans developed,Standardized,Not  Applicable,"Priority 5: Spatial Integration, Human Settlements and Local Government",-,"The Economic Sectors, Employment and Infrastructure Development cluster",,,,,,,,,,,,,,,,1,1,,,,1,1,1,No deviation,No corrective action,,,,,,,,168
"Agriculture, Forestry and Fisheries",Agriculture,Western Cape,Programme 2: Sustainable Resource Use and Management,Sub Programme 2.3: Land Use Management,Quarterly,Number of applications for subdivision and rezoning of agricultural land commented on,Non-Standardized,Not  Applicable,"Priority 5: Spatial Integration, Human Settlements and Local Government",Create opportunities for growth and jobs,"The Economic Sectors, Employment and Infrastructure Development cluster",165,157,"Due to complexity of applications and number of site visits required to provide inputs, achievement was slightly under the target.",Deviation to be addressed in remaining quarters.,The PDO notes the partial achievement of the target,165,199,"Many applications received and extra effort to address backlog from quarter 1. The support from the YPP, DEADP, and municipalities, and applicants assisted in achieving these targets. ",Monitor progress for remainder of year.,The PDO notes the overperformance of the target ,110,199,"More applications received than anticipated. Great effort, with support from YPP, DEADP and municipalities to address these applications.",Review targets for next year.,The PDO notes the overachievement of the target,160,172,"More applications received than anticipated. Great effort, with support from YPP, DEADP and municipalities to address these applications.",Review targets for next year.,The PDO notes the over performance of the annual target,600,727,727,"More applications received than anticipated. Great effort, with support from YPP, DEADP and municipalities to address these applications.",Review targets for next year.,,,It is important to specify the achievements that relate to previous reporting period for transparency.,,,,,168
"Agriculture, Forestry and Fisheries",Agriculture,Western Cape,Programme 2: Sustainable Resource Use and Management,Sub Programme 2.3: Land Use Management,Quarterly,Number of farm management plans developed,Standardized,Not  Applicable,"Priority 5: Spatial Integration, Human Settlements and Local Government",-,"The Economic Sectors, Employment and Infrastructure Development cluster",10,8,Heavy rainfall and flooding diverted resources. Resig-nation of technician also impacted progress. These issues were ad hoc and unpredictable.,Backlog will be addressed in remaining quarters.,"
The PDO notes the partial achievement of the target",10,11,Capacity was redirected to ensure the target is achieved.,No corrective action,Data Accepted,10,10,"No deviation
","No corrective action
",Data Accepted,10,12,"Two more plans developed than planned for the quarter, resulting in one more achieved than annual target. Annual performance 103% (41 vs 40 target)",No corrective action,Data Accepted,40,41,41,One more plan developed due to demand.,No corrective action.,,,Noted. ,,noted,noted. ,Noted.,168
"Agriculture, Forestry and Fisheries",Agriculture,Western Cape,Programme 2: Sustainable Resource Use and Management,Sub Programme 2.4: Disaster Risk Reduction,Quarterly,Number of awareness campaigns on disaster risk reduction conducted,Standardized,Not  Applicable,"Priority 5: Spatial Integration, Human Settlements and Local Government",-,"The Economic Sectors, Employment and Infrastructure Development cluster",1,1,No deviation,No corrective action,Data Accepted,1,1,No deviation,No corrective action,Data Accepted,1,1,"No deviation
","No corrective action
",Data Accepted,1,1,No deviation,No corrective action,Data Accepted,4,4,4,No deviation,No corrective action.,,,Performance target achieved as planned.,,None,noted.,None,168
"Agriculture, Forestry and Fisheries",Agriculture,Western Cape,Programme 2: Sustainable Resource Use and Management,Sub Programme 2.4: Disaster Risk Reduction,Quarterly,Number of surveys on uptake for early warning information conducted,Standardized,Not  Applicable,"Priority 5: Spatial Integration, Human Settlements and Local Government",-,"The Economic Sectors, Employment and Infrastructure Development cluster",1,1,No deviation,No corrective action,Data Accepted,0,0,No deviation,No corrective action,"""0"" Target noted",1,1,"No deviation
","No corrective action
",Data Accepted,0,0,No deviation,No corrective action,"""0"" target noted",2,2,2,No deviation,No corrective action.,,,N/A,,None,noted. ,None,168
"Agriculture, Forestry and Fisheries",Agriculture,Western Cape,Programme 3: Agricultural Producer Support and Development ,Sub Programme 3.1: Producer Support Services,Quarterly,Number of producers supported in the Citrus Commodity,Standardized,Not  Applicable,"Priority 5: Spatial Integration, Human Settlements and Local Government",-,"The Economic Sectors, Employment and Infrastructure Development cluster",0,0,None,None,"""0"" target noted",1,2,The target was exceeded as an additional project was recommended by commodity partners and DPAC. ,The prioritizing of projects for approval per quarter must be in line with the indicator schedule and must be taken into consideration when projects are recommended by CPACs and Commodity partners.,The PDO notes the overperformance of the Annual target,0,0,n/a,n/a,"""0"" target noted",0,0,N/A,N/A,"""0''Target noted",1,2,2,The target was exceeded as an additional project was recommended by commodity partners and DPAC. ,The prioritizing of projects for approval per quarter must be in line with the indicator schedule and must be taken into consideration when projects are recommended by CPACs and Commodity partners.,,2,Noted.,,None,n/a,None,168
"Agriculture, Forestry and Fisheries",Agriculture,Western Cape,Programme 3: Agricultural Producer Support and Development ,Sub Programme 3.1: Producer Support Services,Quarterly,Number of producers supported in the Grain Commodity,Standardized,Not  Applicable,"Priority 5: Spatial Integration, Human Settlements and Local Government",-,"The Economic Sectors, Employment and Infrastructure Development cluster",0,2,Target exceeded for the quarter based on advice and support from commodity partners as projects were funded earlier to meet the planting season.  ,The linking of project implementation with quarterly targets will be discussed with commodity partners and the internal Committees.,"""0"" Target noted",0,0,N/A,N/A,"""0"" Target noted",1,0,"The target met for year-to-date; 2 x Grain projects supported in Q1.
In line with the planting season.
",The linking of project implementation with quarterly targets will be discussed with CPACs.,"The PDO notes the Q3 target not met, however the Annual target has been met",1,0,"There was an underperformance reported for the quarter, but the annual target was met in previous quarters.",The linking of project implementation with quarterly targets will be discussed with CPACs.,"The PDO notes the Q4 target not 
achieved - Annual target achieved
",2,2,2,The target was achieved.,None,,2,N/A,,Activities should be reported in the quarter planned for to avoid audit inquiries,Annual target met,"It is noted that the annual target has already been met. However, the reason for deviation should clearly explain the factors that led to the underperformance in Q4",168
"Agriculture, Forestry and Fisheries",Agriculture,Western Cape,Programme 3: Agricultural Producer Support and Development ,Sub Programme 3.1: Producer Support Services,Quarterly,Number of producers supported in the Red Meat Commodity,Standardized,Not  Applicable,"Priority 5: Spatial Integration, Human Settlements and Local Government",-,"The Economic Sectors, Employment and Infrastructure Development cluster",4,0,"Target was not achieved, as the Ruminants CPAC did not provide approval to DALRRD hence the delay in scheduling the quarterly tranche payment.",Prioritizing projects for implementation per quarter must be in line with the DALRRD quarterly tranche payments.,"The PDO notes the non 
achievement of the target -Reason for Deviation and Corrective Action noted",3,7,The target was exceeded as an increased number of pro-jects were approved at the Ruminants CPAC due to the availability of grant tranche payments from national DALRRD.,"The prioritizing of projects for approval per quarter in line with the indicator schedule must be taken into consideration; however, there is no control over when tranche payments are received from National DALRRD.  ",The PDO notes the overperformance of the target,3,2,Quarterly target not achieved partly due to late allocation of funds.,CPAC prioritizing projects for approval per quarter in line with the indicator target must be taken into consideration.,The PDO notes target not achieved,0,1,"Due to the seasonality and activities on the farm, the project implementation was extended to Q4.",The linking of project implementation with quarterly targets will be discussed with CPACs.,"""0''Target noted",10,10,10,The target was achieved.,None,,10,"The Q2 performance is a recovery from the underperformance in Q1, positioning the province well to achieve the overall target. However it is important to specify the actual performance that relate to previous reporting period.",,Noted,The province can still catchup with the one project in Q4 to achieve the annual target. ,The reason provided for the deviation is not sufficiently detailed. A more thorough explanation is required to understand which specific seasonal factors affected timelines and how they impacted implementation. This clarity is important for assessing planning adequacy and identifying measures to prevent future delays.,168
"Agriculture, Forestry and Fisheries",Agriculture,Western Cape,Programme 3: Agricultural Producer Support and Development ,Sub Programme 3.2: Extension and Advisory Services,Quarterly,Number of agricultural business skills audited,Non-Standardized,Not  Applicable,Priority 2: Economic Transformation And Job Creation,Create opportunities for growth and jobs,"The Economic Sectors, Employment and Infrastructure Development cluster",10,11,The target was exceeded as farmers requested more skills audits to receive training.,The programme will advise Extension Practitioners to work according to their quarterly targets.,Data Accepted,15,15,The target was achieved.,No corrective action is required.,Data Accepted,15,16,The target was exceeded as farmers requested more skills audits to receive training.,The programme management will advise Extension Practitioners to work according to their quarterly targets.,The PDO notes the overachievement of the target,10,10,The target was achieved.,N/A,Data Accepted,50,52,52,The target was exceeded as farmers requested more skills audits to receive training.,The programme management will advise Extension Practitioners to work according to their quarterly targets.,,52,,,,,,168
"Agriculture, Forestry and Fisheries",Agriculture,Western Cape,Programme 3: Agricultural Producer Support and Development ,Sub Programme 3.2: Extension and Advisory Services,Quarterly,Number of farmers days' held,Non-Standardized,Not  Applicable,Priority 2: Economic Transformation And Job Creation,Create opportunities for growth and jobs,"The Economic Sectors, Employment and Infrastructure Development cluster",5,7,Several funding institutions inclusive of Municipalities are now supporting rural communities with food security initiatives and then requesting the Department for skills and knowledge transfer interventions.,The programme will advise Extension Practitioners to work according to their quarterly targets.,Data Accepted,7,7,The target was achieved.,No corrective action is required.,Data Accepted,7,11,"Several funding institutions, including Municipalities, commodity partners, and NGOs are concerned about the current threats, i.e. food & mouth disease, avian flu, etc., therefore supporting the department with several capacity-building initiatives for rural communities.","The programme management will advise Extension Practitioners, commodity partners, municipalities, and NGOs to not exceed quarterly targets.








","The PDO notes the overachievement of the target- Annual target met. Kindly review Annual target for 2025/26 FY
",5,3,"The target was not achieved, but the annual target had been achieved as more Farmer’s Days were held in the previous quarters.",The annual target was exceeded.,"The PDO notes the underachievement of the Q4 target, however the annual target was met.",24,28,28,"Several funding institutions, including Municipalities, commodity partners and NGOs are concerned about the current threats, i.e. food & mouth disease, avian flu, etc., therefore supporting the department with several capacity-building initiatives for rural communities.","The programme management will advise Extension Practitioners, commodity partners, municipalities and NGOs to not exceed quarterly targets.








",,28,,,,,,168
"Agriculture, Forestry and Fisheries",Agriculture,Western Cape,Programme 3: Agricultural Producer Support and Development ,Sub Programme 3.2: Extension and Advisory Services,Quarterly,Number of farmers supported with advice,Non-Standardized,Not  Applicable,Priority 2: Economic Transformation And Job Creation,Create opportunities for growth and jobs,"The Economic Sectors, Employment and Infrastructure Development cluster",1100,1105,The target exceeded farmers requesting more advice on handling current climate change challenges.,Site visits will have to be aligned with planned quarterly targets.,Data Accepted,1100,1132,The target was exceeded be-cause farmers requested more advice on handling current climate change challenges.  ,Site visits will have to be aligned with planned quarterly targets.,The PDO notes the overperformance of the target.,700,894,The target was exceeded because farmers requested more advice on handling current climate change challenges.  ,Site visits will have to be aligned with planned quarterly targets.,The PDO notes the overachievement of the target.,700,870,The target was exceeded because farmers requested more advice on handling current climate change challenges.  ,Site visits will have to be aligned with planned quarterly targets.,The PDO notes the overachievement of the target,3600,4001,4001,The target was exceeded because farmers requested more advice on handling current climate change challenges.  ,Site visits will have to be aligned with planned quarterly targets.,,4001,,,,,,168
"Agriculture, Forestry and Fisheries",Agriculture,Western Cape,Programme 3: Agricultural Producer Support and Development ,Sub Programme 3.3:  Food Security,Annually,Number of food security awareness campaigns held,Non-Standardized,Not  Applicable,Priority 2: Economic Transformation And Job Creation,Create opportunities for growth and jobs,"The Economic Sectors, Employment and Infrastructure Development cluster",,,,,,,,,,,1,1,,,,,,,,,1,1,1,The target was achieved.,No corrective action required.,,1,,,,,,168
"Agriculture, Forestry and Fisheries",Agriculture,Western Cape,Programme 3: Agricultural Producer Support and Development ,Sub Programme 3.3: Food Security,Quarterly,Number of households supported with agricultural food production initiatives,Non-Standardized,Not  Applicable,Priority 2: Economic Transformation And Job Creation,Create opportunities for growth and jobs,"The Economic Sectors, Employment and Infrastructure Development cluster",500,759,"Due to the increased demand for food security support and support from social partners, more household projects were considered. ",Engagement with commodity partners and Food Security Manager to link project approvals to quarterly targets.,"The PDO notes the overachievement of the target, as well as the Reason for Deviation",750,827,"Due to increased pressure for demand for food security support, more resources were allocated and more household projects were approved. ","The prioritizing of projects for approval per quarter in line with the Indicator schedule must be taken into consideration; however, there is no control over when tranche payments are received from DALRRD. ",The PDO notes the overperformance of the target.,750,865,"The target was exceeded due to additional funds and bulk procurement by the implementing partner, which resulted in a substantial amount of savings and therefore more ‘projects could be supported to meet demand.","FS CPAC will be sensitised to approve projects in line with the yearly target, however, demand going forward may lead to an increase in the annual target.","The PDO notes the overachievement of the target, as well as the Corrective Action. -Annual target met",500,660,"With a greater need for food, more projects were supported. ",Align implementation with targets.,The PDO notes the over achievement of the Q4 target. ,2500,3111,3111,"Due to increased demand for more support, more requests were considered for support.",Align projects with pre-determined targets.,,3111,It is important to  track changes in demand for realistic target setting and resource allocation during the planning phase.,,,,,168
"Agriculture, Forestry and Fisheries",Agriculture,Western Cape,Programme 3: Agricultural Producer Support and Development ,Sub Programme 3.3: Food Security,Quarterly,Number of school food gardens supported with production inputs,Non-Standardized,Not  Applicable,Priority 2: Economic Transformation And Job Creation,Create opportunities for growth and jobs,"The Economic Sectors, Employment and Infrastructure Development cluster",4,6,"Due to the increased demand for food security support and support from social partners, more projects were considered. ",Engagement with commodity partners and Food Security Manager to link project approvals to quarterly targets.,Data Accepted,6,15,"Due to increased pressure for demand for food security support, more resources were allocated and more projects were approved.","The prioritizing of projects for approval per quarter in line with the Indicator schedule must be taken into consideration; however, there is no control over when tranche payments are received from National DALRRD. ","The PDO notes the 
overperformance of the target - Annual target met.",6,8,"The target was exceeded due to additional funds and bulk procurement by the implementing partner, which resulted in a substantial amount of savings and therefore more school projects could be supported to meet demand.","FS CPAC will be sensitised to approve projects in line with the yearly target, however, demand going forward may lead to an increase in the annual target.


",The PDO notes the overachievement of the target,4,7,"With a greater need for food, more projects were supported. ",Align implementation with targets.,The PDO notes the over achievement of the Q4 target. ,20,36,36,"Due to increased demand for more support, more requests were considered for support.",Align projects with pre-determined targets.,,36,It is important to  track changes in demand for realistic target setting during the planning phase.,,,,,168
"Agriculture, Forestry and Fisheries",Agriculture,Western Cape,Programme 3: Agricultural Producer Support and Development ,Sub Programme 3.3: Food Security,Quarterly,Number of smallholder producers supported,Standardized,Not  Applicable,"Priority 5: Spatial Integration, Human Settlements and Local Government",-,"The Economic Sectors, Employment and Infrastructure Development cluster",5,7,"Target exceeded, as an increased number of projects were approved with support from commodity partners due to early rains so that farmers could meet the early planting season. ",Engagement with commodity partners and Food Security Manager to link project approvals to quarterly targets.,Data Accepted,10,21,The target was exceeded as an increased number of projects were approved at the CPACs due to the availability of grant tranche payments from national DALRRD.,"The prioritizing of projects for approval per quarter in line with the indicator schedule must be taken into consideration; however, there is no control over when tranche payments are received from National DALRRD.  ",The PDO notes the overperformance of the target.,10,7,"The target was not achieved, however, due to additional funds, more projects were approved in previous quarters and therefore overachieved the YTD target. ",CPACs will be sensitised to approve projects that are in line with yearly targets.,"The PDO notes the underachievement of the Q3 target, however the Annual target has been met",4,1,"Target not met . However, more projects were implemented in the previous quarters and this balanced the annual target requirement",Align implementation with targets.,"The PDO notes the underachievement of the Q4 target, however the annual target was met.",29,36,36,"Due to increased demand for more support, more requests were considered for support.",Align projects with pre-determined targets.,,36,t is important to  track changes in demand for realistic target setting and resource allocation during the planning phase.,,Noted,Annual target already exceeded by 21%. ,"It is noted that the annual target has already been met. However, the reason for deviation should clearly explain the factors that led to the underperformance in Q4",168
"Agriculture, Forestry and Fisheries",Agriculture,Western Cape,Programme 3: Agricultural Producer Support and Development ,Sub Programme 3.3: Food Security,Quarterly,Number of subsistence producers supported,Standardized,Not  Applicable,"Priority 5: Spatial Integration, Human Settlements and Local Government",-,"The Economic Sectors, Employment and Infrastructure Development cluster",12,31,"Due to the increased demand for food security support and support from social partners, more projects were considered.",Engagement with commodity partners and Food Security Manager to link project approvals to quarterly targets.,"The PDO notes the
overachievement of the target, The PDO notes the partial achievement of the target",20,55,"The target was exceeded as an increased number of projects were approved at the CPACs due to the availability of grant tranche payments from national DALRRD,","The prioritizing of projects for approval per quarter in line with the Indicator schedule must be taken into consideration; however, there is no control over when tranche payments are received from National DALRRD. ","The PDO notes the 
overperformance of the target- Annual target met.",20,22,"The target was exceeded due to additional funds and bulk procurement by the implementing partner, which resulted in a substantial amount of savings and therefore more ‘projects could be supported to meet demand.","FS CPAC will be sensitised to approve projects in line with the yearly target, however, demand going forward may lead to an increase in the annual target.  ",The PDO notes the overachievement of the target,8,18,"With a greater need for food, more projects were supported. ",Align implementation with targets.,The PDO notes the over achievement of the Q4 target. ,60,126,126,"Due to increased demand for more support, more requests were considered for support. ",Align projects with pre-determined targets.,,126,Noted,,noted,"Annual target has to date been exceeded by 80%. While it is commendable that the province effectively leveraged these additional resources to deliver impactful results. Moving forward, it will be important to assess the sustainability of this performance and documenting best practices and lessons learned from this experience which could benefit future planning and collaboration with partners.",None,168
"Agriculture, Forestry and Fisheries",Agriculture,Western Cape,Programme 3: Agricultural Producer Support and Development ,Sub Programme 3.4:  Casidra SOC Ltd,Annually,The day to day management of the provincial state farms with a view towards breaking even,Non-Standardized,Not  Applicable,Priority 2: Economic Transformation And Job Creation,Create opportunities for growth and jobs,"The Economic Sectors, Employment and Infrastructure Development cluster",,,,,,,,,,,,,,,,2,2,,,,2,2,2,None ,Target achieved.,,2,,,,,,168
"Agriculture, Forestry and Fisheries",Agriculture,Western Cape,Programme 3: Agricultural Producer Support and Development ,Sub Programme 3.4:  Casidra SOC Ltd,Quarterly,Number of agricultural projects facilitated within commodity structures,Non-Standardized,Not  Applicable,Priority 2: Economic Transformation And Job Creation,Create opportunities for growth and jobs,"The Economic Sectors, Employment and Infrastructure Development cluster",22,4,Target not achieved due to the delay in tranche payment from DALRRD.,To increase support once funding is available.,"The PDO notes the underachievement of the target, as well as the Reason for Deviation and Corrective Action required.",8,19,The target was exceeded as grant funding from DALRRD was mainly received and transferred in the second quarter and therefore project implementation could only start in the Q2.  ,"The prioritizing of projects for approval per quarter in line with the indicator schedule must be taken into consideration; however, there is no control over when tranche payments are received from National DALRRD.",The PDO notes the overperformance of the target.,2,4,The target was exceeded as an increased number of projects were approved at the CPACs due to the availability of grant tranche payments from DALRRD.,The prioritizing of projects for approval per quarter in line with the indicator schedule must be taken into consideration and the seasonality of the sector.,The PDO notes the overachievement of the target,0,3,Overachieved in Q4. But the overall annual target was not achieved due to the shifting of one project from the commodity list and one project being delayed due to developments impacting the deliverables. ,Prioritizing projects for approval per quarter to align with the approved indicator schedule and tranche payments.,"""0"" target noted",32,30,30,"One project was issued late in Quarter 4 after the reporting due date, and another project was mis-calculated in Q2 but has been added in Q4.",None,,32,"Noted, however, it is important to specify the performance that relate  to previous reporting period for transparent reporting.",,,,,168
"Agriculture, Forestry and Fisheries",Agriculture,Western Cape,Programme 4:  Veterinary Services,Sub Programme 4.1:	Animal Health,Quarterly,Number of cats and dogs vaccinated against Rabies,Non-Standardized,Not  Applicable,Priority 2: Economic Transformation And Job Creation,Improve education outcomes and opportunities for youth development ,"The Economic Sectors, Employment and Infrastructure Development cluster",25000,37334,There were two rabies outbreaks incidences in Murraysburg and one in Capri. This resulted to in-creased levels of vaccination for pets  ,No corrective actions ap-plied as actions emanate from legislative veterinary mandate and human population at risk,"The PDO notes the overachievement of 
the target",25000,44613,"Spillover over Wild Rabies to domestic animals and aquatic animals called for more extensive rabies vaccination. There was also a World Veterinary week hosted by WCDoA which called for increased vaccinations of pets. Rabies can be transmitted from pets to people, and it is necessary that we increase vaccinations when the risk is high.   ",No corrective actions applied as actions emanate from legislative veterinary mandate and human population at risk,The PDO notes the overperformance of the target - Annual target met.,15000,26955,The ongoing outbreaks in the neighboring provinces called for more increased Rabies Awareness vaccinations. ,No corrective actions applied  as actions emanate from legislative veterinary mandate and human population at risk,"The PDO notes the overachievement of the Q3 target -  we also note the Target has 
been adjusted for the 2025/26 FY",15000,31406,Increased rabies aware-ness vaccinations continue to achieve a higher rabies immune dog population in Western Cape. ,No corrective actions applied as actions emanate from legislative veterinary mandate and human population at risk,The PDO notes the overachievement of the Q4 target. ,80000,140308,141831,Increased rabies awareness and  vaccinations interventions with in-creased risk of rabies prevalence. The difference between the aggregate output and pre-audit output is due to reports which were verified outside of the reporting period. ,No corrective actions applied as actions emanate from legislative veterinary mandate and human population at risk,,,"Noted, however, it is important to  track changes in demand for realistic target setting and resource allocation during the planning phase.",,,,,168
"Agriculture, Forestry and Fisheries",Agriculture,Western Cape,Programme 4:  Veterinary Services,Sub Programme 4.1:	Animal Health,Quarterly,Number of samples collected for targeted animal disease surveillance,Standardized,Not  Applicable,"Priority 5: Spatial Integration, Human Settlements and Local Government",-,"The Economic Sectors, Employment and Infrastructure Development cluster",4500,9240,More sampling of birds either for movement or slaughter purpose resulted to increased number of samples being collected,No corrective actions applied as active disease surveillance had to be done ,The PDO notes the overachievement of the target,3500,8878,There was a need for Intensified surveillance in ostriches for purposes of lifting the quarantine  ,No corrective actions applied as active dis-ease surveil-lance had to be done ,The PDO notes the overperformance of the target - Annual target met.,3500,19202,Over performance due to increased surveillance of farms which were positive for LPAI on or-der to qualify for export again.,No corrective actions applied as active dis-ease surveil-lance had to be done.,The PDO notes the overachievement of the Q3 target - we also note the Target has been adjusted for the 2025/26 FY,3500,14199,We continue to heighten our surveillance in and around farms exporting ostrich meat due to the ongoing threat of Avian Influenza   ,No corrective actions applied as active disease surveillance had to be done ,The PDO notes the overachievement of the Q4 target. ,15000,51519,51789,Need for increase in testing of ostriches and elevated demands  / requirement from farms that are exporting. The difference between the aggregate output and pre-audit output is due to reports which were verified outside of the reporting period.,No corrective actions applied as active disease surveillance had to be done.,,,Noted.,,noted,"The indicator significantly surpassed the annual target, achieving 148% by Quarter 3. For the 2023/24 period, it exceeded expectations even further, reaching 249% of the target. This substantial overperformance underscores the need to analyse past trends thoroughly to inform and enhance future planning, ensuring targets are set more accurately and resources are allocated effectively. ",None,168
"Agriculture, Forestry and Fisheries",Agriculture,Western Cape,Programme 4:  Veterinary Services,Sub Programme 4.1:	Animal Health,Quarterly,Number of visits to epidemiological units for veterinary interventions,Standardized,Not  Applicable,"Priority 5: Spatial Integration, Human Settlements and Local Government",-,"The Economic Sectors, Employment and Infrastructure Development cluster",2250,3212,There has been increase in farm visits for aware-ness  raising due to on-going FMD outbreaks in the country and specifically Eastern Cape  ,No corrective actions ap-plied as actions emanate from legislative veterinary mandate and requirements,The PDO notes the overachievement of the target,2250,3314,Coupled with heightened surveillance for AI there is a need for routine farm visits and follow up for continued awareness on FMD and other continued controlled animal disease outbreaks and follow up epidemiological disease surveillance  ,No corrective actions applied as actions emanate from legislative veterinary mandate and requirements,The PDO notes the overperformance of the target,2250,3101,"Routine farm visits and follow up on controlled animal disease outbreaks for epidemiological investigations especially farms that are positive for LPAI.
",No corrective actions applied  as actions emanate from legislative veterinary mandate and requirements.,"The PDO notes the overachievement of the Q3 target -  we also note the 
Target has been adjusted for the 2025/26 FY",2250,3310,Routine farm visits and follow up on controlled animal disease outbreaks for epidemiological investigations  ,No corrective actions applied as actions emanate from legislative veterinary mandate and requirements,The PDO notes the overachievement of the Q4 target. ,9000,12937,13044,The indicator is informed by the need for monitoring and surveillance and outbreak response.The difference between the aggregate output and pre-audit output is due to reports which were verified outside of the reporting period,No corrective actions applied as actions emanate from legislative veterinary mandate and requirements,,,"Noted, however, it is important to  track changes in demand for realistic target setting and resource allocation during the planning phase.",,Noted,noted. ,None,168
"Agriculture, Forestry and Fisheries",Agriculture,Western Cape,Programme 4:  Veterinary Services,Sub Programme 4.2: Veterinary International Trade Facilitation,Quarterly,Number  of export establishment audits conducted,Non-Standardized,Not  Applicable,Priority 2: Economic Transformation And Job Creation,VIP 2: Growth and Jobs,"The Economic Sectors, Employment and Infrastructure Development cluster",40,38,Demand driven. Requests received   fell short of  anticipated demand. ,No corrective action.,Target not met - Reason for Deviation noted,25,40,Increase in demand and capacity was increased by using an external service provider to assist.,No corrective action,The PDO notes the overperformance of the target,35,51,There was an increase in demand. Capacity was also increased by using an external service provider to assist. ,No corrective action.,"The PDO notes the 
overachievement of the Q3 target. ",30,45,"Increase in 
demand for auditing services and 
increase in 
uptake of 
electronic 
certificates. ",Increased demands noted and monitored. This will assist with baseline determination and forecasting. ,The PDO notes the overachievement of the Q4 target. ,130,174,182,Increase in demand for services and in-crease in complexity of import requirements leading to more locations that needed to be audited.,No corrective action.,,,"Noted, however, it is important to  track changes in demand for realistic target setting and resource allocation during the planning phase.",,,,,168
"Agriculture, Forestry and Fisheries",Agriculture,Western Cape,Programme 4:  Veterinary Services,Sub Programme 4.2: Veterinary International Trade Facilitation,Quarterly,Number of veterinary certificates issued for export facilitation,Standardized,Not  Applicable,"Priority 5: Spatial Integration, Human Settlements and Local Government",-,"The Economic Sectors, Employment and Infrastructure Development cluster",3000,3257,"Demand driven, demand ex-ceeded expec-tation.",No corrective action.,The PDO notes the overachievement of the target,3500,4828,There had been increase in demand and increase in uptake of electronic certificates ,No corrective action as this is a demand driven activity,The PDO notes the overperformance of the target,4000,4706,The target was exceeded due to increase in demand and increase in uptake of electronic certificates,No corrective action.,The PDO notes the overachievement of the Q3 target - we also note the Target has been adjusted for the 2025/26 FY,2000,5124,"increase in 
demand and 
increase in 
uptake of 
electronic 
certificates. The 
control of dairy 
due to FMD 
increase the 
number of 
movement 
certificates 
significantly","ncrease in 
demand and 
increase in 
uptake of 
electronic 
certificates. The 
control of dairy 
due to FMD 
increase the 
number of 
movement 
certificates 
significantly",The PDO notes the overachievement of the Q4 target. ,12500,17915,19203,Increase in demand for services particularly from the Middle East,No corrective action.,,,"Noted, however, it is important to  track changes in demand for realistic target setting and resource allocation during the planning phase.",,None,noted. ,None,168
"Agriculture, Forestry and Fisheries",Agriculture,Western Cape,Programme 4:  Veterinary Services,Sub Programme 4.3: Veterinary Public Health,Quarterly,Number of inspections conducted on facilities producing meat,Standardized,Not  Applicable,"Priority 5: Spatial Integration, Human Settlements and Local Government",-,"The Economic Sectors, Employment and Infrastructure Development cluster",130,124,"This is regulatory 
function and, is in principle
demand-driven.
Requests received fell shorter, than the anticipated demand.
",No corrective action,Target not met - Reason for Deviation noted,130,147,The target has been exceeded due to the nature of work (regulatory function) which in principle is demand driven  ,No Corrective action. This is a regulatory function.,The PDO notes the overperformance of the target,90,154,The target has been exceeded due to the nature of work (regulatory function) which is in principle demand driven.,No corrective action.,The PDO notes the overachievement of the Q3 target - we also note the Target has been adjusted for the 2025/26 FY,130,158,The target has been exceeded as more requests for services were received than forecasted.,"This is a demand driven activities, therefore no corrective action.
",The PDO notes the overachievement of the Q4 target. ,480,583,583,This is a demand driven service.,No corrective action.,,,,,Noted,performance on track to achieving the annual target.,None,168
"Agriculture, Forestry and Fisheries",Agriculture,Western Cape,Programme 4:  Veterinary Services,Sub Programme 4.4: Veterinary Diagnostics Services,Quarterly,Number of laboratory tests performed according to approved standards,Standardized,Not  Applicable,"Priority 5: Spatial Integration, Human Settlements and Local Government",-,"The Economic Sectors, Employment and Infrastructure Development cluster",30000,52254,The services pro-vided by the laboratory are demand driven and all samples received were tested within turnaround time.,"This  is a demand-driven, however in our next planning cycle, targets will be aligned. to prevailing condition. ",The PDO notes the overachievement of the target - Reason for Deviation and Corrective action noted.,60000,58346,The services provided by the laboratory are demand driven and all samples received were tested within turnaround time.,No corrective action. The services provided by the laboratory are demand driven and all samples received were tested within turnaround time.    ,Data Accepted,35000,64600,The services provided by the laboratory are demand driven and all samples received were tested within turnaround time.,No corrective action. ,The PDO notes the overachievement of the Q3 target - we also note the Target has been adjusted for the 2025/26 FY,25000,84525,The services provided by the laboratory are demand driven and more submissions received than anticipated. All samples received were tested within turnaround time.,This is a demand drive service. Therefore there is no corrective action.,The PDO notes the over performance of the Q4 target,150000,259725,259452,"Following the closure of the laboratory in 2023/2024 for renovation, the uptake of especially Bovine brucellosis testing requests from clients out-side the province was an unknown at the time of setting targets, especially taking into account that other provincial laboratories obtained ac-accreditation for the test during this time and clients could then have brucellosis samples tested for free in their home province. The difference between aggregate and pre-audit output is due to a typo error in Quarter 4, reported as 84525 instead of 84252.","This is a demand drive service. Therefore, there is no corrective action.",,,Noted.,,Noted,noted.,None,168
"Agriculture, Forestry and Fisheries",Agriculture,Western Cape,Programme 4:  Veterinary Services,Sub Programme 4.4: Veterinary Diagnostics Services,Quarterly,Total number of veterinary public health samples tested ,Non-Standardized,Not  Applicable,"Priority 3: Education, Skills And Health","Increase wellness, safety and tackle social ills","The Social Protection, Community and Human Development cluster",50,136,The services pro-vided by the laboratory are demand driven and all samples received were tested within turnaround time.,"This  is a de-mand-driven, however in our next planning cycle, targets will be aligned to prevailing condition.",The PDO notes the overachievement of the target - Reason for Deviation and Corrective action noted.,100,408,Targets were set using histor-ical submission figures.  The sub-programme 4.3: Veteri-nary Public Health imple-mented increased sampling at local and export abattoirs which was unknown at the time of target setting and this contributed towards the over achievement during the report period.,No corrective action. The services provided by the laboratory are demand driven and all samples received were tested within turnaround time.,The PDO notes the overperformance of the target - Annual target met.,50,219,The services provided by the laboratory are demand driven and all samples received were tested within turnaround time.,No corrective action.,"The PDO notes the 
overachievement of the Q3 target - Annual target has been met - Kindly review the target  for the 2025/26 FY
",50,355,Targets were set using historical submission figures.  Programme 4.3 (VPH) implemented increased sampling at local and export abattoirs which was unknown at the time of target setting and this contributed towards the over achievement during the report period.,This is a demand drive service. Therefore there is no corrective action.,The PDO notes the over performance of the Q4 target,250,1118,1118,"The services provided by the laboratory are demand driven and all samples received were tested within turnaround time.

Targets were set using historical submission figures.  Subpro-gramme 4.3 (VPH) implemented in-creased sampling at local and export abattoirs which was unknown at the time of tar-get setting and this contributed towards the overachievement during the report period.
","This is a demand drive service. Therefore, there is no corrective action.",,,Noted.,,,,,168
"Agriculture, Forestry and Fisheries",Agriculture,Western Cape,Programme 4:  Veterinary Services,Sub Programme 4.5: Veterinary Technical Support Services,Quarterly,Number of Performing Animals Protection Act (PAPA) registration licences issued,Standardized,Not  Applicable,"Priority 5: Spatial Integration, Human Settlements and Local Government",-,"The Economic Sectors, Employment and Infrastructure Development cluster",40,44,PAPA licenses are distributed unevenly throughout the year. These de-pend on renewal of registrations and requests for new registrations.,No corrective actions applied as application for a PAPA license is done on request by facilities requiring a license to keep performing animals.,Data Accepted - ,40,76,This is an indication of in-creased willingness of companies to comply with PAPA  ,No corrective actions applied as application for a PAPA licence is done on request by facilities requiring a licence to keep performing animals.,The PDO notes the overperformance of the target,30,106,"This is a demand driven indicator, and more companies are starting to be compliant with PAPA requirements. An awareness campaign was conducted prior to the shooting and summer season",No corrective actions applied as APA license is done on application re-quest by facilities requiring a licence to keep performing animals.,The PDO notes the overachievement of the Q3 target - we also note the Target has been adjusted for the 2025/26 FY,30,62,More companies are starting to be compliant with PAPA as companies that are already registered are flagging and reporting their unregistered competitors ,No corrective actions applied as application for a PAPA licence is done on request by facilities requiring a licence to keep performing animals.,The PDO notes the over performance of the Q4 target,140,288,288,Increased compliance and demand for services within industries affected by PAPA.,No corrective actions applied as application for a PAPA licence is done on request by facilities requiring a licence to keep performing animals.,,,"Noted, however, it is important to  track changes in demand for realistic target setting and resource allocation during the planning phase.",,None,noted. ,None,168
"Agriculture, Forestry and Fisheries",Agriculture,Western Cape,Programme 4:  Veterinary Services,Veterinary Public Health,Annually,Average percentage of compliance of all operating abattoirs in the Province to the meat safety legislation,Non-Standardized,Not  Applicable,Priority 2: Economic Transformation And Job Creation,Create opportunities for growth and jobs,"The Economic Sectors, Employment and Infrastructure Development cluster",,,,,,,,,,,,,,,,75 %,86 %,,,,75 %,86 %,86,"Average
percentage of 86%
compliance of 
abattoirs audited 
for reporting 
cycle. Increase is indicative of improving adherence to Meat Safety Act measures",No corrective action,,,,,,,,168
"Agriculture, Forestry and Fisheries",Agriculture,Western Cape,Programme 5:	Research and Technology Development Services,Sub Programme 5.1: Agricultural Research,Annually,Number of research projects implemented to improve agricultural production,Standardized,Not  Applicable,"Priority 5: Spatial Integration, Human Settlements and Local Government",-,"The Economic Sectors, Employment and Infrastructure Development cluster",,,,,,,,,,,,,,,,63,84,,,,63,84,84,"Higher number of research projects in response to indus-try needs and seeking solutions, 
whilst
several
post-graduate
student projects
were also
approved
",None,,84,,,,,,168
"Agriculture, Forestry and Fisheries",Agriculture,Western Cape,Programme 5:	Research and Technology Development Services,Sub Programme 5.1: Agricultural Research,Quarterly,Number of SmartAgri newsletters published,Non-Standardized,Not  Applicable,"Priority 1: A Capable, Ethical and Developmental State",VIP 5: Innovation and Culture,"The Economic Sectors, Employment and Infrastructure Development cluster",1,1,Target achieved,None,Data Accepted,1,1,N/A,None,Data Accepted,1,1,None,None,Data Accepted,1,1,n/a,None,Data Accepted,4,4,4,n/a,None,,4,Performance target achieved as planned.,,,,,168
"Agriculture, Forestry and Fisheries",Agriculture,Western Cape,Programme 5:	Research and Technology Development Services,Sub Programme 5.2: Technology Transfer Services,Annually,Number of new technologies developed for the smallholder producers,Standardized,Not  Applicable,"Priority 5: Spatial Integration, Human Settlements and Local Government",-,"The Economic Sectors, Employment and Infrastructure Development cluster",,,,,,,,,,,,,,,,2,2,,,,2,2,2,n/a,None,,2,,,,,,168
"Agriculture, Forestry and Fisheries",Agriculture,Western Cape,Programme 5:	Research and Technology Development Services,Sub Programme 5.2: Technology Transfer Services,Annually,Number of scientific papers published,Standardized,Not  Applicable,"Priority 5: Spatial Integration, Human Settlements and Local Government",-,"The Economic Sectors, Employment and Infrastructure Development cluster",,,,,,,,,,,,,,,,20,19,,,,20,19,19,"The target was not achieved as two senior researchers left the department due to ill health and retirement, respectively. The capacity to publish was therefore hampered. The exact number is
furthermore difficult to
predict due to
the process
involved in
scientific
publication
and the time
required for an
article to be
approved
nationally or
internationally.
Only
published
papers are
counted and
not papers
submitted for
consideration
for publishing.
",None,,19,,,,,,168
"Agriculture, Forestry and Fisheries",Agriculture,Western Cape,Programme 5:	Research and Technology Development Services,Sub Programme 5.2: Technology Transfer Services,Annually,Number of web portals maintained,Non-Standardized,Not  Applicable,"Priority 1: A Capable, Ethical and Developmental State",VIP 5: Innovation and Culture,"The Economic Sectors, Employment and Infrastructure Development cluster",,,,,,,,,,,,,,,,3,3,,,,3,3,3,n/a,None,,3,,,,,,168
"Agriculture, Forestry and Fisheries",Agriculture,Western Cape,Programme 5:	Research and Technology Development Services,Sub Programme 5.2: Technology Transfer Services,Quarterly,Number of articles and radio broadcasts in popular media,Non-Standardized,Not  Applicable,"Priority 1: A Capable, Ethical and Developmental State",VIP 5: Innovation and Culture,"The Economic Sectors, Employment and Infrastructure Development cluster",20,17,Target not reached due to capacity constraints during the quarter de-creasing time for articles to be written for pub-lication.,"None at this point as it is expected that the deficit will be eliminated during the remaining quarters ensuring the achievement of the annual target of 80
","The PDO notes that the target was not achieved - Reason for Deviation and Corrective action 
noted.",20,50,"During the quarter, correlated with more technology transfer events being attended and presented, external re-quests to publish in popular media have also increased and we re-sponded to the increase in external demand.  This demand is expected to decrease during the remaining quarters",None,The PDO notes the overperformance of the target,20,25,"During the quarter, correlated with more technology transfer events being attended and presented, external requests to publish in popular media and do radio talks have also increased and we responded to the increase in external demand.  ",None,The PDO notes the overachievement of the Q3 target - we also note the Target has been adjusted for the 2025/26 FY,20,15,"The indicator is partially demand driven, especially radio broadcasts where broadcast is done as event occur or information become available. Popular articles are writ-ten as the latest information becomes available and cannot be precisely planned. Furthermore, two senior scientists left which resulted in capacity constraints to deliver on this target","None, as radio broadcasts are made as events occur or information become available for dissemination and popular articles written as latest information becomes available and cannot be precisely planned","The PDO notes the under performance of the Q4 target, however the annual target has been met.
",80,107,107,"The indicator is partially demand driven, especially radio broadcasts where broadcast is done as event occur or information become available. Popular articles are written as the latest information becomes available and cannot be precisely planned",None,,107,"Noted, however, it is important to  track changes in demand for realistic target setting and resource allocation during the planning phase.",,,,,168
"Agriculture, Forestry and Fisheries",Agriculture,Western Cape,Programme 5:	Research and Technology Development Services,Sub Programme 5.2: Technology Transfer Services,Quarterly,Number of information packs developed,Non-Standardized,Not  Applicable,"Priority 1: A Capable, Ethical and Developmental State",VIP 5: Innovation and Culture,"The Economic Sectors, Employment and Infrastructure Development cluster",3,5,Target exceeded due to industry demand,None at this stage as industry requests cannot be pre-empted accurately,Data Accepted,5,8,"This number increased due to information packs developed for the information days and technology  transfer events, where the number has also increased","None, this will normalize in the next quarters",The PDO notes the overperformance of the target - Annual target met.,2,6,"This number increased due to additional information packs developed for the information days and technology transfer events attended or presented, where the number has also increased.",None,"The PDO notes the
overachievement of the Q3 target - Annual target met",2,4,"Information packs are
published to
respond to the
challenges and
demands of the
industry
",None,The PDO notes the over performance of the Q4 target,12,23,23,"Information packs are published to respond to the challenges and demands of the
Industry and is also often linked to information days

",None,,23,"Noted, however, it is important to  track changes in demand for realistic target setting and resource allocation during the planning phase.",,,,,168
"Agriculture, Forestry and Fisheries",Agriculture,Western Cape,Programme 5:	Research and Technology Development Services,Sub Programme 5.2: Technology Transfer Services,Quarterly,Number of research presentations made at peer reviewed events,Standardized,Not  Applicable,"Priority 5: Spatial Integration, Human Settlements and Local Government",-,"The Economic Sectors, Employment and Infrastructure Development cluster",5,2,Target not achieved for the quarter as some domestic subject matter conferences were scheduled for the second quarter rather than the first quarter and staff members will be attending a number of conferences overseas during the second quarter.,None at this stage as the annual total of 25 is expected to be achieved (Q2 will over perform due to more events during that quarter),The PDO notes that the target was not achieved - Reason for Deviation and Corrective action noted.,5,37,"As stated in the deviation report for Q1,  almost all of the scientific congresses were held during this quarter. Also some overseas congresses were attended during this time where scientists were accepted to present, leading to more and unexpected outputs.  ",None.  The most important aspect of research is to be able to expose research results to peer review and at events when they are presented,The PDO notes the overperformance of the target - Annual target met.,5,7,"During this quarter, presentations were accepted for congresses leading to more than planned output against set target.",None.  The most important aspect of research is to be able to present research results to peer review and at events when they are presented.,The PDO notes the overachievement of the Q3 target - we also note the Target has been adjusted for the 2025/26 FY,10,13,The target was exceeded as the available data warranted more scientific output than planned and included student presentations as well with our researchers as co-authors,None,The PDO notes the over performance of the Q4 target.,25,59,59,The target was exceeded as the available data warranted more scientific output than planned and included student presentations as well with our researchers as co-authors,None,,59,It is recommended to ensure that conference schedules are systematically integrated into the target-setting process.,,Planning should be improved . Conference scheduling should be part of the target setting.,performance has exceeded annual target by 80% as of end of quarter 3. ,Noted.,168
"Agriculture, Forestry and Fisheries",Agriculture,Western Cape,Programme 5:	Research and Technology Development Services,Sub Programme 5.2: Technology Transfer Services,Quarterly,Number of research presentations made at technology transfer events,Standardized,Not  Applicable,"Priority 5: Spatial Integration, Human Settlements and Local Government",-,"The Economic Sectors, Employment and Infrastructure Development cluster",20,40,Target exceeded due to high-er demand from industry,"None at present as the indicator is somewhat demand driven through invitations to researchers to present at external events
",The PDO notes the overachievement of the target.,20,52,"Technology transfer events are demand driven, and since we had more exposure at congresses etc, our scien-tific staff have been inundated with requests for talks at farmer and agri business events.  Thus, the demand in-creased dramatically and was responded to",None,The PDO notes the overperformance of the target - Annual target met.,20,27,"Technology transfer events are demand driven, and our scientific staff have been requested for talks at farmer and agri-business events.  Thus, the demand increased beyond the target set and was responded to.",None,"The PDO 
notes the 
overachievement of the Q3 target - Annual target met - Kindly review  the target  for the 2025/26 FY",20,57,"Overperformance
is the result of the much higher 
demand from industry for
information transfer 
on several
topics from our experts
",None,The PDO notes the over performance of the Q4 target,80,176,176,Overperformance is the result of the much higher demand from industry for information transfer on several topics from our experts,None,,176,Noted.,,None,noted. ,Noted,168
"Agriculture, Forestry and Fisheries",Agriculture,Western Cape,Programme 5:	Research and Technology Development Services,Sub Programme 5.2: Technology Transfer Services,Quarterly,Number of technology transfer events organised and presented,Non-Standardized,Not  Applicable,"Priority 1: A Capable, Ethical and Developmental State",VIP 5: Innovation and Culture,"The Economic Sectors, Employment and Infrastructure Development cluster",0,1,Target exceeded due to the change of the date of the annual ostrich auction from March to April,None at this stage as the annual ostrich auction date will be revised and may move back to March,"""0"" target noted",5,5,N/A,None,Data Accepted,0,1,A Cannabis and Hemp Cultivation Training Course and Technology Transfer Event was organised and presented on request of DALRRD.,None,"""0"" target noted.",1,4,Three additional events organised on conservation agriculture programme at different locations to discuss future projects with technical experts,"None, as this was done on a needs basis",The PDO notes the over performance of the Q4 target,6,11,11,Several additional events were organised on conservation agriculture at different locations to discuss future projects with technical experts,None,,11,Performance achieved as planned.,,,,,168
"Agriculture, Forestry and Fisheries",Agriculture,Western Cape,Programme 5:	Research and Technology Development Services,Sub Programme 5.3: Research Infrastructure Support Services,Annually,Number of research infrastructure managed,Standardized,Not  Applicable,"Priority 5: Spatial Integration, Human Settlements and Local Government",-,"The Economic Sectors, Employment and Infrastructure Development cluster",,,,,,,,,,,,,,,,7,7,,,,7,7,7,n/a,None,,7,,,,,,168
"Agriculture, Forestry and Fisheries",Agriculture,Western Cape,Programme 5:	Research and Technology Development Services,Sub Programme 5.3: Research Infrastructure Support Services,Quarterly,Number of technical working committee meetings on research farms,Non-Standardized,Not  Applicable,"Priority 1: A Capable, Ethical and Developmental State",Create opportunities for growth and jobs,"The Economic Sectors, Employment and Infrastructure Development cluster",0,0,No target set for Q1,None,"""0"" Target noted",7,7,N/A,None,Data Accepted,0,,,,"""0"" target noted. Actual Output required",7,7,n/a,None,Data Accepted,14,14,14,n/a,None,,14,,,,,,168
"Agriculture, Forestry and Fisheries",Agriculture,Western Cape,Programme 6: Agricultural Economic Services,Sub Programme 6.1: Production Economics and Marketing Support,Quarterly,Number of activities supported to promote Western Cape agriculture and agribusiness,Non-Standardized,Not  Applicable,Priority 2: Economic Transformation And Job Creation,Create opportunities for growth and jobs,"The Economic Sectors, Employment and Infrastructure Development cluster",1,1,,,Data Accepted,1,1,Target reached,,Data Accepted,2,3,There was an In-Year change and the target was reached,The correct target in on No.8 ,The performance indicator has been revised through the formal in-year change process,1,1,Target reached,N/A,Data Accepted,6,6,6,N/A,N/A,,6,,,,,,168
"Agriculture, Forestry and Fisheries",Agriculture,Western Cape,Programme 6: Agricultural Economic Services,Sub Programme 6.1: Production Economics and Marketing Support,Quarterly,Number of activities supported to promote Western Cape agriculture and agribusiness,Non-Standardized,Not  Applicable,Priority 2: Economic Transformation And Job Creation,VIP 2: Growth and Jobs,"The Economic Sectors, Employment and Infrastructure Development cluster",1,1,,,,1,,,,,3,3,Target reached,N/A,Data Accepted,1,1,Target reached,N/A,Data Accepted,6,5,6,This is a duplicate indicator. Six planned activities for the year were achieved.  ,This is a duplicate indicator. Six planned activities for the year were achieved. ,,6,,Higher than target ,,,,168
"Agriculture, Forestry and Fisheries",Agriculture,Western Cape,Programme 6: Agricultural Economic Services,Sub Programme 6.1: Production Economics and Marketing Support,Quarterly,Number of agribusinesses supported with Black Economic Empowerment advisory services,Standardized,Not  Applicable,"Priority 5: Spatial Integration, Human Settlements and Local Government",-,"The Economic Sectors, Employment and Infrastructure Development cluster",4,6,Overachievement was due to increased demand for financial support by companies needing to align themselves with BEE requirements,This indicator will be monitored in the upcoming quarters,The PDO notes the overachievement of the target.,4,4,Target reached,,Data Accepted,4,4,Target reached,N/A,Data Accepted,4,5,Unanticipated request for Agri-BEEE advisory services resulting in additional businesses than planned for.,This indicator will be monitored in the upcoming quarters.,The PDO notes the over performance of the Q4 target,16,19,19,Unanticipated request for Agri-BEE advisory services resulted in additional businesses supported.,The deviation is within manageable limits and will be monitored accordingly. ,,19,None,,None,noted. ,The reason for deviation is noted,168
"Agriculture, Forestry and Fisheries",Agriculture,Western Cape,Programme 6: Agricultural Economic Services,Sub Programme 6.1: Production Economics and Marketing Support,Quarterly,Number of agri-businesses supported with marketing services,Standardized,Not  Applicable,"Priority 5: Spatial Integration, Human Settlements and Local Government",-,"The Economic Sectors, Employment and Infrastructure Development cluster",10,10,,,Data Accepted,20,32,The overachievement was due to the rollout of a mar-keting capacity-building workshop for producers as requested by DALRRD,This indicator will be monitored in the upcoming quarters,The PDO notes the overperformance of the target,10,13,"There was a 30% overachievement due to the resumption of the China event (Food and Hospitality China), whose participation has been halted since COVID-19.",This indicator will be monitored in the upcoming quarters.,The PDO notes the overachievement of the Q3 target ,20,20 ,Target reached,N/A,Data Accepted,60,75,75,The overachievement was due to the rollout of a marketing capacity-building workshop for producers in collaboration with DALRRD,The target will be monitored in the upcoming year,,75,None,,None,noted.,None,168
"Agriculture, Forestry and Fisheries",Agriculture,Western Cape,Programme 6: Agricultural Economic Services,Sub Programme 6.1: Production Economics and Marketing Support,Quarterly,Number of clients supported with production economic services,Standardized,Not  Applicable,"Priority 5: Spatial Integration, Human Settlements and Local Government",-,"The Economic Sectors, Employment and Infrastructure Development cluster",30,97,The overachievement was due to some additional activities that were requested by clients e.g. farmers’ day.,This indicator will be monitored in the upcoming quarters,The PDO notes the overachievement of the Q1 target - Annual target to be reviewed as the target was already achieved in Q1 .,25,25,Target reached,,Data Accepted,15,16,An overachievement of 7% during this quarter can be attributed to the involvement of the agri-processing businesses that were assisted in setting up record-keeping systems.,This indicator will be monitored in the upcoming quarters.,"The PDO
notes the 
overachievement of the Q3
 target - Annual target met, however 
the target has been reduced for the 
2025/26 FY - Kindly review target",15,20,The achievement of 133% for this quarter is a result of the workshops con-ducted in quarters 3 and 4. These work-shops necessitated the intro-duction of farm business administration in businesses owned by the clients who attended these sessions.,The target will be monitored to possible re-view in future even though staff turnover complicates the situation.,The PDO notes the over performance of the Q4 target,85,158,158,The overachievement was a result of the workshops con-ducted in quarters 3 and 4. These workshops necessitated the introduction of farm business administration in businesses owned by the clients who attended the sessions.,The target will be monitored in the upcoming year,,158,None,,None,noted. ,The reason for deviation is noted,168
"Agriculture, Forestry and Fisheries",Agriculture,Western Cape,Programme 6: Agricultural Economic Services,Sub Programme 6.1: Production Economics and Marketing Support,Quarterly,Number of enterprises enabled to access business opportunities,Non-Standardized,Not  Applicable,Priority 2: Economic Transformation And Job Creation,Create opportunities for growth and jobs,"The Economic Sectors, Employment and Infrastructure Development cluster",5,6,Over-achievement due to increased demand for financial support as an application window was opened.  ,This indicator will be monitored in the upcoming quarters,The PDO notes the overachievement of the target.,5,5,Target reached,,Data Accepted,5,5,Target reached,N/A,Data Accepted,20,20,Target reached,N/A,Data Accepted,35,36,36,The slight overachievement was due to increased demand for financial support as an application window was opened.,The slight deviation is within manageable limits and will be monitored accordingly. ,,36,,,,,,168
"Agriculture, Forestry and Fisheries",Agriculture,Western Cape,Programme 6: Agricultural Economic Services,Sub Programme 6.1: Production Economics and Marketing Support,Quarterly,Number of market information outputs disseminated,Non-Standardized,Not  Applicable,Priority 2: Economic Transformation And Job Creation,Create opportunities for growth and jobs,"The Economic Sectors, Employment and Infrastructure Development cluster",7,8,Overachievement was due to requests from companies requesting updated market information. ,This indicator will be monitored in the upcoming quarters,Data Accepted,8,9,The over-achievement was due to additional requests for e-commerce marketing information workshops from various districts of the province,This indicator will be monitored in the upcoming quarters,The PDO notes the overperformance of the target,8,8,Target reached,N/A,Data Accepted,7,8,Unanticipated additional request for marketing information outputs resulting in additional outputs than planned for.,This indicator will be monitored in the upcoming year.,The PDO notes the over performance of the Q4 target,30,33,33,Unanticipated additional requests for marketing information for specific markets than planned resulted in additional outputs.,The deviation is within manageable limits and will be monitored accordingly. ,,33,,,,,,168
"Agriculture, Forestry and Fisheries",Agriculture,Western Cape,Programme 6: Agricultural Economic Services,Sub Programme 6.1: Production Economics and Marketing Support,Quarterly,Number of production economics studies conducted,Non-Standardized,Not  Applicable,Priority 2: Economic Transformation And Job Creation,Create opportunities for growth and jobs,"The Economic Sectors, Employment and Infrastructure Development cluster",50,55,The overachievement was due to requests received for the development of cash flow projections required for financial support applications. ,This indicator will be monitored in the upcoming quarters,The PDO notes the overachievement of the target.,40,40,Target reached,,Data Accepted,15,62,The overachievement was due to requests which exceeded expectations during this quarter.  ,This indicator will be monitored in the upcoming quarters.," The PDO
notes the overachievement of the Q3
 target - Annual target met, however 
the target has been reduced for the 
2025/26 FY - Kindly review target
",20,33,A lot of changes in the economy took place. There were also changes in pro-duction techniques for some commodities. These therefore necessitated alignment of the enterprise budgets. ,This indicator will be monitored in the up-coming quarters of the new financial year.,"The PDO notes the over performance of the Q4 
target",125,190,190,A lot of changes in the economy took place. There were also changes in production techniques for some commodities. These therefore necessitated alignment of the enterprise budgets.,The target will be monitored in the upcoming year and less capacity within the component will have negative implications.,,190,,,,,,168
"Agriculture, Forestry and Fisheries",Agriculture,Western Cape,Programme 6: Agricultural Economic Services,Sub Programme 6.2: Agro-Processing Support,Annually,Number of agri-businesses supported with agro-processing initiatives,Standardized,Not  Applicable,"Priority 5: Spatial Integration, Human Settlements and Local Government",-,"The Economic Sectors, Employment and Infrastructure Development cluster",,,,,,,,,,,,,,,,30,40,,,,30,40,40,"Given challenges of land that is costly within the province, commodity prices that are under pressure and smart practices among others, people be-come aware of agri-processing from the various awareness sessions held across the province.  Hence more businesses were supported than planned.  ",This indicator will be monitored in the upcoming year. ,,40,,,,,,168
"Agriculture, Forestry and Fisheries",Agriculture,Western Cape,Programme 6: Agricultural Economic Services,Sub Programme 6.2: Agro-Processing Support,Quarterly,Number of participants assisted with capacity building in agro-processing initiatives,Non-Standardized,Not  Applicable,Priority 2: Economic Transformation And Job Creation,Create opportunities for growth and jobs,"The Economic Sectors, Employment and Infrastructure Development cluster",25,46,The over-achievement was due to ad hoc request received for capacity building.,This indicator will be monitored in the upcoming quarters,"The PDO notes the overachievement of the target, as well as the Reason for Deviation and the Corrective Action.",30,40,Achieved more than target due to more participants attending capacity-building sessions than anticipated. ,This indicator will be monitored in the upcoming quarters,The PDO notes the overperformance of the target,20,92,The overachievement was due to more requests received for capacity building sessions than planned as people are be-coming more aware of APOW. ,This indicator and target is continuously monitored.,"The PDO
notes the overachievement of the Q3
 target - Annual target met.
Kindly review target for the 2025/26 FY
",25,88,"As Agri-processing expands within the Western Cape, the interest and need for capacity building are spreading enormously throughout the Region, resulting in an increased number of people capacitated. This is also very indicative of unemployment as people are searching for income possibilities. ",This indicator will be monitored in the up-coming quarters.,The PDO notes the overperformance of the Q4 target,100,266,266,"As Agri-processing expands within the Western Cape, the interest and need for capacity building are spreading enormously, resulting in an increased number of people capacitated. This is also very indicative of unemployment as people are searching for income possibilities.","The target will be closely monitored,",,266,,,,,The reason for deviation is noted,168
"Agriculture, Forestry and Fisheries",Agriculture,Western Cape,Programme 6: Agricultural Economic Services,Sub Programme 6.3: Macroeconomics Support,Annually,Number of databases populated,Non-Standardized,Not  Applicable,"Priority 5: Spatial Integration, Human Settlements and Local Government",VIP 5: Innovation and Culture,"Governance, State Capacity and Institutional Development cluster",,,,,,,,,,,,,,,,155,174,,,,155,174,174,"Several new databases were developed as new unanticipated data be-came available, and an in-crease in new auction houses led to data (prices) becoming more readily available.",This target will be reviewed as some data-bases will be consolidated due to changes in technology and for better management.,,174,,,,,,168
"Agriculture, Forestry and Fisheries",Agriculture,Western Cape,Programme 6: Agricultural Economic Services,Sub Programme 6.3: Macroeconomics Support,Quarterly,Number of agricultural economic information responses provided,Non-Standardized,Not  Applicable,Priority 2: Economic Transformation And Job Creation,Create opportunities for growth and jobs,"The Economic Sectors, Employment and Infrastructure Development cluster",40,43,"Although these economic requests, followed by responses are demand-driven, the slight increase can be attributed to the end of the 5-year political cycle. ",This indicator will be monitored in the upcoming quarters,The PDO notes the overachievement of the target,40,46,"Although the economic re-quests are demand-driven, the increase could also be associated with information shared due to an additional resource within the Division, which in turn induced more requests. ",This indicator will be monitored in the upcoming quarters,The PDO notes the overperformance of the target,30,49,Several unanticipated game economic and livestock breed performance requests were also experienced during this quarter.,This indicator and target is continuously monitored.,"The PDO
notes the
overachievement of the Q3
 target",40,41,This indicator has a single response difference and is due to requests received.,This indicator will be monitored in the upcoming quarters.,The PDO notes the over performance of the Q4 target,150,179,179,"Although the economic re-quests are demand-driven, the increase is also associated with an additional resource within the Division, which in turn induced more requests because the more information is share the more requests came through.","Although this is demand driven, but the target will be monitored in the coming year.",,179,,,,,,168
"Agriculture, Forestry and Fisheries",Agriculture,Western Cape,Programme 6: Agricultural Economic Services,Sub Programme 6.3: Macroeconomics Support,Quarterly,Number of economic reports compiled,Standardized,Not  Applicable,"Priority 5: Spatial Integration, Human Settlements and Local Government",-,"The Economic Sectors, Employment and Infrastructure Development cluster",8,10,The end of term resulted in a number of reports requested and were not anticipated. ,This indicator will be monitored in the upcoming quarters,The PDO notes the overachievement of the target,8,11,The over-achievement was due to additional re-sources which had an impact in generating additional reports. ,This indicator will be monitored in the upcoming quarters,The PDO notes the overperformance of the target,6,7,Some of the reports are stimulated by demand driven enquiries and hence could not anticipate the additional report. ,This indicator and target is continuously monitored.,"The PDO
notes the
overachievement of the Q3
 target",8,10,"Unanticipated requests for reports and economic assistance resulting to 2 additional outputs that were not planned for.
  
",This indicator will be monitored in the upcoming quarters.,The PDO notes the over performance of the Q4 target,30,38,38,Unanticipated requests for information resulted to additional outputs than planned for.,The target will be monitored in the coming year.,,38,None,,None,noted. ,None,168
"Agriculture, Forestry and Fisheries",Agriculture,Western Cape,Programme 6: Agricultural Economic Services,Sub Programme 6.3: Macroeconomics Support,Quarterly,Number of information dissemination activities conducted,Non-Standardized,Not  Applicable,Priority 2: Economic Transformation And Job Creation,Create opportunities for growth and jobs,"The Economic Sectors, Employment and Infrastructure Development cluster",35,39,The additional reports led to additional unanticipated dissemination of outputs. ,This indicator will be monitored in the upcoming quarters,The PDO notes the overachievement of the target,30,45,The additional reports led to additional un-anticipated dissemination activities ,This indicator will be monitored in the upcoming quarters,The PDO notes the overperformance of the target,20,37,Typically most commodities increase auctions and results in December. This result in increase in requests for game auction outputs in the form of articles and presentations. ,This indicator and target is continuously monitored.,"The PDO
notes the
overachievement of the Q3
 target",35,35,Target reached,N/A,Data Accepted,120,156,156,Typically most commodities increase auctions in December. Therefore game auction outputs are generated from this information resulting in overachievement.,The target will be managed in the coming year.,,156,,,,,,168
"Agriculture, Forestry and Fisheries",Agriculture,Western Cape,Programme 7: Agricultural Education and Training,Sub Programme 7.1: Higher Education and Training,Annually,Number of internal bursaries awarded,Non-Standardized,Not  Applicable,"Priority 3: Education, Skills And Health",Improve education outcomes and opportunities for youth development ,"The Economic Sectors, Employment and Infrastructure Development cluster",,,,,,,,,,,,,,,,25,159,,,,25,159,159,Additional funding became available from other programmes which extended our bursary allocation.,None. The additional funding is not guaranteed  in future ,,,,,,,,168
"Agriculture, Forestry and Fisheries",Agriculture,Western Cape,Programme 7: Agricultural Education and Training,Sub Programme 7.1: Higher Education and Training,Annually,Number of students graduated with agricultural qualification,Standardized,Not  Applicable,"Priority 5: Spatial Integration, Human Settlements and Local Government",-,"The Economic Sectors, Employment and Infrastructure Development cluster",,,,,,,,,,,80,137,,,,,,,,,80,137,137,The total number of graduates comprises students who utilised a supplementary examination in 2023 or a concession examination in January 2024.,Corrective action is not applicable. The Institute consistently aims for a 100% throughput.,,,,,,,,168
"Agriculture, Forestry and Fisheries",Agriculture,Western Cape,Programme 7: Agricultural Education and Training,Sub Programme 7.1: Higher Education and Training,Annually,Percentage achievement of student equity targets,Non-Standardized,Not  Applicable,Priority 2: Economic Transformation And Job Creation,Create opportunities for growth and jobs,"The Economic Sectors, Employment and Infrastructure Development cluster",,,,,,,,,,,,,,,,45 %,71 %,,,,45 %,71 %,71,"Better than expected yield from our enhanced strategies for recruitment, marketing, and managing applications.","A target adjustment will be considered using the average achievements over a three-year period.
",,,,,,,,168
"Agriculture, Forestry and Fisheries",Agriculture,Western Cape,Programme 7: Agricultural Education and Training,Sub Programme 7.2: Agricultural Skills Development,Annually,Number of ASD learners articulating to HET,Non-Standardized,Not  Applicable,"Priority 3: Education, Skills And Health",Improve education outcomes and opportunities for youth development ,"The Economic Sectors, Employment and Infrastructure Development cluster",,,,,,,,,,,,,,,,15,22,,,,15,22,22,Student performance exceeded expectation.,The Learnership programme was replaced by the QCTO occupational programme and re-adjustment of targets will be considered after assessing implementation of the new marketing strategy.,,,,,,,,168
"Agriculture, Forestry and Fisheries",Agriculture,Western Cape,Programme 7: Agricultural Education and Training,Sub Programme 7.2: Agricultural Skills Development,Annually,Number of learners completing Vocational programmes,Non-Standardized,Not  Applicable,"Priority 3: Education, Skills And Health",Improve education outcomes and opportunities for youth development ,"The Economic Sectors, Employment and Infrastructure Development cluster",,,,,,,,,,,55,53,,,,,,,,,55,53,53,"As per the APP target, 55 students were enrolled.  Although we made significant efforts to motivate and encourage every learner, 2 students ultimately chose to discontinue their studies in the second cycle of the learnership programme. ",We remain committed to enhancing our support for learners in the future.,,,,,,,,168
"Agriculture, Forestry and Fisheries",Agriculture,Western Cape,Programme 7: Agricultural Education and Training,Sub Programme 7.2: Agricultural Skills Development,Annually,Percentage achievement of learner equity targets,Non-Standardized,Not  Applicable,"Priority 1: A Capable, Ethical and Developmental State",Improve education outcomes and opportunities for youth development ,"The Economic Sectors, Employment and Infrastructure Development cluster",,,,,,,,,,,,,,,,80 %,90 %,,,,80 %,90 %,90,"Better than expected yield from our enhanced strategies for recruitment, marketing, and managing applications.",A target adjustment will be considered using the average achievements over a three-year period.,,,,,,,,168
"Agriculture, Forestry and Fisheries",Agriculture,Western Cape,Programme 7: Agricultural Education and Training,Sub Programme 7.2: Agricultural Skills Development,Quarterly,Number of participants trained in skills development programmes in the sector,Standardized,Not  Applicable,"Priority 5: Spatial Integration, Human Settlements and Local Government",-,"The Economic Sectors, Employment and Infrastructure Development cluster",600,800,"High demand for training and skills development, from sector","None.
The Programme endeavors to respond to industry demand.
","The PDO notes the overachievement of the target, as well as the Reason for Deviation.",650,953,"High demand for training and skills development, from sector.","None.
The Programme endeavors to respond to industry demand.
",The PDO notes the overperformance of the target,650,558,"The expected CASP training funds for November 2024 have not been received. Overspending on Voted funds forced us to halt procurement for Programme 7, preventing the training from taking place. Despite utilising limited internal HR resources, we could not meet our targets. ","Quarter 4 planning is underway, and we will successfully achieve the projected quarterly and annual targets with the resources at our disposal.  ","The PDO
notes the
underachievement of the Q3
 target as well as the Corrective Action required.",600,784,Additional resources were received which enabled the training of more participants.,"None.
The Programme endeavours to respond to industry demand.
",The PDO notes the over performance of the Q4 target,2500,3095,3095,Additional resources were received which enabled the training of more participants.,The Programme endeavours to respond to industry demand.,,,None,,None,Noted. ,Noted.,168
"Agriculture, Forestry and Fisheries",Agriculture,Western Cape,Programme 8: Rural Development ,Sub Programme 8.1: Rural Development Coordination,Quarterly,Number of Inter-Governmental Relations (IGR) engagements facilitated towards rural development,Non-Standardized,Not  Applicable,Priority 2: Economic Transformation And Job Creation,VIP 2: Growth and Jobs,"The Economic Sectors, Employment and Infrastructure Development cluster",3,3,N/A,N/A,Data Accepted,3,3,N/A,N/A,Data Accepted,3,3,Not Applicable,Not Applicable,Data Accepted,3,4,"As a result of meaningful and positive discussions with stakeholders, a follow up engagement was requested with DLG during Quarter 4, to agree on planned initiatives for the new financial year, resulting in the over-achievement",No corrective action required since this will no longer be an APP indicator for the 2025/26 financial year.,The PDO notes the over performance of the Q4 target,12,13,13,"As a result of meaningful and positive discussions with stakeholders, a follow up engagement was requested with DLG during Quarter 4, to agree on planned initiatives for the new financial year, resulting in the over-achievement",No corrective action required since this will no longer be an APP indicator for the 2025/26 financial year.,,,,,,,,168
"Agriculture, Forestry and Fisheries",Agriculture,Western Cape,Programme 8: Rural Development ,Sub Programme 8.1: Rural Development Coordination,Quarterly,Number of Rural Safety  Committee engagements held ,Non-Standardized,Not  Applicable,Priority 6: Social Cohesion and Safer Communities,Create opportunities for growth and jobs,"The Social Protection, Community and Human Development cluster",2,2,N/A,N/A,Data Accepted,0,0,N/A,N/A,"""0"" Target noted",2,2,Not Applicable,Not Applicable,Data Accepted,0,0,NA,NA,"""0"" target noted",4,4,4,N/A,N/A,,,,,,,,168
"Agriculture, Forestry and Fisheries",Agriculture,Western Cape,Programme 8: Rural Development ,Sub Programme 8.2:  Social Facilitation,Quarterly,Number of sessions facilitated with relevant stakeholders in rural areas,Non-Standardized,Not  Applicable,Priority 2: Economic Transformation And Job Creation,VIP 2: Growth and Jobs,"The Economic Sectors, Employment and Infrastructure Development cluster",2,3,An additional session was held in Bitterfontein during the  first quarter in collaboration with Programme 6. The session was coordinated as a result of an opportunity presented by a huge private employer in the area,No corrective action required,Data Accepted,3,3,N/A,N/A,Data Accepted,3,3,Not Applicable,Not Applicable,Data Accepted,2,2,NA,NA,Data Accepted,10,11,11,An additional session was held in Bitterfontein during the first quarter in collaboration with the Agricultural Economic Services Programme. The session was coordinated as a result of a need expressed by stakeholders in the  Matzikama area,No corrective action required,,,,,,,,168
"Agriculture, Forestry and Fisheries",Agriculture,Western Cape,Programme 8: Rural Development ,Sub Programme 8.3:  Farm Worker Development,Quarterly,Number of Western Cape Prestige Agri Awards engagements facilitated,Non-Standardized,Not  Applicable,Priority 2: Economic Transformation And Job Creation,VIP 3: Empowering People,"The Economic Sectors, Employment and Infrastructure Development cluster",0,0,N/A,N/A,"""0"" Target noted",16,16,N/A,N/A,Data Accepted,1,1,Not Applicable,Not Applicable,Data Accepted,0,0,NA,NA,"""0"" target noted",17,17,17,N/A,N/A,,,,,,,,168
"Agriculture, Forestry and Fisheries",Agriculture,Western Cape,Programme 8: Rural Development ,Sub Programme 8.3: Farm Worker Development,Annually,Number of initiatives implemented in rural areas towards socio-economic upliftment.,Not Applicable,Not  Applicable,"Priority 1: A Capable, Ethical and Developmental State",VIP 3: Empowering People,"The Social Protection, Community and Human Development cluster",,,,,,,,,,,,,,,,5,5,,,,5,5,5,NA,NA,,,,,,,,168
Transport,Transport,Western Cape,Programme 1: Administration,Sub-Programme 1.2: Management of the Department,Quarterly,1.2.1 Number of quarterly performance reports re viewed for GMT,Non-Standardized,Not  Applicable,Priority 2: Economic Transformation And Job Creation,VIP 5: Innovation and Culture,"The Economic Sectors, Employment and Infrastructure Development cluster",1,1,,,Target achieved. Data accepted.,1,1,,,Target achieved. Data accepted.,1,,,,,1,,,,Approved In-Year Changes FY 2024-25.,4,0,,,,Approved In-Year Changes FY 2024-25.,,,,,,,168
Transport,Transport,Western Cape,Programme 1: Administration,Sub-Programme 1.2: Management of the Department,Quarterly,1.2.1 Number of quarterly performance reports reviewed for GMT,Non-Standardized,Not  Applicable,Priority 2: Economic Transformation And Job Creation,VIP 5: Innovation and Culture,"The Economic Sectors, Employment and Infrastructure Development cluster",1,,,,,1,,,,,1,1,,,Data accepted. The PDO notes the achieved output for Q3 of FY 2024-25.,1,1,,,Data accepted. The PDO notes the achieved output for Q4 of FY 2024-25.,4,2,4,,,Data accepted. The PDO notes the achieved pre-audit output for FY 24-25.,,,,,,,168
Transport,Transport,Western Cape,Programme 1: Administration,Sub-Programme 1.3: Corporate Support,Quarterly,1.3.1 Percentage of invoices paid within 30 days,Non-Standardized,Not  Applicable,Priority 2: Economic Transformation And Job Creation,VIP 4: Mobility and Spatial Transformation,"The Economic Sectors, Employment and Infrastructure Development cluster",98 %,99 %,,,Target achieved. Data accepted.,98 %,99.74 %,,,Target achieved. Data accepted.,98 %,99.76 %,,,Data accepted. The PDO notes over-performed outcomes for Q3 of FY 2024-25. The PDO notes no reason for performance indicated.,98 %,99.76 %,More invoices were paid than it was anticipated.,,Data accepted. The PDO notes over-performed outcomes for Q4 of FY 2024-25. The PDO notes no reason for performance indicated.,98 %,99 %,99.86,Measures were put in place to minimize late payments,,"Data accepted. The PDO notes the over-performed pre-audit output for FY 24-25, the reason for deviation which resulted in less overdue payments.",,,,,,,168
Transport,Transport,Western Cape,Programme 1: Administration,Sub-Programme 1.4: Departmental Strategy ,Annually,1.4.1 Number of provincial statutory transport plans assessed,Non-Standardized,Not  Applicable,Priority 2: Economic Transformation And Job Creation,VIP 5: Innovation and Culture,"The Economic Sectors, Employment and Infrastructure Development cluster",,,,,,,,,,,,,,,,1,1,,,,1,1,1,,,Data accepted. The PDO notes the achieved pre-audit output for FY 24-25.,,,,,,,168
Transport,Transport,Western Cape,Programme 2: Transport Operations,Sub-Programme 2.5: Transport Systems,Annually,2.5.1 Innovation through Technology for Transport Initiatives,Non-Standardized,Not  Applicable,Priority 2: Economic Transformation And Job Creation,VIP 5: Innovation and Culture,"The Economic Sectors, Employment and Infrastructure Development cluster",,,,,,,,,,,,,,,,1,1,,,,1,1,1,,,Data accepted. The PDO notes the achieved pre-audit output for FY 24-25.,,,,,,,168
Transport,Transport,Western Cape,Programme 2: Transport Operations,Sub-Programme 2.5: Transport Systems,Annually,2.5.2 Number of non-motorised transport and public transport initiatives supported,Non-Standardized,Not  Applicable,Priority 2: Economic Transformation And Job Creation,VIP 5: Innovation and Culture,"The Economic Sectors, Employment and Infrastructure Development cluster",,,,,,,,,,,,,,,,1,1,,,,1,1,1,,,Data accepted. The PDO notes the achieved pre-audit output for FY 24-25.,,,,,,,168
Transport,Transport,Western Cape,Programme 2: Transport Operations,Sub-Programme 2.5: Transport Systems,Annually,2.5.3 Number of freight interventions implemented ,Non-Standardized,Not  Applicable,Priority 2: Economic Transformation And Job Creation,VIP 5: Innovation and Culture,"The Economic Sectors, Employment and Infrastructure Development cluster",,,,,,,,,,,,,,,,2,2,,,,2,2,2,,,Data accepted. The PDO notes the achieved pre-audit output for FY 24-25.,,,,,,,168
Transport,Transport,Western Cape,Programme 2:Transport Operations,Sub-Programme 2.2: Public Transport Services:,Quarterly,2.2.1 Number of routes subsidised,Standardized,Not  Applicable,Priority 2: Economic Transformation And Job Creation,VIP 1: Safe and Cohesive Communities,"The Economic Sectors, Employment and Infrastructure Development cluster",1961,1969," The Q1 performance is due to funding constraints wich in turn requires improved operational efficiency, such as route optimization of services.",,"The PDO reviewed Q1: FY 2024-25 performance. The PDO notes the target is achieved and pending data for June 2024 will be updated before HOD signoff.
",1961,1617,The information for September 2024 is not available to validate Q2.,,The PDO reviewed Q2: FY 2024-25 performance. The PDO notes the target is not achieved the information for September 2024 is still pending. Corrective action for delay in September 2024 outcomes should be considered.,1961,1407,"The WCMD was notified by the Operator (GABS) in accordance with the 3rd Addendum,  that some services will be cancelled on a temporary basis during the festive period. The cancellations can be attributed to factory closures, school holidays and public holidays, which have a huge impact on the service. Since kilometers are operated on routes, the impact of the temporary cancellations results in the reduction of the number of subsidised routes for the quarter.",,Data accepted. The PDO notes the under-performed output for Q3 of FY 2024-25. The PDO notes reason for deviation. The PDO notes no corrective action listed.,1961,1461,"The data for March 2025 is not available yet. The
 preliminary information will be validated before 12 May 2025",,The PDO notes the partially achieved output for Q4 of FY 2024-25. The PDO notes the reason for deviation. The Department to review/confirm the validation date 'end of March 2025'.,1961,1461,1618,"The WCMD was informed by the Operator (GABS) that all services that is scheduled in excess of the affordable kilometers will be moved from subsidised table 4.1. to  unsubsidised table 4.2. to align the monthly subsidised kilometers in accordance with the PTOG allocation and in addition GABS further applied for the cancellation of subsidised service table 4.1 and was approved by the WCMD. The reason was that the Operator always operated services in excess of what is available in terms of PTOG, however this leads to an annual subsidy deficit, thus the  move and cancellation of the excess kilometers from subsidised service table 4.1. Since kilometers are operated on routes, the impact of the reduction of the kms also results in the reduction of the number of subsidised routes for the year.",The Interim Contract makes provision for allowable kilometres operated to be capped and therefore the available PTOG will not be exceeded for any given financial year.,"Data accepted. The PDO notes the partial pre-audit output for FY 24-25, the reason for deviation with the Operator always operated services in excess of what is available in terms of PTOG, which leads to an annual subsidy deficit, thus the move and cancellation of the excess kilometers from subsidised service table 4.1.  The PDO recommends the Institution revisit targets if the trend persist.",,,,,,,168
Transport,Transport,Western Cape,Programme 2:Transport Operations,Sub-Programme 2.2: Public Transport Services:,Quarterly,2.2.2 Number of kilometres subsidised,Non-Standardized,Not  Applicable,Priority 2: Economic Transformation And Job Creation,VIP 1: Safe and Cohesive Communities,"The Economic Sectors, Employment and Infrastructure Development cluster",7695552,9297466,The kilometer rate increase was lower than anticipated following the publication of the various indices considered to calculate the kilometer rate. The indices used are published after tabling of APP impacting on the target setting.,,"The PDO reviewed Q1: FY 2024-25 performance. The PDO notes the target is not achieved and pending data for June 2024 will be updated before HOD signoff.
",8287518,7693175,"ince kilometers are operated on routes, the impact of the reduction of the kms also results in the reduction of the number of subsidized routes for the quarter.",,The PDO reviewed Q2: FY 2024-25 performance. The PDO notes the target is not achieved the information for September 2024 is still pending. Corrective action for delay in September 2024 outcomes should be considered.,7991535,6924143," The WCMD was notified by the Operator (GABS) in accordance with the 3rd Addendum,  that some services will be cancelled on a temporary basis during the festive period. The cancellations can be attributed to factory closures, school holidays and public holidays, which have a huge impact on the service and therefore the reduction of the number of kilometres subsidised for the quarter.",,Data accepted. The PDO notes the under-performed output for Q3 of FY 2024-25. The PDO notes reason for deviation. The PDO notes no corrective action listed.,5623672,4597896,"The data for March 2025 is not available yet. The
 preliminary information will be validated before 12 May 2025",,The PDO notes the partially achieved output for Q4 of FY 2024-25. The PDO notes the reason for deviation. The Department to review/confirm the validation date 'end of March 2025'.,29598277,28512680,30638848,"The kilometer rate is determined by an escalation model consisting of many cost elements, which was agreed upon by both parties, WCMD and GABS, which include, (CPI, Labour and Fuel).Some of this figures gets published by Stats SA only after the WCDM have finalise the predetermined targets. Therefore, the kilometer rate increase was lower than anticipated following the publication of the various indices considered to calculate the kilometer rate. The finalisation of the rate increase lead to an over performance of the predetermined target.",The Interim Contract makes provision for allowable kilometres operated to be capped and therefore the available PTOG will not be exceeded for any given financial year.,"Data accepted. The PDO notes the over-performed pre-audit output for FY 24-25, the reason for deviation due to lower than anticipated kilometer rate increase following the publication of the various indices considered to calculate the kilometer rate. The PDO recommends the Institution revisit targets if the trend persist.",,,,,,,168
Transport,Transport,Western Cape,Programme 2:Transport Operations,Sub-Programme 2.2: Public Transport Services:,Quarterly,2.2.3 Number of Integrated Public Transport Network phases supported,Non-Standardized,Not  Applicable,Priority 2: Economic Transformation And Job Creation,VIP 1: Safe and Cohesive Communities,"The Economic Sectors, Employment and Infrastructure Development cluster",4,0,"Phase 4 was planned to be rolled out thereafter however was disrupted by industry in 2015. Phase 4 was then split into two and Phase 4B (Parkdene, Borcherds, Ballotsview, Lawaaikamp, Conville) was rolled out in March 2020 just as Covid-19 struck. Phase 4A (Thembalethu) was planned to be rolled out in Stages with Stage 1 (Route 18A Thembaelthu - Blanco service) was rolled out in November 2023. The remaining routes of 4a is dependant on, but not limited to, the N2 Bridge Upgrade (currently being finalized), industry negotiations, and safety and security. ",,Target achieved. Data accepted. The PDO notes the Department's disruptions on planned Phases on completion of N2 Bridge.,4,4,,,Target achieved. Data accepted. The PDO notes the Departments Action to monitor and implement.,4,4,,,Data accepted. The PDO notes the achieved output for Q3 of FY 2024-25.,4,4,,,Data accepted. The PDO notes the achieved output for Q4 of FY 2024-25.,4,4,4,,,Data accepted. The PDO notes the achieved pre-audit output for FY 24-25.,,,,,,,168
Transport,Transport,Western Cape,Programme 2:Transport Operations,Sub-Programme 2.3: Operator Licence and Permits,Quarterly,2.3.1 Number of Provincial Regulating Entity (PRE) hearings conducted,Standardized,Not  Applicable,Priority 2: Economic Transformation And Job Creation,VIP 1: Safe and Cohesive Communities,"The Economic Sectors, Employment and Infrastructure Development cluster",30,35,,,Data accepted. The PDO notes over-performed outcomes for Q1 of FY 2024-25. The PDO notes no reason for performance indicated.,30,56,  The metered taxi applications are split into 2 agendas. which contributed to the over performance. ,,Data accepted. The PDO notes the over-performed outcomes and reason for deviation. The PDO recommends the Department to revisit targets if the trend persist.,30,57,The PRE conducted more Sec78 Hearings (Inoperative Operating Licenses). New Route Hearings were also conducted as part of the Special Regulator Process and this resulted in the PRE over-achieving in Q3.,.,Data accepted. The PDO notes over-performed outcomes for Q3 of FY 2024-25. The PDO notes reason for performance indicated.,30,61,The reason for over performance was because more meetings was held due to the City of Cape Town closing out phase 1 of their Special Regulatory Process. ,,Data accepted. The PDO notes over-performed outcomes for Q4 of FY 2024-25 and the reason for performance indicated.,120,209,196,The reason for over performance was because more meetings was held due to the City of Cape Town closing out phase 1 of their Special Regulatory Process.,,"Data accepted. The PDO notes the over-performed pre-audit output for FY 24-25, the reason for deviation with  more meetings held due to the City of Cape Town closing out phase 1 of their Special Regulatory Process. The PDO recommends the Institution revisit targets if the trend persist.",,,,,,,168
Transport,Transport,Western Cape,Programme 3: Transport Regulations,Sub-Programme 3.2: Transport Administration and Licensing,Quarterly,3.2.1 Number of compliance inspections conducted,Standardized,Not  Applicable,Priority 2: Economic Transformation And Job Creation,VIP 1: Safe and Cohesive Communities,"The Economic Sectors, Employment and Infrastructure Development cluster",68,67,,,Data accepted. The PDO notes the under-performed output. The PDO recommends corrective action to improve on desired outcomes.,74,75,he indicator over achieved by 1 due to an additional compliance inspection conducted during the reporting period. ,,Target achieved. Data accepted.,73,73,,,Data accepted. The PDO notes the achieved output for Q3 of FY 2024-25.,59,57,Less provincial compliance inspections have contributed to the under achievement ,,"Data accepted. The PDO notes the partially achieved output for Q4 of FY 2024-25. The PDO notes no reason for deviation and the corrective action to address challenges impacting  on desired outcomes.
",274,272,272,,,Data accepted. The PDO notes the partial pre-audit output for FY 24-25. The Institution have not indicated the reason for deviation/over-performance. The PDO recommends the Institution provides reason for deviation and revisit targets if the trend persist.,,,,,,,168
Transport,Transport,Western Cape,Programme 3: Transport Regulations,Sub-Programme 3.3: Law Enforcement,Annually,3.3.9 Percentage of students successfully completing formal training courses,Non-Standardized,Not  Applicable,Priority 2: Economic Transformation And Job Creation,VIP 2: Growth and Jobs,"The Economic Sectors, Employment and Infrastructure Development cluster",,,,,,,,,,,,,,,,100 %,97.8 %,,,,100 %,97.8 %,97.8,Out of the 136 students that enrolled a total of 133 students successfully completed the course and graduated resulting in a high completion rate of 97.8%.,,"Data accepted. The PDO notes the partial pre-audit output for FY 24-25, the reason for deviation with 133 of 136 Students successfully completed the course and graduated. The PDO recommends the Institution revisit targets if the trend persist.",,,,,,,168
Transport,Transport,Western Cape,Programme 3: Transport Regulations,Sub-Programme 3.3: Law Enforcement,Quarterly,3.3.1 Number of speed operations conducted,Standardized,Not  Applicable,Priority 2: Economic Transformation And Job Creation,VIP 1: Safe and Cohesive Communities,"The Economic Sectors, Employment and Infrastructure Development cluster",920,968,The introduction of the technological application to regulate the operational plans of the traffic centres against the mandatory tactical plan is showing benefits in preventing over achievement in this specific intervention. ,,The data accepted and reason for over-performance is noted.,900,928,"Speed remains one of the key focus areas to contribute towards the reduction in road crash fatalities, therefore more speed operations were conducted than initially planned.",,Data accepted. The PDO notes the over-performed outcomes and reason for deviation. The PDO recommends the Department to revisit targets if the trend persist.,940,970,Speed remains one of the focus areas provincially and nationally and more operations were planned and achieved. The trends and patterns show that speed remains a challenge throughout South Africa and speed law enforcement will remain one of our tactical focus areas.,,Data accepted. The PDO notes over-performed outcomes for Q3 of FY 2024-25. The PDO notes reason for performance indicated.,940,973,"The set target for speed enforcement operations was exceeded by 3.9%. 

- Heightened focus on speed enforcement
- Increasing trends in speed violations and the direct link to crashes and fatalities 
- Data inteligence has shown a clear upward trajectory in speed violations making this area a critical focus for road safety. 
- Speed violations are considered a national priority and received more dedicated attention within the tactical plan.
- Higher volume of planned operations aiming to mitigate the dangerous consequences of speeding. ","To ensure the effective utilization of resources and alignment between targets and operational plans the following will be done in conjunction with the Regional Directors. 

Review and adjust operational planning to identify misalignments between set targets, planning and resource allocations. Target setting was based on historical data and trends and was data driven and it is realistic and achievable taking available resources in account as well as external interventions.

There will be ongoing monitoring on tactical level to determine operational progress to identify early signs of deviations from the plan. 

These management measures aim to create a balanced, effective and resource concious approach ensuring that resources are utilised to their fullest potential without causing overachievement or operational strain.","Data accepted. The PDO notes over-performed outcomes for Q4 of FY 2024-25. The PDO notes the reason and corrective actions to manage performance indicated.
",3700,3839,3839,"The set target for speed enforcement operations was exceeded by 3.9%. 

The overachievement is due to the following:
- Heightened focus on speed enforcement
- Increasing trends in speed violations and the direct link to crashes and fatalities 
- Data inteligence has shown a clear upward trajectory in speed violations making this area a critical focus for road safety. 
- Speed violations are considered a national priority and received more dedicated attention within the tactical plan.
- Higher volume of planned operations aiming to mitigate the dangerous consequences of speeding. ",,"Data accepted. The PDO notes the over-performed pre-audit output for FY 24-25, the reasons listed for deviation. The PDO recommends the Institution revisit targets if the trend persist.",,,,,,,168
Transport,Transport,Western Cape,Programme 3: Transport Regulations,Sub-Programme 3.3: Law Enforcement,Quarterly,3.3.10 Number of traffic management evaluations concluded,Non-Standardized,Not  Applicable,Priority 2: Economic Transformation And Job Creation,VIP 1: Safe and Cohesive Communities,"The Economic Sectors, Employment and Infrastructure Development cluster",1,1,The target was achieved. The evaluation report will be shared with management to discuss and adopt the recommendation to improve service delivery.,,Target achieved. Data accepted.,1,0,The focus area has changed to conduct an impact assessment of performance management and accidents with official vehicles.,,Target achieved. Data accepted.,1,2,The evaluation reports are used to influence planning and to ensure that the outputs planned are achieved. It also assist in determining good practises and to address limitations.,,Data accepted. The PDO notes over-performed outcomes for Q3 of FY 2024-25. The PDO notes reason for performance indicated.,1,1,,,Data accepted. The PDO notes the achieved output for Q4 of FY 2024-25.,4,4,4,,,Data accepted. The PDO notes the achieved pre-audit output for FY 24-25.,,,,,,,168
Transport,Transport,Western Cape,Programme 3: Transport Regulations,Sub-Programme 3.3: Law Enforcement,Quarterly,3.3.2 Number of vehicles weighed,Standardized,Not  Applicable,Priority 2: Economic Transformation And Job Creation,VIP 1: Safe and Cohesive Communities,"The Economic Sectors, Employment and Infrastructure Development cluster",145000,164187,All the weighbridges achieved the targets for the performance indicators other then the Metro region which will be monitored on tactical level to ensure compliance.,,The data accepted and reason for over-performance noted.,155000,164116,The indicator was overachieved due to additional vehicles being weighed as a proactive measure to assist with the longivity and maintenance of the provincial road network and to ensure compliance to the law.,,Data accepted. The PDO notes the over-performed outcomes and reason for deviation and to focus on the Metro's underperformance. The PDO recommends the Department to revisit targets if the trend persist.,135000,207958,"Due to the under-achievement for this performance indicator, a lot of discussion took place and remedial actions were agreed upon. These remedial actions were implemented and monitored, which has yielded positive results to the achievement of this indicator. Focused operations were planned at the weighbridges as part of the festive season tactical plan to address driver and vehicle compliance for heavy motor vehicles.",,Data accepted. The PDO notes over-performed outcomes for Q3 of FY 2024-25. The PDO notes reason for performance indicated.,165000,152813,".The target for number of vehicles weighed was 
underachieved due to the following:

-Closure of all weighbridges mid-December 2024 till early January 2025.
- Less heavy vehicles on the road during the festive season.
","To ensure the effective utilization of resources and alignment between targets and operational plans the following will be done in conjunction with the Regional Directors. 

Review and adjust operational planning to identify misalignments between set targets, planning and resource allocations. Target setting was based on historical data and trends and was data driven and it is realistic and achievable taking available resources in account as well as external interventions.

There will be ongoing monitoring on tactical level to determine operational progress to identify early signs of deviations from the plan. 

These management measures aim to create a balanced, effective and resource conscious approach ensuring that resources are utilised to their fullest potential without causing overachievement or operational strain.","Data accepted. The PDO notes the partially achieved output for Q4 of FY 2024-25 and the Annual target was achieved. PDO notes the reason and corrective actions to manage performance indicated.
",600000,689074,689074,The indicator was overachieved due to additional vehicles being weighed as a proactive measure to assist with the longivity and maintenance of the provincial road network and to ensure compliance to the law.,,"Data accepted. The PDO notes the over-performed pre-audit output for FY 24-25, the reasons listed for deviation due to additional vehicles being weighed as an initiative-taking measure to assist with the longevity and maintenance of the provincial road network and to ensure compliance with the law. The PDO recommends the Institution revisit targets if the trend persist.",,,,,,,168
Transport,Transport,Western Cape,Programme 3: Transport Regulations,Sub-Programme 3.3: Law Enforcement,Quarterly,3.3.3 Number of drunken driving operations conducted,Standardized,Not  Applicable,Priority 2: Economic Transformation And Job Creation,VIP 1: Safe and Cohesive Communities,"The Economic Sectors, Employment and Infrastructure Development cluster",930,1102,The tactical plan prioritise drunk driving operations as alcohol misuse remains a high contributing factor to fatalities and crashes.,,The data accepted and reason for over-performance noted.,930,995,"Speed remains one of the key focus areas to contribute towards the reduction in road crash fatalities, therefore more speed operations were conducted than initially planned.",,Data accepted. The PDO notes the over-performed outcomes and reason for deviation. The PDO recommends the Department to revisit targets if the trend persist.,1045,1064,"Alcohol usage remains one of the social ills within the Western Cape Province. Historic data depicted that drunk driving is one of the challenges faced.  More mandatory operations, as part of the approved festive season tactical plan, were executed to achieve and address the challenge of drunk driving within the Western Cape Province.",,Data accepted. The PDO notes over-performed outcomes for Q3 of FY 2024-25. The PDO notes reason for performance indicated.,1045,1045,,,Data accepted. The PDO notes the achieved output for Q4 of FY 2024-25.,3950,4206,4206,"Alcohol usage remains one of the social ills within the Western Cape Province. Historic data depicted that drunk driving is one of the challenges faced.  More mandatory operations, as part of the approved festive season tactical plan, were executed to achieve and address the challenge of drunk driving within the Western Cape Province.",,"Data accepted. The PDO notes the over-performed pre-audit output for FY 24-25, the reasons listed for deviation to achieve and address the challenge of drunk driving within the Western Cape Province. The PDO recommends the Institution revisit targets if the trend persist.",,,,,,,168
Transport,Transport,Western Cape,Programme 3: Transport Regulations,Sub-Programme 3.3: Law Enforcement,Quarterly,3.3.4 Number of vehicles stopped and checked,Standardized,Not  Applicable,Priority 2: Economic Transformation And Job Creation,VIP 1: Safe and Cohesive Communities,"The Economic Sectors, Employment and Infrastructure Development cluster",425000,407888,Scheduled engagements will take place with respective Regional Directors and Traffic Chiefs to address proactive leave planning to mitigate the current under performance and inadequate reasons provided in terms of this performance indicator. ,,Data accepted. The PDO notes the under-performed output for Q1 of FY 2024-25. The PDO notes reason for deviation. The PDO notes corrective action to improve on desired outcomes.,425000,433626,There was an overachievement due to additional vehicles being checked as part of the Departments contribution towards the safety priority and the reduction of road crash fatalities.,,"Data accepted. The PDO notes the over-performed outcomes and reason for deviation and to focus on the Traffic Departments who underperformed. The PDO recommends the Department to revisit targets if the trend persist.
",425000,491979,This Performance Indicator was over-achieved during this quarter due to the influx of traffic in the Western Cape Province during this festive period. Vehicles stopped and checked and legal compliance for all road users remains the foundation and basis of Traffic Law Enforcement to guarantee that qualitative systematic inspections are done to ensure safety on our roads.,,Data accepted. The PDO notes over-performed outcomes for Q3 of FY 2024-25. The PDO notes reason for performance indicated.,425000,593607,"The target for vehicles stopped and checked was significantly 

exceeded by 27.4%. 

- Alignment of planning and deployments to the tactical plan.
- Additional integrated operations with RSM, SAPS and key role players.
- More vehicles were targeted for systematic inspection.","To ensure the effective utilization of resources and alignemnt between targets and operational plans the following will be done in conjunction with the Regional Directors. 

Review and adjust operational planning to identify misalignments between set targets, planning and resource allocations. Target setting was based on historical data and trends and was data driven and it is realistics and achievable taking available resources in account as well as external interventions.

There will be ongoing monitoring on tactical level to determine operational progress to identify early signs of deviations from the plan. 

These management measures aim to create a balanced, effective and resource conscious approach ensuring that resources are utilised to their fullest potential without causing overachievement or operational strain.",Data accepted. The PDO notes over-performed outcomes for Q4 of FY 2024-25. The PDO notes the reason and corrective actions to manage performance indicated.,1700000,1927100,1927100,The indicator was overachieved due to additional vehicles being weighed as a proactive measure to assist with the longivity and maintenance of the provincial road network and to ensure compliance to the law.,,"Data accepted. The PDO notes the over-performed pre-audit output for FY 24-25, the reasons listed for deviation due to additional vehicles being weighed as an initiative-taking measure to assist with the longevity and maintenance of the provincial road network and to ensure compliance with the law. The PDO recommends the Institution revisit targets if the trend persist.",,,,,,,168
Transport,Transport,Western Cape,Programme 3: Transport Regulations,Sub-Programme 3.3: Law Enforcement,Quarterly,3.3.5 Number of pedestrian operations conducted,Standardized,Not  Applicable,Priority 2: Economic Transformation And Job Creation,VIP 1: Safe and Cohesive Communities,"The Economic Sectors, Employment and Infrastructure Development cluster",12,16,The over performance is due to a collective effort to further increase focus on addressing pedestrians as the biggest contributor of road fatalities.  An additional team was created to service the Metro which increased the number of operations conducted. ,,The data accepted and reason for over-performance noted.,12,15,Traffic Law enforcement operations were overachieved as more operations were executed than initially planned for.,,Target achieved. Data accepted.,13,32,The directorate performed well and over achieved the targets due to more focus given to pedestrians at HAZLOC areas. Collaboration with stakeholders for pedestrian awareness were discussed in detail and plans were documented and implemented accordingly. ,,Data accepted. The PDO notes over-performed outcomes for Q3 of FY 2024-25. The PDO notes reason for performance indicated.,13,13,,,Data accepted. The PDO notes the achieved output for Q4 of FY 2024-25.,50,76,76,For the year under review there was an over achievement due to a higher demand  for pedestrians operations from stakeholders.,,"Data accepted. The PDO notes the over-performed pre-audit output for FY 24-25, the reasons listed for deviation due to a higher demand for pedestrians operations from stakeholders. The PDO recommends the Institution revisit targets if the trend persist.",,,,,,,168
Transport,Transport,Western Cape,Programme 3: Transport Regulations,Sub-Programme 3.3: Law Enforcement,Quarterly,3.3.6 Number of road safety awareness interventions conducted,Standardized,Not  Applicable,Priority 2: Economic Transformation And Job Creation,VIP 1: Safe and Cohesive Communities,"The Economic Sectors, Employment and Infrastructure Development cluster",125,169,The over achievement will be addressed as other projects such as the Participatory Education Training Project- PET and the establishment of the EPWP programme will require additional attention which is not measured in the APP indicators.,,The data accepted and reason for over-performance noted.,125,185,This indicator was overachieved as more awareness interventions were executed than initially planned for.,,Data accepted. The PDO notes the over-performed outcomes. The PDO recommends the Department to revisit targets if the trend persist.,125,"208
",The directorate performed well and over achieved the targets due to more focus given to pedestrians at HAZLOC areas. Collaboration with stakeholders for pedestrian awareness were discussed in detail and plans were documented and implemented accordingly. Road Safety Ambassadors focused on pedestrian safety in the areas where this was recorded as challenges. ,,Data accepted. The PDO notes over-performed outcomes for Q3 of FY 2024-25. The PDO notes reason for performance indicated.,125,151,"The target was exceeded as there was a need for more road safety talks during Participatory 
Educational Techniques (PET) training in preparation for National participation.",,Data accepted. The PDO notes over-performed outcomes for Q4 of FY 2024-25. The PDO notes the reason for performance indicated,500,713,711,For the year under review there was an over achievement due to a higher demand for road safety awareness interventions from stakeholders.,,"Data accepted. The PDO notes the over-performed pre-audit output for FY 24-25, the reasons listed for deviation due to a higher demand for road safety awareness interventions from stakeholders. The PDO recommends the Institution revisit targets if the trend persist.",,,,,,,168
Transport,Transport,Western Cape,Programme 3: Transport Regulations,Sub-Programme 3.3: Law Enforcement,Quarterly,3.3.7 Number of schools involved in road safety education,Standardized,Not  Applicable,Priority 2: Economic Transformation And Job Creation,VIP 1: Safe and Cohesive Communities,"The Economic Sectors, Employment and Infrastructure Development cluster",72,83,The over performance will be off-set during school holiday periods especially in Quarter 3 and Quarter 4,,The data accepted and reason for over-performance noted,79,55,Some of the activities could not be executed due to unavailability of stakeholders. These are planned for in the next reporting cycle.,,The target was not achieved (97.47%). Please confirm and revise outcome and/or 'reason for Deviation' PRIOR to HOD signoff.,63,80,Road Safety in Schools remains a focus area and the target for this performance indicator was over-achieved. ,,Data accepted. The PDO notes over-performed outcomes for Q3 of FY 2024-25. The PDO notes reason for performance indicated.,66,110,The target was exceeded as more Scholar Patrol initiatives (SP) were implemented as new schools established scholar patrols (SP). ,,"Data accepted. The PDO notes over-performed outcomes for Q4 of FY 2024-25. The PDO notes the reason for performance indicated.
",280,328,298,For the year under review there was an over achievement due to a higher demand  for road safety education programmes from schools.,,"Data accepted. The PDO notes the over-performed pre-audit output for FY 24-25, the reasons listed for deviation due to a higher demand for road safety education programmes from schools. The PDO recommends the Institution revisit targets if the trend persist.",,,,,,,168
Transport,Transport,Western Cape,Programme 3: Transport Regulations,Sub-Programme 3.3: Law Enforcement,Quarterly,3.3.8 Number of traffic law enforcement operations conducted,Non-Standardized,Not  Applicable,Priority 2: Economic Transformation And Job Creation,VIP 1: Safe and Cohesive Communities,"The Economic Sectors, Employment and Infrastructure Development cluster",900,1689,The introduction of the technological application to regulate the operational plans of the traffic centres against the mandatory tactical plan is showing benefits in preventing over achievement in this specific intervention. The improvement assist in resources that can be effectively utilised to enhance more visible traffic policing to create an omnipresence that will prevent bad driver behaviour.,,The data accepted and reason for over-performance noted.,900,1686,Traffic Law enforcement operations were overachieved as additional operations mandates requests were received from National and SAPS.,,Data accepted. The PDO notes the over-performed outcomes. The PDO recommends the Department to revisit targets if the trend persist.,1300,1478,The festive season tactical plan holistically reviewed all the challenges faced from a traffic law enforcement perspective and operations were planned and over-achieved.,,Data accepted. The PDO notes over-performed outcomes for Q3 of FY 2024-25. The PDO notes reason for performance indicated.,900,1523,"The target for TLE operations was significantly exceed by 30.1%. This overachievement can be attributed to several factors both operational and strategically including the demands associated with major contributory factors to raod fatalities such as speed, DUI, moving violations, driver behaviours and public transport.

- The introduction of special operations across all corridors designed to address these critical road safety issues. 
- Province is not always aligned with the prescribed quarterly operational demands. 
- The influence of national interventions which were imposed above the quarterly planning also played a significant role in the increase number of operations.
- Misalignment between provincial and national strategies.",,Data accepted. The PDO notes over-performed outcomes for Q4 of FY 2024-25. The PDO notes the reason and corrective actions to manage performance indicated.,4000,6376,6376,"This overachievement can be attributed to several factors both operational and strategically including the demands associated with major contributory factors to raod fatalities such as speed, DUI, moving violations, driver behaviours and public transport.
- The introduction of special operations across all corridors designed to address these critical road safety issues. 
- Province is not always aligned with the prescribed quarterly operational demands. 
- The influence of national interventions which were imposed above the quarterly planning also played a significant role in the increase number of operations.
- Misalignment between provincial and national strategies.
- Additional officers deployed during the period",,"Data accepted. The PDO notes the over-performed pre-audit output for FY 24-25, the reasons listed for deviation due to several factors both operational and strategically including the demands associated with major contributory factors to road fatalities such as speed, DUI, moving violations, driver behaviors and public transport. The PDO recommends the Institution revisit targets if the trend persist.",,,,,,,168
