Sector,Institution,Programme,SubProgramme,Location,Frequency,Indicator,Type,SubType,Outcome,Cluster,Target_Q1,ActualOutput_Q1,ReasonforDeviation_Q1,CorrectiveAction_Q1,Target_Q2,ActualOutput_Q2,ReasonforDeviation_Q2,CorrectiveAction_Q2,Target_Q3,ActualOutput_Q3,ReasonforDeviation_Q3,CorrectiveAction_Q3,Target_Q4,ActualOutput_Q4,ReasonforDeviation_Q4,CorrectiveAction_Q4,AnnualTarget_Summary2,Preliminary_Summary2,PrelimaryAudited_Summary2,ReasonforDeviation_Summary,CorrectiveAction_Summary,ValidatedAudited_Summary2,UID
,"Trade, Industry and Competition",National,Progamme 4:Sectors,Progamme 4:Sectors,Quarterly,Value of investment facilitated,Not Applicable,Not  Applicable,Priority 2: Economic Transformation And Job Creation,"The Economic Sectors, Employment and Infrastructure Development cluster",R400m,"R714M;
Veer  
R400M
Aerospace (6 companies)  – R5,538M; 
Evergreen - R80M
CTFL - R6.6M. Two Companies: Senza Clothing (Pty) Ltd. R1.27M and Amanda Laird R5.34M
Agro-Processing: SAPA: R220M (Rainbow Chicken Hammarsdale Plant) (Plant Opening on 28 August 2023)
SAFI – R1.7M 
Opening: R714M
Metals: Velocity Venture – aluminum ingots and rod – R120M (in collaboration with ISA - SAIC","Regular Monitoring of investments pledged
",N/A,R400m," R41.1M

","Regular monitoring of investments pledged
",N/A,R300m,"R1 095bn;
Opening : R1.9bn
Electrotechnical :
Wiener : R400m
Metals:
• Company 1-: R28M
• Company 2 R38.2M
NIPP
Rolls Royce – R8,9m
Wartsila –
CPUT 1- R10.8
CPUT&Marine – R9,1m
Agroprocessing
Poultry Master Plan
Company 1 – R356m (IDC)
Company 2 – R237m (IDC)
Company 3 – R6.09m (Landbank)
Company 4 – R1.8m (Furniture)
",NA,NA,"R400m

","R177m 
AISI –
 R9m
AluSouth – R80m
GMSA – R3.1m
Reefo Southern Africa – R85m
",Regular monitoring of investments pledged,N/A,R1.5bn,-,"R3. 186bn 
","Regular monitoring of investments pledged
",N/A,N/A ,177
,"Trade, Industry and Competition",National,Progamme 4:Sectors,Progamme 4:Sectors,Quarterly,Value (Rand) of additional local output committed or achieved,Not Applicable,Not  Applicable,Priority 2: Economic Transformation And Job Creation,"The Economic Sectors, Employment and Infrastructure Development cluster",R1bn,"R229 000 000 
secured from;
Chemicals R60M:  Company 1: Afrizonke (R15M)  & Company 2: Chemcor (R45M) 
Plastics R135M: Company 1: SRF Flexipack (R130M) & Company 2: Techofuel (R5M) 
Primary minerals R30M: Company1Polarium(R30M) 
Poultry (R3.9M): Local  production added from 185 000 birds to 300 000 = 115 000 @ R34/birds   
Total: R229 000 000 
","Inability of firms to confirm accurate localization data
","Intensive engagements with stakeholders on localization
",R1bn,"R1.9bn ( 2A R1.409bn & 2B R496M 

Opening : R229m
Aerospace and Defence:
 Sector-wide: R9,8m
 
Poultry: 
Rainbow Chicken – R1,4bn (pa) estimated incremental value with 2 million extra chickens produced per month 

Chemicals: 
Elegant Afro Chemicals R 167 742 000
African Chemicals  R 328 200 000
","Regular monitoring of investments pledged
","N/A
",R250m,"R1bn ( A R87M & 2B 
R1bn)

Opening : R1.9bn
Metals:
Company 1-: R87M 

Pungeni Aromatics: R1bn

","Regular monitoring of localization data committed and achieved
",NA,"R250m

","R272m;
Agro Processing:
•	Tiger Brands: R265M
•	AISI – R7.2m",Regular monitoring of localisation data committed and achieved,N/A,R2.5bn,-,"R3Bn
","Inability of firms to confirm accurate localization data
","Intensive engagements with stakeholders on localization
",N/A ,177
,"Trade, Industry and Competition",National,Progamme 4:Sectors,Progamme 4:Sectors,Quarterly,Value of exports in manufacturing sectors,Not Applicable,Not  Applicable,Priority 2: Economic Transformation And Job Creation,"The Economic Sectors, Employment and Infrastructure Development cluster",R100m,"R521.4M secured from;
• Cosmetics - In-Cosmetics Global 2023 in Spain, Export orders signed by Natural Ingredients producers at the stands amounted to R1 438 060 with 556 trade leads collected by the companies; April 2023.
• Raw sugar exports (April 2023) – SASSA (Source: SARS/Quantec) 
","Regular monitoring of sector 
interventions and increased stakeholder engagements
",N/A,R100m,"R204M

",N/A,N/A,R50m,"Nil
","Annual Target already exceeded in previous quarter
","NA
","R160m

","R2.6m
Metals
Company 1 – R2.3.m
Company 2 – R300 000
",Regular monitoring of sector interventions and increased stakeholder engagements,N/A,R410m,-," R3.2Bn 
","Regular monitoring of sector interventions and increased stakeholder engagements
",N/A,N/A ,177
,"Trade, Industry and Competition",National,Progamme 4:Sectors,Progamme 4:Sectors,Quarterly,Value of exports in manufacturing sectors to Africa,Not Applicable,Not  Applicable,Priority 2: Economic Transformation And Job Creation,"The Economic Sectors, Employment and Infrastructure Development cluster",R25m,"R430 000 
","No targeted programme for Africa Regional Development
","Increased engagements with exporters into Africa
",R25m,R130.88,"Regular monitoring of sector interventions and increased stakeholder engagements
",N/A,R10m,"R30M:
Opening : R133.2M

Metals: R30M
Company 1:R0.32M 
Company 2:R22.7M
Company 3: R6.7M

","Regular monitoring of sector interventions and increased stakeholder engagements
",NA,"R33m


","R80m

Metals
Company 1 –R5.9m
Company 2 – R73.8m
Company 3 –  R300 000
",Regular monitoring of sector interventions and increased stakeholder engagements,N/A,R93m,-,"R 244.M
","No targeted programme for Africa Regional Development



Regular monitoring of sector interventions and increased stakeholder engagements
",N/A,N/A ,177
,"Trade, Industry and Competition",National,Progamme 4:Sectors,Progamme 4:Sectors,Quarterly,Number of jobs supported,Not Applicable,Not  Applicable,Priority 2: Economic Transformation And Job Creation,"The Economic Sectors, Employment and Infrastructure Development cluster",600 000,"614 159 jobs supported through the following sectors: 
Poultry and Sugar - 132 000; Autos –  53137 
CTFL – 86612 manufacturing + 120 000 retail; Furniture Masterplan – 22 000; 
Steel Masterplan - 219 457. 
","Regular monitoring of industry interventions and increased stakeholder engagements
",N/A,600 000,"670 790 


","Regular monitoring of sector interventions and increased stakeholder engagements
",N/A,"600 000
","671 184 jobs supported
through the following
sectors:
Master Plans (668 070)
Poultry – 47 000 and
Sugar - 79 000; Autos –
116 288; CTFL – 68 409
manufacturing + 120 000
retail; Furniture
Masterplan – 24 059;
Steel Masterplan – 213
314 (CTFL, Furniture &
Steel is based on QES
published on 28
September 2023)
Non Masterplans: 3 114
NIPP (Automotives) 1 857
Aerospace Industry
Support Initiative 1 257
","Regular monitoring of industry interventions and increased stakeholder engagements
",NA,"600 000
","742 759 jobs supported through the following sectors:

Master Plan: 740 075
Poultry & Sugar: 126 000
Automotives: 116 288
CTFL & Furniture: 211 832
Steel: 220 355
GBS: 65 600

Non-Masterplans: 2 684
NIPP (Automotives) 1 427
Aerospace Industry Support Initiative 1 257
",Regular monitoring of industry interventions and increased stakeholder engagements,N/A,600 000,-,"682 172 
","Regular monitoring of industry interventions and increased stakeholder engagements
",N/A,N/A ,177
,"Trade, Industry and Competition",National,Progamme 4:Sectors,Progamme 4:Sectors,Quarterly,Number of jobs to be created through the dtic programmes: •	50 000 social economy fund part-time or temporary job opportunities; •	50 000 full-time jobs,Not Applicable,Not  Applicable,Priority 2: Economic Transformation And Job Creation,"The Economic Sectors, Employment and Infrastructure Development cluster",400,"1 836 jobs created through the following sectors: 
Primary Minerals: 550 Scaw Metals, 
Angi Steel, Polarium Veer Metals 800,
Velocity Ventures 250 jobs to be created at full production
Plastics: 8
CTFL: 115 
Electro technical: 20 (ABB South Africa)
Medical devices: 10 new jobs created and an additional 50 is proposed to be created as a result of the new manufacture operations(Evergreen Latex)
National Industrial Participation Programme: 93
","Regular monitoring of industry interventions and increased stakeholder engagements
",N/A,400,"1 219
 
","Regular monitoring of industry interventions and increased stakeholder engagements
",N/A,"250
","891 (13 B1: 656 & 13 B2: 235)
","Regular monitoring of industry interventions and increased stakeholder engagements
",NA,"409

","28 jobs in Metals

Company 1 – 5
Company 2 – 23
",Annual Target exceeded in previous quarter,N.A,1 459,-,"4 042 
","Regular monitoring of industry interventions and increased stakeholder engagements
",N/A,N/A ,177
,"Trade, Industry and Competition",National,Progamme 4:Sectors,Progamme 4:Sectors,Quarterly,Number of jobs in Black industrialist firms supported by the dtic group,Not Applicable,Not  Applicable,Priority 2: Economic Transformation And Job Creation,"The Economic Sectors, Employment and Infrastructure Development cluster",1 000,"526 jobs in black industrialist firms
",Low monitoring of black-owned business in sectors,"Increased sector interventions amongst  black 
industrialists",1 000,"16 071:

","Regular monitoring of industry interventions and increased stakeholder engagements
",N/A,1 500,"422:
Metals: 422
","Regular monitoring of industry interventions and increased stakeholder engagements

Annual target exceeded already

",NA,"1 500

",Nil,Annual Target exceeded in previous quarter,N/A,5 000,-,"16 666
","Regular monitoring of industry interventions and increased stakeholder engagements
",N/A,N/A ,177
,"Trade, Industry and Competition",National,Progamme 4:Sectors,Progamme 4:Sectors,Quarterly,Publishing of regulations when necessary and expedited publishing of energy efficiency compulsory specifications.,Not Applicable,Not  Applicable,Priority 2: Economic Transformation And Job Creation,"The Economic Sectors, Employment and Infrastructure Development cluster",1,"2 compulsory
Specifications submitted i.e.;

General Service Lamps were published in the Government Gazette on 23 May 2023.; and
Submission on the amendment of the Compulsory Specification for Electrical and Electronic Appliances was submitted .
","
Increased and regular monitoring of sector interventions
"," 
N/A",1,"1 compulsory
Specifications submitted i.e.;

Energy efficiency and labelling of electric motors,
","Regular monitoring of industry interventions and increased stakeholder engagements
","N/A
",1,"1 Proposed Compulsory
Specification for Efficiency
Requirements of Electric
Motors (VC 9113) was
gazetted for public comment
on 5 October 2023.
",NA,NA,"1

",Nil,Annual Target exceeded in previous quarter,N/A,4,-,4,N/A,N/A,N/A ,177
,"Trade, Industry and Competition",National,Progamme 4:Sectors,Progamme 4:Sectors,Quarterly,"Priority legislation amended, tabled or submitted to Executive Authority, Cabinet or Parliament",Not Applicable,Not  Applicable,Priority 2: Economic Transformation And Job Creation,"The Economic Sectors, Employment and Infrastructure Development cluster",Nil,"Submission of NBR Act finalised and submitted
","Ministerial intervention that had to be expedited 
",N/A,Nil,N/A,N/A,"N/A
",Nil,NA,NA,NA,"1

","Draft National Building Regulations (NBR) Amendment Bill, Cabinet Memorandum and other supporting documentation were submitted to the Minister",N/A,N/A,1,-,1,"Ministerial intervention that had to be expedited 
",N/A,N/A ,177
,"Trade, Industry and Competition",National,Progamme 4:Sectors,Progamme 4:Sectors,Quarterly,High impact trade and climate change strategy and advocacy,Not Applicable,Not  Applicable,Priority 2: Economic Transformation And Job Creation,"The Economic Sectors, Employment and Infrastructure Development cluster","Assessment of 
existing carbon policy and trading 
elements","Assessment of existing carbon policy and trading elements 
",N/A,N/A,"Analyse 
potential mitigation strategies","Analysed potential mitigation strategies

Training for new heads of foreign missions – dirco by Green Industries on amongst others CBAM implications and response
","Regular monitoring of industry interventions and increased stakeholder engagements
","N/A
","Stakeholder 
engagements workshops on draft strategy and action
plan
",Nil,"Branch requested the indicator to be removed from revised APP as it is led by Trade branch
",NA,"Finalisation of

strategy and action plan on Carbon Boarder Adjustment Mechanisms",N/A,N/A,N/A,"Strategy and action
 plan for South Africa’s engagement with the EU on Carbon Border Adjustment Mechanisms",-,,,,N/A ,177
,"Trade, Industry and Competition",National,Progamme 4:Sectors,Progamme 4:Sectors,Quarterly,Increase in Green industrialisation and energy efficiency,Not Applicable,Not  Applicable,Priority 2: Economic Transformation And Job Creation,"The Economic Sectors, Employment and Infrastructure Development cluster",Nil,"Work on the EV 
Road Map is ongoing: Inter-departmental engagements between DTIC & NT are seized with finalizing a support framework and quantum. 
Autos: A Road Map working document (first draft). The dtic response report to NT on the NEV proposal.
Net benefit analysis of the NEV incentive package. A meeting with Technical Task Team was held on 07 June 2023, to discuss progress to-date and way forward.
13/06/2023 – Interdepartmental Work stream meeting was held between DTIC, NT and IDC. The outline of the different support measures was discussed and how the teams will work together, a timeline was set from June to August 2023 to complete the funding proposals.
","Ministerial intervention that had to be expedited 
",N/A,Nil,"the dtic met with National Treasury on 04 August 2023 for further engagement on possible funding models to support local EV production
Draft EV white paper was prepared and submitted to DG’s office
","Ministerial intervention that had to be expedited 
","N/A


","Nil
",NA,NA,NA,"1
",1,N/A,N/A,1,-,1,N/A,N/A,N/A ,177
,"Trade, Industry and Competition",National,Progamme 4:Sectors,Progamme 4:Sectors,Quarterly,Green Hydrogen commercialisation framework implemented,Not Applicable,Not  Applicable,Priority 2: Economic Transformation And Job Creation,"The Economic Sectors, Employment and Infrastructure Development cluster","Assessment of 
comments received by stakeholders","The Green Hydrogen Commercialisation Strategy was updated in June 2023 to include the public comments received. The socio-economic impact assessment was updated.
Green Hydrogen  commercialisation strategy presented to DG ESIEID Cluster and was approved for submission to Cabinet in July 2023. 
",N/A,N/A,"Stakeholder 
engagements and finalisation of comments","Stakeholder engagements and finalised comments
The GHCS executive summary was rewritten to align with the updated strategy.
GHCS was submitted to Minister’s office to be placed on Cabinet Agenda
Green Hydrogen panel met with Minister on 28 July 2023. Minister provided feedback to finalise GHCS and set target date for Cabinet for October 2023.
Green Hydrogen Steering Committee meeting to finalise Green Hydrogen Summit programme – 25 August 2023
The Green Hydrogen Commercialisation Strategy finalised for Cabinet submission in September 2023. Strategy to be presented to Cabinet in October 
",N/A,"N/A
","Development of 
draft Green Commercialisation
framework
",Green Hydrogen commercialization Strategy was approved by Cabinet and announced by the Minister,Ministerial intervention that had to be expedited ,NA,"Implementation of 

Green Hydrogen Commercialisation
framework
","Green Hydrogen Commercialisation
Framework led and implemented by the IDC steering committee in conjunction with the Green Industries desk.

",N/A,N/A,1,-,"Green Hydrogen Commercialisation
Framework led and implemented by the IDC steering committee in conjunction with the Green Industries desk.
",N/A,N/A,N/A ,177
,"Trade, Industry and Competition",National,Progamme 4:Sectors,Progamme 4:Sectors,Quarterly,"Number of Master Plans managed, and new Master Plan finalised",Not Applicable,Not  Applicable,Priority 2: Economic Transformation And Job Creation,"The Economic Sectors, Employment and Infrastructure Development cluster","Action minutes
 
on the monitoring and evaluation of the 6 approved Master
Plans implemented

Appointment of a facilitator for the development of a draft medical devices Master Plan
","Action minutes on the monitoring and evaluation of the 6 approved Master Plans implemented 


Facilitator appointed for the Medical Devices MP and engagements with industry stakeholders in progress. Inception report outlining key elements (regulatory issues, procurement and financial support packages) to be pursued developed


Hemp and Cannabis Master Plan: the dtic participated in the Cannabis and Hemp Mini Phakisa which took place from 19 to 23 June 2023
",N/A,N/A,"Action minutes

 on the 
monitoring and evaluation of the 6 approved Master Plans implemented

Development of research and stakeholder engagements towards the draft medical devices Master Plan","Action minutes on the monitoring and evaluation of the 6 approved Master Plans implemented 

First draft of masterplan currently under review.  Facilitated HMP consultation workshop for KZN Medical device manufacturers.

Engagements were held in Cape Town with SUPRA Health, Medical Diagnostics, the Medical Research Council and WESGRO. Engagements also took place with the Board of Health Funders

The challenges that have been identified to date that impact on local manufacturing are:
Regulation
Procurement
Costs of registration and certification
Incentives
Skills
BEE –configuration
Collaborative within the industry

Hemp and Cannabis Masterplan: 
The desktop review report for the cannabis financing framework in place. Provided technical inputs to the review of the agro-processing support scheme to accommodate cannabis for funding. Input provided to the Hemp and Cannabis: Financing Framework Study Fieldwork Report

",N/A,"N/A
","Action 
minutes 
on the monitoring and evaluation of the 6
 approved Master
Plans implemented






Action minutes on stakeholder engagements on the commitments made towards the draft medical devices
Master Plan

","
Action minutes on the monitoring and evaluation of the 6 approved Master Plans implemented 

A 2nd draft plan was tabled with
Minister’s office on 11 December
2023 and some changes were
effected for submission by 13
December 2023.
High-level commitments
received from various
stakeholders to the process
which includes the private sector
and research councils. The
stakeholders have indicated that
the challenges around
procurement and regulatory are
critical and require immediate
intervention before further
commitment can be made.
Minister has also requested that
we validate the content of the
draft Plan once he has agreed on
the framework, interventions
and commitments required.

",NA,NA,"Action minutes

 on the monitoring and evaluation of the 6 approved Master Plans implemented

Development of a draft Medical Devices Masterplan

","Action minutes on the monitoring and evaluation of the 6 approved Master Plans implemented

Draft Medical Devices Masterplan developed
",N/A,N/A,"Monitoring and 

evaluation of the 
implementation of 6 approved Master Plans

1 draft Medical Devices Master Plan developed as per the Re-imagined Industrial Strategy",-,"Four quarterly reports on the monitoring and evaluation of the implementation of 6 approved master plans

1 draft Medical Devices Master Plan developed 	
",N/A,N/A,N/A ,177
,"Trade, Industry and Competition",National,Progamme 4:Sectors,Progamme 4:Sectors,Quarterly,Action minutes towards the increased efficiency of Technical Infrastructure institutions by ensuring that 95% of KPI’s of their APP’s are achieved,Not Applicable,Not  Applicable,Priority 2: Economic Transformation And Job Creation,"The Economic Sectors, Employment and Infrastructure Development cluster","1 Action minute
","1 Action minute for
 a CEOs forum that was held on the 19th of April to provide alignment to the APP and to provide strategic oversight to the entities    
","N/A    
",N/A,"1 Action minute
","1 Action minute 
",N/A,N/A,"1 Action minute

","Quarterly reports received from entities
Quarterly  meeting held with CEOs of TI entities
Minutes done, but will only be available in Q4
",NA,NA,"1 Action minute



",1 Action minute for a CEOs forum meeting that was held on 18 March 2024,N/A,N/A,"4 Action 
minutes towards the increased efficiency of Technical Infrastructure institutions by ensuring that 95% of KPI’s of their APP’s are achieved
",-,"4 Action minutes for the following meetings : 
CEOs forum that was held on the 19th of April to provide alignment to the APP and to provide strategic oversight to the entities;    
CEOs forum that was held on 10 July 2023 to discuss progress on the APP deliverables and to provide strategic oversight to the entities; 
Held a Quarterly meeting with SANAS on 15 August 2023 to discuss APP and related matters;
Quarterly reports received from entities and quarterly  meeting held with CEOs of TI entities
Action minute for a CEOs forum meeting that was held on 18 March 2024
",N/A,N/A,N/A ,177
,"Trade, Industry and Competition",National,Progamme 4:Sectors,Progamme 4:Sectors,Quarterly,Number of regulations published & red tape reduction interventions,Not Applicable,Not  Applicable,Priority 2: Economic Transformation And Job Creation,"The Economic Sectors, Employment and Infrastructure Development cluster",Nil,"NRCS: issuing letters of authority - 85% of LOA’s processed within 90 days 
","Progress update expedited by the Entity 
",N/A,"Action 
minutes 

on red- tape reduction in two identified areas:
Decrease in turnaround times within Technical Infrastructure institutions
1) SABS to improve
turnaround times onpublishing of standards from 365 days to 320 days
2) NRCS to assess and decide on issuing a letter of authority from 120 days to 90 days


","Action minutes on red- tape reduction in two identified areas:
Decrease in turnaround times within Technical Infrastructure institutions
SABS: The average turnaround time to publish standards was 199 average days from 340 days
NRCS: issuing letters of authority (LoA) 90% of LOA’s processed within 90 days, from 120 days.
",N/A,N/A,Nil,"SABS: publication of standards - 286 average days to publish standards at the end of Q2 against the annual target of 320 days.

NRCS: issuing letters of authority - 92% of LOA’s processed within 90 days at the end of Q2 against the annual target of 90 days
",NA,NA,"Action minute


s
 on red- tape reduction in two identified areas: Decrease in turnaround times within Technical Infrastructure institutions
1)	SABS to improve turnaround times on publishing of standards from 365 days to 320 days
2)	NRCS to assess and decide on issuing a letter of authority from 120 days to 90 days
","Action minutes on red- tape reduction in two identified areas:
Decrease in turnaround times within Technical Infrastructure institutions
1)	SABS: 304 average days to publish standards at the end of Q3 against the annual target of 320 days
2)	NRCS: issuing letters of authority - 93% of LOA’s processed within 90 days at the end of Q3 against the annual target of 90 days. .
",N/A,N/A,"Two bi-annual 

action minutes on the decrease in turnaround times within Technical Infrastructure institutions
1) SABS to improve turnaround times on publishing of standards from 365 days to 320 days 
2) NRCS to assess and decide on issuing a letter of authority from 120 days to 90 days

",-,"Two bi-annual
action minutes on
the improvement
of turnaround
times of two
key technical
infrastructure
institutions
(SABS/NRCS)
(Produced twice
a year)
",N/A,N/A,N/A ,177
,"Trade, Industry and Competition",National,Progamme 4:Sectors,Progamme 4:Sectors,Quarterly,"Development of a Metal Trading System to identify stolen public infrastructure entering the scrap metal value-chain, export market or legitimate metal production industry",Not Applicable,Not  Applicable,Priority 2: Economic Transformation And Job Creation,"The Economic Sectors, Employment and Infrastructure Development cluster","Electronic design of
the system
","The design of
 the system was completed in Feb 2023. However, a tender was issued for the implementation of the design also known as “architecture of the system”
",N/A,N/A,"Consultation with 
key stakeholders
","A demo online system has been developed with  user and dealer modules.
",N/A,"N/A
","Finalisation of the 
system
",Metal Trading System (MTS) prototype has been developed and its is going through a process of testing,NA,NA,"Implementation of 

the system
",The Metal Trade System (MTS) development has been finalized in conjunction with the Trade Branch and Research Branch. It is going through a testing and piloting phase with a select group of users,N/A,N/A,"Development and 
institutionalisation of the New Metal trading system to eliminate
metal infrastructure theft and damage

",-,"Development has been finalised and institutionalised and housed at ITAC where ongoing testing is taking place.
",N/A,N/A,N/A ,177
,"Trade, Industry and Competition",National,Programme 1: Administration,Programme 1: Administration,Quarterly,"Number of the dtic success stories profiled through case studies, advertising campaigns and social media platforms",Not Applicable,Not  Applicable,Priority 2: Economic Transformation And Job Creation,"The Economic Sectors, Employment and Infrastructure Development cluster",250,205,"Most of the quarter was used to plan the
implementation of the project, as a
result, the actual execution started in the middle of the quarter. The target of 250 could not be reached. Information flow and consolidation of case studies was a challenge
","The appointment of a service provider will be concluded by Q2 and that will help to start the project on time and improve information flow and consolidation of case studies
",250," 110 
","Case studies still need to be quality assured through internal processes
","Quality assurance processes to commence as branches and entities case studies
","250
","110
","Some branches and
entities have not yet
submitted their case
studies for the
quarter under review

",N/A ,"250
",190 ,Most branches and entities did not submit their case studies,n/A ,1 000,-,"1 218 success stories profiled
through case studies, multimedia channels and social media
","More success stories received but processing became laborious 
","Content specialists should do site visits and source information directly from project owners

Standard Operating Procedures must be developed to guide the case studies work
",N/A ,177
,"Trade, Industry and Competition",National,Programme 1: Administration,Programme 1: Administration,Quarterly,Community outreach initiatives completed in 52 Districts,Not Applicable,Not  Applicable,Priority 2: Economic Transformation And Job Creation,"The Economic Sectors, Employment and Infrastructure Development cluster",13,"6 outreache

s where Min/DMs were present: 
 
i. DM Gina Jozini Sizakhele Special Project – KZN 7/04/2023 
ii. DM Gina outreach programme, Kuruman, NC,  21/04/2023
iii. Presidential Imbizo – Winelands, WC, 19/5/23
iv. NYDA outreach, FS, 
16/6/23 –
v. DM Gina Business Seminar Outreach programme, KZN, 29/6/23 
vi. 30/6/23 Presidential Imbizo, Ladysmith, KZN
Legislative and Policies’ Awareness and Education outreach programme – GP; 27/6/23
AfCFTA  Workshops 
-KZN – 25/5/23
-GP- 05/6/2023
-Limp- 09/6/2023
-Mpu-15/6/2023 
-EC - 23/6/2023 
University of LP Student Visit – 19-20 June 2023

","Submission was referred to EXBO by ADG.  LS attended to matter within timeframes as stipulated in Operational plan
","A meeting needs to be held with ADG to discuss delays. ADG to take the matter forward.
",13,"5 Outreach
12 Support Programmes

(17)
","2x outreaches Postponed

",N/A,13,"2 Community
Outreach
• 30/11/’23: DM
Gina Business
Seminar
(outreach) –
FS (Qwa-
Qwa);
• 07/12/’23:
Presidential
Imbizo (DG
Gina) – FS
Welkom.
","Postponement of 5 X
Education and
Awareness Outreach`s
under Programme 5:
Regulation
","A recommendation was presented to the Acting DG to avoid cancellation of Community Outreach programmes. Each project will be evaluated on merit by the Acting DG. 
","13
","1 Presidential Imbizo , Nkangala District Municipality: MPUMALANGA
Date: 07/03/2024
",Cancellations and changes of proposed programmes,Review the current status cue and honor Public Private Partnership (PPP) intervention programmes,52,-,"52 Community outreach initiatives completed in all 52 District 
",N/A,N/A,N/A ,177
,"Trade, Industry and Competition",National,Programme 1: Administration,Programme 1: Administration,Quarterly,"Value of funding accessed, and support provided to SMMEs",Not Applicable,Not  Applicable,Priority 2: Economic Transformation And Job Creation,"The Economic Sectors, Employment and Infrastructure Development cluster",0,"100% of 2 819 eligible creditors’ payments were made within 30 Days (92,73% of payments were made within 15 days and the remainder was processed within 30 days)
","Target exceeded due to robust reviews on the turnaround times through monitoring the daily statistics
",N/A ,"7 % PWD
40 % 

Women
30 % Youth
of procurement approved towards Women, Youth & PWD owned businesses

","Women 37% (R 35
929 976)
 
Youth 45% (R42
893 721)
 
PWD 0% (R415
851)

","Procurement is still decentralized and will
be addressed through
the centralization of
Financial Advisors
","The implementation of
a centralized
procurement with
effect from 1
December 2023 will
ensure targeted
procurement
",0,N/A ,N/A ,N/A ,"7 % PWD
40 % 


Women
30 % Youth
of procurement approved towards Women, Youth & PWD owned businesses

","PWD 1% 
(R938 702,04)

Women 42% 
(R 46 417 465,16)

Youth 47%
(R52 783,81)
",Procurement is still decentralized and will be addressed through the centralization of the Financial Advisors,"The implementation of a centralized procurement with effect from 1 April 2024 will ensure that a targeted and intentional approach on PWD is applied during the procurement process. This approach will improve the procurement on PWD target however it will not 100% achieve the percentage target as set out by the department of Women, Youth and Disabilities.","7 % PWD
40 % 

Women
30 % Youth
of procurement approved towards Women, Youth & PWD owned businesses
",-,"PWD 1% 
(R938 702,04)
 
Women 42% 
(R 46 417 465,16)
 
Youth 47% 
(R52 783,81)
","Procurement is still decentralized and will be addressed through the centralization of the Financial Advisors
","The implementation of a centralized procurement with effect from 1 April 2024 will ensure that a targeted and intentional approach on PWD is applied during the procurement process. This approach will improve the procurement on PWD target however it will not 100% achieve the percentage target as set out by the department of women, youth and disabilities.
",N/A ,177
,"Trade, Industry and Competition",National,Programme 1: Administration,Programme 1: Administration,Quarterly,Number of Reports issued by the Incentives Adjudication Review Committee,Not Applicable,Not  Applicable,Priority 2: Economic Transformation And Job Creation,"The Economic Sectors, Employment and Infrastructure Development cluster","Nominations of 
members of the Incentive
s Adjudication Review
Committee

","The following documents have been developed: 
-Terms of Reference (ToR) on the Independent Appeals Panel on Incentive Schemes, to be adopted;
-Grounds of Appeal to the Independent Appeals Panel on Incentives Scheme;
-Rules of Appeal to the Independent Appeals Panel on Incentives Scheme;
-Profile of Members to serve on the Independent Appeals Panel on Incentives Scheme;
-Invitation of Candidates for Appointment as Members of the Independent Appeals Panel on Incentives Scheme, the advert.
-Process flow of the Appeal process flow.
 
Delay Submission is currently with ADG for consideration and approval
","Submission was referred to EXBO by ADG.  LS attended to matter within timeframes as stipulated in Operational plan
","A meeting needs to be held with ADG to discuss delays. ADG to take the matter forward.
","Incentives Adjudication Review Committee
established
","App revised, no target for Q2 

","Per Q1 
","Per Q1 
",Awareness campaign,"Per Q1: Not rated
Founding documents for the nomination of members of the IARC were developed and submitted for approval by the Minister
 
Submission has currently with Ministry since
15 August 2023. Delay brought to the attention to ADG for intervention.
","Per Q1 
(Q1- Submission was referred to EXBO by ADG.  LS attended to matter within timeframes as stipulated in Operational plan)
","Per Q1 
(Q1- A meeting needs to be held with ADG to discuss delays. ADG to take the matter forward) 
","Annual Report

",No target for LS,•	(Q1/Q2 - Submission was referred to EXBO by ADG.  LS attended to matter within timeframes as stipulated in Operational plan),"As per Q1/Q2  
•	(Q1- A meeting needs to be held with ADG to discuss delays. ADG to take the matter forward)
","Number of Reports
issued by the Incentives Adjudication Review
Committee

",-,"Q1 & Q2: 
Submission submitted to Minister for approval. 


Q3 & Q4 
No target for legal 
","Awaiting the Minister’s approval of the founding documents to establish to the panel.
","Meeting held with Minister and DDG 
",N/A ,177
,"Trade, Industry and Competition",National,Programme 2: Trade,Programme 2: Trade,Quarterly,Value of investment facilitated,Not Applicable,Not  Applicable,Priority 2: Economic Transformation And Job Creation,"The Economic Sectors, Employment and Infrastructure Development cluster",Nil,Nil,N/A,N/A,Nil,"R218,3m
","New indicator and no previous baseline
 which makes quarterly targets difficult to project 
","Annual target to be updated in new APP
",Nil,Nil,N/A,N/A,"R30m

","R854.3m
","New indicator and no previous baseline which makes quarterly targets difficult to project 
","Annual target to be updated in new APP
",R30m,-,R1.0726bn,New indicator and no previous baseline which made annual target difficult to project,"Annual target updated in the 2024/25 APP
",N/A ,177
,"Trade, Industry and Competition",National,Programme 2: Trade,Programme 2: Trade,Quarterly,Value of additional local output committed or achieved,Not Applicable,Not  Applicable,Priority 2: Economic Transformation And Job Creation,"The Economic Sectors, Employment and Infrastructure Development cluster",Nil,Nil,N/A,N/A,R5bn,"R12,36bn
",N/A,"N/A
",R7bn,"R8.3bn
",N/A,N/A,"R8bn

","R4.4bn
","New indicator and no previous baseline which makes annual target difficult to project 
","Annual target updated in the 2024/25 APP
",R20bn,-,R28.9bn,New indicator and no previous baseline which made annual target difficult to project,"Annual target updated in the 2024/25 APP
",N/A ,177
,"Trade, Industry and Competition",National,Programme 2: Trade,Programme 2: Trade,Quarterly,Value of exports in manufacturing sectors,Not Applicable,Not  Applicable,Priority 2: Economic Transformation And Job Creation,"The Economic Sectors, Employment and Infrastructure Development cluster","R62.207bn
","R57.2Bn 

","June export data from SARS not yet a
vailable
","APP tracker report 
updated once verified SARS data is released.
","R62.207bn
","R63,9bn
","June export data from SARS not yet available

","APP tracker report updated once verified SARS data is released.
","R62.207bn
",R56.6bn,"New indicator and no previous baseline which makes quarterly targets difficult to project 

Export data for Dec not yet received from SARS
","Annual target to be updated in
 new APP
","R62.207bn


","R42bn
","SARS Data for March not yet received
","Figures to be updated once received
",R249bn,-,R308bn,New indicator and no previous baseline which made annual target difficult to project,"Annual target updated in the 2024/25 APP
",N/A ,177
,"Trade, Industry and Competition",National,Programme 2: Trade,Programme 2: Trade,Quarterly,Value of exports in manufacturing sectors to Africa,Not Applicable,Not  Applicable,Priority 2: Economic Transformation And Job Creation,"The Economic Sectors, Employment and Infrastructure Development cluster",R4bn,"R4.5Bn 
",None,None,R5bn,"R5,4bn
","June export data from SARS not yet available
","APP tracker report updated once verified SARS data is released.
",R5bn,R5.2bn,"New indicator and no previous baseline which makes quarterly targets difficult to project 

Export data for Dec not yet received from SARS
","Annual target to be updated in new APP
","R5bn

","R3.6bn
","SARS Data for March not yet received
","Figures to be updated once received
",R19bn,-,R27bn,New indicator and no previous baseline which made annual target difficult to project,"Annual target updated in the 2024/25 APP
",N/A ,177
,"Trade, Industry and Competition",National,Programme 2: Trade,Programme 2: Trade,Quarterly,Number of jobs supported,Not Applicable,Not  Applicable,Priority 2: Economic Transformation And Job Creation,"The Economic Sectors, Employment and Infrastructure Development cluster",Nil,,N/A,N/A,Nil,Nil,Nil,"N/A
",Nil,Nil,N/A,N/A,"100 000

","130 527
","New indicator and no previous baseline which makes annual y target difficult to project 
","Annual target updated in the 2024/25 APP
",100 000,-,130 527,New indicator and no previous baseline which made annual target difficult to project,"Annual target updated in the 2024/25 APP
",N/A ,177
,"Trade, Industry and Competition",National,Programme 2: Trade,Programme 2: Trade,Quarterly,Number of jobs to be created through the dtic programmes: -50 000 social economy fund part-time or temporary job opportunities; -50 000 full-time jobs,Not Applicable,Not  Applicable,Priority 2: Economic Transformation And Job Creation,"The Economic Sectors, Employment and Infrastructure Development cluster",Nil,Nil,N/A,N/A,Nil,Nil,Nil,"N/A
",Nil,Nil,N/A,N/A,"500

","963
","New indicator and no previous baseline which makes annual y target difficult to project 
","Annual target updated in the 2024/25 APP
",500,-,963,New indicator and no previous baseline which made the annual target difficult to project,"Annual target updated in the 2024/25 APP
",N/A ,177
,"Trade, Industry and Competition",National,Programme 2: Trade,Programme 2: Trade,Quarterly,Value of financial support to enterprises including SMMEs to mitigate impact of load shedding through energy resilience fund,Not Applicable,Not  Applicable,Priority 2: Economic Transformation And Job Creation,"The Economic Sectors, Employment and Infrastructure Development cluster",1,"Draft Trade Directive submitted to the Minister. 

",None,None,Nil,Nil,Nil,"N/A
",Nil,Nil,N/A,N/A,"Nil

",Nil,N/A,N/A,1,-,1,N/A ,N/A ,N/A ,177
,"Trade, Industry and Competition",National,Programme 2: Trade,Programme 2: Trade,Quarterly,"Priority legislation amended, tabled or submitted to Executive Authority, Cabinet or Parliament",Not Applicable,Not  Applicable,Priority 2: Economic Transformation And Job Creation,"The Economic Sectors, Employment and Infrastructure Development cluster",Nil,Nil,N/A,N/A,Nil,Nil,Nil,N/A,Nil,Nil,N/A,N/A,"2

",2,None,None,2,-,2,N/A,N/A ,N/A ,177
,"Trade, Industry and Competition",National,Programme 2: Trade,Programme 2: Trade,Quarterly,Preferential trading in goods under the AFCFTA,Not Applicable,Not  Applicable,Priority 2: Economic Transformation And Job Creation,"The Economic Sectors, Employment and Infrastructure Development cluster",Nil,Nil,N/A,N/A,1,"Report prepared
","More ITAC submissions approved in Q2.. Revised list of high impact trade interventions as discussed with Minister`
","N/A
",2,"SACU 90% tariff offer submitted to the AfCFTA Secretariat in February 2023 for technical verification. 90% offer approved by the AfCFTA Council of Ministers on 30 May 2023. 

Report on the progress to finalise the Rules of Origin for clothing products and automobiles

Legal modalities for gazetting of SACU tariff offer finalized – letter from DTIC minister to Finance Minister sent on 29 September 2023. publication and implementation date scheduled for 31 Jan 2024.
",N/A,N/A,"Nil

","Letter to the Minister of Finance to request SARS to publish amendments  to  the Customs and Excise Act  

Progress report on  the finalisation of the outstanding rules of origin for clothing and autos

Minutes of the meeting of the AfCFTA Council of Ministers

Launch of start of SA trading under the AfCFTA
",None,None,3,-,3,N/A ,N/A ,N/A ,177
,"Trade, Industry and Competition",National,Programme 2: Trade,Programme 2: Trade,Quarterly,"High impact trade interventions including, but not limited to the following: trade disputes, challenges with implementation of trade agreements, ITAC decisions and trade measures, bilateral trade concerns",Not Applicable,Not  Applicable,Priority 2: Economic Transformation And Job Creation,"The Economic Sectors, Employment and Infrastructure Development cluster",Nil,Nil,N/A,N/A,2,7,More ITAC submissions approved in Q2.. Revised list of high impact trade interventions as discussed with Minister,N/A,3,"Report prepared on market access in China for raw rooibos tea (Exports have resumed) 

Sunset review on anti-dumping duties on unframed glass mirrors imported from Indonesia (ITAC report 713)

Sunset review on anti-dumping duties on clear float glass imported from Indonesia (ITAC report 705)
","More reports finalized than originally projected for the quarter
",N/A,"5

","7 high impact trade interventions
Market Access
Resumption of exports for race horses to the EU
Viet Nam opened market access for South African orange
ITAC decisions
Final anti dumping duty imposed on windscreens 
Creation of a rebate facility for the importation of optical fibre cables and electric apparatus 
The creation of a full-duty rebate facility on titanium dioxide  for use in the manufacture of white masterbatch.
Imposition of final duties on galvanized steel coil.
Tariffs: Creation of a rebate provision for the importation of synthetic rubber used in the manufacture of tyres 
","More ITAC recommendations approved than anticipated
",N/A,10,-,18,N/A ,N/A ,N/A ,177
,"Trade, Industry and Competition",National,Programme 2: Trade,Programme 2: Trade,Quarterly,High impact trade and climate change strategy advocacy,Not Applicable,Not  Applicable,Priority 2: Economic Transformation And Job Creation,"The Economic Sectors, Employment and Infrastructure Development cluster",Nil,Nil,N/A,N/A,Nil,Nil,Nil,"N/A
",Nil,Nil,N/A,N/A,"1

","Strategy finalised to respond to CBAM 
Report prepared with proposed actions to respond to CBAM

SA concerns on unilateral and protectionist measures raised at MC13 continuing SA’s advocacy against green trade barriers.
",None,None,1,-,1 ,N/a ,N/a ,N/A ,177
,"Trade, Industry and Competition",National,Programme 2: Trade,Programme 2: Trade,Quarterly,"Conferences, summits, and international forums hosted",Not Applicable,Not  Applicable,Priority 2: Economic Transformation And Job Creation,"The Economic Sectors, Employment and Infrastructure Development cluster",2,"Report compiled 
on preparations for   hosting of BRICS Trade Ministers meeting in Aug 2023

Report compiled on preparation for the hosting of the AGOA Forum in Nov 2023
",None,None,Nil,Nil,Nil,N/A,Nil,Nil,N/A,N/A,"Nil

",Nil,N/A,N/A,2,-,2 ,N/a ,N/a ,N/A ,177
,"Trade, Industry and Competition",National,Programme 2: Trade,Programme 2: Trade,Quarterly,Number of regulations published & red tape reduction interventions,Not Applicable,Not  Applicable,Priority 2: Economic Transformation And Job Creation,"The Economic Sectors, Employment and Infrastructure Development cluster",Nil,Nil,N/A,N/A,Nil,Nil,Nil,N/A,Nil,Nil,N/A,N/A,"3

","2
Draft regulations on anti-dumping and draft regulations on Important and Export control have been submitted to the Minister
","Safeguards regulations required further internal consultation
","Draft safeguards regulations are being finalised
",3,-,2,N/a ,N/a ,N/A ,177
,"Trade, Industry and Competition",National,Programme 2: Trade,Programme 2: Trade,Quarterly,Protocols finalised: 1.	Submission of the Competition Protocol to Cabinet and follow up on Cabinet decision. 2.Finalisation of Investment Protocol for approval by the AfCFTA Council of Ministers. 3.Finalisation of Protocol on Women in Trade for approval b,Not Applicable,Not  Applicable,Priority 2: Economic Transformation And Job Creation,"The Economic Sectors, Employment and Infrastructure Development cluster",Nil,Nil,N/A,N/A,Nil,Nil,Nil,"N/A
",2,"Competition Protocol submitted to the Executive Authority 

 WTO Fisheries subsidies Agreement submitted to the Executive Authority
","N/A
",N/A,"2

","The following 3 Protocols have been approved by the AfCFTA Council of Ministers: 

Protocol on Investment  
Protocol on Women in Trade
Protocol on digital trade

The Fisheries Subsidies Agreement was ratified and instrument deposited with the WTO
",None ,None ,4,-,5,N/a ,N/a ,N/A ,177
,"Trade, Industry and Competition",National,Programme 2: Trade,Programme 2: Trade,Quarterly,Impact reports (both internal and statutory) on trade instruments applied: •	Impact reports (both internal and statutory) on trade instruments applied for and issued across firms of different sizes •	Impact reports (both internal and statutory) on trade i,Not Applicable,Not  Applicable,Priority 2: Economic Transformation And Job Creation,"The Economic Sectors, Employment and Infrastructure Development cluster",Nil,Nil,N/A,N/A,3,"2 impact assessment reports completed (acrylic resins and rebate 311.40)
Trade monitoring report on UHT milk on-going
","Delays in the submission of data required for the analysis
","N/A
","Nil
",Nil,N/A,N/A,"3

","4 reports prepared
CMT survey report  
Solar Panels trade monitoring report.
Trade adjustment import sensitivity report
Permit Modernization report
","Additional report on permit modernization  completed
","None 
",6,-,7,N/a ,N/a ,N/A ,177
,"Trade, Industry and Competition",National,Programme 3: Investment and Spatial Industrial Development,Programme 3: Investment and Spatial Industrial Development,Quarterly,Value of investment facilitated,Not Applicable,Not  Applicable,Priority 2: Economic Transformation And Job Creation,"The Economic Sectors, Employment and Infrastructure Development cluster",R15bn,"SAIC COMMIT
MENTS 	             R 178 Bn	
Lumotech (PTY) Ltd	             R 208 M 
KAP Automotive (Pty) Ltd             R 89,5M 
Harntech	                           R32,4M 
CRH Africa Auto		              R10,5M 
Adient P Panther Capital                R 61M 
Atlantic Glass & Aluminium            R13M 
Romarck Logistics                           R2,2M 
OR TAMBO Pluczenik 
Diamond Company                         R180M 
Tshwane Automotive SEZ 
-Ford SA                                         R60M 
Anglo   American                            R 29  Bn 
Greenco                   	              R1, 75 Bn 
Peda-yaho (Vaal SEZ)                    R 660 M 
EXL                     	                 R100 M
Grand Total: R210  Bn
","Due to SAIC announcements 
",N/A,R33bn,"
R108,5 Bn 
","Investment Promotion activities increase
",N/A,R51bn,"R20.93Bn
","Due to overachievement in the first and second quarters
",N/A ,"R52bn

","R39,01Bn

","Overachievement in the Q1.
",N/A,R151bn,-,R291.54bn,"Due to SAIC Commitments
",Not provided,N/A ,177
,"Trade, Industry and Competition",National,Programme 3: Investment and Spatial Industrial Development,Programme 3: Investment and Spatial Industrial Development,Quarterly,Value of additional local output committed or achieved,Not Applicable,Not  Applicable,Priority 2: Economic Transformation And Job Creation,"The Economic Sectors, Employment and Infrastructure Development cluster",R150m,"1. Sappi          R28M
	

2. Fuchs          R165M	
3. Evo Health  R26M	
4. Samsung    R647M	
5. AMKA         R816M	
6. Pharmaq    R31.2M	
7. TASEZ        R342M	
8.Ardagh Group  R 325M	
9 DEFY            R1,2Bn
Grand Total R3,6Bn 
","Due to SAIC announcements 
",N/A,R350m,"                             R4,9Bn
","Due to SAIC reporting  
",N/A,R300m,R20.4bn ,N/A ,N/A ,"R200m

","20,4Bn
",N/A,N/A,R1bn,-,"R3,9bn 	
","Due to SAIC Commitments
",Not provided,	N/A ,177
,"Trade, Industry and Competition",National,Programme 3: Investment and Spatial Industrial Development,Programme 3: Investment and Spatial Industrial Development,Quarterly,Value of exports in manufacturing sectors,Not Applicable,Not  Applicable,Priority 2: Economic Transformation And Job Creation,"The Economic Sectors, Employment and Infrastructure Development cluster",Nil,"Sappi Saiccor
 Mill-    R3.8 Bn
AMKA                        R119M   
Samsung                   R7,7M 
PharmaQ -                 R4M
Evo Health                 R182 000
Evergreen Latex         R2M
Ardagh Group             R32,5 M
Coega Steels-             R65M
Grand Total:               7,7Bn
",Due to SAIC announcements ,N/A,R5bn,"R6,5Bn
","Increased Investments
",N/A,R5bn,"R6.57 Bn
","Due to SAIC commitments
",N/A ,"R5bn

","R34.4Bn



","Due to exports from new companies
",N/A,R15bn,-,"20.6bn 	
","Due to SAIC Commitments
",Not provided,	N/A ,177
,"Trade, Industry and Competition",National,Programme 3: Investment and Spatial Industrial Development,Programme 3: Investment and Spatial Industrial Development,Quarterly,Value of output by Black Industrialist firms supported by the dtic group.,Not Applicable,Not  Applicable,Priority 2: Economic Transformation And Job Creation,"The Economic Sectors, Employment and Infrastructure Development cluster",R200mil,"Evo Health 
                  R26 M
AMKA                           R119 M 
PHARMAQ                   R31.2M
SA Steel Mills (Pty) Ltd R1,1Bn
VM Automotive              R233 M
Grand Total                   1,5Bn
",Due to SAIC announcements ,N/A,R300mil,"AMKA  R1,3Bn
 
","Increase in turnover
","N/A
",R300mil,"R326.2m 
","Due to SAIC commitments
",N/A ,"R200mil

","R326,2M",N/A,N/A,R1bn,-,R517M ,"Due to SAIC Commitments
",,N/A ,177
,"Trade, Industry and Competition",National,Programme 3: Investment and Spatial Industrial Development,Programme 3: Investment and Spatial Industrial Development,Quarterly,Number of jobs supported,Not Applicable,Not  Applicable,Priority 2: Economic Transformation And Job Creation,"The Economic Sectors, Employment and Infrastructure Development cluster",R200mil,"EXL (GBS Masterpla
n) 827
BMW 543 (per quarter)
SEZ Q1 24177 Jobs
Total 25 547",Due to SAIC announcements ,N/A,R300mil,Jobs Supported    173 193,"200mil
(error reported on APP R 300mil), addressed in the amended APP 
","N/A
",R300mil," 
Total number of jobs supported through SEZs: 25 443 




",N/A ,N/A ,"R200mil
",27 498,N/A,N/A,25 000,-,45 905 ,"Due to SAIC Commitments
",Not provided,,177
,"Trade, Industry and Competition",National,Programme 3: Investment and Spatial Industrial Development,Programme 3: Investment and Spatial Industrial Development,Quarterly,Number of jobs to be created through the dtic programmes: -	50 000 social economy fund part-time or temporary job opportunities; -	50 000 full-time jobs,Not Applicable,Not  Applicable,Priority 2: Economic Transformation And Job Creation,"The Economic Sectors, Employment and Infrastructure Development cluster",1 060,"CONSTRUCTION
 JOBS (13a)
Atlantis SEZ              23 .
PG Bison                  420 
Evergreen Latex        121
Rheinmetall Denel Munition                      113
SA TAXI                       620
Wilmar Processing SA (Pty) Ltd                                 941
TASEZ                          108 
Coega -Sustainable Heating: 95 

Total             2441
PERMANENT JOBS (13b)
Daimler Trucks & Buses 
Southern Africa     250
Hangda                  300
LC Packaging        50 
Lactalis                   21 
Prism Group:         180 
VM Automotives:     61 
Atlantic Glass & Aluminium: 14
Romarck Logistics: 20
Coega sustainable heating 55
Total 951
Grand total 3392","Due to SAIC announcements 
",N/A,2700,"Temporary jobs (13a) (Construction Jobs) 
  143 450
 
Permanent jobs  (13b)
    4 148
","SAIC commitments  
",N/A,"2800
","
3830

","Due to the increase in the number of investments
",N/A ,"1 300

","2 143
",N/A,N/A,7 860,-,"156 705- Branch reported 

1347 – IA 
","Due to SAIC Commitments
",,N/A ,177
,"Trade, Industry and Competition",National,Programme 3: Investment and Spatial Industrial Development,Programme 3: Investment and Spatial Industrial Development,Quarterly,Number of New SEZ designated,Not Applicable,Not  Applicable,Priority 2: Economic Transformation And Job Creation,"The Economic Sectors, Employment and Infrastructure Development cluster","One 
application
assessed and submitted to Minister for consideration
","One applicatio
n was assessed and submitted to Minister for consideration,
Namakwa SEZ Gazetted for Public comment
",N/A,N/A,Nil,"Intention to designate 
Namakwa SEZ complete
 
Fetakgomo-Tubatse SEZ: A meeting held on 07 September 2023 between the dtic and FTSEZ to establish investor designation readiness.
",N/A,N/A,"Second 
application
assessed and submitted to Minister for
consideration

","COEGA SEZ extension designation application submitted to Minister.
Technical Evaluation Committee convened in November to assess application for Fetakgomo Tubatse SEZ.
Application for the designation of the Fetakgomo Tubatse SEZ  has been submitted to the ADDG",N/A ,N/A ,"Ni
",N/A,N/A,N/A,2,-,"Two applications (Namakwa SEZ and expansion of Coega SEZ for a Pharmaceutical and Vaccine Hub) were assessed and submitted to Minister for consideration.
One application (FetakgomoTubatse  SEZ) was referred back for further amendments.
","Not provided
","Not provided
",N/A ,177
,"Trade, Industry and Competition",National,Programme 3: Investment and Spatial Industrial Development,Programme 3: Investment and Spatial Industrial Development,Quarterly,Number of Megawatts from projects facilitated,Not Applicable,Not  Applicable,Priority 2: Economic Transformation And Job Creation,"The Economic Sectors, Employment and Infrastructure Development cluster",800MW,"801 MW and 85
 MW 
 
Mahlako        30 MW, Solar Group  200 MW, 
Total/ Chariot  36 MW, Seriti Green    155 MW,  Unigreen 100 MW, Toyota 80 MW, AMSA, 200 MW
Total 801 MW
 
Green Co  85 MW
",N/A,N/A,Nil,"  989,5MW
",N/A,N/A,"Nil
",N/A ,N/A ,N/A ,"Nil

",N/A,N/A,N/A,800MW,-,142,"Due to increase in number of megawatts of energy available for the grid
",Not provided,N/A ,177
,"Trade, Industry and Competition",National,Programme 3: Investment and Spatial Industrial Development,Programme 3: Investment and Spatial Industrial Development,Quarterly,Megawatts of energy available for the grid,Not Applicable,Not  Applicable,Priority 2: Economic Transformation And Job Creation,"The Economic Sectors, Employment and Infrastructure Development cluster",30 MW,"Mahlako 30 MW  

",N/A,N/A,Nil,"10,9MW

",N/A,N/A,"Nil
",N/A ,N/A ,N/A ,"200 MW

","202MW
","Due to increase in the number of megawatts of energy available for the grid
",N/A,230MW,-,232 MW ,"Due to increase in number of megawatts of energy available for the grid
",Not provided,N/A ,177
,"Trade, Industry and Competition",National,Programme 3: Investment and Spatial Industrial Development,Programme 3: Investment and Spatial Industrial Development,Quarterly,Establishment of the physical Energy One-Stop-Shop (EOSS),Not Applicable,Not  Applicable,Priority 2: Economic Transformation And Job Creation,"The Economic Sectors, Employment and Infrastructure Development cluster","Mapping of 

process an appointment of staff","EOSS Phase 1
will be operationalised end July 2023 and staff appointed
",N/A,N/A,"Website 
& 
Content development"," Website & Content development Completed

",N/A,N/A,"Streamlining 

applications and process","Four projects with municipal consent issues identified for unblocking by the EOSS. Contact has been made with Emfuleni Municipality where one of the projects is located; awaiting response and feedback from the municipal. 
•	3 projects located in the City of Joburg has been identified and engagement with the Municipality has been requested and will commence shortly. 
 
",N/A ,N/A ,"Physical
 EOSS

","Physical EOSS
",N/A,N/A,"Phase 1 -Physical 

EOSS",-,Phase 1 Physical EOSS ,N/A,N/A,N/A ,177
,"Trade, Industry and Competition",National,Programme 3: Investment and Spatial Industrial Development,Programme 3: Investment and Spatial Industrial Development,Quarterly,Investor facilitation and unblocking interventions provided,Not Applicable,Not  Applicable,Priority 2: Economic Transformation And Job Creation,"The Economic Sectors, Employment and Infrastructure Development cluster","25
","25 Unblockin
gs,(POE)
22 Facilitations (POE)
Total 47
UNBLOCKINGS for 16 COMPANIES (VISA 42) 
Visitors Visa- 19); Accompany spouse (family) Visa- 10); Inter-company Transfer- 8),
11(2) Short Term Work Visa - 2); Business Visas- 2) Permanent Residence Permit- 1),
UNBLOCKING (OTHER) – 9 
-Sanral  -  Letter of approval for road finalised by 
-BIO2WATT  -  Certificate of Registration for a Fertilizer Certificate – issued by Dept. of Agriculture & Land reform.
-The Supply Man - The permit code/ number Finalised by ITAC for application for registration as an Importer or change of current information
-Sumitomo Rubber – Strike Resolved
-Solid Doors -   VAT Return Resolved
-International Health Pharmaceutical Suppliers Pty Ltd
-Sediba Solar PV – Wheeling Agreement With Ekurhuleni - Finalised
-Metal Heart   -   Unblocked Black industrialist (BIS) application   
-Saudi Arabia Food & Drug Authority  -  Market Access & Meeting Inspectors Finalised
",N/A,N/A,30,"32 Unblockings, 21 Facilitation
Total 53
","Increase demand for assistance, beyond our expectations
","N/A
",25,"Unblockings (48)
Facilitation (11)

Total: 59
","Increase demand for assistance, beyond our expectations
",N/A ,"20

","106
",N/A,N/A,"100 investor 
facilitation 
& unblocking’s",-,"Q1: Unblockings – 25
Facilitations – 22
Total: 47
Q2: Unblockings – 32
Facilitations – 21
Total: 53
Q3: Unblockings – 48
Facilitations – 11
Total: 59
Q4: Unblockings – 74
Facilitations – 32
Total: 106
 
Grand Total: 265
","Increase demand for assistance beyond our expectation
",N/A,N/A ,177
,"Trade, Industry and Competition",National,Programme 3: Investment and Spatial Industrial Development,Programme 3: Investment and Spatial Industrial Development,Quarterly,"Conferences, summits, and international forums hosted",Not Applicable,Not  Applicable,Priority 2: Economic Transformation And Job Creation,"The Economic Sectors, Employment and Infrastructure Development cluster",Nil,"South African 
Investment Conference Hosted on the 13 April 2023
",N/A,N/A,Nil,N/A,N/A,"N/A

","Nil
",N/A ,N/A ,N/A ,"1

","None
",This target was achieved in Q1,N/A,1,-,1,N/A,N/A,N/A ,177
,"Trade, Industry and Competition",National,Programme 5: Regulation,Programme 5: Regulation,Quarterly,Value of approved funding accessed outside the 5 metros,Not Applicable,Not  Applicable,Priority 2: Economic Transformation And Job Creation,"The Economic Sectors, Employment and Infrastructure Development cluster",5,"6
1. 
Veeplaas, Gqeberga 09 June 2023
2. The Business Place, Central Gqerberga 20 June 2023.
3. The Business Place Gqerberga 27 June 2023.
4. Kokosi Fochville 27 June 2023.
5. Phokwane, Haartswater 28 June 2023.
6. Kimberley, 29 June 2023
","There was additional request from the Exports Branch.
",N/A ,"5
",6,"RB supports Exports as the lead branch and participates by way of an invitation.  RB was able to participate in an extra workshop as both the workshops with Zululand and Ilembe Chambers were virtual with no cost implications for RB.
","N/A
",5,0,Dependent on lead branches (no workshops organized by lead branches),Continuous communication with lead Branches to coordinate the workshops,"5

",5 workshops,N/A,N/A,20,-,"17 workshops	
",The Output was dependent on other Branches within the dtic as a joint output,"More engagement with other branches, provincial offices and municipalities were undertaken, however a new approach /strategy is required on this
",N/A ,177
,"Trade, Industry and Competition",National,Programme 5: Regulation,Programme 5: Regulation,Quarterly,"Value of funding accessed, and support provided to SMMEs",Not Applicable,Not  Applicable,Priority 2: Economic Transformation And Job Creation,"The Economic Sectors, Employment and Infrastructure Development cluster",Nil,N/A ,N/A ,N/A ,"6 workshops
",3,"RB supports Exports and Incentives as the lead branches in facilitating these workshops and participates by way of invitation.  No further invitations to participate in workshops targeting women and youth-owned SMMEs were received.
","Awaiting clarification on cost containment 
measures and whether workshops (and travel) can be proceeded with.
","8 workshop
s
",0,Dependent on lead branches (no workshops organized by lead branches),Continuous communication with lead branches to coordinate the workshops,"6 workshop

s
",6 workshops,N/A,N/A,20 workshops,-,"9 workshops
","The Output was a joint output dependent on other Branches within the dtic
","More engagement with other branches undertaken, however a new approach/ strategy is required on this 
",N/A ,177
,"Trade, Industry and Competition",National,Programme 5: Regulation,Programme 5: Regulation,Quarterly,Number of jobs supported,Not Applicable,Not  Applicable,Priority 2: Economic Transformation And Job Creation,"The Economic Sectors, Employment and Infrastructure Development cluster","1000 (liquor)

 and 1000 (lottery)","11 442
 

2 384
","No baseline from previous year in setting target
",N/A ,"1000 
(liquor) and 2000
(lottery)

","liquor
8829

Lottery
July: 911
Aug: 862
Sept: 1 034

Q2 Total  = 2 807

","Liquor
No baseline provided.


Lottery
More jobs supported through NLC grant funding

","N/A
","7000 (liquor) and 4000
(lottery)

","14 214 (liquor)

2123 (lottery)

","Liquor
The over achievement was due to  some registrants who renewed the licenses during the period under review having huge figures of employment. It must be noted that there is no control over the number of registrants who renew during the period. 
Furthermore there was no baseline information as this was a new target for current financial year.

Lottery
Sports National
Federation data not included 



","Liquor
Performance Information will be used to inform the approach for providing inputs in formulation of the target during the planning for the new financial year. 

Lottery
Sport National Federations jobs stats  will be reported at the end of January.","1000 (liquor) 
and 3000 (lottery)
","NLA Jobs:(Liquor)

Jan:1712
Feb:5469
March:1218

Q4 Total: 8399 

NLC Jobs: (Lottery)
Jan:166
Feb:675
Mar:325

Q4 Total: 1166

","No baseline for target settings. NLA Registrants recorded more than projected

The number of jobs  is dependent on the number and size of projects funded y the NLC. During the current quarter, 90% of grants awarded were small grants, which are projects of R500 000 or less. Potentially meaning fewer jobs are created

","Target has been reviewed for 2024/25 financial year

Engagement with NLC on how this challenge can be addressed 
",20 000,-,"NLA Jobs
Q1: 11442 jobs
Q2: 8856 jobs
Q3: 14214 jobs
Q4: 8399 jobs
 
Annual Total NLA Jobs:
42 911	

NLC:
Q1: 2384 jobs
Q2: 2807 jobs
Q3 :2123 jobs
Q4: 1166 jobs
 
Annual Total NLC Jobs: 8 480


","No baseline for target
setting NLA Registrants recorded more jobs than projected

Jobs are verified as per the number of projects visited by the NLC

","Target has been reviewed for 2024 25 financial year

More projects to be visited to determine number of jobs retained and/or created 
",N/A ,177
,"Trade, Industry and Competition",National,Programme 5: Regulation,Programme 5: Regulation,Quarterly,Grey listing ‘Know your Shareholder’ regulations’ Published; beneficial ownership register establishment; and integrated business ownership register,Not Applicable,Not  Applicable,Priority 2: Economic Transformation And Job Creation,"The Economic Sectors, Employment and Infrastructure Development cluster",Nil,N/A ,N/A ,N/A ,1,1,N/A,"N/A
",Nil,NA,NA,NA,"1


",1,N/A,N/A,2,-,2,N/A,N/A,N/A ,177
,"Trade, Industry and Competition",National,Programme 5: Regulation,Programme 5: Regulation,Quarterly,"Priority legislation amended, tabled or submitted to Executive Authority, Cabinet or Parliament",Not Applicable,Not  Applicable,Priority 2: Economic Transformation And Job Creation,"The Economic Sectors, Employment and Infrastructure Development cluster",1,1,N/A ,N/A ,Nil,N/A,N/A,"N/A
","1
",1 report completed and submitted to Minister: Bills are in Parliament,NA,NA,"Nil

",Nil,N/A,N/A,"2
",-,2,N/A,N/A,N/A ,177
,"Trade, Industry and Competition",National,Programme 5: Regulation,Programme 5: Regulation,Quarterly,Number of successful actions completed on price monitoring and excessive pricing or price gouging,Not Applicable,Not  Applicable,Priority 2: Economic Transformation And Job Creation,"The Economic Sectors, Employment and Infrastructure Development cluster","2
",0 ,"No actions reported by NCC as yet. There has been engagement with NCC on enforcement actions taken; Engagement with the Transformation and Competition Branch; Compile successful actions completed on price monitoring and excessive pricing or price gouging. 
The NCC provided a report on food safety impact measures. A report attached","NCC will be engaged regularly on progress regarding actions taken. 

Coordination and collaboration with the Competition Branch as per Minister’s directive. 
",2,0,"The NCC is still finalizing the investigations, which will recommend what action can be taken
",N/A,"3
",2,Follow up further actions from the NCC from the NCC’s inspections and investigations as well as actions taken by the NCT,Follow up with the NCC on the actions at Senior and Executive Management ,"3
",Nil,"The NCC only
Conducted investigations on unfair pricing of consumer products, in terms of Section 13 Section 23 and Section 48 of the Consumer Protection Act
","NCC to be engaged
to consider widening its scope to include issues of excessive pricing, and price gouging
",10,-,4,"The NCC only conducted
investigations on unfair pricing of consumer products, in terms of Section 13 Section 23 and Section 48 of the
Consumer Protection Act
","NCC to be engaged
to consider widening its scope to include issues of excessive pricing, and price gouging
",N/A ,177
,"Trade, Industry and Competition",National,Programme 6: Incentives,Programme 6: Incentives,Quarterly,Value of investment facilitated,Not Applicable,Not  Applicable,Priority 2: Economic Transformation And Job Creation,"The Economic Sectors, Employment and Infrastructure Development cluster",R3bn,3.8,"Approved  AIS, CIP, GBS, and Film & TV projects resulted in high value of projected investments 
",n/a,R5bn,"R4.589bn
","Budgetary constraints and slow investment by companies; however, R25 billion actual investment achieved based disbursement made

","Reprioritisation of the budget submitted to 
NT for consideration
",R10bn,"R5,877bn
","Fewer applications
with low investment
value received for
the quarter due to
economic slow down
","Adjudication Committee Meetings to prioritise high value investment projects in Q4.
","R7bn

","R20,868bn
","Added SEZ and  contributed to high value of projected investment 
",N/A,R25bn,-,"R33,979 bn





",Increased based on SEZ uptake and contributed to the high value of projected investment ,n/a,n/a,177
,"Trade, Industry and Competition",National,Programme 6: Incentives,Programme 6: Incentives,Quarterly,Value of additional local output committed or achieved,Not Applicable,Not  Applicable,Priority 2: Economic Transformation And Job Creation,"The Economic Sectors, Employment and Infrastructure Development cluster",Nil,n/a,n/a,n/a,R500m,R1.2bn ,"Approval of 1 OEM that has projected R66bn over 5 years.
",N/A,Nil,N/A,N/A,N/A,"R600m

","R1,918457
","High value of additional local output projected reported by BIS 
& 
High value of additional local output reported by companies for Q3 and Q4

",N/A,R1.1bn,-,"R79,632 bn



","AIS contributed to high amount for additional local output projected
 &
High value of additional local output achieved reported by AIS ",n/a,n/a,177
,"Trade, Industry and Competition",National,Programme 6: Incentives,Programme 6: Incentives,Quarterly,Value of exports of Global Business Services,Not Applicable,Not  Applicable,Priority 2: Economic Transformation And Job Creation,"The Economic Sectors, Employment and Infrastructure Development cluster",Nil,n/a,n/a,n/a,R1bn,"R3.812bn
","Expansion to new markets by GBS clients resulted on higher export revenue

","N/A
","R500m
","R1,676bn
","High value of export revenue reported by GBS projects.
",N/A,"R1bn
","R3,375bn
","Annual target was projected higher than anticipated

",N/A,R 2.5bn,-,"R7,334 bn

","Export revenue was reduced by R3,259 bn of BMW ZA IT Hub as per the SAIC investments.",n/a,n/a,177
,"Trade, Industry and Competition",National,Programme 6: Incentives,Programme 6: Incentives,Quarterly,Value (Rand) through support programmes administered by or in partnership with the dtic-group,Not Applicable,Not  Applicable,Priority 2: Economic Transformation And Job Creation,"The Economic Sectors, Employment and Infrastructure Development cluster",Nil,n/a,n/a,n/a,Nil,N/A,N/A,"N/A
",Nil,"N/A
","N/A
","N/A
","R5bn

","R5,269bn
","Spending for budget allocated for 2023/24 was achieved
",N/A,R5bn,-,"R5,269 bn

",Spending for budget allocated for 2023/24 was achieved,n/a,n/a,177
,"Trade, Industry and Competition",National,Programme 6: Incentives,Programme 6: Incentives,Quarterly,Value of approved funding accessed outside the 5 metros,Not Applicable,Not  Applicable,Priority 2: Economic Transformation And Job Creation,"The Economic Sectors, Employment and Infrastructure Development cluster",Nil,n/a,n/a,n/a,Nil,N/A,N/A,"N/A
","R500m
","R415m
",Fewer claims outside of 5 metros were received during Quarter 3,"Year to date achieved R1,9bn 
","R500m
","R2,016bn
","High value of approved funding disbursed to projects/ enterprises outside the 5 main metros reported by AIS. 
",N/A,R1bn,-,"R2,034 bn

",High value of approved funding disbursed to projects/ enterprises outside the 5 main metros repored by AIS. ,n/a,n/a,177
,"Trade, Industry and Competition",National,Programme 6: Incentives,Programme 6: Incentives,Quarterly,"Value of funding accessed, and support provided to SMMEs",Not Applicable,Not  Applicable,Priority 2: Economic Transformation And Job Creation,"The Economic Sectors, Employment and Infrastructure Development cluster",Nil,n/a,n/a,n/a,R200m,"R313m
","More than 10% of value of funding disbursed was provided to SMMEs. 
","N/A
",R350m,"R385m
","Approximately 43% of projects claimed were SMMEs
","N/A
","R450m

","R371,315m
","Increase based on inclusion of Film & TV women owned projects/enterprises: 
- R267,050m excluding Film & TV women owned, and 
- R104,264m Film & TV women owned. 
",N/A,R1bn,-,"R607, 241m 

",Increase based on inclusion of Film & TV women owned projects/enterprises: ,n/a,n/a,177
,"Trade, Industry and Competition",National,Programme 6: Incentives,Programme 6: Incentives,Quarterly,Value of output by Black Industrialist firms supported by the dtic group,Not Applicable,Not  Applicable,Priority 2: Economic Transformation And Job Creation,"The Economic Sectors, Employment and Infrastructure Development cluster",Nil,n/a,n/a,n/a,Nil,N/A,N/A,N/A,Nil,"N/A
","N/A
","N/A
","R3bn

","R4,691bn
","High value of output by Black Industrialists firms was reported by AIS
",N/A,R3bn,-,"R4.692 bn

",AIS black-owned projects reported high value of output produced,n/a,n/a,177
,"Trade, Industry and Competition",National,Programme 6: Incentives,Programme 6: Incentives,Quarterly,Number of jobs supported,Not Applicable,Not  Applicable,Priority 2: Economic Transformation And Job Creation,"The Economic Sectors, Employment and Infrastructure Development cluster",Nil,n/a,n/a,n/a,Nil,N/A,N/A,N/A,Nil,"N/A
","N/A
","N/A
","25 000

","81 353
","BPS/GBS contributed to high number of jobs
",N/A,25 000,-,52 390,"BPS/GBS contributed to high number of jobs

",n/a,n/a,177
,"Trade, Industry and Competition",National,Programme 6: Incentives,Programme 6: Incentives,Quarterly,Number of jobs to be created through the dtic programmes: -	50 000 social economy fund part-time or temporary job opportunities; -	50 000 full-time jobs,Not Applicable,Not  Applicable,Priority 2: Economic Transformation And Job Creation,"The Economic Sectors, Employment and Infrastructure Development cluster","Nil



Nil",n/a,n/a,n/a,"2 500




Nil

","8 902
","Approximately 56% of the actual number of new jobs supported from disbursed projects were from BPS and GBS. 
","N/A
","3 500



1 500","10 225 (permanent Jobs)

26 739 (part time jobs)


",BPS/GBS created more jobs followed by AIS,N/A,"4 000





1 500","12 920

&


1 173","High number of new jobs was created by AIS
&
Fewer claims were received from CIP Private than anticipated

","Reduce the annual target as per 2023/24 baseline construction jobs
","10 000 (Permanent
)


3 000 (Part time)",-,"19 093 

","High number of new jobs was created by AIS
&
Fewer claims were received from CIP Private",n/a,n/a,177
,"Trade, Industry and Competition",National,Programme 6: Incentives,Programme 6: Incentives,Quarterly,Number of jobs in Black Industrialist firms supported by the dtic group,Not Applicable,Not  Applicable,Priority 2: Economic Transformation And Job Creation,"The Economic Sectors, Employment and Infrastructure Development cluster",Nil,n/a,n/a,n/a,1 000,"8 401
","High number of active jobs in black industrialists and black owned projects
","N/A
",500,"
1 428
","BIS  created more jobs
","N/A
","1 500

","1 648
","Annual target was achieved

",N/A,3 000,-,5 708,High number of jobs in Black Industrialist firms reported by BIS,n/a,n/a,177
,"Trade, Industry and Competition",National,Programme 6: Incentives,Programme 6: Incentives,Quarterly,Value (Rand) of financial support to enterprises including SMMEs to mitigate impact of load shedding through energy resilience fund,Not Applicable,Not  Applicable,Priority 2: Economic Transformation And Job Creation,"The Economic Sectors, Employment and Infrastructure Development cluster",Nil,n/a,n/a,n/a,Nil,N/A,N/A,N/A,"R500m
","R456m
",Counted total funding provided by IDC and NEF from Q1 to Q3,"N/A
","R500m
","R724m 
","IDC and NEF approved more energy projects than expected
",N/A,R240m,-,"R2,4bn","NEF and IDC received a higher than expected demand for energy funding projects

",n/a,n/a,177
,"Trade, Industry and Competition",National,Programme 6: Incentives,Programme 6: Incentives,Quarterly,"Action minutes towards the increased efficiency of DFIs by ensuring that 95% of the IDC, NEF and ECIC APP KPI’s are achieved",Not Applicable,Not  Applicable,Priority 2: Economic Transformation And Job Creation,"The Economic Sectors, Employment and Infrastructure Development cluster",Nil,n/a,n/a,n/a,Nil,N/A,N/A,N/A,Nil,N/A,N/A,N/A,"1

",4,N/A,N/A,1,-,4,n/a,n/a,n/a,177
,"Trade, Industry and Competition",National,Programme 6: Incentives,Programme 6: Incentives,Quarterly,Number of regulations published & red tape reduction interventions,Not Applicable,Not  Applicable,Priority 2: Economic Transformation And Job Creation,"The Economic Sectors, Employment and Infrastructure Development cluster",Nil,n/a,n/a,n/a,1,1,N/A,N/A,"Nil
",N/A,N/A,N/A,"1
",1,N/A,N/A,2,-,3,The Agro Processing Support Scheme was amended based on a directive to look at the possibility of supporting hemp and cannabis products.,n/a,n/a,177
,"Trade, Industry and Competition",National,Programme 7: Exports,Programme 7: Exports,Quarterly,Value of exports in manufacturing sectors,Not Applicable,Not  Applicable,Priority 2: Economic Transformation And Job Creation,"The Economic Sectors, Employment and Infrastructure Development cluster",Nil,n/a,n/a,n/a,Nil,N/A,N/A,"N/A
",Nil,"N/A
","N/A
","N/A
","R445bn


","Exports in manufacturing sectors to the rest of the 
world, to the value of R942 billion","Better than expected performance of South African 
manufacturing exports. 
",N/A,R445bn,-,"R942 billion.
","Better than expected performance of South African manufacturing exports. 
",N/A ,N/A ,177
,"Trade, Industry and Competition",National,Programme 7: Exports,Programme 7: Exports,Quarterly,Value of exports in manufacturing sectors to Africa,Not Applicable,Not  Applicable,Priority 2: Economic Transformation And Job Creation,"The Economic Sectors, Employment and Infrastructure Development cluster",Nil,n/a,n/a,n/a,Nil,N/A,N/A,"N/A
",Nil,"N/A
","N/A
","N/A
","R281bn


","manufacturing exports to other African countries, to 
the value of R406 billion. 
","Better than expected performance of South African manufacturing exports. 
",N/A,R281bn,-,R241.4 billion ,"Better than expected performance of South African manufacturing exports in sectors supported by Export Councils and through export promotion initiatives.
",N/A,N/A,177
,"Trade, Industry and Competition",National,Programme 7: Exports,Programme 7: Exports,Quarterly,Value (Rand) through support programmes administered by or in partnership with the dtic-group,Not Applicable,Not  Applicable,Priority 2: Economic Transformation And Job Creation,"The Economic Sectors, Employment and Infrastructure Development cluster",R38.5m," R70.4m 


","Additional approvals processed earlier in support of export initiatives.
",n/a,R31.1m,"Report submitted.
 
R68.05M in funding for SA companies  to participate in the exports  initiative events 

",N/A,N/A,"R47.3m
","The branch approved R80.8M in funding support to exporters to participate in export initiative events. Of the R80.8M, R48.5M were disbursed  
",Additional approvals processed earlier than anticipated in  support of export initiatives,"N/A
","R31.1m


","The branch provided  R28.8m in approved funding support to exporters to 
participate in the following export initiative events:

Mining Indaba 2024 in Cape Town on the 5th -8th Feb 2024
Gulfood 2024 in Dubai  on the 19th -23rd Feb 2024
 Black Industrialist Conference in Johannesburg on the 20th March 2024. 
","Less than anticipated number of approvals for events and companies supported in Q4. Approvals in previous quarters were significantly more than anticipated.
","Improve projections and distribution of approvals throughout the Financial Year. 
",R148m,-,"R406 billion. 
",Better than expected performance of South African manufacturing exports.,N/A ,,177
,"Trade, Industry and Competition",National,Programme 7: Exports,Programme 7: Exports,Quarterly,Value of approved funding accessed outside the 5 metros,Not Applicable,Not  Applicable,Priority 2: Economic Transformation And Job Creation,"The Economic Sectors, Employment and Infrastructure Development cluster",R16.9m,R5.3m,"Key exhibitions in sectors which represents exporters outside the 5 metros, scheduled by international organisers for later in the year. 
","Targets set to be met through key events scheduled through the remainder of the year.
",R13.65m,"Report submitted. Export funding support  to the 
amount  R13.66m was provided to SA companies outside the 5* main metros to participate in  6 export initiative events

",N/A,N/A,"R20.8m
",. Export funding support to the amount  R21.5M was provided to companies outside the 5* main metros ,"Key exhibitions in sectors which represents exporters outside the 5 metros, were scheduled by international organisers in Q3","N/A
","R13.65m


","Export funding support to the amount  R6.1m was provided to companies outside the 5* main metros to participate in the following events:

Mining Indaba 2024 in Cape Town on the 5th -8th Feb 2024
Gulfood 2024 in Dubai  on the 19th -23rd Feb 2024
 Black Industrialist Conference in Johannesburg on the 20th March 2024. 
","Less than anticipated number of applicants for export events from companies outside  of  the 5* main metros.

Budget constraints limited hosting of additional events.
","Targeted recruitment drive of companies outside of 5* main metros to participate in export initiatives.
",R65m,-,R45.6m,"Less than anticipated number of applicants for export events from companies outside  of  the 5* main metros.

Budget constraints limited hosting of additional events.
",Targeted recruitment drive of companies outside of 5* main metros to participate in export initiatives,N/A,177
,"Trade, Industry and Competition",National,Programme 7: Exports,Programme 7: Exports,Quarterly,"Value of funding accessed, and support provided to SMMEs",Not Applicable,Not  Applicable,Priority 2: Economic Transformation And Job Creation,"The Economic Sectors, Employment and Infrastructure Development cluster",R15.6mil,R19.8 m,"Better than anticipated uptake by SMMEs participating in export promotion initiatives.
",n/a,R12.6mil,"Report submitted. The branch committed 

R 26.74m financial support  to SMMEs, including women and youth-empowered enterprises to participate in the  events:

",N/A,N/A,R19.2mil,"Export funding support to the amount of R42.3M  was provided to SMMEs, including women and youth-empowered enterprises ",Better than anticipated uptake by SMMEs participating in export promotion initiatives,"N/A
","R12.6mil


","Export funding support to the amount of R7.2m  was provided to SMMEs, including women and youth-empowered enterprises to participate in the following events:

Mining Indaba 2024 in Cape Town on the 5th -8th Feb 2024
Gulfood 2024 in Dubai  on the 19th -23rd Feb 2024
Black Industrialist Conference in Johannesburg on the 20th March 2024. 


","Less than anticipated number of SMME,  women and youth owned enterprises  applying for events in Q4.

Budget constraints limited hosting of additional events.
","Targeted recruitment drive of SMMEs, women and youth owned companies to participate in export initiatives.

",R60m,-,R96.14m,"Better than anticipated uptake by SMMEs participating in export initiatives.
",N/A ,N/A ,177
,"Trade, Industry and Competition",National,Programme 7: Exports,Programme 7: Exports,Quarterly,Value of support programmes to enterprises in labour absorbing sectors,Not Applicable,Not  Applicable,Priority 2: Economic Transformation And Job Creation,"The Economic Sectors, Employment and Infrastructure Development cluster",R15.08mil,R22.96 m ,"Earlier approvals of support for export initiatives in labour absorbing sectors.
",n/a,R12.18mil,"Report submitted. The branch committed R14.23m financial support in

terms of approvals  for SA companies in labour absorbing sectors to participate in the  export initiative events: 
",N/A,N/A,R18.56mil,The branch committed R28.5M in financial support in terms of approvals for SA exporters in labour absorbing sectors,Additional approvals processed earlier than anticipated in support of export initiatives,"N/A
","R12.18m


","The branch committed R6.1m in financial support in terms of approvals for SA exporters in labour absorbing sectors to participate in the following export initiatives: 

Gulfood 2024 in Dubai  on the 19th -23rd Feb 2024
 Black Industrialist Conference in Johannesburg on the 20th March 2024

","Less than anticipated number of  enterprises  in labour absorbing sectors applying for events in Q4.

Budget constraints limited hosting of additional events.
","Targeted recruitment drive of companies in labour absorbing sectors  to participate in export initiatives.
",R58m,-,"R71.79m.
","Better than anticipated number of enterprises  in labour absorbing sectors participating in export initiatives. 
",N/A ,N/A ,177
,"Trade, Industry and Competition",National,Programme 7: Exports,Programme 7: Exports,Quarterly,Value of output by Black Industrialist firms supported by the dtic group,Not Applicable,Not  Applicable,Priority 2: Economic Transformation And Job Creation,"The Economic Sectors, Employment and Infrastructure Development cluster",0,N/A ,n/a,n/a,0,N/A,N/A,"N/A
","0
","N/A
","N/A
","N/A
","R10bn


","R15.9 billion  by  black industrialist firms supported through  export initiatives
","More than anticipated number of Black industrialists firms applied and received support. 
",N/A,R10bn,-,R15.9 billion  ,"More than anticipated number of Black industrialists firms applied and received support. 
",N/A ,N/a ,177
,"Trade, Industry and Competition",National,Programme 7: Exports,Programme 7: Exports,Quarterly,Number of jobs supported,Not Applicable,Not  Applicable,Priority 2: Economic Transformation And Job Creation,"The Economic Sectors, Employment and Infrastructure Development cluster",Nil,"N/A 
",N/A ,N/A ,Nil,N/A,N/A,"N/A
",Nil,"N/A
","N/A
","N/A
","70 000

"," 122 459 jobs supported through export initiatives.
","Better than anticipated number of jobs were supported through export initiatives. 
",N/A,70 000,-,122 459 ,N/A ,N/A ,N/A ,177
,"Trade, Industry and Competition",National,Programme 7: Exports,Programme 7: Exports,Quarterly,Number of jobs in Black Industrialist firms supported by the dtic group,Not Applicable,Not  Applicable,Priority 2: Economic Transformation And Job Creation,"The Economic Sectors, Employment and Infrastructure Development cluster",0,N/A ,N/A ,N/A ,0,N/A,N/A,"N/A
",0,"N/A
","N/A
","N/A
","6 500
","15 099 jobs supported in Black Industrialist firms through export initiatives.
","More than anticipated number of Black industrialists firms applied and received support.
",N/A,6 500,-,15 099 ,N/A ,N/A ,,177
,"Trade, Industry and Competition",National,Programme 7: Exports,Programme 7: Exports,Quarterly,"Business Forums hosted aimed at supporting increased FDI, exports and outward investment",Not Applicable,Not  Applicable,Priority 2: Economic Transformation And Job Creation,"The Economic Sectors, Employment and Infrastructure Development cluster",3,4,N/A ,N/A ,3,"Report submitted. the dtic hosted 2 x Business Forums as follows:

South Africa- DRC: 05-06 July 2023
Uganda –South Africa: 05-06 September 2023
","The timing of State Visits  and related Business Forums are determined by the Presidency. In Q2 only two were undertaken.
","The timing of State Visits  and related Business Forums are determined by the Presidency. In Q2 only two were undertaken.

Taking into consideration that in Q1 we had 4 instead of 3.  
",2,Not achieved,N/A,N/A,"2

",Nil,N/A,N/A,10,-,6 ,N/A,N/A ,,177
,"Trade, Industry and Competition",National,Programme 7: Exports,Programme 7: Exports,Quarterly,"High impact trade interventions including, but not limited to the following: trade disputes, challenges with implementation of trade agreements, ITAC decisions and trade measures, bilateral trade concerns",Not Applicable,Not  Applicable,Priority 2: Economic Transformation And Job Creation,"The Economic Sectors, Employment and Infrastructure Development cluster",3,0,"Identification and resolution of trade interventions taking longer than anticipated.
","Additional focus and resources to be allocated to programme.  
",3,"Report submitted. 
","Identification and resolution of trade interventions taking longer than anticipated.
","Additional focus and resources to be allocated to programme.  

","2
",Report on resolved export barriers was submitted. One barrier was resolved,Identification and resolution of trade interventions taking longer than anticipated,Additional focus and resources to be allocated to programme,"2

","Report submitted. 
","Identification and resolution of trade interventions taking longer than anticipated.
","Additional focus and resources to be allocated to programme.  
",10,-,1,Identification and resolution of trade interventions taking longer than anticipated,Additional focus and resources to be allocated to programme,,177
,"Trade, Industry and Competition",National,Programme 7: Exports,Programme 7: Exports,Quarterly,"Action minutes towards the increased efficiency of DFIs by ensuring that 95% of the IDC, NEF and ECIC APP KPI’s are achieved",Not Applicable,Not  Applicable,Priority 2: Economic Transformation And Job Creation,"The Economic Sectors, Employment and Infrastructure Development cluster",1,1,n/a,n/a,1,"Two reports submitted 

",N/A,N/A,"1
","One report (action minute) submitted. Insurance cover transaction to the value of R6.9 M had been approved by 31 December  2023.
The Cooperation Agreement between the dtic, ECIC, NEF, and IDC was signed by all parties. The agreement allows for the implementation of an exporter development programme to coordinate and pool support for exporters",N/A,N/A,"1


","One report (action minute) submitted. Insurance cover transaction to the value of R55m had been approved by 31 March 2024. 
",N/A,N/A,4,-,4,N/A ,,,177
,"Trade, Industry and Competition",National,Programme 7: Exports,Programme 7: Exports,Quarterly,Co-ordinate the hosting of the BRICS Business Forum,Not Applicable,Not  Applicable,Priority 2: Economic Transformation And Job Creation,"The Economic Sectors, Employment and Infrastructure Development cluster",Nil,n/a,n/a,n/a,1,"1 Report submitted. 
",N/A,N/A,"Nil
",N/A,N/A,N/A,"Nil
","Report submitted. The branch facilitated an exhibitions during the 2nd  Black Industrialist & Exporter (BIE) Conference that took place in Johannesburg on the 20th March 2024.
","Branch was allocated an additional Exhibition linked to the BIE Conference to implement.
",N/A,1,-,"Report submitted. The branch facilitated and hosted the following:
BRICS Business Forum, Inward Buying Mission and Exhibition from 19  23 August 2023.
AGOA Exhibition from 2  4 November 2023.
2nd Black Industrialist & Exporter Exhibition on the 20th March 2024.
","Branch was allocated an additional Exhibition linked to the BIE Conference to implement.
",N,,177
,"Trade, Industry and Competition",National,Programme 7: Exports,Programme 7: Exports,Quarterly,Number of regulations published & red tape reduction interventions,Not Applicable,Not  Applicable,Priority 2: Economic Transformation And Job Creation,"The Economic Sectors, Employment and Infrastructure Development cluster",Nil,n/a,n/a,n/a,Nil,N/A,N/A,N/A,Nil,N/A,N/A,N/A,"1

","Report submitted. The Cooperation Agreement between the dtic, ECIC, NEF, and IDC was signed by all parties. The agreement allows for the implementation of an exporter development programme to coordinate and pool support for exporters.",NA,N/A,1,-,"Report submitted. The Cooperation Agreement between the dtic, ECIC, NEF, and IDC was signed by all parties. The agreement allows for the implementation of an exporter development programme to coordinate and pool support for exporters.
",N/A ,N/a ,,177
,"Trade, Industry and Competition",National,Programme 8: Transformation and Competition,Programme 8: Transformation and Competition,Quarterly,Value of investment facilitated,Not Applicable,Not  Applicable,Priority 2: Economic Transformation And Job Creation,"The Economic Sectors, Employment and Infrastructure Development cluster","R1.8bn
","R1.7bn
",N/A ,N/A ,R3.6bn,"R6,7bn","Through negotiations
with companies, the
Department managed
to secure a higher
amount than it was
envisaged.",N/A ,R5.4bn,"R965m
 
","Large merger not yet approved by the Competition Tribunal which is hearing the Merger application in Q4
",N/A ,"R7.2bn

","R1,9bn
","Large merger not yet approved by the 
Competition Tribunal

The dependencies are the mergers notified by companies to the Competition Authorities, whether they have public interest concerns, and the recommendations made by the Competition Commission and the final order made by the Competition Tribunal. We track investments when they have been made an order of the Competition Tribunal and where dtic has reached investment commitments with parties. The time the Tribunal takes to hear and issue merger orders depends on the caseload, the complexity of the cases heard, and availability of Tribunal members. 
","The Branch continues to work with the Tribunal to enhance its capacity through, for example, the appointment of Tribunal Members
",R18bn,-,R8.2bn ,"
Large merger not yet approved by the Competition Tribunal
The dependencies are the mergers notified by companies to the Competition Authorities, whether they have public interest concerns, and the recommendations made by the Competition Commission and the final order made by the Competition Tribunal. Large merger not yet approved by the Competition Tribunal
The dependencies are the mergers notified by companies to the Competition Authorities, whether they have public interest concerns, and the recommendations made by the Competition Commission and the final order made by the Competition Tribunal.We track investments when they have been made an order of the Competition Tribunal and where dtic has reached investment commitments with parties. The time the Tribunal takes to hear and issue merger orders depends on the caseload, the complexity of the cases heard, and availability of Tribunal members. ","The Branch continues to work with the Tribunal to enhance its capacity through, for example, the appointment of Tribunal Members
",N/A ,177
,"Trade, Industry and Competition",National,Programme 8: Transformation and Competition,Programme 8: Transformation and Competition,Quarterly,Value of additional local output committed or achieved,Not Applicable,Not  Applicable,Priority 2: Economic Transformation And Job Creation,"The Economic Sectors, Employment and Infrastructure Development cluster","R600m
","R1.9bn
","Higher implementation of companies reported on
",N/A ,R1.2bn,R2bn,"Through negotiations
with companies, the
Department managed
to secure a higher
amount than it was
envisaged",N/A ,R1.8bn,"R1,9bn
","Company output
increased
",N/A ,"R2.4bn

","R2.1bn
","Company output decreased
","None.
The Output is dependent on Companies’ Output
",R6bn,-,R6bn,"Efficient roll out of support
",N/A,N/A ,177
,"Trade, Industry and Competition",National,Programme 8: Transformation and Competition,Programme 8: Transformation and Competition,Quarterly,Value (Rand) through support programmes administered by or in partnership with the dtic-group,Not Applicable,Not  Applicable,Priority 2: Economic Transformation And Job Creation,"The Economic Sectors, Employment and Infrastructure Development cluster","R110m
","R834 million 
 
(R484 million excluding SEF, and R350 million for  SEF)
","Efficient roll out of support
",N/A ,R165m,R997 million,"Efficient roll out of
support",N/A ,"R275m
","R680m (Incl.
SEF)
 
R340m (excl.
SEF)
","Efficient roll out of support
",N/A ,"R550m

","R3,9bn (Incl. SEF)


R3,5bn(excl. SEF)
","The Branch received the Actual Expenditure amounts for the Companies’ reporting period which was during Q4. The previous quarters were  projections based on the merger orders.
",N/A,R1.1bn,-,"R5.58bn  (Incl. SEF)
 
R4.5bn(excl. SEF)
","The annual target was projected based on the commitments made during merger negotiations however, the Actual Expenditure by merger firms was more than the commitments due to favourable trading conditions.
","This is dependent on the companies' performance during the Financial year
",N/A ,177
,"Trade, Industry and Competition",National,Programme 8: Transformation and Competition,Programme 8: Transformation and Competition,Quarterly,Value of funding accessed and support provided to SMMEs,Not Applicable,Not  Applicable,Priority 2: Economic Transformation And Job Creation,"The Economic Sectors, Employment and Infrastructure Development cluster","R110m
","R334 million
","Efficient roll out of support
",N/A ,R165m,R120 million,"Low support provided
by the companies
than expected",N/A ,R275m,"R50m 
","Less support provided by
companies than expected
",N/A ,"R550m
","R3bn
","Most of the mergers’ Actual Expenditure were received in Q4 which is  the Companies’ reporting period.
",N/A,R1.1bn,-,"R3.6bn
","The annual target was projected based on the commitments made during merger negotiations however, the Actual Expenditure by merger firms was more than the commitments due to favourable trading conditions.
","This is dependent on the companies' performance during the Financial year
",N/A ,177
,"Trade, Industry and Competition",National,Programme 8: Transformation and Competition,Programme 8: Transformation and Competition,Quarterly,Value of support programmes to enterprises in labour absorbing sectors,Not Applicable,Not  Applicable,Priority 2: Economic Transformation And Job Creation,"The Economic Sectors, Employment and Infrastructure Development cluster",R51m,"R67 million
","Higher support provided by the companies than expected

","
N/A ",R51m,0,N/A ,N/A ,"102m
","R345m 
","Through negotiations with companies the Department managed to secure a higher amount than it was envisaged
",N/A ,"204m


","R371m
","Through negotiations with companies the Department managed to secure a higher amount than it was envisaged
",N/A,R408m,-,"R1,1bn
","Through negotiations with companies the Department managed to secure a higher amount than it was envisaged
",N/A,N/A ,177
,"Trade, Industry and Competition",National,Programme 8: Transformation and Competition,Programme 8: Transformation and Competition,Quarterly,"Value (Rand) of loan, equity and procurement funding to support black owned enterprises",Not Applicable,Not  Applicable,Priority 2: Economic Transformation And Job Creation,"The Economic Sectors, Employment and Infrastructure Development cluster",R100m,"R278million
","Through negotiations with the company, the Department managed to secure a higher amount than it was envisaged.
Target for quarter to be revised upwards

","Revise quarterly target
",R100m,R389 million,"Through negotiations
with companies the
Department managed
to secure a higher
amount than it was
envisaged.",N/A ,"R200m
",0 ,"EEIP applications still being considered
","No corrective action required. Annual target has already been exceeded.
","R400m


",0,"The target was achieved and exceeded in Q1 with an EEIP commitment made by Citibank to the value of R1.375 billion
","No corrective action required. Annual target has already been exceeded.
","R800m
",-,"R1,8bn
","Through negotiations with companies the Department managed to secure a higher amount than it was envisaged
",N/A,N/A ,177
,"Trade, Industry and Competition",National,Programme 8: Transformation and Competition,Programme 8: Transformation and Competition,Quarterly,Value of output by Black Industrialist firms supported by the dtic group,Not Applicable,Not  Applicable,Priority 2: Economic Transformation And Job Creation,"The Economic Sectors, Employment and Infrastructure Development cluster",R0.3bn,"R212 million
","Methodology re information gathering
","Amend methodology
",R1bn,0,N/A ,N/A ,R1bn,"R188m
","Companies to still submit information
",N/A ,"R1bn

","R265m
","Companies to still submit information
","Target to be revised as it is considerably higher than what is possible to achieve
",R3.3bn,-,,"R1.1bn 
","Companies to still submit information
","Target to be revised as it is considerably higher than what is possible to achieve
",177
,"Trade, Industry and Competition",National,Programme 8: Transformation and Competition,Programme 8: Transformation and Competition,Quarterly,Number of jobs supported,Not Applicable,Not  Applicable,Priority 2: Economic Transformation And Job Creation,"The Economic Sectors, Employment and Infrastructure Development cluster",18 000,"327 872
","Methodology re information gathering
","Amend methodology
",27 000,51 462,N/A ,N/A ,45 000,"250 882 
","Efficient roll out of
support
",N/A ,"90 000
","260,461
","Efficient roll out of support
",N/A,180 000,-,"260,461 ","Efficient roll out of support
",N/A,N/A ,177
,"Trade, Industry and Competition",National,Programme 8: Transformation and Competition,Programme 8: Transformation and Competition,Quarterly,Number of jobs to be created through the dtic programmes: -	50 000 social economy fund part-time or temporary job opportunities; -	50 000 full-time jobs,Not Applicable,Not  Applicable,Priority 2: Economic Transformation And Job Creation,"The Economic Sectors, Employment and Infrastructure Development cluster","800


6 250
","Jobs  created 4 504
 
(4209 – mergers
295 – EEIP)
In addition 9412 Jobs created through YES

57 984
SEF job opportunities


","Includes YES
",N/A ,"1 200


6 250
",61 444,"Target exceeded due
to more unique work
opportunities
created.",N/A ,"2 000



12 500
","396 



58 586 
","Commitments to
create jobs is
influenced by the
merging parities and
applications received.
 
 
Target exceeded due
to more unique
participants for Q3
enrolled on the SEF
system
",N/A ,"4 000



25 000
","458

63 454 SEF job opportunities created
","Commitments to create jobs is influenced by the merging parities and applications received.

Target exceeded due to more unique  participants for Q4 enrolled on the SEF system
",N/A,"8 000





50 000 SEF job opportunities created

",-,"6332


63 454 SEF job opportunities created
","Commitments to create jobs is influenced by the merging parities and applications received.

 Target exceeded due to more unique  participants for Q4 enrolled on the SEF system

",N/A,N/A ,177
,"Trade, Industry and Competition",National,Programme 8: Transformation and Competition,Programme 8: Transformation and Competition,Quarterly,Number of jobs in Black Industrialist firms supported by the dtic group,Not Applicable,Not  Applicable,Priority 2: Economic Transformation And Job Creation,"The Economic Sectors, Employment and Infrastructure Development cluster","750
","141
","Incomplete information this point
","Branch to provide a corrective measure  
",750,201,Data collection,"Improve data
collection","750
",664 ,"Commitments to create jobs is influenced by the merging parities and applications received
",N/A ,"750

","4251


","Some companies never used to report however, during the Black Industrialists conference, the Branch was able to get more information.
","Consistent follow up on companies
",3 000,-,"5 323 	
","High support from Companies
","Consistent follow up on companies
",N/A ,177
,"Trade, Industry and Competition",National,Programme 8: Transformation and Competition,Programme 8: Transformation and Competition,Quarterly,Additional workers with shares in their companies as represented in commitments made,Not Applicable,Not  Applicable,Priority 2: Economic Transformation And Job Creation,"The Economic Sectors, Employment and Infrastructure Development cluster","2 500
","6 048
","Merger approved with high number of employees
",N/A ,2 500,3667,"Merger approved with
high number of
employees",N/A ,5000,"7 465 

","Merger approved with high number of employees
",N/A ,"10 000

","460
","Merger approved with less number of employees
","No corrective measure since commitments for additional workers with shares is influenced by the merging parties and applications received.
",20 000 workers,-,16 592 ,"Only these mergers in significant size were  approved during this Financial year
","None. This is dependent on the merger approvals
",N/A ,177
,"Trade, Industry and Competition",National,Programme 8: Transformation and Competition,Programme 8: Transformation and Competition,Quarterly,Number of impact assessments on high impact outcomes on addressing market concentration at sector or firm level,Not Applicable,Not  Applicable,Priority 2: Economic Transformation And Job Creation,"The Economic Sectors, Employment and Infrastructure Development cluster","1
","2
-Competition Tribunal decisions on mergers addressing market concentration in sectors or firms  for the period ending 30 June 20243 
 
-A report setting out progress in addressing market concentration in the Grocery Retail Sector:  A Case Study on Shoprite Checkers’ dominance in the shopping malls through the use of Long-Term Exclusive Lease Agreements. 

","Additional product due to the case study that was done on the past market inquiry (GRMI)
",N/A ,2,2 ,N/A ,N/A ,3,3 ,N/A ,N/A ,"4

","2

Report on the        Review of the        impact of the       implementation of the Automotive        Aftermarket Sector        Guidelines.

An Impact
Assessment of        the      Implementation 
of the Public        Interest        Commitment on         the Agriculture         Sector in the         ABinBev and         SAB Merger.
","Two products were achieved in Q1 and Q2 due to the unexpected  additional scope in the outcomes of the inquiry. For example,  the impact of the implementation of the removal of the exclusive agreements and shopping malls that was not planned.
","None. The annual target is achieved. 
",10,-,10,N/A,N/A,N/A ,177
,"Trade, Industry and Competition",National,Programme 8: Transformation and Competition,Programme 8: Transformation and Competition,Quarterly,Number of block exemptions for energy suppliers and users,Not Applicable,Not  Applicable,Priority 2: Economic Transformation And Job Creation,"The Economic Sectors, Employment and Infrastructure Development cluster",1,"2
-Report on expedited regulatory amendments and flexibility to promote energy efficiency – block exemptions for energy users and for energy suppliers
","Both regulations were required in quarter 1
",N/A ,1,0,N/A ,N/A ,"0
",0 ,"The target was achieved in Q1 because both regulations were required in quarter 1
",N/A ,"0

",0,N/A,N/A,"2
",-,2,N/A,N/A,N/A ,177
,"Trade, Industry and Competition",National,Programme 8: Transformation and Competition,Programme 8: Transformation and Competition,Quarterly,"Number of the dtic success stories profiled through case studies,",Not Applicable,Not  Applicable,Priority 2: Economic Transformation And Job Creation,"The Economic Sectors, Employment and Infrastructure Development cluster",20,"44
- 4 Case studies recorded for Black Industrialists 
- 30 case studies on EEIP
- 8 Case Studies for SEF
- 2 for Market Inquiries

","The branch over-stretched itself  to cover as much as it could due to the large number of case studies that are supposed to be done in the coming quarters
",N/A ,30,47 ,"The branch overstretched
itself to
cover as much as it
could due to the large
number of case
studies that are
supposed to be done
in the coming
quarters",N/A ,"50
","27
","Underperformed on gathering case and writing up of case studies in Q3. However, the target was exceeded in the past 2 quarters
","No corrective action required. Annual target on track to be met target.
","50
","121


(9 for YES and
112 for SEF)
",The Branch over-stretched itself  to also  cover the social media platforms for SEF Case Studies in line with the Output Indicator,N/A,"150
",-,236,"The Branch overstretched itself  to also  cover the social media platforms for SEF Case Studies in line with the Output Indicator
",N/A,N/A ,177
,"Trade, Industry and Competition",National,Programme 8: Transformation and Competition,Programme 8: Transformation and Competition,Quarterly,Action minutes towards the increased efficiency of Technical Infrastructure institutions by ensuring that 95% of KPI’s of their APP’s are achieved,Not Applicable,Not  Applicable,Priority 2: Economic Transformation And Job Creation,"The Economic Sectors, Employment and Infrastructure Development cluster",1,"1
-Report on analysis of the 4th Quarterly Reports of 2022/23 of the Competition Commission (CC) and the Competition Tribunal (CT) and the quarterly oversight meeting between the dtic and the Entities (B-BBEE and Competition Authorities)

",N/A ,N/A ,1,1,N/A ,N/A ,"1
",1,N/A ,N/A ,"1
","1

Analysis of Third Quarterly Reports of 2023/2024 of the Competition Commission (CC) and  the Competition Tribunal (CT) and the quarterly oversight meeting between the dtic and the entities (B-BBEE and the Competition Authorities).
",N/A,N/A,"4
",-,4,N/A,N/A,N/A ,177
,"Trade, Industry and Competition",National,Programme 8: Transformation and Competition,Programme 8: Transformation and Competition,Quarterly,"Conferences, summits, and international forums hosted",Not Applicable,Not  Applicable,Priority 2: Economic Transformation And Job Creation,"The Economic Sectors, Employment and Infrastructure Development cluster",Nil,N/A ,N/A ,N/A ,1,0,"Worker Ownership
Summit to be hosted
in October 2023.
Securing a date from
the Minister.",N/A ,Nil,N/A ,N/A ,N/A ,"1

",1,N/A,N/A,2,-,2,N/A,N/A,N/A ,177
,"Trade, Industry and Competition",National,Programme 8: Transformation and Competition,Programme 8: Transformation and Competition,Quarterly,Targets for assessing mergers for public interest and intervening in mergers on public interest issues,Not Applicable,Not  Applicable,Priority 2: Economic Transformation And Job Creation,"The Economic Sectors, Employment and Infrastructure Development cluster","Nil
Nil 
Nil
6","10
","The Department is obliged to assess all mergers notified 
Of the 71, 10 had notifications with public interest

",N/A ,"Nil
1

Nil
6","100%

141 Notifications
received and
assessed

11 
","The Department is
obliged to assess all
mergers notified

11 Mergers had public
interest.",N/A ,"Nil
Nil

Nil
13",16 ,"The Department is obliged to assess all mergers notified 
",N/A ,"1
Nil


1
25","100%



17%
Out of 54 notifications, the Minister participated in 9 mergers with public interest

0

9
","The Framework Agreement for 2 larger mergers has  been delayed. It is still under consideration by the Competition Tribunal

Only 9 mergers required participation on Public Interest
","The Branch is waiting for the Competition Tribunal to make a decision.

None. This is dependent on the mergers requiring participation in line with the Competition Act.

","
100%
15%
1%
50
",-,"100% 

17%
Out of 267 notifications, the Minister participated in 46 mergers with public interest
0
69
 (The dtic got Public Interest in 46 mergers)

","N/A
N/A
The Framework Agreement for 2 larger mergers has been delayed. It is still under consideration by the Competition Tribunal

46 mergers required participation on Public Interest however, the CC got  Public Interest outcomes in 23 mergers in which the dtic did not participate)
","N/A
N/A
The Branch is waiting for the Competition Tribunal to make a decision

N/A",N/A ,177
,"Trade, Industry and Competition",National,Programme 8: Transformation and Competition,Programme 8: Transformation and Competition,Quarterly,Number of regulations published & red tape reduction interventions,Not Applicable,Not  Applicable,Priority 2: Economic Transformation And Job Creation,"The Economic Sectors, Employment and Infrastructure Development cluster","Nil

",N/A ,N/A ,N/A ,Nil,Nil  ,N/A ,N/A ,"1
",0,"The product was delivered in Q1 .
",N/A ,"1
",1,N/A,N/A,2,-,2,N/A,N/A,N/A ,177
,"Trade, Industry and Competition",National,Programme 8: Transformation and Competition,Programme 8: Transformation and Competition,Quarterly,Protocols finalised: Competition Protocol of AfCFTA submitted to Cabinet,Not Applicable,Not  Applicable,Priority 2: Economic Transformation And Job Creation,"The Economic Sectors, Employment and Infrastructure Development cluster","Nil
",N/A ,N/A ,N/A ,Nil,Nil  ,N/A ,N/A ,Nil,N/A ,N/A ,N/A ,"1
",1,N/A,N/A,"1 Competition
 Protocol for
AfCFTA submitted to Cabinet

",-,1,N/A,N/A,N/A ,177
,"Trade, Industry and Competition",National,Programme 8: Transformation and Competition,Programme 8: Transformation and Competition,Quarterly,10 successful actions completed on price monitoring and excessive pricing or price gouging,Not Applicable,Not  Applicable,Priority 2: Economic Transformation And Job Creation,"The Economic Sectors, Employment and Infrastructure Development cluster","1
",N/A ,N/A ,N/A ,2,2,N/A ,N/A ,2,1 ,"1
Action Minute on completed actions on price monitoring and excessive pricing or price gouging for the period ending 31 December 2023. A Case Study on price fixing and market allocation between the Competition Commission and Standard Chartered Bank in contravention of Section 4(1)(b)(i) and (ii) of the Competition Act.
",Additional target required was achieved in the previous quarters,"5

","3

Action Minute on completed actions on price monitoring and excessive pricing or price gouging for the period ending 31 March 2024. A Case Study on price fixing and market allocation between the Competition Commission and Pacific Solar Technologies (Pty) Ltd in contravention of Section 4(1)(b)(i) and (ii) of the Competition Act

	
Action Minute on completed actions on price monitoring and excessive pricing or price gouging for the period ending 31 March 2024. A Case Study on price fixing and market allocation between the Competition Commission and Pioneer Brothers (Pty) Ltd in contravention of Section 4(1)(b)(i) and (ii) of the Competition Act.

Action Minute on completed actions on price monitoring and excessive pricing or price gouging for the period ending 31 March 2024. A Case study of Stutafords Van Lines and Pikfords Removal SA. in contravention of Section 4 (1) (b) (i) and (ii) of the competition act.
",N/A,N/A,10,-,10,N/A,N/A,N/A ,177
,"Trade, Industry and Competition",National,Programme 9: Research,Programme 9: Research,Quarterly,Value of investment facilitated,Not Applicable,Not  Applicable,Priority 2: Economic Transformation And Job Creation,"The Economic Sectors, Employment and Infrastructure Development cluster",Nil,Nil,N/A,N/A,Nil,Nil,Nil,N/A,"1
",      -,"Delays in commencing with the project due to lack of a budget. 
","Programme 4 has agreed to fund the study through TIPS budget, project on course for completion by Q4. 
","Nil

",1 impact assessment report on investment conference commitments produced,"The Impact assessment report was not achieved in Q3 
",N/A,"1
",-,1 impact assessment report on investment conference commitments produced,N/A,N/A,N/A ,177
,"Trade, Industry and Competition",National,Programme 9: Research,Programme 9: Research,Quarterly,Value of exports in manufacturing sectors,Not Applicable,Not  Applicable,Priority 2: Economic Transformation And Job Creation,"The Economic Sectors, Employment and Infrastructure Development cluster",Nil,Nil,N/A,N/A,1,"1 Export market strategy for Furniture produced. 

","Means of verification was erroneously captured (omitted Furniture strategy).  Programme contribution was also erroneously captured reflecting there (3) strategies while APP target was one (1). 
","N/A
",1,"1 Export Market strategy achieved in Quarter 2 
",N/A,N/A,"1

","1 export market strategy for Hemp and Cannabis produced. 
","1 additional export strategy produced in Q4.  
",N/A,"1
",-,2  export market strategies for (1) Furniture strategy (2) Hemp and Cannabis strategy produced. ,"1 additional export strategy for Hemp and Cannabis  produced in Q4.  
",N/A,N/A ,177
,"Trade, Industry and Competition",National,Programme 9: Research,Programme 9: Research,Quarterly,Value of exports in manufacturing sectors to Africa,Not Applicable,Not  Applicable,Priority 2: Economic Transformation And Job Creation,"The Economic Sectors, Employment and Infrastructure Development cluster",1,"1 data analysis report on African market opportunities produced. 

",None,None,1,"1 data analysis report on African market opportunities produced. 

",N/A,"N/A
","1
","1 Data analysis reports on African market opportunities produced. 
",N/A,N/A,"1


","1 data analysis report on African market opportunities produced. 
",N/A,N/A,4,-,"4 quarterly data analysis report on African market opportunities produced. 
",N/A,N/A,N/A ,177
,"Trade, Industry and Competition",National,Programme 9: Research,Programme 9: Research,Quarterly,Value of approved funding accessed outside the 5 metros,Not Applicable,Not  Applicable,Priority 2: Economic Transformation And Job Creation,"The Economic Sectors, Employment and Infrastructure Development cluster",15,"15 District-level dashboards of the dtic and its entities’ interventions  Mantained.

",None,None,15,"20 District-level dashboards of the dtic and its entities’ interventions  Maintained.

","5 additional dashboards completed in Q2. 

","N/A
","15
","17 District-level dashboard of the dtic and its entities’ interventions  Maintained.
",2 additional dashboards maintained in Quarter 3,N/A,"7

",N/A,"The 4 DDM dashboards were reported in previous reporting Quarters.  

",N/A,"52 dashboards
",-,"55  District level dashboard of the dtic and its entities’ interventions maintained. 
",N/A,N/A,N/A ,177
,"Trade, Industry and Competition",National,Programme 9: Research,Programme 9: Research,Quarterly,Value of output by Black Industrialist firms supported by the dtic group.,Not Applicable,Not  Applicable,Priority 2: Economic Transformation And Job Creation,"The Economic Sectors, Employment and Infrastructure Development cluster","1




1

","-


-","Black Industrial Census not completed due to slow repose rates by respondents or clients. 


The Black Industrialist quarterly survey has not ben 
achieved as it must
be informed by the Black Industrialist census results , which is yet to be completed.



","Involve the Entities to  encourage and speed up clients to response rate.   


Involve the Entities to  encourage and speed up clients to response rate.   
","Nil
1",           -,"BI Survey suspended due to a legal matter to be raised with DG 
.

","Legal opinion review

","Nil
1","Nil

1","Nil

 - BI Survey suspended due t
o a legal matter 
","

Legal opinion review
through external counsel.
","Nil

1","N/A

 -","N/A

BI Survey suspended due to a legal matter concerning access to Personal Information of Black Industrialist companies.  
","N/A

The Department is seeking Legal opinion review
through external counsel.

","1 (Census)



4 (Quarterly Surveys)",-,"1 Census report on the Black Industrialist produced. 
0
","N/A

BI Surveys were suspended due to a legal matter concerning access to Personal Information of Black Industrialist companies.  
","N/A

The Department is seeking Legal opinion review
through external counsel.
",N/A ,177
,"Trade, Industry and Competition",National,Programme 9: Research,Programme 9: Research,Quarterly,Number of jobs supported,Not Applicable,Not  Applicable,Priority 2: Economic Transformation And Job Creation,"The Economic Sectors, Employment and Infrastructure Development cluster",1,-,"Target not achieved due to change in focus of the deliverable (the initial focus has changed from production of a report to verification of data).

","Convene monthly meetings with IFB,NEF & IDC at DDG and CEO levels.

",Nil,"1 Report on jobs supported under SEZs produced.        
","SEZs Jobs report was not achieved in Quarter 1.
","N/A
",1,One report on jobs supported under SEZs produced in Q2,N/A,N/A,"1

","2 reports on jobs supported under GBS and  Liquor produced. 
","1 SEZ report achieved in Q2.  Two additional jobs reports (GBS & liquor) produced in Quarter 4. 
",N/A,3,-,"3  reports on jobs supported or covered under SEZs, GBS and Liquor produced. 
","Two additional jobs reports (GBS & Liquor) produced in Quarter 4. 
",N/A,N/A ,177
,"Trade, Industry and Competition",National,Programme 9: Research,Programme 9: Research,Quarterly,Additional workers with shares in their companies as represented in commitments made,Not Applicable,Not  Applicable,Priority 2: Economic Transformation And Job Creation,"The Economic Sectors, Employment and Infrastructure Development cluster",Nil,Nil,N/A,N/A,Nil,Nil,Nil,"N/A
",Nil,Nil,N/A,N/A,"1


","1 register on worker ownership maintained.  
",N/A,N/A,1,-,"1 register on worker ownership maintained.  
",N/A,N/A,N/A ,177
,"Trade, Industry and Competition",National,Programme 9: Research,Programme 9: Research,Quarterly,"Value (Rand) of loan, equity and procurement funding to support black- owned enterprises",Not Applicable,Not  Applicable,Priority 2: Economic Transformation And Job Creation,"The Economic Sectors, Employment and Infrastructure Development cluster",Nil,Nil,N/A,N/A,Nil,Nil,Nil,"N/A
",1,      -,"Project commenced late due to lack of access to critical  data ,the project is also of a wide scope.
","To be concluded in Q4.
","Nil

",Nil,N/A,N/A,"1
",-,,,,N/A ,177
,"Trade, Industry and Competition",National,Programme 9: Research,Programme 9: Research,Quarterly,"Number of Business Forums hosted aimed at supporting increased Foreign Direct Investment (FDI), exports and outward investment",Not Applicable,Not  Applicable,Priority 2: Economic Transformation And Job Creation,"The Economic Sectors, Employment and Infrastructure Development cluster",3,"2 Bilateral trade reports (Portugal and Netherlands) produced support the Executive Authority. 
","The Output is demand driven and depend on request for report to support the identified business forums hence two reports were produced based.

",N/A,3,"5 Bilateral trade reports produced.

","1 trade report not achieved in Quarter 1. 
","N/A
",2,"3 bilateral trade reports on AGOA, Kuwait & Qatar produced. 
","1 additional bilateral trade report produced in Quarter 3. 
",N/A,"2

","2 bilateral trade reports produced to support the Executive Authority. 
",N/A,N/A,"10
",-,"12 bilateral trade reports produced to support the Executive Authority. 
","Two additional trade reports produced in Quarter 4. 
",N/A,N/A ,177
,"Trade, Industry and Competition",National,Programme 9: Research,Programme 9: Research,Quarterly,High impact trade and climate change strategy and advocacy,Not Applicable,Not  Applicable,Priority 2: Economic Transformation And Job Creation,"The Economic Sectors, Employment and Infrastructure Development cluster",Nil,Nil,N/A,N/A,Nil,"1 Report on potential  impact of CBAM on South Africa produced

","Output was refocused to produce a report on potential impact of CBAM on South Africa before the strategy could be produced. Report shared with the relevant officials within the dtic to aid in the strategy development

","N/A
",1,"Impact assessment reports of Carbon Border Adjustment Mechanism (CBAM) on South Africa produced in Quarter 2.
",N/A,N/A,"Nil

","3 High Impact Measures reports produced in focusing on: 

Impact of trade measures by ITAC on the steel sector in South Africa.
Development of Metal Trade System
3)    Business Visa high impact measure.  
",N/A,N/A,"1
",-,"1 Impact assessment report on potential impact of Carbon Border Adjustment Mechanism (CBAM) on South Africa produced.
",N/A,N/A,N/A ,177
Tourism,Tourism,National,PROGRAMME 1: ADMINISTRATION (CORPORATE MANAGEMENT),PROGRAMME 1: ADMINISTRATION (CORPORATE MANAGEMENT),Quarterly,Output Indicator 1 - Audit outcome on  financial statements  and performance  information,Not Applicable,Not  Applicable,Not Applicable,Not Applicable,Financial and non-financial performance information submitted to the Auditor-General of South Africa (AGSA) and National Treasury (NT).,"Financial and non-financial performance information submitted to the Auditor-General South Africa (AGSA) and National Treasury (NT).
",None,N/A,AGSA audit report received.,"AGSA audit report was received and the Department achieved unqualified audit on
financial statements and performance
information.",None,N/A,"• Implementation Plan 
developed as per AGSA 
outcomes.
• Review internal control 
measures.
","•Implementation Plan was developed as per AGSA outcomes and signed-off.
•Internal control measures were reviewed.

",None. ,N/A,"Implementation of audit 
action plan as per AGSA 
outcomes.",Audit Action Plan was implemented as per AGSA outcomes.,"None.
",N/A,Unqualified audit on financial statements and performance information.,-,"Only available after the conclusion of AGSA process.
",,,Unqualified with no findings (clean audit outcome) on financial statements and performance information was achieved.,177
Tourism,Tourism,National,PROGRAMME 1: ADMINISTRATION (CORPORATE MANAGEMENT),PROGRAMME 1: ADMINISTRATION (CORPORATE MANAGEMENT),Quarterly,Output Indicator 10 - Percentage implementation of the Communication Plan,Not Applicable,Not  Applicable,Not Applicable,Not Applicable,"100 % of Q1 targets 
of Communication 
Implementation Plan 
achieved.", 100% of Q1 targets of Communication Implementation Plan was achieved.,None,N/A,"100 % of Q2 targets 
of Communication 
Implementation Plan 
achieved.
",100% of Quarter 2 targets of Communication Implementation Plan was achieved.,,,"100 % of Q3 targets 
of Communication 
Implementation Plan 
achieved.
",100% of Q3 targets of Communication Implementation Plan was achieved.,None.,N/A,"100 % of Q4 targets 
of Communication 
Implementation Plan 
achieved.
",100% of Q4 targets of Communication Implementation Plan was achieved.,None.,N/A,"100% implementation 
of the Communication 
Implementation Plan.
",-,"100% of the Communication Implementation Plan was achieved.
",None,N/A,"100% of the Communication Implementation Plan was achieved.
",177
Tourism,Tourism,National,PROGRAMME 1: ADMINISTRATION (CORPORATE MANAGEMENT),PROGRAMME 1: ADMINISTRATION (CORPORATE MANAGEMENT),Quarterly,Output Indicator 2 - Percentage  procurement of goods  and services from  SMMEs,Not Applicable,Not  Applicable,Not Applicable,Not Applicable,40% expenditure achieved on procurement of goods and services from SMMEs.,"50,89% expenditure was achieved on procurement of goods and services from SMMEs.",None,N/A,40% expenditure achieved on procurement of goods and services from SMMEs.,"62,26% expenditure was achieved on procurement of goods and services from SMMEs.",None,N/A,40% expenditure achieved on procurement of goods and services from SMMEs.,"58,77% expenditure was achieved on procurement of goods and services from SMMEs.
",None.,N/A,40% expenditure achieved on procurement of goods and services from SMMEs.,"57,97% expenditure on procurement of goods and services from SMMEs was achieved.",None.,N/A,"40% expenditure 
achieved on procurement 
of goods and services 
from SMMEs.",-,"57,97% expenditure was achieved on procurement of goods and services from SMMEs.","The Department implements targeted procurement from SMMEs through awarding of points.
",N/A,"57,97% expenditure on procurement of goods and services from SMMEs was achieved.
",177
Tourism,Tourism,National,PROGRAMME 1: ADMINISTRATION (CORPORATE MANAGEMENT),PROGRAMME 1: ADMINISTRATION (CORPORATE MANAGEMENT),Quarterly,Output Indicator 3 -Percentage invoices  paid within prescribed  timeframes,Not Applicable,Not  Applicable,Not Applicable,Not Applicable,"100% Payment of all 
compliant invoices within 
30 days.","98,09% of all compliant invoices received were paid within 30 days.
","Delay in processing payment on invoices received by the Department.

","The CFO is reviewing standard operating procedures and systems of internal control within Supply Chain Management. Corrective action implemented against employees who contributed towards the non achievement of targets.

","100% Payment of all 
compliant invoices within 
30 days.","99,71% of all compliant invoices received were paid within 30 days.",There were delays in receiving supporting documents (VAs) and invoices in Finance.,Non-compliance letters and warning letters issued to officials who did not comply/caused the delay. Weekly reporting on status of invoices institutionalized.,"100% Payment of all 
compliant invoices within 
30 days.","100% of all compliant invoices received were paid within 30 days.
",None.,N/A,"100% Payment of all 
compliant invoices within 
30 days.","99,76% of all compliant invoices received were paid within 30 days.","Invoices and supporting documents (VA26 orders) were submitted late to Finance by Officials in the Department.
","Non-Compliance letters to be sent  by the Office of the CFO.
","100% Payment of all 
compliant invoices within 
30 days.",-,"99,35% of all compliant invoices received were paid within 30 days.","Invoices and supporting documents (VA26 orders) were submitted late to Finance by Officials in the Department.
","Consequence
Management implemented.","99,35% (15 642 of 15 745) compliant invoices received were paid within 30 days.
",177
Tourism,Tourism,National,PROGRAMME 1: ADMINISTRATION (CORPORATE MANAGEMENT),PROGRAMME 1: ADMINISTRATION (CORPORATE MANAGEMENT),Quarterly,Output Indicator 4 -Percentage of  procurement spend  from women-owned  businesses,Not Applicable,Not  Applicable,Priority 2: Economic Transformation And Job Creation,"The Economic Sectors, Employment and Infrastructure Development cluster","40% procurement spend 
from women-owned 
businesses.","31,94% procurement spend from women-owned businesses was achieved.",Target not met due to slow implementation of projects.,The Department will Fastrack the implementation of projects and prioritise women owned businesses.,"40% procurement spend 
from women-owned 
businesses.","42,20% procurement spend from women-owned businesses was achieved.",None,N/A,"40% procurement spend 
from women-owned 
businesses.","47,67% procurement spend from women-owned businesses was achieved.",None.,N/A,"40% procurement spend 
from women-owned 
businesses.","41,58% expenditure was achieved on procurement of goods and services from SMMEs.",None.,N/A,"40% procurement spend 
from women-owned 
businesses.",-,"41,58% procurement spend from women-owned businesses was achieved.

","The Department implements targeted procurement from Women-owned businesses through awarding of points.
",N/A,"41,58% procurement spend from women-owned businesses was achieved.",177
Tourism,Tourism,National,PROGRAMME 1: ADMINISTRATION (CORPORATE MANAGEMENT),PROGRAMME 1: ADMINISTRATION (CORPORATE MANAGEMENT),Quarterly,Output Indicator 5 - Number of public  entity oversight  instruments developed  in terms of the SLA. - Four SA Tourism quarterly  oversight reports  developed in terms of the  SLA. - ,Not Applicable,Not  Applicable,Priority 2: Economic Transformation And Job Creation,"The Economic Sectors, Employment and Infrastructure Development cluster","SA Tourism quarterly 
oversight report 
developed in terms of the 
SLA.",SA Tourism quarterly oversight report was developed in terms of the SLA.,None,N/A,"SA Tourism quarterly 
oversight report 
developed in terms of the 
SLA.","42,20% procurement spend from women-owned businesses was achieved.",None,N/A,"SA Tourism quarterly 
oversight report 
developed in terms of the 
SLA.",SA Tourism quarterly oversight report was developed in terms of the SLA.,None.,N/A,"SA Tourism quarterly 
oversight report 
developed in terms of the 
SLA.","SA Tourism quarterly oversight report was developed in terms of the SLA.
",None.,N/A,"Four SA Tourism quarterly 
oversight reports 
developed in terms of the 
SLA.",-,Four SA Tourism quarterly oversight reports were developed in terms of the SLA.,None,N/A,"Four SA Tourism quarterly oversight reports were developed in terms of the SLA.
",177
Tourism,Tourism,National,PROGRAMME 1: ADMINISTRATION (CORPORATE MANAGEMENT),PROGRAMME 1: ADMINISTRATION (CORPORATE MANAGEMENT),Quarterly,Output Indicator 5 - Number of public  entity oversight  instruments developed  in terms of the SLA. - Governance Protocol for Public Entity revised and  submitted for approval.,Not Applicable,Not  Applicable,Priority 2: Economic Transformation And Job Creation,"The Economic Sectors, Employment and Infrastructure Development cluster",-,Not target for period under review.,None,N/A,"Draft Governance Protocol 
for Public Entity revised. 
",Draft Governance Protocol for Public Entity was revised.,None,N/A,"Consultation with 
Branches and Entity 
undertaken on the draft 
Governance Protocol for 
Public Entity.
",Consultation with Branches and Entity was undertaken on the draft Governance Protocol for Public Entity.,None.,N/A,"Governance Protocol for 
Public Entity revised and 
submitted for approval.
",Governance Protocol for Public Entity was revised and submitted for approval.,None.,N/A,"Governance Protocol for 
Public Entity revised and 
submitted for approval.
",-,"Governance Protocol for Public Entity was revised and submitted for approval.

",None,N/A,Governance Protocol for Public Entity was revised and submitted for approval.,177
Tourism,Tourism,National,PROGRAMME 1: ADMINISTRATION (CORPORATE MANAGEMENT),PROGRAMME 1: ADMINISTRATION (CORPORATE MANAGEMENT),Quarterly,Output Indicator 5 - Number of public  entity oversight  instruments developed  in terms of the SLA. - Public Entity Oversight  Framework for the  Department developed  and submitted for  approval.,Not Applicable,Not  Applicable,Priority 2: Economic Transformation And Job Creation,"The Economic Sectors, Employment and Infrastructure Development cluster","Draft Public Entity 
Oversight Framework 
developed.
",Draft Public Entity Oversight Framework was developed.,None,N/A,"Consultation undertaken 
with branches on the 
draft Public Entity 
Oversight Framework.
",Consultation with branches on the draft Public Entity Oversight Framework was not undertaken.,The draft Public Entity Oversight Framework was planned to be consulted on at Branch Management or Planning Sessions. These have not been scheduled.,Consultation with branches on the draft Public Entity Oversight Framework will be undertaken in the third quarter at Branch Planning or Management Session.,"Draft Public Entity 
Oversight Framework 
finalised and submitted 
for approval.
",Draft Public Entity Oversight Framework was finalised and submitted for approval.,None.,N/A,-,-,-,-,"Public Entity Oversight 
Framework for the 
Department developed 
and submitted for 
approval.
",-,"Public Entity Oversight Framework for the Department was developed and submitted for approval.

",None,N/A,"Public Entity Oversight Framework for the Department was developed and submitted for approval.
",177
Tourism,Tourism,National,PROGRAMME 1: ADMINISTRATION (CORPORATE MANAGEMENT),PROGRAMME 1: ADMINISTRATION (CORPORATE MANAGEMENT),Quarterly,Output Indicator 6 -  Percentage of vacancy  rate,Not Applicable,Not  Applicable,Priority 2: Economic Transformation And Job Creation,"The Economic Sectors, Employment and Infrastructure Development cluster",Vacancy rate below 9%.,"Vacancy rate was maintained at 8,3%.",None,N/A,Vacancy rate below 8%.,"Vacancy rate was maintained at 9,3%.","Rapid exit of employees leading to high turnover which is counteractive to lowering the vacancy rate which includes interdepartmental transfers in 
short successions. Panels should prioritise selection processes.",SMS posts in HRM urgently filled to drive the processes.,Vacancy rate below 7%.,"Vacancy rate was maintained at 10,3%","Rapid exit of employees led to high turnover which is counteractive to lowering the vacancy rate which includes interdepartmental transfers in short successions and the uncertainty due to cost containment measures in filling of posts.
","• Moderation of internal departmental transfers. 
• Urgent and clear organisational decision on the continuation of recruitment processes as a result of cost containment. 
• Review the vacancy target due to cost containment measures. 
• Urgently fill SMS posts in HR to drive the processes.
",Vacancy rate below 6%.,"Vacancy rate was maintained at 11,5%.","• Rapid exit of employees leading to high turnover which is counteractive to lowering the vacancy rate which includes interdepartmental transfers in short succession and uncertainty due to cost containment measures. 
• Limited HR capacity to drive bulk recruitment exercises. 
 
","• Moderation of inter-departmental transfers.
• Review the vacancy rate due to cost-containment measures. 
• Urgently fill Senior Manager's posts in HR to drive the recruitment processes.",Vacancy rate below 6%.,-,"Vacancy rate was 11,5% as at 31 March 2024.","• Natural attrition of employees coinciding with cost containment measures imposed in the public sector resulted in a gradually increasing vacancy rate.
• The backlog created by the cost containment measures exerts pressure on the Human Resources capacity to manage bulk recruitment when restrictions are lifted. 
","Continue to engage the DPSA on prioritised vacancies in line with the standing directive on filling of the vacant posts.
","Vacancy rate was 11,5% as at 31 March 2024.
",177
Tourism,Tourism,National,PROGRAMME 1: ADMINISTRATION (CORPORATE MANAGEMENT),PROGRAMME 1: ADMINISTRATION (CORPORATE MANAGEMENT),Quarterly,Output Indicator 7 - Percentage of  compliance with  Departmental  Employment Equity Targets - SMS Women  representation at a  minimum of 50%,Not Applicable,Not  Applicable,"Priority 1: A Capable, Ethical and Developmental State","The Economic Sectors, Employment and Infrastructure Development cluster","SMS Women 
representation at a 
minimum of 50%.","SMS women representation was maintained a 47,7%.","Due to exits of females at SMS levels, the target dropped below 50%. However, the vacated posts were advertised with preferences to correct and meet this target.",Targeted Recruitment Strategies were put in place to achieve the target of 50%,"SMS Women 
representation at a 
minimum of 50%.","SMS women representation was maintained at 48,8%.","One (1) female terminated services in the second quarter, however the vacated post is advertised.",Prioritized list with motivation finalised for submission to DPSA for approval.,"SMS Women 
representation at a 
minimum of 50%.","SMS women representation was maintained at 47,5%.","• Rapid exit of SMS employees led to high turnover which is counteractive to lowering the vacancy rate and uncertainty due to cost containment measures in filling of posts. 
• Absence of Senior Managers in HR to drive the processes.
","• Prioritise filling of SMS vacant post with competent women to close the gap. 
• Urgently fill SMS posts in HR to drive the processes.","SMS Women 
representation at a 
minimum of 50%.",SMS women representation was maintained at 46%.,"Due to exits of females at SMS levels the target dropped below 50%.
","• Vacated posts were advertised with preferences to correct and meet the target.
• Targeted Recruitment Strategies put in place to achieve the target of 50% with priority given to filling of SMS posts with suitably competent women to close the gap. ","SMS Women 
representation at a 
minimum of 50%.",-,SMS women representation was maintained at 46% as at 31 March 2024.,"The lower-than-targeted performance resulted from the natural attrition at SMS level.
","Implementation of targeted recruitment strategies to achieve the target of 50% with priority given to filling of SMS posts.
","SMS women representation was maintained at 46% as at 31 March 2024.
",177
Tourism,Tourism,National,PROGRAMME 1: ADMINISTRATION (CORPORATE MANAGEMENT),PROGRAMME 1: ADMINISTRATION (CORPORATE MANAGEMENT),Quarterly,Output Indicator 7 - Percentage of compliance with Departmental Employment Equity Targets - PWDs’ representation above 3%,Not Applicable,Not  Applicable,Priority 2: Economic Transformation And Job Creation,"The Economic Sectors, Employment and Infrastructure Development cluster","PWDs’ representation 
above 3%","PWDs' representation was maintained at 4,4%.",None,N/A,"PWDs’ representation 
above 3%","People living with disabilities' representation was maintained at 4,5%.",None,N/A,"PWDs’ representation 
above 3%","People living with disabilities' representation was maintained at 4,5%.",None.,N/A,"PWDs’ representation 
above 3%","People living with disabilities' representation was maintained at 4,8%.",None.,N/A,"PWDs’ representation 
above 3%",-,"Persons with disabilities' representation was 4,8% as at 31 March 2024.
","The Department implements Disability Management Programme that encourages disclosure and emphasises reasonable accommodation efforts. This has contributed to retention of persons with disability at various levels across the Department.
",N/A,"Persons with disabilities' representation was 4,8% as at 31 March 2024.
",177
Tourism,Tourism,National,PROGRAMME 1: ADMINISTRATION (CORPORATE MANAGEMENT),PROGRAMME 1: ADMINISTRATION (CORPORATE MANAGEMENT),Quarterly,Output Indicator 8 - Percentage of WSP implemented,Not Applicable,Not  Applicable,"Priority 1: A Capable, Ethical and Developmental State","Governance, State Capacity and Institutional Development cluster","100% of WSP Q1 targets 
achieved.
"," 70% of WSP Q1 targets was achieved as follows:
1. Two skills programme facilitated.
2. Two Leadership programmes facilitated."," Two (30%) out four skills programme outstanding due to:                                                    • Mentorship Course-No service provider responded through the SCM RFQ process. Workshop is planned, requested NSG to assist. 
• Supply Chain Management-procurement process concluded awaiting NSG for dates, the department committed 9/20 delegates. The service provider requires a full training room of 20 delegates.","Review performance agreements and ensure alignment of the WSP and Performance Agreements within the directorate. Prioritise the filling of the vacant position of Director -  Human Resource Utilisation. Planning for training will take place a quarter in advance.  

","100% of WSP Q2 targets 
achieved.","100% of WSP Q2 targets achieved as follows:
Four (4) Skills programmes                                                          1. Computer Literacy 
2. Contract Management 
3. Data Analysis 
4. Monitoring & Evaluation and;                      
Two (2) Leadership programmes                                              1. People Management  
2. Executive Development Programme.",None,N/A,"100% of WSP Q3 targets 
achieved.
","100% of WSP Q3 targets were achieved as follows:
4 Skills programmes (40%)                                                           
1.Public Speaking and Presentation Skills                         
2.Emotional Intelligence      
3.Supply Chain Management 
4. e-Records Management 
                     
2 Leadership Programmes (60%)          
1.Disability Management     
2.Strategic Management.",None.,N/A,"100% of WSP Q4 targets 
achieved.
","100% of WSP Q4 targets were achieved as follows:

Skills Programmes
1. Innovation Management
2. Risk Management
3. Policy Management and Development
4. Stakeholder's Engagement

Leadership Programmes
1. Financial management
2. Management Development Programme",None.,N/A,"100% implementation of 
WSP.
",-,"100% of WSP was implemented.
",None,N/A,"100% of the WSP was implemented.
",177
Tourism,Tourism,National,PROGRAMME 1: ADMINISTRATION (CORPORATE MANAGEMENT),PROGRAMME 1: ADMINISTRATION (CORPORATE MANAGEMENT),Quarterly,Output Indicator 9 - Percentage implementation of the Annual Internal Audit Plan,Not Applicable,Not  Applicable,"Priority 1: A Capable, Ethical and Developmental State","Governance, State Capacity and Institutional Development cluster","20% implementation of 
the Annual Internal Audit 
Plan.
","20% of the Annual Internal Audit Plan was implemented as follows:
• Pre-determined Objectives Annual Report 2022/23.
• 2022/23 Annual Financial Statements Review.
• 2022/23 Quarter 4 Pre-determined Objectives.
",None,N/A,"30% implementation of 
the Annual Internal Audit 
Plan.","30% implementation of the Annual Internal Audit Plan was implementation through the following activities:
1. Tenders Review;
2. ICT Governance Review;
3. SAT Oversight review;
4. Pre-determined Objectives Q1 Review; and
5. Investigation on Supply Chain Management.",None,N/A,"30% implementation of 
the Annual Internal Audit 
Plan.","30% of the Annual Internal Audit Plan implemented as follows:
1. Tourism Transformation Fund Audit;
2. Quotations Audit;
3. Assets Management (swapped with Project Site Visits);
4. ICT General Controls; and
5. AGSA Follow-up Audit.",None.,N/A,"20% implementation of 
the Annual Internal Audit 
Plan.
","20% of the Annual Internal Audit Plan implemented as follows:
1. Assets Management Audit.
2. Follow-up on Contract Management Audit.
3. Leave Management Audit.",None.,N/A,"100% implementation of 
the Annual Internal Audit 
Plan.
",-,"100% of the Annual Internal Audit Plan was implemented.

",None,N/A,"100% of the Annual Internal Audit Plan was implemented.
",177
Tourism,Tourism,National,"PROGRAMME 2: TOURISM RESEARCH, POLICY AND INTERNATIONAL RELATIONS","PROGRAMME 2: TOURISM RESEARCH, POLICY AND INTERNATIONAL RELATIONS",Quarterly,Output Indicator 1 - Number of monitoring and evaluation reports on tourism initiatives developed - Assessment of the condition of state owned tourist attractions supported by the Department of Tourism,Not Applicable,Not  Applicable,Not Applicable,Not Applicable,Proposal for the assessment of the state of publicly-owned tourist attractions developed and finalised,"Proposal for the assessment of the state of Publicly Owned Tourist Attractions was developed  and finalised.
",None.,N/A,"Data Collection Tools for the assessment of the state of publicly-owned tourist attractions developed
",Data Collection Tools for the assessment of the state of publicly-owned tourist attractions were developed.,None,N/A,Data Collection for the assessment of the state of publicly-owned tourist attractions commenced,Data Collection for the assessment of the state of publicly-owned tourist attractions commenced.,None.,N/A,"• Assessment of the
state of publicly-owned tourist attractions.
• Report developed","•	Assessment of the state of publicly-owned tourist attractions was conducted.
•	Report was developed.
",None.,N/A,1. Assessment of the condition of state-owned tourist attractions supported by the Department of Tourism,-,Assessment of the condition of state-owned tourist attractions supported by the Department of Tourism was conducted.,None,N/A,"Assessment of the condition of state-owned tourist attractions supported by the Department of Tourism was conducted.
",177
Tourism,Tourism,National,"PROGRAMME 2: TOURISM RESEARCH, POLICY AND INTERNATIONAL RELATIONS","PROGRAMME 2: TOURISM RESEARCH, POLICY AND INTERNATIONAL RELATIONS",Quarterly,Output Indicator 1 - Number of monitoring and evaluation reports on tourism initiatives developed - Bi-Annual Monitoring of the performance of the Tourism Sector,Not Applicable,Not  Applicable,Not Applicable,Not Applicable,Data collection for the monitoring of the performance of the Tourism Sector commenced,"Data collection for the monitoring of the performance of the Tourism Sector commenced.

",None.,N/A,Bi-Annual Tourism Performance Report developed,Bi-Annual Tourism Performance Report was developed. ,None,N/A,Data collection for the monitoring of the performance of the Tourism Sector commenced,Data collection for the monitoring of the performance of the Tourism Sector has commenced.,None.,N/A,Bi-Annual Tourism Performance Report developed,Bi-Annual Tourism Performance Report was developed.,None.,N/A,5. Bi-Annual Monitoring of the performance of the Tourism Sector,-,"Bi-Annual Monitoring of the performance of the Tourism Sector was conducted.

",None,N/A,"Bi-Annual Monitoring of the performance of the Tourism Sector was conducted. 
",177
Tourism,Tourism,National,"PROGRAMME 2: TOURISM RESEARCH, POLICY AND INTERNATIONAL RELATIONS","PROGRAMME 2: TOURISM RESEARCH, POLICY AND INTERNATIONAL RELATIONS",Quarterly,"Output Indicator 1 - Number of monitoring and evaluation reports on tourism initiatives developed - Evaluation of the Departmental Incubation Approach in the • Pilanesberg Tourism Incubation, • Manyeleti Tourism Incubation, • Ba-Phalaborwa Tourism Incubat",Not Applicable,Not  Applicable,Not Applicable,Not Applicable,Proposal for the evaluation of the Departmental Incubation Approach developed,"Proposal for the evaluation of the Departmental Incubation Approach was developed.

",None.,N/A,"Evaluation Methodology and Process for the Incubation Programme benchmarked and
finalised",Evaluation Methodology and Process for the Incubation Programme were benchmarked and finalised.,None,N/A,"Commence evaluation of the Departmental Incubation Approach,
starting with data collection
","Commenced evaluation of the Departmental Incubation Approach, started with data collection.
",None.,N/A,"Evaluation Report finalised, along with Action Plan for
Implementation, programme support, possible private sector
support and funding alternatives
","Evaluation Report finalised, along with Action Plan for Implementation, programme support, possible private sector support and funding alternatives.",None.,N/A,"3. Evaluation of the Departmental Incubation Approach in the
• Pilanesberg Tourism Incubation,
• Manyeleti Tourism Incubation,
• Ba-Phalaborwa Tourism Incubation
• Mier Tourism Incubation Projects.",-,"Evaluation of the Departmental Incubation Approach was conducted in the
•	Pilanesberg Tourism Incubation,
•	Manyeleti Tourism Incubation, 
•	Ba-Phalaborwa Tourism Incubation
•	Mier Tourism Incubation Projects.

",None,N/A,"Evaluation of the Departmental Incubation Approach was conducted in the
•	Pilanesberg Tourism Incubation,
•	Manyeleti Tourism Incubation, 
•	Ba-Phalaborwa Tourism Incubation
•	Mier Tourism Incubation Projects.

",177
Tourism,Tourism,National,"PROGRAMME 2: TOURISM RESEARCH, POLICY AND INTERNATIONAL RELATIONS","PROGRAMME 2: TOURISM RESEARCH, POLICY AND INTERNATIONAL RELATIONS",Quarterly,Output Indicator 1 - Number of monitoring and evaluation reports on tourism initiatives developed - Evaluation of the TGCSA Accommodation Grading Programme,Not Applicable,Not  Applicable,Not Applicable,Not Applicable,Proposal for the evaluation of the TGCSA Accommodation Grading Programme developed,"Proposal for the evaluation of the TGCSA Accommodation grading programme was developed.

",None.,N/A,"Data collection tools for
the evaluation of the TGCSA Accommodation Grading Programme developed",Data collection tools for the evaluation of the TGCSA Accommodation Grading Programme was developed.,None,N/A,"Data collection for the evaluation of the TGCSA Accommodation Grading
Programme commenced",Data collection for the evaluation of the TGCSA Accommodation Grading Programme has commenced.,None.,N/A,Evaluation Report finalised,Evaluation Report was finalised.,None.,N/A,4. Evaluation of the TGCSA Accommodation Grading Programme,-,"Evaluation of the TGCSA Accommodation Grading Programme was conducted.

",None,N/A,"Evaluation of the TGCSA Accommodation Grading Programme was conducted.
",177
Tourism,Tourism,National,"PROGRAMME 2: TOURISM RESEARCH, POLICY AND INTERNATIONAL RELATIONS","PROGRAMME 2: TOURISM RESEARCH, POLICY AND INTERNATIONAL RELATIONS",Quarterly,Output Indicator 1 - Number of monitoring and evaluation reports on tourism initiatives developed - Monitoring of the new and continuing Capacity-Building Programmes,Not Applicable,Not  Applicable,Not Applicable,Not Applicable,"Monitoring of Capacity-Building Programmes undertaken
","Monitoring of Capacity Building Programmes was undertaken.
",None.,N/A,"Monitoring of Capacity
-Building Programmes undertaken",Monitoring of Capacity-Building Programmes was undertaken.,None,N/A,Monitoring of Capacity-Building Programmes undertaken,Monitoring of Capacity-Building Programmes was undertaken.,None.,N/A,Monitoring of Capacity-Building Programmes undertaken,Monitoring of Capacity-Building Programmes was undertaken.,None.,N/A,2. Monitoring of the new and continuing Capacity-Building Programmes,-,Monitoring of the new and continuing Capacity-Building Programmes was conducted.,None,N/A,"Monitoring of the new and continuing Capacity-Building Programmes was conducted.
",177
Tourism,Tourism,National,"PROGRAMME 2: TOURISM RESEARCH, POLICY AND INTERNATIONAL RELATIONS","PROGRAMME 2: TOURISM RESEARCH, POLICY AND INTERNATIONAL RELATIONS",Quarterly,Output Indicator 2 - Number of instruments developed for improving tourism statistics,Not Applicable,Not  Applicable,Not Applicable,Not Applicable,Draft Terms of Reference for the development of the National Tourism Statistics Plan developed,"Draft Terms of Reference for the development of the National Tourism Statistics Plan were developed.
",None.,N/A,"• Consultation with relevant stakeholders on the draft Terms of Reference.
• Terms of Reference for the development of the National Tourism Statistics Plan finalised","•	Consultation with relevant stakeholders on the draft Terms of Reference was conducted.
•	Draft Terms of Reference for the development of the National Tourism Statistics Plan developed.
","•	None



















•	The draft terms of Reference could not be finalised due to the delay in the appointment of service provider to partner with for the development of the National Tourism Statistics Plan.
","•	None















•	The service provider has been appointed on 20 September 2023 and currently, the draft Terms of Reference are being reviewed before finalization.
","Progress Report on
the development of the National Tourism Statistics Plan developed","                                                                                                                                
Progress report on the development of the National Tourism Statistics Plan was developed.               
",None.,N/A,National Tourism Statistics Plan developed,National Tourism Statistics Plan was developed.,None.,N/A,National Tourism Statistics Plan developed,-,"National Tourism Statistics Plan was developed.
",None,N/A,National Tourism Statistics Plan was developed.,177
Tourism,Tourism,National,"PROGRAMME 2: TOURISM RESEARCH, POLICY AND INTERNATIONAL RELATIONS","PROGRAMME 2: TOURISM RESEARCH, POLICY AND INTERNATIONAL RELATIONS",Quarterly,Output Indicator 3 - Number of Information and Knowledge Systems implemented - Implementation of the Tourism and Employment Portal,Not Applicable,Not  Applicable,Not Applicable,Not Applicable,"Pilot Plan for the Tourism
Skills and Employment Portal drafted","Pilot Plan for the Tourism Skills and Employment Portal was drafted.

",None.,N/A,Pilot Plan for the Tourism Skills and Employment Portal implemented,Pilot Plan for the Tourism Skills and Employment Portal was implemented.,None,N/A,"• Pilot results compiled.
• Analysis and evaluation of the Portal finalised","• Pilot results were compiled.
 
•Analysis and evaluation of the Portal was finalised.
",None.,N/A,"Tourism Skills and
Employment Portal
implemented (“Go live”)",Tourism Skills and Employment Portal was implemented (“Go live”).,None.,N/A,1. Implementation of the Tourism and Employment Portal,-,"The Tourism Skills and Employment Portal was implemented.
",None,N/A,"The Tourism Skills and Employment Portal was implemented.
",177
Tourism,Tourism,National,"PROGRAMME 2: TOURISM RESEARCH, POLICY AND INTERNATIONAL RELATIONS","PROGRAMME 2: TOURISM RESEARCH, POLICY AND INTERNATIONAL RELATIONS",Quarterly,Output Indicator 3 - Number of Information and Knowledge Systems implemented - Implementation of Tourist Guide Information System,Not Applicable,Not  Applicable,Not Applicable,Not Applicable,Pilot Plan for the Tourist Guide Information System drafted,"Pilot Plan for the Tourist Guide Information System was drafted.

",None.,N/A,Pilot Plan for the Tourist Guide Information System implemented,Pilot Plan for the Tourist Guide Information System was implemented.,None,N/A,"• Pilot results compiled.
• System’s Analysis finalised.","• Pilot results was compiled. 

•System’s Analysis was finalised.",None.,N/A,Tourism Guide Information System implemented (“Go live”),Tourism Guide Information System was implemented (“Go live”).,None.,N/A,2. Implementation of Tourist Guide Information System,-,"Tourist Guide Information System was implemented.
",None,N/A,"Tourist Guide Information System was implemented.
",177
Tourism,Tourism,National,"PROGRAMME 2: TOURISM RESEARCH, POLICY AND INTERNATIONAL RELATIONS","PROGRAMME 2: TOURISM RESEARCH, POLICY AND INTERNATIONAL RELATIONS",Quarterly,"Output Indicator 4 - Number of fora prioritised to advance South Africa’s tourism interests at regional, continental and global level through multilateral other groupings",Not Applicable,Not  Applicable,Not Applicable,Not Applicable,"Quarterly Report on
SA participation in the UNWTO structures for the implementation of the Programme of Work developed", Quarterly report on SA participation in the UNWTO structures for the implementation of the Programme of Work was developed. ,None.,N/A,"• Host BRICS Tourism Senior Officials and Ministers Meeting focusing on sustainable and inclusive tourism
recovery.
• Quarterly report on SA participation in the implementation of the SADC Tourism Programme developed","•	BRICS Tourism Senior Officials Meeting focusing on sustainable and inclusive tourism recovery was hosted.
•	Quarterly report on SA participation in the implementation of the SADC Tourism Programme was developed.
","•	Hosting of BRICS Tourism Ministers Meeting postponed due to lack of confirmations from BRICS countries regarding their attendance in the meeting.
•	None
","•	The BRICS Ministers meeting is scheduled to take place from 24 and 25 October preceded by the second Senior Officials Meeting on 23 October 2023 to be held in Cape Town.
•	N/A
","• Quarterly Report on
SA participation in the
G20 and preparation for SA Presidency for 2025
developed.
• Quarterly report on
SA participation in the implementation of IORA Tourism Work Plan
on Women Economic
Empowerment developed","        •Quarterly Report on SA participation in the G20 and preparation for SA Presidency for 2025 was developed.

    
•Quarterly report on SA participation in the implementation of IORA Tourism Work Plan on Women Economic Empowerment was
developed.

",None.,N/A,"Quarterly Report on
SA participation in the
implementation of AU
Plan of Action on Tourism
developed",Quarterly Report on SA participation in the implementation of AU Plan of Action on Tourism was developed.,None.,N/A,"Advance South Africa’s tourism interests at
regional, continental
and global level through participation in six multilateral fora UNWTO,
G20, BRICS, SADC, IORA and AU",-,"South Africa’s tourism interests at regional, continental and global level through participation in six multilateral fora, UNWTO, G20, BRICS, SADC, IORA and AU were advanced.
",None,N/A,"South Africa’s tourism interests at regional, continental and global level through participation in six multilateral fora, UNWTO, G20, BRICS, SADC, IORA and AU were advanced.
",177
Tourism,Tourism,National,"PROGRAMME 2: TOURISM RESEARCH, POLICY AND INTERNATIONAL RELATIONS","PROGRAMME 2: TOURISM RESEARCH, POLICY AND INTERNATIONAL RELATIONS",Quarterly,Output Indicator 5 - Sharing of Best Practices Workshop hosted,Not Applicable,Not  Applicable,Not Applicable,Not Applicable,Concept document for the Best Practices Workshop 2024 drafted,Concept document for the Best Practices Workshop 2024 was drafted.,None.,N/A,"Stakeholder consultation on the concept document
Conducted for the Best
Practices Workshop 2024 conducted","Stakeholder consultation
on the concept document
for the Best Practices Workshop 2024 conducted on 8 September 2023.",None,N/A,Concept document for the Best Practices Workshop 2024 finalised,Concept document for the Best Practices Workshop 2024 was finalised.,None.,N/A,"Sharing of Best Practices
Workshop 2024 targeted
at African countries with whom SA signed tourism agreements hosted","Sharing of Best Practices Workshop 2024 targeted 
at African countries with whom SA signed tourism agreements was hosted in hybrid on 13 March 
2024.",None.,N/A,Sharing of Best Practices Workshop 2024 targeted at African countries with whom SA signed tourism agreements hosted,-,"Sharing of Best Practices Workshop 2024 targeted at African countries with whom SA signed tourism agreements was hosted in hybrid on 13 March 2024 in Pretoria.
",None,N/A,"Sharing of Best Practices Workshop 2024 targeted at African countries with whom SA signed tourism agreements was hosted in hybrid on 13 March 2024 in Pretoria.
",177
Tourism,Tourism,National,"PROGRAMME 2: TOURISM RESEARCH, POLICY AND INTERNATIONAL RELATIONS","PROGRAMME 2: TOURISM RESEARCH, POLICY AND INTERNATIONAL RELATIONS",Quarterly,Output Indicator 6 - Number of outreach programmes with the diplomatic community implemented,Not Applicable,Not  Applicable,Not Applicable,Not Applicable,"Stakeholder consultation on the outreach
programmes with the diplomatic community in prioritised countries
conducted",Stakeholder consultation on the outreach programmes with the diplomatic community in prioritised countries was conducted. ,None,N/A,Concept Note on outreach programmes to the prioritised countries developed,"Concept Note on outreach
programmes to the prioritised countries developed.",None,N/A,"One outreach program e
with prioritised country hosted","Two outreach programmes with prioritised countries were hosted in Kenya on 20-22 November 2023, and in China 17-23 November 2023.","The outreach programme in China was planned to take place in the 4th quarter hosted by Minister. However, noting that 2024 will be the election year and to avoid the risk of Minister's unavailability due to tight schedules, it was decided that the Outreach programme in China be hosted during the 3rd quarter of 2023 which coincided with the one that was hosted in Kenya which was initially planned to take place during quarter 3.
",N/A,One outreach programme with prioritised country hosted,One outreach programme with prioritised country was hosted.,None.,N/A,Two outreach programmes with the diplomatic community in prioritised countries implemented,-,"Two outreach programmes with prioritised countries were hosted in Kenya on 20-22 November 2023, and in China on 17-23 November 2023.",None,N/A,"Two outreach programmes with prioritised countries were hosted in Kenya on 20-22 November 2023, and in China on 17-23 November 2023.
",177
Tourism,Tourism,National,PROGRAMME 3: DESTINATION DEVELOPMENT,PROGRAMME 3: DESTINATION DEVELOPMENT,Quarterly,Output Indicator 1 -  Number of  destination  planning and  investment  coordination  initiatives  undertaken - A pipeline  of nationally  prioritised tourism  investment  opportunities  managed.,Not Applicable,Not  Applicable,Not Applicable,Not Applicable,"Quarterly Report on 
the management of a 
pipeline of nationally 
prioritised tourism 
investment opportunities 
developed.","Quarterly Report on the management of a pipeline of nationally prioritised tourism investment opportunities was developed.

",None.,N/A,"Quarterly Report on 
the management of a 
pipeline of nationally 
prioritised tourism 
investment opportunities 
developed.","Quarterly Report on the management of a pipeline of nationally prioritised tourism
investment opportunities was developed.",None,N/A,"Quarterly Report on 
the management of a 
pipeline of nationally 
prioritised tourism 
investment opportunities 
developed.",Quarterly Report on the management of a pipeline of nationally prioritised tourism investment opportunities was developed.,None.,N/A,"Quarterly Report on 
the management of a 
pipeline of nationally 
prioritised tourism 
investment opportunities 
(greenfield and brownfield
projects) developed.
","Quarterly Report on the management of a pipeline of nationally prioritised tourism 
investment opportunities (greenfield and brownfield projects) was developed.",None.,N/A,"3. A pipeline of 
nationally prioritised 
tourism investment 
opportunities 
(greenfield and 
brownfield projects) 
managed.
",-,"A pipeline of nationally prioritised tourism investment opportunities (greenfield and brownfield projects) was managed.
",None,N/A,"A pipeline of nationally prioritised tourism investment opportunities (greenfield and brownfield projects) was managed.
",177
Tourism,Tourism,National,PROGRAMME 3: DESTINATION DEVELOPMENT,PROGRAMME 3: DESTINATION DEVELOPMENT,Quarterly,Output Indicator 1 -  Number of  destination  planning and  investment  coordination  initiatives  undertaken - Budget resort network and brand concept,Not Applicable,Not  Applicable,Not Applicable,Not Applicable,"Modalities for the budget 
resort network concept 
implementation finalised.
","Modalities for the budget resort network concept implementation was finalised.
",None.,N/A,"Selection of the Project 
Implementation 
Committee completed.
",Selection of the Project Implementation Committee was completed.,None,N/A,"Budget resort network 
implementation 
documents finalised.
","Budget resort network implementation documents were finalised.
",None.,N/A,"Implementation of 
selected budget resort 
network properties 
initiated.",Implementation of selected budget resort network properties was initiated.,None.,N/A,"2. Implementation of the 
budget resort network 
and brand concept.",-,"The budget resort network and brand concept were implemented.

",None,N/A,"The budget resort network and brand concept were implemented.
",177
Tourism,Tourism,National,PROGRAMME 3: DESTINATION DEVELOPMENT,PROGRAMME 3: DESTINATION DEVELOPMENT,Quarterly,Output Indicator 1 -  Number of  destination  planning and  investment  coordination  initiatives  undertaken - Tourism DDM One Plans.,Not Applicable,Not  Applicable,Not Applicable,Not Applicable,"eThekwini and 
Ntambalala Resort 
tourism concepts 
finalised.
",eThekwini and Ntambalala Resort tourism concepts were finalised.,None.,N/A,"Six (6) tourism concepts 
incorporated into the 
Karoo and Eastern 
Seaboard Development 
regional plans.
",Six (6) tourism concepts were incorporated into the Karoo and Eastern Seaboard Development regional plans.,None,N/A,"•Implementation lead 
confirmed.
•Investment 
mobilisation issues 
at regional platforms 
completed.
","•Implementation lead was confirmed.

•Investment mobilisation issues
at regional platforms were completed.






",None.,N/A,"Implementation 
modalities
 finalised","Implementation modalities was finalised.

",None.,N/A,"1. Facilitate the integration 
of developed tourism 
concepts from long-term 
tourism masterplans 
into the Tourism DDM 
One Plans for:
• OR Tambo District
• eThekwini Metro 
• Pixley Ka Seme 
District
• Namakwa District.
",-,"The integration of developed tourism concepts from long-term tourism masterplans into the Tourism DDM One Plans was facilitated for:
•	OR Tambo District
•	eThekwini Metro
•	Pixley Ka Seme District
•	Namakwa District.
",None,N/A,"The integration of developed tourism concepts from long-term tourism masterplans into the Tourism DDM One Plans was facilitated for:
•	OR Tambo District
•	eThekwini Metro
•	Pixley Ka Seme District
•	Namakwa District.",177
Tourism,Tourism,National,PROGRAMME 3: DESTINATION DEVELOPMENT,PROGRAMME 3: DESTINATION DEVELOPMENT,Quarterly,Output Indicator 1 -  Number of  destination  planning and  investment  coordination  initiatives  undertaken - Two investment promotion platforms facilitated. ,Not Applicable,Not  Applicable,Not Applicable,Not Applicable,"Concept for investment 
promotion platforms 
revised.
","Concept for investment promotion platforms revised.

",None.,N/A,"Concept for investment 
promotion platforms 
finalised.","Concept for investment
promotion platforms was finalised.
",None,N/A,"Facilitate one investment 
promotion platform.
",One investment promotion platform was facilitated.,None.,N/A,"Facilitate one investment 
promotion platform.
",One investment promotion was facilitated.,None.,N/A,"4. Two investment 
promotion platforms 
facilitated.
",-,"Thirteen investment promotion platforms were facilitated.
","Some platforms are existing structures where the Department is invited to participate and play a meaningful role in the organising, as well as participation in panel discussions. Most of these do not require additional resources from the Department.
",N/A,"Thirteen investment promotion platforms were facilitated.
",177
Tourism,Tourism,National,PROGRAMME 3: DESTINATION DEVELOPMENT,PROGRAMME 3: DESTINATION DEVELOPMENT,Quarterly,Output Indicator 2 -  Number of destination enhancement initiatives supported - Infrastructure maintenance and beautification programme implemented in five (5) provinces.,Not Applicable,Not  Applicable,Priority 2: Economic Transformation And Job Creation,"The Economic Sectors, Employment and Infrastructure Development cluster","Report on the 
progress made on the 
project deliverables 
of the Infrastructure 
Maintenance and 
Beautification Programme 
in each of the 5 selected 
provinces.","Report on the progress made on the project deliverables of the Infrastructure Maintenance and Beautification Programme in each of the 5 selected provinces was developed.
",None.,N/A,"Report on the 
progress made on the 
project deliverables 
of the Infrastructure 
Maintenance and 
Beautification Programme 
in each of the 5 selected 
provinces.",Report on the progress made on the project deliverables of the Infrastructure Maintenance and Beautification Programme in each of the 5 selected provinces was developed.,None,N/A,"Report on the 
progress made on the 
project deliverables 
of the Infrastructure 
Maintenance and 
Beautification Programme 
in each of the 5 selected 
provinces.
","Report on the progress made on the project deliverables of the Infrastructure Maintenance and
Beautification Programme in each of the 5 selected provinces was developed.",None.,N/A,"Report on the 
progress made on the 
project deliverables 
of the Infrastructure 
Maintenance and 
Beautification Programme 
in each of the 5 selected 
provinces.",Report on the progress made on the project deliverables of the Infrastructure Maintenance and Beautification Programme in each of the 5 selected provinces.,None.,N/A,"1. Infrastructure 
maintenance and 
beautification 
programme 
implemented in five (5) 
provinces:
1. Mpumalanga
2. Limpopo
3. Eastern Cape
4. Free State
5. Western Cape.
",-,"Infrastructure maintenance and beautification programme was implemented in five (5) provinces:
•	Mpumalanga
•	Limpopo
•	Eastern Cape
•	Free State
•	Western Cape
",None,N/A,"Infrastructure maintenance and beautification programme was implemented in five (5) provinces:
•	Mpumalanga
•	Limpopo
•	Eastern Cape
•	Free State
•	Western Cape
",177
Tourism,Tourism,National,PROGRAMME 3: DESTINATION DEVELOPMENT,PROGRAMME 3: DESTINATION DEVELOPMENT,Quarterly,Output Indicator 2 -  Number of destination enhancement initiatives supported - Monitoring of implementation of Twenty-Nine (29) Community-based Tourism Projects. ,Not Applicable,Not  Applicable,Priority 2: Economic Transformation And Job Creation,"The Economic Sectors, Employment and Infrastructure Development cluster","Monitoring and 
supporting the 
implementation of 
the Twenty-Nine (29) 
community-based 
Tourism Projects.",Monitoring and supporting the implementation of the Twenty-Nine (29) community-based Tourism Projects was done.,None.,N/A,"Monitoring and 
supporting the 
implementation of 
the Twenty-Nine (29) 
community-based 
Tourism Projects.",The implementation of Twenty-Nine (29) community-based Tourism Projects were monitored and supported.,None,N/A,"Monitoring and 
supporting the 
implementation of 
the Twenty-Nine (29) 
community-based 
Tourism Projects.",Implementation of the Twenty-Nine (29) community-based Tourism Projects were monitored and supported.,None.,N/A,"Monitoring and 
supporting the 
implementation of 
the Twenty-Nine (29) 
community-based 
Tourism Projects.",The implementation of Twenty-Nine (29) community-based Tourism Projects were monitored and supported.,None.,N/A,"2. Monitor 
Implementation of 
Twenty-Nine (29) 
Community-based 
Tourism Projects 
monitored.",-,"Implementation of Twenty-Nine (29) Community-based Tourism Projects was monitored.
",None,N/A,"Implementation of Twenty-Nine (29) Community-based Tourism Projects was monitored.
",177
Tourism,Tourism,National,PROGRAMME 3: DESTINATION DEVELOPMENT,PROGRAMME 3: DESTINATION DEVELOPMENT,Quarterly,Output Indicator 2 -  Number of destination enhancement initiatives supported - Township and rural tourism  supported using  a minimum of  one event in one township and  one event in a  rural area. ,Not Applicable,Not  Applicable,Priority 2: Economic Transformation And Job Creation,"The Economic Sectors, Employment and Infrastructure Development cluster","Project Management / 
Implementation Plans 
compiled and costed, for 
the use of a minimum of 
two (2) events to support 
township and rural 
tourism.
","Project Management / Implementation Plans were compiled and costed, for the use of a minimum of two (2) events to support township and rural tourism.",None.,N/A,"Project Management / 
Implementation Plans, for 
the use of a minimum of 
two (2) events to support 
township and rural 
tourism, submitted and 
approved.","Project Management /
Implementation Plans, for the use of a minimum of two (2) events to support township and rural tourism was submitted and approved.",None,N/A,"Minimum of one (1) event 
held in terms of the 
approved Implementation 
Plan and closeout report 
submitted. Preparations 
for the second event 
commenced.
","Minimum of one (1) event to be held in terms of the approved Implementation Plan and closeout report submitted, but not yet approved. Preparations for the second event commenced.","Submission requesting approval was submitted on 8 November 2023, but still awaiting approvals from Principles. 
","Continual follow up with Principles requesting approvals. 
","• Second event held, in 
terms of the approved 
Implementation Plan 
and closeout report 
submitted.
• Report of the use of 
events to support 
township and rural 
tourism developed 
submitted.
","• Second event held, in terms of the approved Implementation Plan and closeout report was submitted.

• Report of the use of events to support township and rural tourism developed submitted.",None.,N/A,"3. Township and rural 
tourism supported 
through the use of one 
event in one township 
and one rural area.",-,"Township and rural tourism was supported through the use of one event in one township and one rural area.
",None,N/A,"Township and rural tourism was supported through the use of one event in one township and one rural area.
",177
Tourism,Tourism,National,PROGRAMME 3: DESTINATION DEVELOPMENT,PROGRAMME 3: DESTINATION DEVELOPMENT,Quarterly,Output Indicator 3 - Number  of work opportunities created through Working for Tourism projects.,Not Applicable,Not  Applicable,Priority 2: Economic Transformation And Job Creation,"The Economic Sectors, Employment and Infrastructure Development cluster",642,,,,1 439,,,,1 026,,,,1 026,,,,"4 133 Work opportunities 
created.
",-,4234 Work opportunities were created.,Additional participants were recruited,"N/A
","4234 Work opportunities were created.
",177
Tourism,Tourism,National,PROGRAMME 4: TOURISM SECTOR SUPPORT SERVICES,PROGRAMME 4: TOURISM SECTOR SUPPORT SERVICES,Quarterly,Output Indicator 1 - Number of incentive programmes implemented,Not Applicable,Not  Applicable,Priority 2: Economic Transformation And Job Creation,"The Economic Sectors, Employment and Infrastructure Development cluster","Report on progress made
with the implementation
of the GTIP for the
quarter submitted.","Report on progress made with the implementation of the GTIP for the quarter was submitted.

",None.,N/A,Report on progress made with the implementation of the GTIP for the quarter submitted.,Report on progress made with the implementation of the GTIP for the quarter submitted.,None,N/A,Report on progress made with the implementation of the GTIP for the quarter submitted.,Report on progress made with the implementation of the GTIP for the quarter submitted.,None.,N/A,Report on progress made with the implementation of the GTIP for the quarter submitted.,Report on progress made with the implementation of the GTIP for the quarter submitted.,"None.

","N/A
","One incentive programme implemented:
Implementation of the GTIP.
",-,"Green Tourism Incentive Programme (GTIP) was implemented.
",None,N/A,"Green Tourism Incentive Programme (GTIP) was implemented.
",177
Tourism,Tourism,National,PROGRAMME 4: TOURISM SECTOR SUPPORT SERVICES,PROGRAMME 4: TOURISM SECTOR SUPPORT SERVICES,Quarterly,Output Indicator 2 - Number of Domestic Tourism Awareness Programmes implemented,Not Applicable,Not  Applicable,Priority 2: Economic Transformation And Job Creation,"The Economic Sectors, Employment and Infrastructure Development cluster",-,No target during the period under review.,None.,N/A,Implementation of World Tourism Day (27 September) & Tourism Month (September) Campaign.,World Tourism Day (27 September) & Tourism Month (September) Campaign was implemented in North West.,None,N/A,Implementation of Festive Campaign.,Festive Campaign was implemented on 8 December 2023 in North West.,None.,N/A,"•	Implementation of Easter Campaign.
•	Implementation of Cultural Event.
","• Easter Campaign was implemented on 14-15 March 2024 in Limpopo Province Vhembe District.

• Cultural Event was implemented on 01-02 March 2024 in Gauteng Province, Komjekejeke Heritage Site.",None.,N/A,"Four Domestic Tourism Campaigns implemented:
•	Easter Campaign
•	World Tourism Day
•	Festive Summer
•	Cultural Event.
",-,"Four Domestic Tourism Campaigns were implemented as follows:
•	World Tourism Day (27 September) & Tourism Month (September) Campaign implemented in North West.
•	Festive Campaign implemented on 8 December 2023 in North West.
•	Cultural Event implemented on 1 to 2 March 2024 in Gauteng.
•	Easter Campaign implemented on 14 to 15 March 2024 in Limpopo.
",None,N/A,"Four Domestic Tourism Campaigns were implemented as follows:
•	World Tourism Day (27 September) & Tourism Month (September) Campaign implemented in North West.
•	Festive Campaign implemented on 8 December 2023 in North West.
•	Cultural Event implemented on 1 to 2 March 2024 in Gauteng.
•	Easter Campaign implemented on 14 to 15 March 2024 in Limpopo.
",177
Tourism,Tourism,National,PROGRAMME 4: TOURISM SECTOR SUPPORT SERVICES,PROGRAMME 4: TOURISM SECTOR SUPPORT SERVICES,Quarterly,Output Indicator 3 - Number of initiatives implemented to support tourism SMMEs - Audit of Tourism Incubators across the country,Not Applicable,Not  Applicable,Priority 2: Economic Transformation And Job Creation,"The Economic Sectors, Employment and Infrastructure Development cluster","•	Identify all tourism incubators across the country through an open call.
•	Source information from academia on incubators.
","• Identification of all tourism incubators across the country through an open call was not done.
• Sourcing of information from academia on incubators was not done. However, A Call for inviting information completed and email repository established.","Circulation of advert for request for information delayed due to price negotiations which resulted in 2 procurement processes.  
","• Advert to go out first week of July 2023. 

• Letters will be send to the academia before the end of July 2023.

 
","Undertake an audit of the tourism incubators to determine viability, innovation and needs.","An audit of the tourism incubators to determine viability, innovation and needs was undertaken.",None,N/A,Determine an alternative system for the support of tourism incubators.,An alternative system for the support of tourism incubators was determined.,None.,N/A,"Finalise the alternative system for the support of tourism incubators, as identified in the audit.","The Audit of Incubators Review Report proposed no alternative system of incubation but improvement of processes and modalities of implementation such as providing technical support and funding for SMMEs.


",None.,N/A,•	Audit of Tourism Incubators across the country.,-,"Audit of Tourism Incubators across the country was undertaken.
",None,N/A,"Audit of Tourism Incubators across the country was undertaken.
",177
Tourism,Tourism,National,PROGRAMME 4: TOURISM SECTOR SUPPORT SERVICES,PROGRAMME 4: TOURISM SECTOR SUPPORT SERVICES,Quarterly,Output Indicator 3 - Number of initiatives implemented to support tourism SMMEs - Existing business incubators implemented,Not Applicable,Not  Applicable,Priority 2: Economic Transformation And Job Creation,"The Economic Sectors, Employment and Infrastructure Development cluster","Business Support and Development Incubation Programme implemented through:
•	Tourism Technology & Innovation Incubator.
•	Food Service Incubator.
•	Community-based Tourism Enterprises Incubator.
","Business Support and Development Incubation Programme was implemented through:
• Tourism Technology & Innovation Incubator. 
• Food Service Incubator.
• Community-based tourism enterprises Incubator.",None.,N/A,"Business Support and Development Incubation Programme implemented through:
•	Tourism Technology & Innovation Incubator.
•	Food Service Incubator.
•	Community-based Tourism Enterprises Incubator.
","Business Support and Development Incubation Programme was implemented through:
•	Tourism Technology & Innovation Incubator. 
•	Food Service Incubator.
•	Community-based tourism enterprises Incubator.
",None,N/A,"Business Support and Development Incubation Programme implemented through:
•	Tourism Technology & Innovation Incubator.
•	Food Service Incubator.
•	Community-based Tourism Enterprises Incubator.
","Business Support and Development Incubation Programme was implemented through:
• Tourism Technology & Innovation Incubator. 
• Food Service Incubator.
• Community-based tourism enterprises Incubator.",None.,N/A,"Business Support and Development Incubation Programme implemented through:
•	Tourism Technology & Innovation Incubator.
•	Food Service Incubator.
•	Community-based Tourism Enterprises Incubator.
","Business Support and Development Incubation Programme was implemented 
through:
• Tourism Technology & Innovation Incubator. 
• Food Service Incubator.
• Community-based Tourism Enterprises Incubator. ",None.,N/A,"1.	Incubation Programme implemented:
•	Existing business incubators implemented:
i.	Tourism Technology & Innovation Incubator.
ii.	Food Service Incubator.
iii.	Community-based Tourism Enterprises Incubator.
",-,"Incubation Programme was implemented: 
•	Existing business incubators implemented:
i.	Tourism Technology & Innovation Incubator.
ii.	Food Service Incubator.
iii.	Community-based tourism Enterprises Incubator.
",None,N/A,"Incubation Programme was implemented: 
•	Existing business incubators implemented:
i.	Tourism Technology & Innovation Incubator.
ii.	Food Service Incubator.
iii.	Community-based tourism Enterprises Incubator.
",177
Tourism,Tourism,National,PROGRAMME 4: TOURISM SECTOR SUPPORT SERVICES,PROGRAMME 4: TOURISM SECTOR SUPPORT SERVICES,Quarterly,Output Indicator 3 - Number of initiatives implemented to support tourism SMMEs - New business incubators established,Not Applicable,Not  Applicable,Priority 2: Economic Transformation And Job Creation,"The Economic Sectors, Employment and Infrastructure Development cluster","•	Business Advisory Services focusing on Women in Tourism in Limpopo implemented.
•	Business Advisory Services focusing on Homestay Pilot Programme implemented.
","• Business Advisory Services focusing on Women in Tourism in Limpopo was implemented.
• Business Advisory Services focusing on Homestay Pilot Programme was implemented.

",None.,N/A,"•	Business Advisory Services focusing on Women in Tourism in Limpopo implemented.
•	Business Advisory Services focusing on Homestay Pilot Programme implemented.
","•	Business Advisory Services focusing on Women in Tourism in Limpopo was implemented.
•	Business Advisory Services focusing on Homestay Pilot Programme was not implemented.
","• None


• Homestay Pilot Concept document submitted and waiting for approval.",,"•	Business Advisory Services focusing on Women in Tourism in Limpopo implemented.
•	Business Advisory Services focusing on Homestay Pilot Programme implemented.
","•Business Advisory Services focusing on Women in Tourism in Limpopo was implemented.
•Business Advisory Services focusing on Homestay Pilot Programme was implemented.
",None.,N/A,"•	Business Advisory Services focusing on Women in Tourism in Limpopo implemented.
•	Business Advisory Services focusing on Homestay Pilot Programme implemented.
","• Business Advisory Services focusing on Women in Tourism in Limpopo was implemented.

• Business Advisory Services focusing on Homestay Pilot Programme was implemented.",None.,N/A,"•	New business 
incubators established:
i.	Business Advisory Services focusing on Women in Tourism in Limpopo
ii.	Business Advisory Services focusing on Homestay Pilot Programme.
",-,"New business incubators were established:
i.	Business Advisory Services focusing on Women in Tourism in Limpopo
ii.	Business Advisory Services focusing on Homestay Pilot Programme
",None,N/A,"New business incubators were established:
i.	Business Advisory Services focusing on Women in Tourism in Limpopo
ii.	Business Advisory Services focusing on Homestay Pilot Programme
",177
Tourism,Tourism,National,PROGRAMME 4: TOURISM SECTOR SUPPORT SERVICES,PROGRAMME 4: TOURISM SECTOR SUPPORT SERVICES,Quarterly,Output Indicator 3 - Number of initiatives implemented to support tourism SMMEs - Resource Efficiency Cleaner Production (RECP) Training and Business Support Programme,Not Applicable,Not  Applicable,Priority 2: Economic Transformation And Job Creation,"The Economic Sectors, Employment and Infrastructure Development cluster",RECP Training and Business Support Programme implemented.,RECP Training and Business Support Programme was not implemented.,The Service Provider appointment could not be finalised since procurement process was only initiated during Q1 of 2023/24 and not quarter 4 of 2022/23 as initially planned.,"Approval of Terms of Reference and advertisement of tender anticipated to be completed by the first week of July 2023. 
Appointment and Service Level Agreement (SLA) drafting will be finalised during quarter 2.",RECP Training and Business Support Programme implemented.,RECP Training and Business Support Programme was not implemented.,There were delays in the appointment of service provider.,Finalisation of Service Provider appointment dependent on Departmental Bid Adjudication Committee (DBAC) members availability and outcome.,RECP Training and Business Support Programme implemented.,RECP Training and Business Support Programme was not implemented.,"Non-appointment of service provider due to compromised SCM processes, delayed approvals process.  
","• Tender re-advertisement will be done in quarter 4 based on reduced timeframe as this has been advertised before. 
• Service provider anticipated to be finalised during quarter 4 and implementation expected to start in quarter 4.
","•	RECP Training and Business Support Programme implemented.
•	Annual report developed.
"," • RECP Training and Business Support Programme was not fully implemented. However, the following was done:
1. Service provider has been appointed.
2. Candidate recruitment has been done and induction session for shortlisted candidates completed. 
3. Memorandum of Agreement (MoA) reviewed by Legal and awaiting signatures. 

 • Annual report was developed.","Previous attempts to appoint a service provider through the open tender process yielded no result. The Department then had to change approach and appoint NCPC, an entity of the CSIR, as a sole service provider. ","The Programme is now implemented, through an MoA with the CSIR",2.	Implement Resource Efficiency Cleaner Production (RECP) Training and Business Support Programme.,-,"RECP Training and Business Support Programme was implemented.
",None,N/A,"RECP Training and Business Support Programme was implemented.
",177
Tourism,Tourism,National,PROGRAMME 4: TOURISM SECTOR SUPPORT SERVICES,PROGRAMME 4: TOURISM SECTOR SUPPORT SERVICES,Quarterly,Output Indicator 4 - Number of programmes implemented to enhance visitor service and experiences - Implementation of the Tourism Monitors in all provinces including South African National Biodiversity Institute (SANBI) and iSimangaliso,Not Applicable,Not  Applicable,Priority 2: Economic Transformation And Job Creation,"The Economic Sectors, Employment and Infrastructure Development cluster",Report on the implementation of the Tourism Monitors Programme developed.,"The report on the implementation of the Tourism Monitors Programme was developed. However, the programme was not implemented.",The service providers to implement the programme were not appointed due to the revision of the concept as per Minister's instruction.,"The revised concept, advertisement and appointment of the service providers to be finalised during the second quarter of the financial year.",Report on the implementation of the Tourism Monitors Programme developed.,"The report on the implementation of the Tourism Monitors Programme was developed. However, the programme was not implemented.",Supply Chain processes not yet concluded.,"Should Supply Chain processes be finalised within the month of October, Recruitment and selection will be conducted in the month of November with final placement possible to take place around mid-December 2023.",Report on the implementation of the Tourism Monitors Programme developed.,"The report on the implementation of the Tourism Monitors Programme was developed. However, the programme was not fully implemented.","Implementation has started   through the recruitment processes in all nine provinces.  Interviews have been conducted in the provinces of MP, Limpopo, KZN and inductions were conducted in parts of MP & WC. The launch of the Tourism Monitors Programme took place on Tuesday,12 December 2023 in Hazeyview, Mpumalanga. Monitors have been placed  in the Blyde area of MP and Table Mountain. Service Providers have been appointed for all nine provinces.
","Contracts are being prepared for signing  with all Service Providers that have been appointed. Recruitment and placement  processes  in other outstanding provinces will  be finalised in the fourth quarter.
",Report on the implementation of the Tourism Monitors Programme including SANBI and iSimangaliso developed.,Report on the implementation of the Tourism Monitors Programme including SANBI and iSimangaliso was developed.,None.,N/A,2.	Implementation of the Tourism Monitors in all provinces including South African National Biodiversity Institute (SANBI) and iSimangaliso.,-,"The Tourism Monitors was implemented in all provinces including South African National Biodiversity Institute (SANBI) and iSimangaliso.
",None,N/A,"The Tourism Monitors was implemented in all provinces including South African National Biodiversity Institute (SANBI) and iSimangaliso.

Additionally, the programme was also implemented at Ezemvelo Nature Reserve and airports managed by Airports Company South Africa (ACSA).
",177
Tourism,Tourism,National,PROGRAMME 4: TOURISM SECTOR SUPPORT SERVICES,PROGRAMME 4: TOURISM SECTOR SUPPORT SERVICES,Quarterly,Output Indicator 4 - Number of programmes implemented to enhance visitor service and experiences - Joint tourist safety awareness sessions conducted,Not Applicable,Not  Applicable,Priority 2: Economic Transformation And Job Creation,"The Economic Sectors, Employment and Infrastructure Development cluster","•	Joint Tourist safety awareness session conducted.
•	Report on the session developed.
","• Joint Tourist safety awareness session was conducted at Bourke’s Luck Potholes, in Mpumalanga Province on 23 June 2023.
• Report on the session was developed.",None,N/A,"•	Joint Tourist safety awareness session conducted.
•	Report on the session developed.
","•	Joint Tourist safety awareness session was conducted on 29 August - 01 September 2023 in Eastern Cape.
•	Report on the session was developed.
",None,N/A,"•	Joint Tourist safety awareness session conducted.
•	Report on the session developed.
","•Joint Tourist safety awareness session was conducted on 14 November 2023 in Gauteng, Pretoria.

•Report on the session was developed.",None.,N/A,"•	Joint Tourist safety awareness session conducted.
•	Report on the session developed.
","• Joint Tourist safety awareness session was conducted on 14 to 15 March 2024 in Limpopo.

• Report on the session was developed.",None.,N/A,3.	Joint tourist safety awareness sessions conducted.,-,"4 Joint Tourist safety awareness sessions were conducted as follows:
•	Mpumalanga - 23 June 2023;
•	Eastern Cape - 29 August to 01 September 2023;
•	Gauteng - 14 November 2023;
•	Limpopo - 14 to 15 March 2024.
",None,N/A,"Four Joint Tourist safety awareness sessions were conducted as follows:
• Mpumalanga - 23 June 2023;
• Eastern Cape - 29 August to 01 September 2023;
• Gauteng - 14 November 2023;
• Limpopo - 14 to 15 March 2024.
",177
Tourism,Tourism,National,PROGRAMME 4: TOURISM SECTOR SUPPORT SERVICES,PROGRAMME 4: TOURISM SECTOR SUPPORT SERVICES,Quarterly,Output Indicator 4 - Number of programmes implemented to enhance visitor service and experiences - Service Excellence Standard (SANS: 1197),Not Applicable,Not  Applicable,Priority 2: Economic Transformation And Job Creation,"The Economic Sectors, Employment and Infrastructure Development cluster","•	Report on the implementation of the Service Excellence Standard (SANS:1197) with focus on – Small towns and – Tourism product support.
•	Stakeholder consultation and endorsement undertaken.
","• The implementation of the Service Excellence Standard (SANS:1197) with focus on - Small Towns and - Tourism Product support was reported.

• Deneysville Small Town stakeholder consultations were undertaken on 23 May 2023 with Free State provincial Department and on 24 May 2023 with Metsi Maholo Local Municipality and endorsement of the project was granted accordingly.",None.,N/A,Report on the implementation of the Service Excellence Standard (SANS:1197) with focus on – Small towns and – Tourism product support.,The implementation of the Service Excellence Standard (SANS:1197) with focus on - Small Towns and - Tourism Product support was reported.,None,N/A,Report on the implementation of the Service Excellence Standard (SANS:1197) with focus on – Small towns and – Tourism product support.,Report on the implementation of the Service Excellence Standard (SANS:1197) with focus on - Small Towns and - Tourism Product support was developed.,None.,N/A,"•	Report on the implementation of the Service Excellence Standard (SANS:1197) with focus on – Small towns and – Tourism product support.
•	Close-out report developed.
","• Report on the implementation of the Service Excellence Standard (SANS:1197) with focus on - Small Towns and - Tourism Product support was developed.

• Close-out report was developed.",None.,N/A,"1.	Implement Service Excellence Standard (SANS: 1197) with focus on:
•	Small towns and
•	Tourism product support.
",-,"Service Excellence Standard (SANS: 1197) was implemented with focus on:
•	Small towns and
•	Tourism product support.
",None,N/A,"Service Excellence Standard (SANS 1197) was implemented with focus on:
•	Small towns and
•	Tourism product support.
",177
Tourism,Tourism,National,PROGRAMME 4: TOURISM SECTOR SUPPORT SERVICES,PROGRAMME 4: TOURISM SECTOR SUPPORT SERVICES,Quarterly,Output Indicator 5 - Number of capacity building programmes implemented - 1 500 unemployed youth trained on identified skills development programmes,Not Applicable,Not  Applicable,Priority 2: Economic Transformation And Job Creation,"The Economic Sectors, Employment and Infrastructure Development cluster","•	Recruitment and onboarding of participants undertaken.
•	Training delivery and placement of 375 unemployed youth with the host employers.
","• Recruitment and on-boarding of participants was undertaken.
• Training delivery and placement of 1 636 unemployed youth with the host employers was undertaken.","None

Training programmes carried over from previous cycle, Participants still enrolled.None

Training programmes carried over from previous cycle, Participants still enrolled.",N/A,Training delivery and placement of 375 unemployed youth with the host employers.,Training delivery and placement of 1 695 unemployed youth with the host employers was undertaken.,"Training programmes carried over from previous cycle, Participants still enrolled.",N/A,Training delivery and placement of 375 unemployed youth with the host employers.,Training delivery and placement of 1 695 unemployed youth with the host employers was undertaken.,It should be noted that the 1695 surpassed the actual set quarterly target of 375 during the period under review. It should be noted that the implementation of the training programmes is cumulative from the previous quarters.,N/A,"•	Report on 375 unemployed youth trained on identified skills development programmes.
•	Annual report compiled for training and placement of 1 500 unemployed youth on in various skills development programmes.
","• Report on 1 905 unemployed youth trained on identified skills development programmes was developed.

• Annual report for training and placement of 1 905 unemployed youth on in various skills development programmes was compiled.",The overachievement of the target was due to the response to the Massification of Skills Development and Job Creation.,N/A,5.	1 500 unemployed youth trained on identified skills development programmes.,-,"1905 unemployed youth were trained on identified skills development programmes.

The youth were enrolled on the following programmes: 
•	Food and Beverage.
•	Professional Cookery.
•	Food Safety Quality Assurers
•	Wine Service Training. 
•	Hospitality Youth Training Programme (Fast Food Service).
","The overachievement of target was due to the response on the Massification of Skills Development and Job Creation initiative by the Minister of Employment and Labour. The initiative targeted existing skills programmes as per APP namely, Food and Beverages, Professional Cookery, Food Safety Quality Assurers Programmes.
",N/A,"1905 unemployed youth were trained on identified skills development programmes.
",177
Tourism,Tourism,National,PROGRAMME 4: TOURISM SECTOR SUPPORT SERVICES,PROGRAMME 4: TOURISM SECTOR SUPPORT SERVICES,Quarterly,Output Indicator 5 - Number of capacity building programmes implemented - 2 500 unemployed youth trained on norms and standards for safe tourism operations,Not Applicable,Not  Applicable,Priority 2: Economic Transformation And Job Creation,"The Economic Sectors, Employment and Infrastructure Development cluster",625 unemployed youth trained on norms and standards for safe tourism operations.,"1 351 unemployed youth were trained on norms and standards for safe tourism operations. 
","Due to the nature of the skills programmes, some learners were carried over from the previous cycle.",N/A,625 unemployed youth trained on norms and standards for safe tourism operations.,1 695 unemployed youth were trained on norms and standards for safe tourism operations.,"Due to the nature of the skills
programmes, some learners
were carried over from the
previous cycle.",N/A,625 unemployed youth trained on norms and standards for safe tourism operations.,1822 unemployed youth trained on norms and standards for safe tourism operations.,The over achievement is as a result of learners enrolled earlier at the beginning of the financial year and also new number for Tourism Safety Monitors.,N/A,"•	625 unemployed youth trained on norms and standards for safe tourism operations.
•	Annual report compiled for training of 2 500 unemployed youth on norms and standards for safe tourism operations.
","• 3 908 unemployed youth trained on identified skills development programmes was developed.

• Annual report for training and placement of 3908 unemployed youth on in various skills development programmes was compiled.","The overachievement of the target was due to the response to the 
of Skills Development and Job Creation and also the training of Tourism Safety Monitors.



",N/A,1.	2 500 unemployed youth trained on norms and standards for safe tourism operations.,-,"3908 unemployed youth were trained on norms and standards for safe tourism operations.
","The overachievement of target was due to the response on the Massification of Skills Development and Job Creation initiative by the Minister of Employment and Labour. The recruitment of Tourism Safety Monitors also contributed to the number of youths exposed to norms and standards training.
",N/A,"3908 unemployed youth were trained on norms and standards for safe tourism operations.
",177
Tourism,Tourism,National,PROGRAMME 4: TOURISM SECTOR SUPPORT SERVICES,PROGRAMME 4: TOURISM SECTOR SUPPORT SERVICES,Quarterly,Output Indicator 5 - Number of capacity building programmes implemented - 250 SMMEs and 1 500 unemployed youth trained on norms and standards for safe tourism operations in all 9 provinces,Not Applicable,Not  Applicable,Priority 2: Economic Transformation And Job Creation,"The Economic Sectors, Employment and Infrastructure Development cluster","•	Project plan for the training of 250 SMMEs developed
•	Procurement of the service provider for the training of 250 SMMEs finalised.
","• Project plan for the training of 250 SMMEs was developed.
• Procurement of the service provider for the training of 250 SMMEs was not finalised.

","None

Terms of Reference and Request for Quotations (RFQ) were approved in quarter 1, however, due to RFQ process to appoint the service was not concluded and had to overlap to quarter 2.","N/A

Process of procuring the service provider to be concluded during quarter 2.",Recruitment and selection of SMMEs undertaken.,Recruitment and selection of SMMEs was undertaken.,None,N/A,Training of 125 SMMEs on the norms and standards for safe tourism operations in four provinces undertaken.,Training of 257 SMMEs on the norms and standards for safe tourism operations was undertaken in all 9 provinces.,"The target was to train in 4 provinces for Q3, however, the other 5 provinces also requested that their training be conducted during Q3. ",N/A,"•	Training of 125 SMMEs on the norms and standards for safe tourism operations in 5 provinces undertaken.
•	Report compiled on the 250 SMMEs trained on norms and standards for safe tourism operations in all 9 provinces.
","• Training of 125 SMMEs on the norms and standards for safe tourism operations in 5 provinces was undertaken. 

• Report on the 250 SMMEs trained on norms and standards for safe tourism operations in all 9 provinces was compiled.","Based on the province's need for SMMEs training on norms and standards, Additional 16 SMMEs were trained in Limpopo as the build up for the Marula Festival.  
",N/A,2.	250 SMMEs and 1 500 unemployed youth trained on norms and standards for safe tourism operations in all 9 provinces.,-,276 SMMEs were trained on norms and standards for safe tourism operations in all 9 provinces.,"Based on the province's need for SMMEs training on norms and standards for safe tourism operations, additional SMMEs were trained in Quarter 4 as the build-up for the Marula Festival in Limpopo. A total of 250 SMMEs were targeted for the period under review, however, 276 SMMEs were trained.
",N/A,"276 SMMEs were trained on norms and standards for safe tourism operations in all 9 provinces.
",177
Tourism,Tourism,National,PROGRAMME 4: TOURISM SECTOR SUPPORT SERVICES,PROGRAMME 4: TOURISM SECTOR SUPPORT SERVICES,Quarterly,Output Indicator 5 - Number of capacity building programmes implemented - 50 chefs undergo an RPL process,Not Applicable,Not  Applicable,Priority 2: Economic Transformation And Job Creation,"The Economic Sectors, Employment and Infrastructure Development cluster",Project plan developed for the RPL of 50 Chefs.,Project plan was developed for the Recognition of Prior Learning (RPL) of 50 Chefs.,None.,N/A,"Recruitment, selection and induction of learners for RPL process.",Recruitment of learners for RPL process was conducted,There were delays in the appointment of  service providers for both KZN and WC provinces due to suitable service providers not found.,"Appointment of service providers finalised. Selection and induction of learners planned to be concluded during October 2023 for both provinces, .i.e. KZN and WC.",Report on the Implementation of the Training of learners for RPL process.,Report on the Implementation of the Training of learners for RPL process was developed.,None.,N/A,Report on the Implementation of the Training for 50 chefs for RPL process.,Report on the Implementation of the Training for 50 chefs for RPL process was developed.,None.,N/A,4.	50 chefs undergo an RPL process.,-,"50 Chefs had undergone an RPL process in KwaZulu-Natal (KZN) and Western Cape (WC) provinces.
",None,N/A,"50 Chefs had undergone an RPL process in KwaZulu-Natal (KZN) and Western Cape (WC) provinces.

Graduations took place on 8 February 2024 and 23 February 2024 for WC and KZN respectively.
",177
Tourism,Tourism,National,PROGRAMME 4: TOURISM SECTOR SUPPORT SERVICES,PROGRAMME 4: TOURISM SECTOR SUPPORT SERVICES,Quarterly,Output Indicator 5 - Number of capacity building programmes implemented - NTCE 2023 hosted,Not Applicable,Not  Applicable,Priority 2: Economic Transformation And Job Creation,"The Economic Sectors, Employment and Infrastructure Development cluster",Project plan for hosting of NTCE 2023 developed.,Project plan for hosting of NTCE 2023 was developed.,None.,N/A,NTCE 2023 Project Plan deliverables implemented.,"NTCE 2023 Project Plan deliverables were implemented through convening of the NTCE 2023 Partners Forum Meetings, and hosting of the Media Launch.",None,N/A,"•	NTCE 2023 hosted.
•	Report developed.
","•NTCE 2023 was hosted 29, 30 September and 01 October 2023.

•NTCE 2023 progress report developed.",None.,N/A,NTCE Project Close Out Report developed.,NTCE Project Close Out Report was developed.,None.,N/A,3.	NTCE 2023 hosted.,-,"NTCE 2023 was hosted on 29 September - 01 October 2023 at the Johannesburg Expo Centre, Nasrec.
",None,N/A,"NTCE 2023 was hosted on 29 September - 01 October 2023 at the Johannesburg Expo Centre, Nasrec.
",177
Traditional Affairs,Traditional Affairs,National,ADMINISTRATION,ADMINISTRATION,Quarterly,% of actions in  the Organisational  Performance Information  (OPIM) Compliance  Management Plan  implemented ,Non-Standardized,Not  Applicable,"Priority 1: A Capable, Ethical and Developmental State","Governance, State Capacity and Institutional Development cluster","Organisational 
Performance 
Information 
Compliance 
Management Plan 
approved

85% of actions in 
the organisational 
performance 
information Compliance 
Management Plan 
for the quarter 
Implemented 
","Achieved

100% of actions in the Organisational Performance Information Compliance Management Plan for the quarter were implemented

","The Department strives for full compliance, which is, the implementation of 100% of actions in the Organisational Performance Information Compliance Management Plan",N/A,"85% of actions in 
the organisational 
performance 
information Compliance 
Management Plan 
for the quarter 
Implemented ","Achieved

100% of actions in the Organisational Performance Information Compliance Management Plan for the quarter were implemented
","The Department strives for full compliance, which is, the implementation of 100% of actions in the Organisational Performance Information Compliance Management Plan",N/A,"85% of actions in 
the organisational 
performance 
information Compliance 
Management Plan 
for the quarter 
Implemented ","Achieved

89% of actions in the Organisational Performance Information Compliance Management Plan for the quarter were implemented","The Department strives for full compliance, which is, the implementation of 100% of actions in the Organisational Performance Information Compliance Management Plan. However, for the period under review the ODG managed to achieve 89%",N/A,"85% of actions in 
the organisational 
performance 
information Compliance 
Management Plan 
for the quarter 
Implemented ","Not Achieved

70% of actions in the Organisational Performance Information Compliance Management Plan for the quarter were implemented
","The Chief Directorate did not submit on time to both the National Treasury and the DPME its 2024/2025 Annual Performance Plan. Also, the 2024/25 Annual Operational Plan was not approved by the Director-General by 31 March 2024","Submit the DTAs 2024/25 APP to both the DPME and National Treasury

Ensure that the Annual Operational Plans for the 2024/2025 APP and Non-APP targets and Project plans are approved by the Director- General","85% of actions in 
the organisational 
performance 
information Compliance 
Management Plan 
for the quarter 
Implemented",-,"Achieved

89% (31 out of 35 actions) of actions in the organisational performance information Compliance Management Plan for the quarter were implemented
",The Department was efficient in executing the target,N/A,89%,177
Traditional Affairs,Traditional Affairs,National,ADMINISTRATION,ADMINISTRATION,Quarterly,% of actions in the CFM  compliance management  plan implemented,Non-Standardized,Not  Applicable,"Priority 1: A Capable, Ethical and Developmental State","Governance, State Capacity and Institutional Development cluster","CFM Compliance 
Management Plan 
approved

85% of actions in the 
CFM Compliance 
Management Plan 
for the quarter 
implemented
","CFM Compliance 
Management Plan was
approved

100% of actions in the 
CFM Compliance 
Management Plan 
for the quarter were
implemented
","The Department strives for full compliance, which is, the implementation of 100% of actions in the CFM Compliance
Management Plan
",N/A,"85% of actions in the 
CFM Compliance 
Management Plan 
for the quarter 
implemented","Achieved

93% of actions in the CFM Compliance Management Plan for the quarter were implemented
",The target was over-achieved because all actions are compliance related and mandatory to be implemented,N/A,"85% of actions in the 
CFM Compliance 
Management Plan 
for the quarter 
implemented","Achieved

100% of actions in the CFM Compliance Management Plan for the quarter were implemented","The Chief Directorate strives for 100% compliance with all instructions and requirements set out by regulatory institutions such as National Treasury, DPSA and DPME, hence the over-achievement",,"85% of actions in the 
CFM Compliance 
Management Plan 
for the quarter 
implemented","Achieved

100% of actions in the CFM Compliance Management Plan for the quarter were implemented
","The Chief Directorate strives for 100% compliance with all instructions and requirements set out by regulatory institutions such as the National Treasury, DPSA and DPME, hence the over-achievement",N/A,"85% of actions in the 
CFM Compliance 
Management Plan 
for the quarter 
implemented
",-,"Achieved 

98% (45 out of 46 actions) of actions in the CFM Compliance Management Plan were implemented
",The Department was efficient in executing the target,N/A,98%,177
Traditional Affairs,Traditional Affairs,National,ADMINISTRATION,ADMINISTRATION,Quarterly,% of DTA employees trained through various interventions,Non-Standardized,Not  Applicable,"Priority 1: A Capable, Ethical and Developmental State","Governance, State Capacity and Institutional Development cluster",Training Plan Approved,Training Plan was approved,N/A,N/A,-,,,,-,,,,60%,"Achieved

60% of DTA employees were trained through various interventions
",N/A,N/A,60%,-,"Achieved

60% (61 out of 101 employees) of DTA employees were trained through various interventions
",None,N/A,60%,177
Traditional Affairs,Traditional Affairs,National,ADMINISTRATION,ADMINISTRATION,Quarterly,% of actions in the Organisational Performance Information (OPIM) Compliance  Management Plan  implemented ,Not Applicable,Not  Applicable,"Priority 1: A Capable, Ethical and Developmental State",Not Applicable,0 %,0 %,0,0,0 %,,,,0 %,,,,0 %,,,,0 %,0 %,0,,,,177
Traditional Affairs,Traditional Affairs,National,ADMINISTRATION,ADMINISTRATION,Quarterly,% of actions in the CFM compliance management plan implemented,Not Applicable,Not  Applicable,"Priority 1: A Capable, Ethical and Developmental State",Not Applicable,0 %,0 %,0,0,0 %,,,,0 %,,,,0 %,,,,0 %,0 %,0,,,,177
Traditional Affairs,Traditional Affairs,National,ADMINISTRATION,ADMINISTRATION,Quarterly,% of DTA employees trained through various interventions,Not Applicable,Not  Applicable,"Priority 1: A Capable, Ethical and Developmental State",Not Applicable,0 %,0 %,0,0,0 %,,,,0 %,,,,0 %,,,,0 %,0 %,0,,,,177
Traditional Affairs,Traditional Affairs,National,ADMINISTRATION,ADMINISTRATION,Quarterly,Number of reports on anti GBVF Interventions within the Traditional Affairs  sector developed,Standardized,Not  Applicable,Priority 6: Social Cohesion and Safer Communities,Not Applicable,1,1,N/A,N/A,1,"Achieved

1 report on anti GBVF Interventions within the Traditional Affairs sector was developed
",None,N/A,1,"Achieved

1 report on anti GBVF Interventions within the Traditional Affairs sector was developed",,,1,"Achieved

1 report on anti GBVF Interventions within the Traditional Affairs sector was developed
",N/A,N/A,1,1,1,None,N/A,1,177
Traditional Affairs,Traditional Affairs,National,"PROGRAMME 2: RESEARCH, POLICY AND LEGISLATION","PROGRAMME 2: RESEARCH, POLICY AND LEGISLATION",Annually,% of received applications for traditional leadership recognition finalised within six months of receipt,Non-Standardized,Not  Applicable,Priority 6: Social Cohesion and Safer Communities,"The Social Protection, Community and Human Development cluster",,,,,,,,,,,,,,,,,,,100,The Department was efficient in executing the target,N/A,100,177
Traditional Affairs,Traditional Affairs,National,"PROGRAMME 2: RESEARCH, POLICY AND LEGISLATION","PROGRAMME 2: RESEARCH, POLICY AND LEGISLATION",Annually,% of received traditional leadership disputes resolved,Not Applicable,Not  Applicable,Priority 6: Social Cohesion and Safer Communities,Not Applicable,,,,,,,,,,,,,,,,,,,79,The Department was efficient in executing the target,N/A,79,177
Traditional Affairs,Traditional Affairs,National,"PROGRAMME 2: RESEARCH, POLICY AND LEGISLATION","PROGRAMME 2: RESEARCH, POLICY AND LEGISLATION",Annually,% reduction in the number of illegal customary initiation schools,Not Applicable,Not  Applicable,Priority 6: Social Cohesion and Safer Communities,Not Applicable,,,,,,,,,,,,,,,,,,,23,"Some of the statutory functions of PICCs is to close and ensure that there are no illegal schools in their provinces and to register customary initiation schools, i.e. for a customary initiation school to be legal, it must have been registered with a PICC. During 2022/2023, North-West and KZN did not have PICCs and therefore all the schools in the two provinces were illegal. During the reporting period, North-West established its PICC which reduced illegal schools.",N/A,23,177
Traditional Affairs,Traditional Affairs,National,"PROGRAMME 2: RESEARCH, POLICY AND LEGISLATION","PROGRAMME 2: RESEARCH, POLICY AND LEGISLATION",Quarterly,Number of traditional councils legally constituted,Non-Standardized,Not  Applicable,"Priority 1: A Capable, Ethical and Developmental State","Governance, State Capacity and Institutional Development cluster",TKLA section 63(4)(c) intervention Plan developed,"Achieved

TKLA section 63(4)(c) intervention Plan was developed",N/A,N/A,Implementation of TKLA section 63(4)(c) monitored,"Not Achieved

However, to implement and monitor implementation of the TKLA section 63(4)(c) Intervention Plan the following activities were completed:
 
a)	Four (4) alternative draft formulas were drafted in case the National House decides to consult with traditional leaders on different options of the formula;
b)	monitored the National House on progress regarding its consultations with traditional leaders and requested a programme of action for the consultations; and the Branch wrote letters to Provincial HoDs under whom traditional leaders fall to monitor progress on implementation of their activities provided for in the TKLA section 63(4)(c) Plan, i.e., the provincial administrative and preparatory processes regarding constitution of traditional councils.
",Dependency on the National House of Traditional and Khoi-San Leaders (NHTKL) processes,Write emails to the Secretary of the NHTKL to follow up on progress regarding consultation with Traditional Leaders on the preferred formula on a monthly basis,Implementation of TKLA section 63(4)(c) monitored,"Not Achieved
 
",No decision was taken on the preferred formula to be gazetted,Send reminder letters and emails to PHTKLs and Premiers that did not submit their inputs on the two-formula option requesting them to do so.  ,200 traditional councils (TCs) legally constituted/ proclaimed,"Not achieved

84 TCs were constituted (75 in Limpopo, 2 in Gauteng and 7 in the Northern Cape) though they could not finalise the gazettes for the constituted TCs. The other 5 provinces could not start with the process.
",Provinces could not finalise the constitution of TCs by 31 March 2024 due to delays in traditional leadership final decision on their preferred formula,"Obtain a legal opinion on whether the constitution of the remaining TCs may continue, and if so, submit a memo to the Minister for approval of the section 63 Intervention Plan and undertake the following activities, if not close the project.",200 traditional councils legally constituted,-,"Not Achieved

84 TCs were constituted 
","Though
Limpopo,
Gauteng and
Northern
Cape started
the process
they could
not publish
gazettes of the
reconstituted
TCs by the end
of the reporting
period.
Provinces could
not finalise the
constitution
of TCs by 31
March 2024
due to delays
in traditional
leadership
taking a final
decision on
their preferred
formula for
determining
the number
of members
of traditional
councils","Obtain a legal opinion on whether the constitution of the remaining TCs may continue, and if so, submit a memo to the Minister for approval of the section 63 Intervention Plan and undertake the following activities, if not close the project.",0,177
Traditional Affairs,Traditional Affairs,National,"PROGRAMME 2: RESEARCH, POLICY AND LEGISLATION","PROGRAMME 2: RESEARCH, POLICY AND LEGISLATION",Quarterly,Number of traditional councils legally constituted,Not Applicable,Not  Applicable,"Priority 1: A Capable, Ethical and Developmental State",Not Applicable,0,0,0,0,0,,,,0,,,,0,,,,0,0,0,,,,177
Traditional Affairs,Traditional Affairs,National,PROGRAMME 3: INSTITUTIONAL SUPPORT AND COORDINATION,PROGRAMME 3: INSTITUTIONAL SUPPORT AND COORDINATION,Annually,% of traditional  leaders in councils  afforded with the  benefits and the  tools of trade,Not Applicable,Not  Applicable,"Priority 1: A Capable, Ethical and Developmental State",Not Applicable,,,,,,,,,,,,,,,,,,,85,The Department was efficient in executing the target,N/A,85,177
Traditional Affairs,Traditional Affairs,National,PROGRAMME 3: INSTITUTIONAL SUPPORT AND COORDINATION,PROGRAMME 3: INSTITUTIONAL SUPPORT AND COORDINATION,Quarterly,"% of Traditional Councils in the 4 Local Houses of Traditional and Khoi-San Leaders (OR Tambo, Alfred Nzo; Ugu and Harry Gwala) availing land parcels for the implementation of the Invest Rural Master Plan in the Eastern Seaboard Development Initiative",Non-Standardized,Not  Applicable,Priority 2: Economic Transformation And Job Creation,"The Economic Sectors, Employment and Infrastructure Development cluster",Consultation with Traditional Leaders,"Achieved

Consultation with the traditional leaders was done through the National House of Traditional and Khoi-San Leaders Committee on Land, Agriculture and Rural Development
",N/A,N/A,"Consultation with 
Traditional Leaders","Achieved

A report was developed based on the following consultations:

•	DTA, NHTKL, MISA and ECPHTKL that took place on 11 September 2023;
•	DTA, NHTKL, MISA and KZNPHTKL that took place on 18 September 2023;
•	Consultations with Harry Gwala and UGU Local Houses on the Eastern Seaboard Development Programme; 
•	Agriculture and Rural Development on 26 and 29 September 2023.
",None,N/A,25%,"Not Achieved

Prerequisites relating to the process of availing land parcels were not met, for example, community resolutions
","

Traditional Leaders could not commit to availing land parcels due to the following:
a)	No specific projects for specific land requirements;
b)	No clarification on beneficial participation by communities and compensation for their loss of rights on land;
c)	Requirement for community resolutions which could not be done within the timeline; and
d)	The political process required for the Ingonyama Trust Land
",,25%,"Not Achieved

A report was developed based on the following:

•	The ESD Strategic Planning and Review Session that took place in Kwa-Zulu Natal from 12 to13 March 2024, during which the role of traditional leadership in the Eastern Seaboard Development was presented
","Traditional Leaders could not commit to availing land parcels due to the following:
•	No specific projects for specific land requirements were identified;
•	No clarification on beneficial participation by communities and compensation for their loss of rights on land;
•	Community resolutions which could not be done within the required timeline; and
•	The political process required for the Ingonyama Trust Land.
",The target will be reprioritised in the new financial year based on finalising the Regional Spatial Development Framework for the Eastern Seaboard Development,"50% of the Traditional 
Councils within the 4 
Local Houses of traditional 
and Khoi-San leaders 
(OR Tambo, Alfred Nzo; 
Ugu and Harry Gwala) 
availing land parcels for 
the implementation of the 
Invest Rural Master Plan 
in the Eastern Seaboard 
Development Initiative.",-,"Not Achieved

(0%) no land parcels were availed
","Traditional Leaders could not commit to availing land parcels due to the following:

•	No specific projects for specific land requirements
•	No clarification on beneficial participation by communities and compensation for their loss of rights on land

•Community resolutions are required, which could not be done within the timeline. 

The political process required for the Ingonyama Trust Land.
",The target must be reprioritised in the new financial year based on finalising the Regional Spatial Development Framework for the Eastern Seaboard Development,0%,177
Traditional Affairs,Traditional Affairs,National,PROGRAMME 3: INSTITUTIONAL SUPPORT AND COORDINATION,PROGRAMME 3: INSTITUTIONAL SUPPORT AND COORDINATION,Quarterly,Number of Provincial Houses of Traditional and Khoi-San Leaders provided with tools of trade as provided for in the draft Hand book for Traditional and Khoi-San Leaders,Non-Standardized,Not  Applicable,"Priority 1: A Capable, Ethical and Developmental State","Governance, State Capacity and Institutional Development cluster","Engagement with 
relevant stakeholders 
on the provision of 
tools of trade as 
provided for on the 
draft Handbook for 
Traditional and Khoi-San Leaders","Achieved

Engagement with relevant stakeholders on the provision of tools of trade as provided for in the draft Handbook for Traditional and Khoi-San Leaders was undertaken
",N/A,N/A,"3 Provincial Houses 
of Traditional and 
Khoi-San Leaders 
provided with 
tools of trade as 
provided for in the 
draft Handbook 
for Traditional and 
Khoi-San Leaders","Achieved

•	The provinces of NW, NC and Mpumalanga Provincial COGTA departments were engaged.
•	The three provinces provided information on the provision of tools of trade to members of the PHTKL and a quarterly report was  developed
",None,N/A,"2 Provincial Houses 
of Traditional and 
Khoi-San Leaders 
provided with 
tools of trade as 
provided for in the 
draft Handbook 
for Traditional and 
Khoi-San Leaders","Achieved

2 Provincial Houses of Traditional and Khoi-San Leaders in Free State and Limpopo province were facilitated in the provision of tools of trade as provided in the draft Handbook for Traditional and Khoi-San Leaders
",,,"2 Provincial Houses 
of Traditional and 
Khoi-San Leaders 
provided with 
tools of trade as 
provided for in the 
draft Handbook 
for Traditional and 
Khoi-San Leaders","Achieved

The Kwa-Zulu Natal and the Eastern Cape Provincial Houses of Traditional and Khoi-San Leaders were provided with tools of trade as provided for in the draft Handbook of traditional leaders
",N/A,N/A," 7 Provincial Houses of 
Traditional and Khoi-San 
Leaders provided with tools 
of trade as provided for 
in the draft Handbook for 
Traditional and Khoi-San 
Leaders",-,"Achieved

7 Provincial Houses of Traditional and Khoi-San Leaders were provided with tools of trade as provided for in the draft Handbook for Traditional and Khoi-San Leaders
",None,N/A,7,177
Traditional Affairs,Traditional Affairs,National,PROGRAMME 3: INSTITUTIONAL SUPPORT AND COORDINATION,PROGRAMME 3: INSTITUTIONAL SUPPORT AND COORDINATION,Quarterly,"Number of Traditional Mining communities with SLPs that provide procurement, bursaries, learnerships and employment opportunities for historically disadvantaged individuals",Non-Standardized,Not  Applicable,Priority 2: Economic Transformation And Job Creation,"The Economic Sectors, Employment and Infrastructure Development cluster","
Collation of 10 SLPs
 
Assessment of 10 SLPs 

Review of 10 SLPs
","Not Achieved

Not Achieved

Not Achieved

Efforts were made via a letter, emails, follow-up emails to engage with the Department of Mineral Resources and Energy (DMRE) and an attempt was made to solicit the support of provinces
","Unsuccessful attempts by the Department to meet with DMRE, the implementing Department on SLPs, to agree on monitoring and review protocols",N/A,"Monitoring the 
performance of the 
reviewed 10 SLPs
Intervention for non- performing SLPs","Not Achieved

Although the targets were not achieved, a report was developed on the following:
 
A draft Collaboration document that identified areas of collaboration was presented on 15 September 2023 and agreed upon by the DTA and the DMRE

•	Analysis of the SLPs, which revealed areas of performance that need to be addressed.
•	A proposed schedule of monitoring visits to identified communities. 
","The 10 SLPs were submitted on September 20, 2023, which counted towards the first quarter's target. Due to this dependency, the goals for the second quarter could not be met.",A draft monitoring framework was developed to achieve the quarter 2 targets. These targets were dependent on the achievement of the quarter one targets.,"Monitoring the 
performance of the 
reviewed 10 SLPs
Intervention for non- performing SLPs
","Achieved

Monitoring of the implementation of all 10 SLPs was conducted

 
Achieved

Interventions for non-performing SLPs were carried out
",,,"Monitoring the 
performance of the 
reviewed 10 SLPs
Intervention for non-performing SLPs","Achieved

Monitoring the performance of the reviewed 10 SLPs was conducted as follows: 
•	Engagements with Two (2) Traditional councils in KZN (Richards Bay) on March 12-13, 2024, and One(1) Traditional council in Northwest (Rustenburg) on March 27, 2024, to assess SLP performance;
•	Assessing the performance of the SLPs in terms of alignment with the IDP; and
•	Assessment of the SLPs based on annual reports from municipalities. 

Achieved

Recommended interventions were proposed
",N/A,N/A,"10 Traditional Mining communities with SLPs that provide procurement, bursaries, learnerships and employment opportunities for historically disadvantaged individuals",-,"Not Achieved

04 Traditional Mining
communities with
SLPs that provide
procurement,
bursaries,
learnerships
and employment
opportunities
for historically
disadvantaged
individuals were
assessed
","Due to capacity
constraints,
external
verification
could not be
done for the
remainder",,4,177
Traditional Affairs,Traditional Affairs,National,PROGRAMME 3: INSTITUTIONAL SUPPORT AND COORDINATION,PROGRAMME 3: INSTITUTIONAL SUPPORT AND COORDINATION,Quarterly,"% of Traditional Councils in the 4 Local Houses of Traditional and Khoi-San Leaders (OR Tambo, Alfred Nzo; Ugu  and Harry Gwala)  availing land  parcels for the  implementation of  the Invest Rural  Master Plan in the  Eastern Seaboard  Development  Initi",Not Applicable,Not  Applicable,Priority 2: Economic Transformation And Job Creation,Not Applicable,0 %,0 %,0,0,0 %,,,,0 %,,,,0 %,,,,0 %,0 %,0,,,0,177
Traditional Affairs,Traditional Affairs,National,PROGRAMME 3: INSTITUTIONAL SUPPORT AND COORDINATION,PROGRAMME 3: INSTITUTIONAL SUPPORT AND COORDINATION,Quarterly,"Number of Traditional Mining communities with SLPs that provide procurement, bursaries,  learnerships and employment  opportunities for historically  disadvantaged individuals",Not Applicable,Not  Applicable,Priority 2: Economic Transformation And Job Creation,Not Applicable,0,0,,,0,,,,0,,,,0,,,,0,0,0,,,0,177
Traditional Affairs,Traditional Affairs,National,PROGRAMME 3: INSTITUTIONAL SUPPORT AND COORDINATION,PROGRAMME 3: INSTITUTIONAL SUPPORT AND COORDINATION,Quarterly,Number of Provincial Houses of Traditional and Khoi-San  Leaders provided with tools of  trade as provided for in the draft  Hand book for Traditional and  Khoi-San Leaders,Not Applicable,Not  Applicable,"Priority 1: A Capable, Ethical and Developmental State",Not Applicable,0,0,,,0,,,,0,,,,0,,,,0,0,0,,,,177
Traditional Affairs,Traditional Affairs,National,PROGRAMME 3: INSTITUTIONAL SUPPORT AND COORDINATION,PROGRAMME 3: INSTITUTIONAL SUPPORT AND COORDINATION,Quarterly,Tools of trade for members of  NHTKL provided as per the  provision of the draft Handbook  for Traditional and Khoi-San  Leaders,Not Applicable,Not  Applicable,"Priority 1: A Capable, Ethical and Developmental State",Not Applicable,"Engagement with 
relevant stakeholders 
on the tools of trade 
for members of NHTKL 
as per the provision of 
the draft Handbook for 
Traditional and Khoi-San Leaders","Achieved

Engagement with relevant stakeholders on the tools of trade for members of NHTKL as per the provision of the Handbook for Traditional and Khoi-San Leaders was undertaken
",N/A,N/A,-,,,,-,,,,"23 members of the 
NHTKL provided 
with tools of 
trade as per the 
provision of the 
draft Handbook 
for Traditional and 
Khoi-San Leaders","Achieved


23 Members of the NHTKL were provided with tools of trade as per the provision of the draft Handbook for Traditional and Khoi-San Leaders
",N/A,N/A,"23 members of the NHTKL 
provided with tools of 
trade as per the provision 
of the draft Handbook for 
Traditional and Khoi-San 
Leaders",-,"Achieved

23 members of the NHTKL were provided with tools of trade as per the provision of the draft 
Handbook for Traditional and Khoi-San Leaders
",None,N/A,23,177
