Sector,Institution,Programme,SubProgramme,Location,Frequency,Indicator,Type,SubType,Outcome,Priority,Cluster,Target_Q1,ActualOutput_Q1,Target_Q2,ActualOutput_Q2,Target_Q3,ActualOutput_Q3,Target_Q4,ActualOutput_Q4,AnnualTarget_Summary2,Preliminary_Summary2,PrelimaryAudited_Summary2,ReasonforDeviation_Summary,CorrectiveAction_Summary,ValidatedAudited_Summary2,ReasonforDeviation_Q1,CorrectiveAction_Q1,OTP_Q1,ReasonforDeviation_Q2,CorrectiveAction_Q2,OTP_Q2,ReasonforDeviation_Q3,CorrectiveAction_Q3,OTP_Q3,ReasonforDeviation_Q4,CorrectiveAction_Q4,OTP_Q4,DesiredPerformance,UID
,Gauteng: E-Governance,Gauteng,Programme 1: Administration,Programme 1: Administration,Annually,Departmental Risk Register,Non-Standardized,Not  Applicable,Priority 2: Economic Transformation And Job Creation,"Economy, Jobs and Infrastructure ","The Economic Sectors, Employment and Infrastructure Development cluster",Departmental Risk Register Approved,Departmental Risk Register Approved,,,,,,,Departmental Risk Register Approved,Departmental Risk Register Approved,,None Required,Target Achieved,,,,,,,,,,,,,,,118
,Gauteng: E-Governance,Gauteng,Programme 1: Administration,Programme 1: Administration,Annually,Number of youths placed for experiential learning,Non-Standardized,Not  Applicable,Priority 2: Economic Transformation And Job Creation,"Economy, Jobs and Infrastructure ","The Economic Sectors, Employment and Infrastructure Development cluster",,,,,,,100,0,100,0,,"Although 28 youth were placed for experiential learning the contracts were not complete at the time of reporting.
In addition, the target was not achieved because some learners declined the experiential learning offers received because of better offers received somewhere. In addition, there is a lack of stipend due to budget constraints. ",The department is collaborating with institutions that already pay stipend for the department to host learners for experiential learning.,,,,,,,,,,,,,,,118
,Gauteng: E-Governance,Gauteng,Programme 1: Administration,Programme 1: Administration,Annually,Percentage of funded positions filled,Non-Standardized,Not  Applicable,Priority 2: Economic Transformation And Job Creation,"Economy, Jobs and Infrastructure ","The Economic Sectors, Employment and Infrastructure Development cluster",,,,,,,92 %,85 %,92 %,85 %,,The target was not achieved because of cost containment measures outlines on circular 20 of 2024 delayed the advertising and filing of positions,"The circular on cost containment has been discontinued effective 01 April 2025
Job evaluation process is still underway to ensure alignment with Regulation 40(c) of the Public Service Regulations
",,,,,,,,,,,,,,,118
,Gauteng: E-Governance,Gauteng,Programme 1: Administration,Programme 1: Administration,Annually,Percentage of women employed in SMS positions in the Department,Non-Standardized,Not  Applicable,Priority 2: Economic Transformation And Job Creation,"Economy, Jobs and Infrastructure ","The Economic Sectors, Employment and Infrastructure Development cluster",,,,,,,50 %,45 %,50 %,45 %,,The target was not achieved because cost containment measure outlined in circular 20 of 2024 delayed the advertising and filing of post,The department is prioritizing women in when filling the vacant posts,,,,,,,,,,,,,,,118
,Gauteng: E-Governance,Gauteng,Programme 1: Administration,Programme 1: Administration,Annually,Percentage of youths employed in the Department,Non-Standardized,Not  Applicable,Priority 2: Economic Transformation And Job Creation,"Economy, Jobs and Infrastructure ","The Economic Sectors, Employment and Infrastructure Development cluster",,,,,,,25 %,16 %,25 %,16 %,,The target was not achieved because of the cost containment measures outlined in circular 20 of 2024 delayed the advertising and filing of positions,Job evaluation process is still underway to ensure alignment with Regulations 40 (c) of the Public Service regulations,,,,,,,,,,,,,,,118
,Gauteng: E-Governance,Gauteng,Programme 1: Administration,Programme 1: Administration,Quarterly,Number of evaluations conducted,Non-Standardized,Not  Applicable,"Priority 1: A Capable, Ethical and Developmental State","Building a Capable, Ethical and Developmental State","Governance, State Capacity and Institutional Development cluster",1,1,1,1,1,1,1,1,4,4,,,,,None,Target Achieved,The Department did not provide actual output. The Department is requested to provide actual output.,None,Target Achieved,Target achieved,None required,Target Achieved,Target achieved.,None required ,Target Achieved,Target achieved.,,118
,Gauteng: E-Governance,Gauteng,Programme 1: Administration,Programme 1: Administration,Quarterly,Number of people benefiting from bursaries ,Non-Standardized,Not  Applicable,Priority 2: Economic Transformation And Job Creation,"Building a Capable, Ethical and Developmental State","The Economic Sectors, Employment and Infrastructure Development cluster",0,0,35,46,0,Applicable in Q4,35,52,70,46,,,,,Applicable to Q2,None required,,The target was overachieved because more employees applied for bursaries.,Target Achieved,Please ensure that the actual output is provided prior the approval of the Accounting Officer ,Applicable in Q4,Applicable in Q4,,The was overachieved because more employees applied for bursaries,Target Achieved,Please provide actual output upon approval.,,118
,Gauteng: E-Governance,Gauteng,Programme 1: Administration,Programme 1: Administration,Quarterly,Percentage of persons with disabilities employed in the Department,Non-Standardized,Not  Applicable,Priority 2: Economic Transformation And Job Creation,"Economy, Jobs and Infrastructure ","The Economic Sectors, Employment and Infrastructure Development cluster",5 %,4 %,5 %,4 %,5 %,4 %,5 %,4 %,5 %,4 %,,,,,The target was not achieved because the directive from National Treasury on freezing of posts as per circular 49 of 2023.,Concurrence memorandum to advertise 54 positions was submitted to OOP,The Department did not provide actual output. The Department is requested to provide actual output.,The target was not achieved because of the delays in advertising and filling of vacant positions due to cost containment circular issued by DPSA circular 49 of 2023. ,"The department is prioritizing PWD’s when filling vacant positions, 1 appointment has been made at SMS level effective 01 September 2024
","Target not achieved
",The target was not achieved because of the delays in advertising and filling of vacant positions due to cost containment circular issued by DPSA circular 49 of 2023.,"The department is prioritizing PWD’s when filling vacant positions In addition, job evaluation process is underway to ensure alignment with the concurrence process.",Target not achieved. ,The target was not achieved because of the cost containment measure outlined in circular 20 of 2024 delayed the advertising and filing of posts.,"The department is prioritizing PWD’s when filling vacant positions. In addition, job evaluation process is underway to ensure alignment with Regulations 40 (c) of the public service regulations",Target not achieved.,,118
,Gauteng: E-Governance,Gauteng,Programme 1: Administration,Programme 1: Administration,Quarterly,Percentage of procurement budget spend on companies owned by Persons With Disabilities,Non-Standardized,Not  Applicable,Priority 2: Economic Transformation And Job Creation,"Economy, Jobs and Infrastructure ","The Economic Sectors, Employment and Infrastructure Development cluster",7 %,0 %,7 %,0 %,7 %,1 %,7 %,1 %,7 %,1 %,,,,,"The target was not achieved because the financial year has started, and certain categories still have minimal spending.",Enhancing PWD spending in the second quarter will be  prioritized to ensure that the target is achieved.,The Department did not provide actual output. The Department is requested to provide actual output.,The target was not achieved because of challenges in getting Persons With Disabilities owned companies to submit quotation as all their information on the system is outdated.,"The department is prioritising PWD’s owned company   to increase expenditure in this area to ensure target is achieved.
In addition, a request was made to treasury to update the system to include an update PWD companies’ information.",Please ensure that the actual output is provided prior the approval of the Accounting Officer ,"The target was not achieved because most of the PWD suppliers are not responding to RFQ while others contact details are not updated on CSD database.

",Enhancing PWD spending will be a priority to ensure that the target is achieved.,Please provide actual output upon approval.,"The target was not achieved, the decrease in spending was due to a lack of budget and non-provision of specifications by other business units. There was minimal spending of certain months within the quarter, which also contributed to underachievement.","Companies owned by People with disabilities will be afforded priority in the next financial year when it pertains to expanding expenditure in order to attain the target. Additionally, compliance will be enforced, and internal control measures will be taken into consideration with regard to submission of the requests for implementation.",Please provide actual output upon approval.,,118
,Gauteng: E-Governance,Gauteng,Programme 1: Administration,Programme 1: Administration,Quarterly,Percentage of procurement budget spend on companies owned by women,Non-Standardized,Not  Applicable,Priority 2: Economic Transformation And Job Creation,"Economy, Jobs and Infrastructure ","The Economic Sectors, Employment and Infrastructure Development cluster",60 %,90 %,60 %,74 %,60 %,31 %,60 %,21 %,60 %,21 %,,,,,The target was overachieved because of the targeted companies owned by women service providers,Target Achieved,The Department did not provide actual output. The Department is requested to provide actual output.,The target was overachieved because of the targeted companies owned by women service providers,Target Achieved,Please ensure that the actual output is provided prior the approval of the Accounting Officer ,The target was not achieved because of insufficient budget to meet the commitments which impacted the quarterly achievement.,The department will continue to prioritise spend in this category.,Please provide actual output upon approval.,"The target was not achieved,  the decrease in spending was due  lack of budget and non-provision of specifications by other business units. There was minimal spending of certain months within the quarter, which also contributed to underachievement.","Women owned business will be afforded priority in the next financial year when it pertains to expanding expenditure to attain the target. Additionally, compliance will be enforced, and internal control measures will be taken into consideration regarding submission of the requests for implementation.",Please provide actual output upon approval.,,118
,Gauteng: E-Governance,Gauteng,Programme 1: Administration,Programme 1: Administration,Quarterly,Percentage of procurement budget spend on RFQs below R1 000 000 for Township economy,Non-Standardized,Not  Applicable,Priority 2: Economic Transformation And Job Creation,"Economy, Jobs and Infrastructure ","The Economic Sectors, Employment and Infrastructure Development cluster",68 %,88 %,68 %,86 %,68 %,80 %,68 %,28% %,68 %,0 %,,,,,The target was overachieved because of the targeted companies owned by township service providers,Target Achieved,The Department did not provide actual output. The Department is requested to provide actual output.,The target was overachieved because of the targeted companies owned by township service providers,Target Achieved,Please ensure that the actual output is provided prior the approval of the Accounting Officer,The target was overachieved because of the targeted companies owned by township service providers,Target Achieved,Please provide actual output upon approval.,"The decrease in spending is due to a lack of budget and non-provision of specifications by other business units. There was minimal spending of certain months within the quarter, which also contributed to the underachievement.","The department will continue to prioritise spend in this category. In addition, compliance will be enforced, and internal control measures will be taken into consideration with regard to submission of the requests for implementation.",Please provide actual output upon approval.,,118
,Gauteng: E-Governance,Gauteng,Programme 1: Administration,Programme 1: Administration,Quarterly,Percentage of supplier invoices paid within 10 days of receipt,Non-Standardized,Not  Applicable,Priority 2: Economic Transformation And Job Creation,"Economy, Jobs and Infrastructure ","The Economic Sectors, Employment and Infrastructure Development cluster",100 %,93 %,100 %,89 %,100 %,n/a %,100 %,n/a %,100 %,0 %,,,,,"The target was not achieved due to the Service providers tax non-compliance invoices captured not belonging to the Department and banking details not active on CSD. Late submission of payment documents by end-users. 
",Compliance monitoring of invoices to be strengthened. The approved memorandum on instruction note for submission of payment documents was shared,Target not achieved. ,The target was not achieved because of late submission of payment packs.,Compliance monitoring of invoices to be strengthened. The approved memorandum on instruction note for submission of payment documents continue to be communicated,Target not achieved,n/a,n/a,Please provide actual output upon approval.,n/a,n/a,Revised ,,118
,Gauteng: E-Governance,Gauteng,Programme 1: Administration,Programme 1: Administration,Quarterly,Percentage of suppliers paid within 15 days of receipt of invoices,Non-Standardized,Not  Applicable,Priority 2: Economic Transformation And Job Creation,"Economy, Jobs and Infrastructure ","The Economic Sectors, Employment and Infrastructure Development cluster",0 %,0 %,0 %,,100 %,98 %,100 %,99 %,100 %,99 %,,,,,N/A,N/A,,,,,The target was not achieved because of late submission of payments packs documents by end users.,The communication of the approved Instruction Note on payments made within 10 days issued to the department will continue to be communicated by the department.,Target not achieved.,The target was not achieved because of late submission of documents by the end user,"The department will continue to improve the compliance monitoring of invoices.
The communication of the approved Instruction Note on payments
made within 10 days issued to the department will continue to be communicated
",Target not achieved.,Payment of Suppliers within prescribed timelines.,118
,Gauteng: E-Governance,Gauteng,Programme 2: Information Communication Technology Shared Services,Programme 2: Information Communication Technology Shared Services,Annually,Number of core network nodes upgraded,Non-Standardized,Not  Applicable,Priority 2: Economic Transformation And Job Creation,"Economy, Jobs and Infrastructure ","The Economic Sectors, Employment and Infrastructure Development cluster",,,,,2,4,,,2,4,,The target was overachieved to catchup on 2 sites that were deferred from last financial year.,Target Achieved,,,,,,,,,,,,,,,118
,Gauteng: E-Governance,Gauteng,Programme 2: Information Communication Technology Shared Services,Programme 2: Information Communication Technology Shared Services,Quarterly, Number of e-services developed ,Non-Standardized,Not  Applicable,Priority 2: Economic Transformation And Job Creation,"Economy, Jobs and Infrastructure ","The Economic Sectors, Employment and Infrastructure Development cluster",2,,5,,5,5,3,8,15,13,,,,,N/A,N/A,,,,,None required,Target Achieved,Target not achieved. Revised target noted.,"The target was overachieved because of the demand for e-service 
",Target Achieved,,Improved service delivery through digitized services.,118
,Gauteng: E-Governance,Gauteng,Programme 2: Information Communication Technology Shared Services,Programme 2: Information Communication Technology Shared Services,Quarterly, Number of e-services tested,Non-Standardized,Not  Applicable,Priority 2: Economic Transformation And Job Creation,"Economy, Jobs and Infrastructure ","The Economic Sectors, Employment and Infrastructure Development cluster",4,,6,,6,6,4,4,20,10,,,,,N/A,N/A,,,,,None required,Target Achieved,Target not achieved. Revised target noted.,None required ,Target Achieved,Target achieved.,Improved service delivery through digitized services.,118
,Gauteng: E-Governance,Gauteng,Programme 2: Information Communication Technology Shared Services,Programme 2: Information Communication Technology Shared Services,Quarterly,Number of awareness campaigns conducted on digital services,Non-Standardized,Not  Applicable,Priority 2: Economic Transformation And Job Creation,"Building a Capable, Ethical and Developmental State","The Economic Sectors, Employment and Infrastructure Development cluster",4,4,4,4,4,4,5,5,17,17,,,,,None required,Target Achieved,Target achieved.,None required,Target Achieved,Target achieved,None required,Target Achieved,Target achieved.,None required ,Target Achieved,Target achieved.,,118
,Gauteng: E-Governance,Gauteng,Programme 2: Information Communication Technology Shared Services,Programme 2: Information Communication Technology Shared Services,Quarterly,Number of CCTV cameras accessed through partnerships,Non-Standardized,Not  Applicable,Priority 2: Economic Transformation And Job Creation,"Economy, Jobs and Infrastructure ","The Economic Sectors, Employment and Infrastructure Development cluster",0,0,100,6399,100,n/a,100,n/a,6000,6399,,,,,Applicable in Q2,Applicable in Q2,,The target was overachieved due to additional cameras covering a wider area crime hotspot.,Target Achieved,Provide the Reason for Deviation and Corrective Action.,n/a,n/a,,n/a,n/a,,,118
,Gauteng: E-Governance,Gauteng,Programme 2: Information Communication Technology Shared Services,Programme 2: Information Communication Technology Shared Services,Quarterly,Number of CCTV cameras accessed through partnerships ,Non-Standardized,Not  Applicable,Priority 2: Economic Transformation And Job Creation,"Economy, Jobs and Infrastructure ","The Economic Sectors, Employment and Infrastructure Development cluster",0,0,100,,6299,Achieved in Q2,0,Applicable to Q3,6399,0,,,,,N/A,N/A,,,,,Achieved in Q2,Achieved in Q2,Revised target noted. Please note that there was no report on achievement in Q2. Please clarify upon approval.,None required ,Target Achieved,,Access to CCTV cameras that will provide CCTV footage in order to assist the detection and dissuading of incidents where they are located to improve the safety and security of citizens.,118
,Gauteng: E-Governance,Gauteng,Programme 2: Information Communication Technology Shared Services,Programme 2: Information Communication Technology Shared Services,Quarterly,Number of CCTV cameras deployed,Non-Standardized,Not  Applicable,Priority 2: Economic Transformation And Job Creation,"Economy, Jobs and Infrastructure ","The Economic Sectors, Employment and Infrastructure Development cluster",0,0,100,113,100,n/a,100,n/a,300,113,,,,,Applicable in Q2,Applicable in Q2,,The target was overachieved due to the completion of the balance of Phase 2 of the cctv camera deployment. ,Target Achieved,Provide the Reason for Deviation and Corrective Action.,n/a,n/a,,n/a,n/a,,,118
,Gauteng: E-Governance,Gauteng,Programme 2: Information Communication Technology Shared Services,Programme 2: Information Communication Technology Shared Services,Quarterly,Number of CCTV cameras deployed,Non-Standardized,Not  Applicable,Priority 2: Economic Transformation And Job Creation,"Economy, Jobs and Infrastructure ","The Economic Sectors, Employment and Infrastructure Development cluster",0,0,100,,100,80,300,137,500,217,,,,,N/A,N/A,,,,,"Although the quarter 3 target was not achieved, 193 cameras were deployed year to date.",Target Achieved,Target not achieved. Revised target noted.,The target was not achieved because there were major delays with the Metro’s and Municipalities issuing Wayleaves (permission) for GPG to deploy cameras as a result the team lost 6 months. Intervention from the Premier to the Executive Mayors and MMCs to unblock the release and approval of wayleaves was done. Additional cameras will be deployed in the first quarter of next financial year. ,"The following measures will also be put in place
1.	Apply earlier in the process 
2.	Request COGTA to engage with the Metros and Municipalities to accelerate the process 
3.	Provide the IGR meeting a update every second week 
4.	Write to Municipal Managers for support as this is a government-to-Government transactions.
",Target not achieved.,CCTV cameras to help prevent and detect crime where they are deployed to ensure the safety and security of citizens.,118
,Gauteng: E-Governance,Gauteng,Programme 2: Information Communication Technology Shared Services,Programme 2: Information Communication Technology Shared Services,Quarterly,Number of community and stakeholder liaison visits undertaken,Non-Standardized,Not  Applicable,Priority 2: Economic Transformation And Job Creation,"Building a Capable, Ethical and Developmental State","The Economic Sectors, Employment and Infrastructure Development cluster",1,1,2,2,1,2,1,2,5,7,,,,,None required,Target Achieved,Target achieved.,None required,Target Achieved,Target not achieved. Dept. requested to correct Corrective Action.,Reason for overachievement is due to adding a second region for the Back-to-school programme.,Target Achieved,Target achieved.,The target was overachievement is due to Communications team actively driving Gauteng e-Panic Button activations in settlements across the province and maximized visibility through two Youth Tech Expos conducted. ,Target Achieved,,,118
,Gauteng: E-Governance,Gauteng,Programme 2: Information Communication Technology Shared Services,Programme 2: Information Communication Technology Shared Services,Quarterly,Number of Data Analytics Projects executed,Non-Standardized,Not  Applicable,"Priority 1: A Capable, Ethical and Developmental State","Building a Capable, Ethical and Developmental State","Governance, State Capacity and Institutional Development cluster",0,5,2,3,3,1,3,3,8,12,,,,,"The target was planned for Q2, however, 5 data analytics projects were executed due to the demand for data analytics ",Target Achieved,,The target was overachieved because of the demand of data analytics project.,Target Achieved,Dept. requested to correct Corrective Action.,"Although the planned target for Q3 was not achieved, 9 data analytics projects executed to date exceeding the annual target.",Target Achieved,Target not achieved. ,None required,Target Achieved,Target not achieved.,,118
,Gauteng: E-Governance,Gauteng,Programme 2: Information Communication Technology Shared Services,Programme 2: Information Communication Technology Shared Services,Quarterly,Number of desktop research studies conducted ,Non-Standardized,Not  Applicable,Priority 2: Economic Transformation And Job Creation,"Building a Capable, Ethical and Developmental State","The Economic Sectors, Employment and Infrastructure Development cluster",1,1,2,2,1,1,1,1,5,5,,,,,TBC,TBC,The Department did not provide actual output. The Department is requested to provide actual output.,None required,Target Achieved,Target achieved,None required,Target Achieved,Please provide validated actual output. ,None required ,Target Achieved,Target achieved.,,118
,Gauteng: E-Governance,Gauteng,Programme 2: Information Communication Technology Shared Services,Programme 2: Information Communication Technology Shared Services,Quarterly,Number of e-panic buttons deployed,Non-Standardized,Not  Applicable,Priority 6: Social Cohesion and Safer Communities,"Building a Capable, Ethical and Developmental State","Governance, State Capacity and Institutional Development cluster",40000,2000,0,Applicable in Q1,0,0,0,"Applicable for Q1
",40000,2000,,,,,The target was not achieved because of budget constraints,"The target will be delivered in quarter 3, when the budget has been allocated",Target not achieved.,None required,None required,,Applicable to Q1,Applicable to Q1,,"Applicable in Q1
","Applicable in Q1
",,,118
,Gauteng: E-Governance,Gauteng,Programme 2: Information Communication Technology Shared Services,Programme 2: Information Communication Technology Shared Services,Quarterly,Number of e-panic buttons downloaded,Non-Standardized,Not  Applicable,Priority 6: Social Cohesion and Safer Communities,"Building a Capable, Ethical and Developmental State","Justice, Crime Prevention and Security cluster",0,0,0,,7500,21203,7500,"23 460
",15000,44663,,,,,N/A,N/A,,,,,"The target was overachieved due to collaboration with ward Councilors in all five regions and an increase in community visits and participation, led to additional downloads.",Target Achieved,Revised target noted.,"The target was overachieved due to collaboration with ward councilors in all five regions and an increase in community visits and participation, led to additional downloads.",Target Achieved,,More e-Panic buttons deployed for improved sense of safety and security to citizens.,118
,Gauteng: E-Governance,Gauteng,Programme 2: Information Communication Technology Shared Services,Programme 2: Information Communication Technology Shared Services,Quarterly,Number of e-services developed and tested ,Non-Standardized,Not  Applicable,"Priority 1: A Capable, Ethical and Developmental State","Building a Capable, Ethical and Developmental State","Governance, State Capacity and Institutional Development cluster",2,8,5,18,5,n/a,3,n/a,15,26,,,,,The overachievement is due to the demand for the e- services ,Target Achieved,,The overachievement is due to the demand for the e- services. ,Target Achieved,"Dept. requested to remove corrective  Action comment, since target is exceeded.",n/a,n/a,,n/a,n/a,,,118
,Gauteng: E-Governance,Gauteng,Programme 2: Information Communication Technology Shared Services,Programme 2: Information Communication Technology Shared Services,Quarterly,Number of GPG staff trained on an online platform,Non-Standardized,Not  Applicable,Priority 2: Economic Transformation And Job Creation,"Education, Skills Revolution and Health ","The Economic Sectors, Employment and Infrastructure Development cluster",500,1654,2750,1433,2750,1033,1700,903,7700,5023,,,,,The over-achievement was due to interest shown to attend the training by GPG staff,Target Achieved,,"The target was not achieved because of low attendance by GPG staff.
",The department is looking at changing the Tech Friday’s training time slots to Tuesday or Wednesday to attract more employees.,Target not achieved.,"The target was not achieved because of the low attendance of GPG
employees.
",The department to request that Head of Department’s to assist in championing and integrating skills development initiatives into their departmental strategies.,Target not achieved. Please provide validated RoD  and Corrective Actions.,The target was not achieved because of low attendance by GPG staff.,The department to request that Head of Department’s to assist in championing and integrating skills development initiatives into their departmental strategies. ,Target not achieved.,,118
,Gauteng: E-Governance,Gauteng,Programme 2: Information Communication Technology Shared Services,Programme 2: Information Communication Technology Shared Services,Quarterly,Number of ICT Life Cycle roadmaps reviewed,Non-Standardized,Not  Applicable,Priority 2: Economic Transformation And Job Creation,"Building a Capable, Ethical and Developmental State","The Economic Sectors, Employment and Infrastructure Development cluster",0,0,1,1,1,1,0,Achieved in Q3,2,2,,,,,None required,Applicable to Q2&3,,None required,Target Achieved,Target achieved,None required,Target Achieved,Target achieved.,None required ,Target Achieved,,,118
,Gauteng: E-Governance,Gauteng,Programme 2: Information Communication Technology Shared Services,Programme 2: Information Communication Technology Shared Services,Quarterly,Number of ICT policies reviewed ,Non-Standardized,Not  Applicable,Priority 2: Economic Transformation And Job Creation,"Building a Capable, Ethical and Developmental State","The Economic Sectors, Employment and Infrastructure Development cluster",0,0,1,0,1,2,1,Achieved in Q3,3,2,,,,,None required,Applicable to Q2&3,,Two policies were delivered in Quarter 1 but were submitted late in Q2 the achievement will be reported in the Annual Report.,"The department complied with the National Treasury guidelines on the preparation of Quarterly Reports for public entities (e-QPR), which states that institutions must not amend reported information from a previous quarter’s performance.",Target not achieved. Dept. requested to correct Corrective Action.,The target was overachieved because of   the additional request from the province recommending that certain essential policies also be prioritized. ,Target Achieved,Target achieved.,"Although 1 target was planned, cumulatively 4 ICT policies were reviewed in the financial year. 
",Target Achieved,,,118
,Gauteng: E-Governance,Gauteng,Programme 2: Information Communication Technology Shared Services,Programme 2: Information Communication Technology Shared Services,Quarterly,Number of ICT standards reviewed ,Non-Standardized,Not  Applicable,Priority 2: Economic Transformation And Job Creation,"Building a Capable, Ethical and Developmental State","The Economic Sectors, Employment and Infrastructure Development cluster",0,0,1,1,1,1,1,1,3,1,,,,,None required,"Applicable to Q2,3&4",,None required,Target Achieved,Target achieved.,None required,Target Achieved,Target achieved.,None required,Target Achieved,Please provide actual output upon approval.,,118
,Gauteng: E-Governance,Gauteng,Programme 2: Information Communication Technology Shared Services,Programme 2: Information Communication Technology Shared Services,Quarterly,Number of Open Data Sets Published,Non-Standardized,Not  Applicable,"Priority 1: A Capable, Ethical and Developmental State","Building a Capable, Ethical and Developmental State","Governance, State Capacity and Institutional Development cluster",2,1,3,5,2,2,3,2,10,10,,,,,The target was not achieved because of the client dependency to approve the information to be published,The target will be achieved in Q2 through the identification of new Data Sets.,Target not achieved.,The target was overachieved as a catchup plan from quarter 1,Target Achieved.,Dept. requested to correct Corrective Action.,None required,Target Achieved,Target achieved.,Although the target for the quarter was not met cumulatively the Annual Target of 10 has been achieved.,Target Achieved,Target not achieved.,,118
,Gauteng: E-Governance,Gauteng,Programme 2: Information Communication Technology Shared Services,Programme 2: Information Communication Technology Shared Services,Quarterly,Number of people benefiting from ICT skills development programme (Action Lab Programme),Non-Standardized,Not  Applicable,Priority 2: Economic Transformation And Job Creation,"Education, Skills Revolution and Health ","The Economic Sectors, Employment and Infrastructure Development cluster",2000,4721,3500,3337,3500,4281,3000,97,12000,12436,,,,,"The target was overachieved because of partnership  build with implementing partners which assisted in meeting  the targets.  
",Target Achieved,,"The target was not achieved because of the limited availability of learners, due to exams and school closure.",The Department will conduct surveys to obtain feedback on how to improve the programme.,Target not achieved.,The target was overachieved because of partnerships built with implementing partners in ensuring that delivery of the target is done way in advance.,Target Achieved,,"Although the target was not achieved in quarter 4, The target was overachieved because of 12 434 people benefited from ICT skills development programme (Action Lab Programme)","Annual Target Achieved in Q3
",Target not achieved for Q4.,,118
,Gauteng: E-Governance,Gauteng,Programme 2: Information Communication Technology Shared Services,Programme 2: Information Communication Technology Shared Services,Quarterly,Number of previously disadvantaged ICT entrepreneurs supported,Non-Standardized,Not  Applicable,Priority 2: Economic Transformation And Job Creation,"Building a Capable, Ethical and Developmental State","The Economic Sectors, Employment and Infrastructure Development cluster",0,128,60,0,60,n/a,40,n/a,160,128,,,,,"•	The annual target was   increased from 160 to 200 because 80%(128/160) of the initial annual target of 160 increased  as to ensure that programmes within APPs is aligned to the budget process, which necessitated the revised target for 2024/25 Annual Performance Plans.",Target Achieved,"Progress is noted, however the target was not planned for Q1.","Although the target was planned for quarter 2, 128 previously disadvantaged ICT entrepreneurs was supported in quarter 1.",Target Achieved,Target achieved in Q1. Dept. requested to correct Corrective Action.,n/a,n/a,"According to the revised APP, this target is due in Q3. Please provide validated actual output.",n/a,n/a,,,118
,Gauteng: E-Governance,Gauteng,Programme 2: Information Communication Technology Shared Services,Programme 2: Information Communication Technology Shared Services,Quarterly,Number of previously disadvantaged ICT entrepreneurs supported,Non-Standardized,Not  Applicable,Priority 2: Economic Transformation And Job Creation,"Economy, Jobs and Infrastructure ","The Economic Sectors, Employment and Infrastructure Development cluster",0,0,60,,80,67,60,20,200,87,,,,,N/A,N/A,,,,,"Although the target was not achieved for   quarter 3, 197 previously disadvantaged ICT entrepreneurs was supported year to date against an annual target of 200.",Target Achieved,Target not achieved. Revised target noted.,Although the target for quarter 4 was not achieved cumulatively 217 previously disadvantaged ICT entrepreneurs were supported to date against an annual target of 200.,Target Achieved,Target not achieved in Q4.,To support previously disadvantaged ICT entrepreneurs.,118
,Gauteng: E-Governance,Gauteng,Programme 2: Information Communication Technology Shared Services,Programme 2: Information Communication Technology Shared Services,Quarterly,Number of primary research studies conducted,Non-Standardized,Not  Applicable,Priority 2: Economic Transformation And Job Creation,"Building a Capable, Ethical and Developmental State","The Economic Sectors, Employment and Infrastructure Development cluster",2,2,2,2,2,1,2,3,8,8,,,,,None required,Target Achieved,The Department did not provide actual output. The Department is requested to provide actual output.,None required,Target Achieved,Target achieved,The target was not achieved because the memo granting permission for the studies to be conducted was not signed timeously.,The study will be conducted in quarter 4,Please provide validated actual output. ,The target was overachieved to catchup on non-achievement in quarter 3 ,Target Achieved,,,118
,Gauteng: E-Governance,Gauteng,Programme 2: Information Communication Technology Shared Services,Programme 2: Information Communication Technology Shared Services,Quarterly,Number of sites provided with LAN,Non-Standardized,Not  Applicable,Priority 2: Economic Transformation And Job Creation,"Economy, Jobs and Infrastructure ","The Economic Sectors, Employment and Infrastructure Development cluster",60,13,60,,0,8,0,6,120,27,,,,,"The JV was striving for completing the number of sites for Quarter 1 however there are delays with the processes which needs to be shortened.
","The processes will be remapped in order to expedite the process. Sites identified by client departments will be prioritized for the remained er of the financial year.
",,,,,"Although the target was not planned for the quarter 8 LAN sites were delivered
Limited resource to quality assure the ATP, had a direct impact on approval of 17 sites.
There is also a dependency on the original contractor that did the site survey to also complete site build as this contributes to delays in the process.
","JV and SITA to expedite quality assurance in all completed sites by end of January 2025.
JV to increase capacity to increase the delivery turnaround times. Dedicated resources are to be provided from the GPG departments to endure that the site surveys and designs are accurate.
","Revised target noted. According to the revised APP, this target is not planned for Q3.",Although the target was not planned for the quarter 6 LAN sites were delivered. ,None required,"Performance noted; however, target was not due in Q4.",End to end connectivity of identified sites.,118
,Gauteng: E-Governance,Gauteng,Programme 2: Information Communication Technology Shared Services,Programme 2: Information Communication Technology Shared Services,Quarterly,Number of sites provided with LAN ,Non-Standardized,Not  Applicable,Priority 2: Economic Transformation And Job Creation,"Economy, Jobs and Infrastructure ","The Economic Sectors, Employment and Infrastructure Development cluster",60,13,60,14,40,n/a,40,n/a,200,27,,,,,"The JV is striving for completing the number of sites for Quarter 1 however there are delays with the processes which needs to be shortened.
",The processes will be remapped in order to expedite the process. Sites identified by client departments will be prioritized for the remainder of the financial year.,Target not achieved.,"The target was not achieved due to long equipment lead times, 1 site failed the ATP testing and there was limited access to site builds at schools and GDOH sites as the process of site build cannot be done during school hours or at hospitals while there’s patients in the wards or ICU e.g.(drilling)","The department is planning ahead to cut the lead times short, by ordering bulk equipment, the current order arrived in September 2024 which will enable site builds in quarter 3 and 4.The ATP testing on 1 site that failed will be re-done in October 2024.The department is working closely with schools’ management by arranging to do the work during weekends and also working with hospital management to allocate time slot at the hospital convenient for installation to take place as we acknowledge that both learners and patients takes priority in both environments.


",Target not achieved,n/a,n/a,,n/a,n/a,,,118
,Gauteng: E-Governance,Gauteng,Programme 2: Information Communication Technology Shared Services,Programme 2: Information Communication Technology Shared Services,Quarterly,Number of sites provided with voice over internet protocol (VOIP),Non-Standardized,Not  Applicable,Priority 2: Economic Transformation And Job Creation,"Economy, Jobs and Infrastructure ","The Economic Sectors, Employment and Infrastructure Development cluster",50,14,50,3,50,n/a,50,n/a,200,17,,,,,"The JV is striving for completing the number of sites for Quarter 1 however there are delays with the processes which needs to be shortened.
",The processes will be remapped in order to expedite the process. Sites identified by client departments will be prioritized for the remainder of the financial year.,Target not achieved.,The target was not achieved due to limited number of site request received from GPG client departments.,The Department has started and is still continuing with the campaigns drive to encourage departments to move their sites to GPN VoIP. Additional departments have also been identified in the campaign drive and negotiation is underway although it is still early stages,Target not achieved,n/a,n/a,,n/a,n/a,,,118
,Gauteng: E-Governance,Gauteng,Programme 2: Information Communication Technology Shared Services,Programme 2: Information Communication Technology Shared Services,Quarterly,Number of sites provided with VoIP,Non-Standardized,Not  Applicable,Priority 2: Economic Transformation And Job Creation,"Economy, Jobs and Infrastructure ","The Economic Sectors, Employment and Infrastructure Development cluster",50,14,50,,0,3,0,64,100,81,,,,,"The JV was striving for completing the number of sites for Quarter 1 however there are delays with the processes which needs to be shortened.
","The processes will be remapped in order to expedite the process. Sites identified by client departments will be prioritized for the remained er of the financial year.
",,,,,Although the target was not planned for the quarter 3 VOIP sites were delivered.117 notice to proceed (NTP) are pending from client departments,The Department will continue to engage with the health Department to release voice sites from health to implement voice over internet protocol connectivity for these sites.,"Revised target noted. According to the revised APP, this target is not planned for Q3.","Although the target was not planned for the quarter, 64 sites were delivered. The Department has been encouraging client departments to move their sites onto VOIP.","None required
","Performance noted; however, target was not due in Q4.",VoIP capability at Government-to-Government sites,118
,Gauteng: E-Governance,Gauteng,Programme 2: Information Communication Technology Shared Services,Programme 2: Information Communication Technology Shared Services,Quarterly,Number of sites provided with WAN,Non-Standardized,Not  Applicable,Priority 2: Economic Transformation And Job Creation,"Economy, Jobs and Infrastructure ","The Economic Sectors, Employment and Infrastructure Development cluster",80,12,80,20,100,n/a,93,n/a,353,32,,,,,"The JV is striving for completing the number of sites for Quarter 1 however there are delays with the processes which needs to be shortened.
 ",The processes will be remapped in order to expedite the process. Sites identified by client departments will be prioritized for the remainder of the financial year.,Target not achieved.,The target was not achieved due to long equipment lead times and 1 site failed the ATP testing. ,"The department is planning ahead to cut the lead time short by ordering bulk equipment, the current order arrived in September 2024 which will enable site builds in quarter 3 and 4.
The ATP testing on 1 site will be re-done in October 2024.
",Target not achieved,n/a,n/a,,n/a,n/a,,,118
,Gauteng: E-Governance,Gauteng,Programme 2: Information Communication Technology Shared Services,Programme 2: Information Communication Technology Shared Services,Quarterly,Number of sites provided with WAN,Non-Standardized,Not  Applicable,Priority 2: Economic Transformation And Job Creation,"Economy, Jobs and Infrastructure ","The Economic Sectors, Employment and Infrastructure Development cluster",80,12,80,,0,15,0,11,160,38,,,,,"The JV is striving for completing the number of sites for Quarter 1 however there are delays with the processes which needs to be shortened.
 ","The processes will be remapped in order to expedite the process. Sites identified by client departments will be prioritized for the remained er of the financial year.
 ",,,,,"Although the target was not planned for the quarter 15 WAN sites were delivered.
Limited access to school and health facilities remains a challenge. 
","The department will provide alternative planning for Education and Health sites because 
patients and learners are utilizing the facilities during normal hours.
","Revised target noted. According to the revised APP, this target is not planned for Q3.","Although the target was not planned for the quarter 11 WAN sites were delivered.

",None required,"Performance noted; however, target was not due in Q4.",End to end connectivity at Identified sites.,118
,Gauteng: E-Governance,Gauteng,Programme 2: Information Communication Technology Shared Services,Programme 2: Information Communication Technology Shared Services,Quarterly,Number of Wi-Fi hotspots provided,Non-Standardized,Not  Applicable,Priority 2: Economic Transformation And Job Creation,"Economy, Jobs and Infrastructure ","The Economic Sectors, Employment and Infrastructure Development cluster",0,12,84,7,83,n/a,83,n/a,250,19,,,,,"The target is applicable to Q2 however 12 Wi-Fi hotspots were delivered during quarter 1.
",Target Achieved,"Progress is noted, however the target was not planned for Q1.",The target was not achieved   due to long equipment lead times and also that 15 sites are still in the build process.,"The department is planning ahead to cut the lead time short, by ordering bulk equipment, the current order arrived in September 2024 which will enable site builds in quarter 3 and 4.
The 15 sites that is still in build process will be completed in quarter 3. 
",Target not achieved,n/a,n/a,,n/a,n/a,Revised ,,118
,Gauteng: E-Governance,Gauteng,Programme 2: Information Communication Technology Shared Services,Programme 2: Information Communication Technology Shared Services,Quarterly,Number of Wi-Fi hotspots provided,Non-Standardized,Not  Applicable,Priority 2: Economic Transformation And Job Creation,"Economy, Jobs and Infrastructure ","The Economic Sectors, Employment and Infrastructure Development cluster",0,12,50,,50,38,50,13,150,63,,,,,"The target is applicable to Q2 however 12 Wi-Fi hotspots were delivered during quarter 1.
",N/A,,,,,"The target was not achieved because of limited access to health facilities and school’s sites after hours and weekends. There were delays on signing of site design (SDD) documents. In addition, load reduction or no power in some areas at time affected the configuration and quality assurance processes. Community issues in Tshwane. ",The department will continuously monitor this process to ensure timeous approval of SDD’s by client timeously. The Tshwane community issues are to be resolved to enable sites to be completed.,Revised target noted. Please provide validated RoD and Corrective Actions upon approval. ,"The target was not achieved because of the following:
JV/SITA did not complete all sites that were in build progress. 
3  sites failed ATP testing  and 24 sites are still in build progress
",The sites in the build process will be completed in the next financial year.,Target not achieved.,Wi-Fi hotspots provided for free access to internet connectivity ,118
,Gauteng: E-Governance,Gauteng,Programme 3: Human Resource Services,Programme 3: Human Resource Services,Quarterly,Number of advocacy workshops conducted with GPG departments and entities on ESS module(s),Non-Standardized,Not  Applicable,Priority 2: Economic Transformation And Job Creation,"Building a Capable, Ethical and Developmental State","The Economic Sectors, Employment and Infrastructure Development cluster",6,0,6,2,4,n/a,4,n/a,20,2,,,,,The target was not achieved because the outstanding roll-out of e-PMDS that was targeted for the financial year for the Department of Health has been stopped due to the enhancement of e-PMDS in line with DPSA standards that is underway.,The planned advocacy workshop on ESS will be conducted in Q2 of the financial year 2024 subject to the system enhancement being complete.,Target not achieved.,The target was not achieved because the Enterprise Resource Planning developers are still working on the enhancement of the e-PMDS system to align with the DPSA policy standards and OOP Directive issued in 2019.,"The Business Requirement Specification has been finalized. Enhancement has commenced.
The progress on completion of this project will be provided in quarter 3.
",Target not achieved.,n/a,n/a,,n/a,n/a,,,118
,Gauteng: E-Governance,Gauteng,Programme 3: Human Resource Services,Programme 3: Human Resource Services,Quarterly,Number of advocacy workshops conducted with GPG departments and entities on ESS module(s),Non-Standardized,Not  Applicable,Priority 2: Economic Transformation And Job Creation,"Economy, Jobs and Infrastructure ","The Economic Sectors, Employment and Infrastructure Development cluster",6,0,6,,0,1,0,o,12,1,,,,,N/A,N/A,,,,,Although the Annual and Quarterly target was revised there were a few deliverables during the quarter. The Enterprise Resource Planning developers are still working on the enhancement of the e-PMDS system to align with the DPSA policy standards and OOP Directive issued in 2019,"The enhancement has commenced, and the implementation of the catch-up plan will be done in the next quarter.",Revised target noted.,"The target was not achieved because
The Enterprise Resource Planning developers are still working on the enhancement of the e-PMDS system to align with the DPSA policy standards and OOP Directive issued in 2019.
",Enhancement has commenced and is nearing completion. Once the enhancements are complete the roll out will continue in the next financial year.,,Awareness and utilisation of the ESS module(s) ,118
,Gauteng: E-Governance,Gauteng,Programme 3: Human Resource Services,Programme 3: Human Resource Services,Quarterly,Number of GPG departments and entities trained on online ESS module (s),Non-Standardized,Not  Applicable,Priority 2: Economic Transformation And Job Creation,"Building a Capable, Ethical and Developmental State","The Economic Sectors, Employment and Infrastructure Development cluster",5,3,5,0,4,n/a,4,n/a,18,3,,,,,The target was not achieved because the outstanding roll-out of e-PMDS that was targeted for the financial year for the Department of Health has been stopped due to the enhancement of e-PMDS in line with DPSA standards that is underway.,The target will be conducted in quarter 2 of the financial year 2024 subject to the system enhancement being complete,Target not achieved.,The target was not achieved because the Enterprise Resource Planning developers are still working on the enhancement of the e-PMDS system to align with the DPSA policy standards and OOP Directive issued in 2019.,"The Business Requirement Specification has been finalized. Enhancement has commenced.
The progress on completion of this project will be provided in quarter 3.",Target not achieved.,n/a,n/a,,n/a,n/a,,,118
,Gauteng: E-Governance,Gauteng,Programme 3: Human Resource Services,Programme 3: Human Resource Services,Quarterly,Number of GPG departments and entities trained on online ESS module(s),Non-Standardized,Not  Applicable,Priority 2: Economic Transformation And Job Creation,"Economy, Jobs and Infrastructure ","The Economic Sectors, Employment and Infrastructure Development cluster",5,3,5,,0,2,0,0,10,5,,,,,N/A,N/A,,,,,Although the Annual and Quarterly target was revised there were a few deliverables during the quarter. The Enterprise Resource Planning developers are still working on the enhancement of the e-PMDS system to align with the DPSA policy standards and OOP Directive issued in 2019,"The enhancement has commenced, and the implementation of the catch-up plan will be done in the next quarter.",Revised target noted.,"The target was not achieved because
The Enterprise Resource Planning developers are still working on the enhancement of the e-PMDS system to align with the DPSA policy standards and OOP Directive issued in 2019.",Enhancement has commenced and is nearing completion. Once the enhancements are complete the roll out will continue in the next financial year.,,Training provided on the ESS module(s),118
,Gauteng: E-Governance,Gauteng,Programme 3: Human Resource Services,Programme 3: Human Resource Services,Quarterly,Number of GPG departments and entities with   ESS module(s) roll out,Non-Standardized,Not  Applicable,Priority 2: Economic Transformation And Job Creation,"Economy, Jobs and Infrastructure ","The Economic Sectors, Employment and Infrastructure Development cluster",5,3,5,,0,2,0,0,10,5,,,,,N/A,N/A,,,,,Although the Annual and Quarterly target was revised there were a few deliverables during the quarter. The Enterprise Resource Planning developers are still working on the enhancement of the e-PMDS system to align with the DPSA policy standards and OOP Directive issued in 2019,"The enhancement has commenced, and the implementation of the catch-up plan will be done in the next quarter.",Revised target noted.,"The target was not achieved because
The Enterprise Resource Planning developers are still working on the enhancement of the e-PMDS system to align with the DPSA policy standards and OOP Directive issued in 2019.",Enhancement has commenced and is nearing completion. Once the enhancements are complete the roll out will continue in the next financial year.,,The roll out of ESS module(s) and utilisation,118
,Gauteng: E-Governance,Gauteng,Programme 3: Human Resource Services,Programme 3: Human Resource Services,Quarterly,Number of GPG departments and entities with ESS module(s) roll out,Non-Standardized,Not  Applicable,Priority 2: Economic Transformation And Job Creation,"Building a Capable, Ethical and Developmental State","The Economic Sectors, Employment and Infrastructure Development cluster",5,3,5,2,4,n/a,4,n/a,18,5,,,,,The target was not achieved because the outstanding roll-out of e-PMDS that was targeted for the financial year for the Department of Health has been stopped due to the enhancement of e-PMDS in line with DPSA standards that is underway.,The target will be conducted in quarter 2 of the financial year 2024 subject to the system enhancement being complete,Target not achieved.,The target was not achieved because the Enterprise Resource Planning developers are still working on the enhancement of the e-PMDS system to align with the DPSA policy standards and OOP Directive issued in 2019.,"The Business Requirement Specification has been finalized. Enhancement has commenced.
The progress on completion of this project will be provided in quarter 3.",Target not achieved.,n/a,n/a,,n/a,n/a,,,118
,Gauteng: E-Governance,Gauteng,Programme 3: Human Resource Services,Programme 3: Human Resource Services,Quarterly,Percentage of employee mandates received from GPG departments digitized within 5 days,Non-Standardized,Not  Applicable,"Priority 1: A Capable, Ethical and Developmental State","Building a Capable, Ethical and Developmental State","Governance, State Capacity and Institutional Development cluster",95 %,99 %,95 %,99 %,95 %,99 %,95 %,99 %,95 %,99 %,,,,,The target was overachieved because volume of manual submissions has decreased as Head Offices mandates are submitted electronically.,Target Achieved,,"The target was overachieved because the Department only process 60% of the mandates received, as 40% of the mandates are processed by Departments through Electronic Content Management System, resulting in 40% reduction on overall mandates being handled for processing",Target Achieved,Dept. requested to correct the Corrective Action.,"The target was overachieved because the Department only processed 60% of the mandates received, as 40% of the mandates are processed by Departments through ECM System, resulting in 40% reduction on overall mandates being handled for processing.",Target Achieved,,"The target was overachieved because ECM was fully implemented with Education being the last to be onboarded on 15 November 2024. This is a new system and there are many unknowns in terms of the system stability, processing times, baseline for deliverables and other associated challenges. It was therefore prudent to maintain the 95% service level agreement until such time the full impact of production is understood. This will allow for more informed decision making when reviewing future targets.",Target Achieved,,,118
,Gauteng: Office of the Premier,Gauteng,Programme 1: Administration,Sub-Programme 1.2. Executive Council Support ,Annually,Number of Council Schedule of Meetings submitted to the Executive Council for approval,Not Applicable,Not  Applicable,"Priority 1: A Capable, Ethical and Developmental State","Building a Capable, Ethical and Developmental State","Governance, State Capacity and Institutional Development cluster",,,,,,,1,1,1,1,,N/A,N/A,,,,,,,,,,,,,,,118
,Gauteng: Office of the Premier,Gauteng,Programme 1: Administration,Sub-Programme 1.2. Executive Council Support ,Quarterly,Number of reports on the implementation of Executive Council decisions,Not Applicable,Not  Applicable,"Priority 1: A Capable, Ethical and Developmental State","Building a Capable, Ethical and Developmental State","Governance, State Capacity and Institutional Development cluster",0,,1,1,0,,1,"

1",2,2,,,,,N/A,N/A,,Not applicable,Not applicable,,,,,N/A,N/A,Target achieved.,,118
,Gauteng: Office of the Premier,Gauteng,Programme 1: Administration,Sub-Programme 1.3. Director General Support ,Annually,Number of training and development interventions implemented in the Office of the Premier,Not Applicable,Not  Applicable,"Priority 1: A Capable, Ethical and Developmental State","Building a Capable, Ethical and Developmental State","Governance, State Capacity and Institutional Development cluster",,,,,,,60,33,60,33,,"A suitable service provider, who meets the specification requirements, could not be sourced at the time of going to the market.",Non-implemented training interventions will be carried over to the next financial year (2025/26).,,,,,,,,,,,,,,,118
,Gauteng: Office of the Premier,Gauteng,Programme 1: Administration,Sub-Programme 1.3. Director General Support ,Quarterly,Number of monitoring reports on vetting of officials in high-risk areas (SOPA),Not Applicable,Not  Applicable,"Priority 1: A Capable, Ethical and Developmental State","Building a Capable, Ethical and Developmental State","Governance, State Capacity and Institutional Development cluster",1,1,1,"

1",1,,1,,4,2,,,,,N/A,N/A,Target achieved. ,Not Applicable,Not Applicable,,,,,,,,,118
,Gauteng: Office of the Premier,Gauteng,Programme 1: Administration,Sub-Programme 1.3. Director General Support ,Quarterly,Percentage of recommendations implemented on the skills audit conducted for levels 1-12,Not Applicable,Not  Applicable,"Priority 1: A Capable, Ethical and Developmental State","Building a Capable, Ethical and Developmental State","Governance, State Capacity and Institutional Development cluster",0 %,0 %,57 %,0 %,0 %,,65 %,"

11 %",65 %,11 %,,,,,N/A,N/A,,"Before the completion of the skills audit, there was a need to complete job profiling, job descriptions and skills audit survey to compile recommendations for implementation.",The skills audit report has now been completed and relevant stakeholders will be consulted for approval. The implementation of the skills audit recommendations will commence once the skills audit report is approved.,,,,,"Prior to the completion of the skills audit, there was a need to complete job profiling, job descriptions and skills audit survey to compile recommendations for implementation. ",The skills audit report is completed and will be consulted with relevant stakeholders for approval. The implementation of the skills audit recommendations will commence once the skills audit report is approved.,Target not achieved.,,118
,Gauteng: Office of the Premier,Gauteng,Programme 1: Administration,Sub-Programme 1.4: Financial Management,Quarterly,Percentage of valid invoices paid within 15 days from date of receipt,Not Applicable,Not  Applicable,"Priority 1: A Capable, Ethical and Developmental State","Building a Capable, Ethical and Developmental State","The Economic Sectors, Employment and Infrastructure Development cluster",100 %,99.5 %,100 %,"
99.36
 %",100 %,95 %,100 %,"

99.23 %",100 %,0 %,,,,,The reason for the invoice paid outside of 15 days is because the supplier didn't finish all the steps on the webboard option ,The office will advise suppliers to register using the email option ,Target not achieved. ,An end user delayed in signing an invoice. There is also a period where Provincial Treasury withheld disbursements because of overspending in the 1st quarter of 2024/25,Follow up emails will be sent to end users to remind them to sign invoices. Invoices that remain unsigned after 2 days will be escalated to the responsible director,,"The Provincial Treasury sets a payment threshold for invoices. In November 2024, this threshold was surpassed, causing a delay in the payment of 13 invoices. As a result, these invoices were not settled within 15 days, as the department had to wait until the new allocation in December 2024 to clear the outstanding amounts.",All of the outstanding invoices were settled in full in December 2024.,Target not achieved.,"
End users are delaying returning the signed invoices for payment.","
End users will be reminded continuously should there be an outstanding invoice.",Target not achieved.,,118
,Gauteng: Office of the Premier,Gauteng,Programme 1: Administration,Sub-Programme 1.4: Financial Management,Quarterly,Percentage preferential procurement spend on enterprises that are: Black-owned,Not Applicable,Not  Applicable,"Priority 1: A Capable, Ethical and Developmental State","Building a Capable, Ethical and Developmental State","The Economic Sectors, Employment and Infrastructure Development cluster",80 %,98 %,80 %,"

94 %",80 %,92.16 %,80 %,"

90.80 %",80 %,0 %,,,,,More focus was put on procuring from Black owned enterprises.,N/A,,Procurement was focused on Black-owned enterprises as one of the targeted groups.,Not applicable,,"Certain goods and services have been targeted for procurement from black owned companies.

Branches within the program have developed Demand Management plans and have targeted procurement from designated groups.",N/A,Please provide actual output upon approval.,Certain goods and services have been targeted for procurement from black- owned companies. Branches within the program have developed Demand Management plans and have targeted procurement from designated groups.,N/A,,,118
,Gauteng: Office of the Premier,Gauteng,Programme 1: Administration,Sub-Programme 1.4: Financial Management,Quarterly,Percentage preferential procurement spend on enterprises that are: Persons with disabilities owned,Not Applicable,Not  Applicable,"Priority 1: A Capable, Ethical and Developmental State","Building a Capable, Ethical and Developmental State","The Economic Sectors, Employment and Infrastructure Development cluster",7 %,0.01 %,7 %,0.53 %,7 %,3.25 %,7 %,"

1.88 %",7 %,0 %,,,,,"There are limited number of companies owned by people with 
disabilities on CSD. These are mostly small and medium enterprises who provide lower value commodities. In certain instances, they lack access to capital to finance orders issued to them.",The following measures will be undertaken to improve areas of underperformance: Certain goods and services have been targeted for procurement from companies owned designated groups. Branches within the program have developed Demand Management plans and have targeted procurement from designated groups.,Target not achieved. ,"There are a limited number of companies owned by people with disabilities on CSD.

These are mostly small and medium enterprises that provide lower-value commodities.

In certain instances, they lack access to capital to finance orders issued to them.
","The Office of the Premier in Gauteng is launching several initiatives, including a dedicated War Room and SMME workshops, to boost procurement opportunities for businesses owned by persons with disabilities, while also implementing a B-BBEE Incubation Programme to support their growth and sustainability",,"There are a limited number of companies owned by people with disabilities on CSD.

These are mostly small and medium enterprises who provide lower value commodities.

In certain instances, they lack access to capital to finance orders issued to them.
","Certain goods and services have been targeted for procurement from companies owned designated groups.

Branches within the program have developed Demand Management plans and have targeted procurement from designated groups.",Please provide actual output upon approval.,There are a limited number of companies owned with people with disabilities on CSD which the services required in the fourth quarter could be sourced. These are mostly small and medium enterprises who lower value commodities.,"OoP in Partnership with the GPT vendor management unit will:

•	Coordinate a targeted campaign to assist People with Disabilities-owned enterprises with CSD registration, compliance documentation and system readiness to participate in the procurement of specialised services.
•	Implement capacity building programmes to support People with Disabilities-owned enterprises to enable them to compete in high-value, specialised commodities such as ICT procurement and professional services.
",Target not achieved.,,118
,Gauteng: Office of the Premier,Gauteng,Programme 1: Administration,Sub-Programme 1.4: Financial Management,Quarterly,Percentage preferential procurement spend on enterprises that are: Women-owned,Not Applicable,Not  Applicable,"Priority 1: A Capable, Ethical and Developmental State","Building a Capable, Ethical and Developmental State","The Economic Sectors, Employment and Infrastructure Development cluster",40 %,48 %,40 %,"
47 %",40 %,48.91 %,40 %,"

43.83

 %",40 %,0 %,,,,,More focus was placed on procuring from Women owned enterprises,N/A,,Procurement was focused on women-owned enterprises as a targeted group.,Not applicable,,"Certain goods and services have been targeted for procurement from black owned companies.

Branches within the program have developed Demand Management plans and have targeted procurement from designated groups.",N/A,Please provide actual output upon approval.,Certain goods and services have been targeted for procurement from women- owned companies. Branches within the program have developed Demand Management plans and have targeted procurement from designated groups.,N/A,,,118
,Gauteng: Office of the Premier,Gauteng,Programme 1: Administration,Sub-Programme 1.4: Financial Management,Quarterly,Percentage preferential procurement spend on enterprises that are: Youth-owned,Not Applicable,Not  Applicable,"Priority 1: A Capable, Ethical and Developmental State","Building a Capable, Ethical and Developmental State","The Economic Sectors, Employment and Infrastructure Development cluster",15 %,40 %,15 %,"
37 %",30 %,36.31 %,30 %,"

34.84 %",30 %,0 %,,,,,More focus was placed on procuring from Youth owned enterprises,N/A,,Procurement was focused on youth-owned enterprises as a targeted group.,Not applicable,,"Certain goods and services have been targeted for procurement from black owned companies.

Branches within the program have developed Demand Management plans and have targeted procurement from designated groups.",N/A,Please provide actual output upon approval.,Certain goods and services have been targeted for procurement from Youth- owned companies. Branches within the program have developed Demand Management plans and have targeted procurement from designated groups.,N/A,,,118
,Gauteng: Office of the Premier,Gauteng,Programme 1: Administration,Sub-Programme 1.4: Financial Management,Quarterly,Percentage preferential procurement spend on township-based enterprises,Not Applicable,Not  Applicable,"Priority 1: A Capable, Ethical and Developmental State","Building a Capable, Ethical and Developmental State","The Economic Sectors, Employment and Infrastructure Development cluster",40 %,43 %,40 %,"

43 %",40 %,41.43 %,40 %,"

39.52 %",40 %,0 %,,,,,More focus was placed on procuring from Township-based enterprises,N/A,,Procurement was focused on township-based enterprises.,Not applicable,,"Certain goods and services have been targeted for procurement from black owned companies.

Branches within the program have developed Demand Management plans and have targeted procurement from designated groups.",N/A,Please provide actual output upon approval.,"There are a limited number of township -based enterprises on CSD from which services required in the fourth quarter could be sourced. There are mostly small and medium enterprises who provide value commodities. In certain instances, they lack the expertise to offer specialized services that may be required by the department. In certain instances, they lack access to capital to finance purchase orders.","OoP in Partnership with the GPT vendor management unit will:

•	Coordinate a targeted campaign to assist township-based enterprises with CSD registration, compliance documentation and system readiness to participate in the procurement of specialised services.
•	Implement capacity building programmes to support township-based suppliers to enable them to compete in high-value, specialised commodities such as ICT procurement and professional services
",Target not achieved.,,118
,Gauteng: Office of the Premier,Gauteng,Programme 2: Institutional Development,Sub Programme 2.1. Strategic Human Resources,Quarterly,Number of assessments of the status of GPG departments staff establishment,Not Applicable,Not  Applicable,"Priority 1: A Capable, Ethical and Developmental State","Building a Capable, Ethical and Developmental State","Governance, State Capacity and Institutional Development cluster",1,1,1,"
 1",1,1,1,"

1",4,4,,,,,N/A,N/A,Target achieved. ,Not applicable,Not applicable,,N/A,N/A,Target achieved.,N/A,N/A,Target achieved.,,118
,Gauteng: Office of the Premier,Gauteng,Programme 2: Institutional Development,Sub Programme 2.1. Strategic Human Resources,Quarterly,Number of monitoring reports on implementation of the GPG SHERQ System,Not Applicable,Not  Applicable,"Priority 1: A Capable, Ethical and Developmental State","Building a Capable, Ethical and Developmental State","Governance, State Capacity and Institutional Development cluster",0,,1,"

1",0,,1,"

1",2,2,,,,,N/A,N/A,,Not applicable,Not applicable,,,,,N/A,N/A,Target achieved.,,118
,Gauteng: Office of the Premier,Gauteng,Programme 2: Institutional Development,Sub Programme 2.1. Strategic Human Resources,Quarterly,"Number of monitoring reports on the implementation of the PMDS Framework for levels 1-12, SMS and HODs",Not Applicable,Not  Applicable,"Priority 1: A Capable, Ethical and Developmental State","Building a Capable, Ethical and Developmental State","Governance, State Capacity and Institutional Development cluster",0,,1,"

1",0,,1,"

1",2,2,,,,,N/A,N/A,,Not applicable,Not applicable,,,,,N/A,N/A,Target achieved.,,118
,Gauteng: Office of the Premier,Gauteng,Programme 2: Institutional Development,Sub Programme 2.1. Strategic Human Resources,Quarterly,Number of reports on culture change interventions implemented in GPG departments,Not Applicable,Not  Applicable,"Priority 1: A Capable, Ethical and Developmental State","Building a Capable, Ethical and Developmental State","Governance, State Capacity and Institutional Development cluster",0,,1,"

1",0,,1,"

1",2,2,,,,,N/A,N/A,,Not applicable,Not applicable,,,,,N/A,N/A,Target achieved.,,118
,Gauteng: Office of the Premier,Gauteng,Programme 2: Institutional Development,Sub Programme 2.1. Strategic Human Resources,Quarterly,Percentage interventions in non-compliant GPG departments on hearings not held within 60 days from the date of precautionary suspension,Not Applicable,Not  Applicable,"Priority 1: A Capable, Ethical and Developmental State","Building a Capable, Ethical and Developmental State","Governance, State Capacity and Institutional Development cluster",0 %,,0 %,,0 %,,65 %,"


79 %",65 %,79 %,,,,,N/A,N/A,,,,,,,,"Escalation to policy and compliance institutions.

MPSA Directive on discipline management strengthened monitoring and oversight of compliance in collaboration with DPSA and PSC.",N/A,,,118
,Gauteng: Office of the Premier,Gauteng,Programme 2: Institutional Development,Sub-Programme 2.3. Legal Services,Quarterly,Default,Standardized,Not  Applicable,"An efficient, effective and development-oriented public service",-,Governance and Administration cluster,,,,,,,,,,,,,,,,,,,,,,,,,,,,118
,Gauteng: Office of the Premier,Gauteng,Programme 2: Institutional Development,Sub-Programme 2.4. Communication Services ,Quarterly,Number of Cabinet community engagements held,Not Applicable,Not  Applicable,"Priority 1: A Capable, Ethical and Developmental State","Safety, Social Cohesion and Food Security","Governance, State Capacity and Institutional Development cluster",3,14,3,3,3,4,3,"
3",12,24,,,,,Community engagements that were held exceeded the target due to the Premier responding to the energy crisis and unemployment issues.,NA,,Not applicable,Not applicable,,"Community engagements that were held exceeded the target due to the Executive Council responding to the outbreak of food borne illnesses that led to the tragic deaths of children and numerous hospitalizations across the province of Gauteng. This necessitated government to intervene by holding public meetings and educating the people about food safety measures and encouraging behavioral change.

",N/A,,N/A,N/A,Target achieved.,,118
,Gauteng: Office of the Premier,Gauteng,Programme 2: Institutional Development,Sub-Programme 2.4. Communication Services ,Quarterly,Number of programmes to market the Gauteng City Region implemented,Not Applicable,Not  Applicable,Priority 6: Social Cohesion and Safer Communities,A Better Africa and the Better World,"The Social Protection, Community and Human Development cluster",0,0,1,"

3",2,2,1,"

2",4,7,,,,,N/A,N/A,,"As per the SOPA 2024 address, Premier committed to strengthen market efforts for the Gauteng City Region as the preferred destination for events, sporting events and investment.",Not applicable,,N/A,N/A,,The programmes to market the Gauteng city regions are a key priority for the Gauteng Province. The programmes work to position Gauteng as the preferred destination for investment and major sporting events.,N/A,,,118
,Gauteng: Office of the Premier,Gauteng,Programme 2: Institutional Development,Sub-Programme 2.4. Communication Services ,Quarterly,Number of research studies commissioned,Not Applicable,Not  Applicable,Priority 6: Social Cohesion and Safer Communities,"Building a Capable, Ethical and Developmental State","The Social Protection, Community and Human Development cluster",0,0,0,,0,,1,"
1",1,1,,,,,N/A,N/A,,,,,,,,N/A,N/A,Target achieved.,,118
,Gauteng: Office of the Premier,Gauteng,Programme 2: Institutional Development,Subprogramme 2.6: Service Delivery Interventions,Quarterly,Number of dashboards tracking responses for cases that are lodged on the CRM System,Not Applicable,Not  Applicable,Priority 6: Social Cohesion and Safer Communities,"Safety, Social Cohesion and Food Security","The Social Protection, Community and Human Development cluster",1,1,1,"

1",1,1,1,"

1",4,4,,,,,NA,NA,,Not applicable,Not applicable,,N/A,N/A,Target achieved.,N/A,N/A,Target achieved.,,118
,Gauteng: Office of the Premier,Gauteng,Programme 2: Institutional Development,Subprogramme 2.6: Service Delivery Interventions,Quarterly,"Number of reports on household, community and ward profiles conducted in the priority wards",Not Applicable,Not  Applicable,Priority 6: Social Cohesion and Safer Communities,"Safety, Social Cohesion and Food Security","Governance, State Capacity and Institutional Development cluster",1,1,1,"

1",1,1,1,"

1",4,4,,,,,NA,NA,Target achieved. ,Not applicable,Not applicable,,N/A,N/A,Target achieved.,N/A,N/A,Target achieved.,,118
,Gauteng: Office of the Premier,Gauteng,Programme 2: Institutional Development,Subprogramme 2.6: Service Delivery Interventions,Quarterly,Number of reports on interventions implemented on rapid response cases received,Not Applicable,Not  Applicable,Priority 6: Social Cohesion and Safer Communities,"Safety, Social Cohesion and Food Security","Governance, State Capacity and Institutional Development cluster",1,1,1,"

1",1,1,1,"

1",4,4,,,,,NA,NA,Target achieved. ,Not applicable,Not applicable,,N/A,N/A,Target achieved.,N/A,N/A,Target achieved.,,118
,Gauteng: Office of the Premier,Gauteng,Programme 2: Institutional Development,Subprogramme 2.6: Service Delivery Interventions,Quarterly,Number of reports on interventions implemented to prevent potential protests directed to the Office of the Premier,Not Applicable,Not  Applicable,Priority 6: Social Cohesion and Safer Communities,"Safety, Social Cohesion and Food Security","Governance, State Capacity and Institutional Development cluster",1,1,1,"


1",1,1,1,"


1",4,4,,,,,NA,NA,Target achieved. ,Not applicable,Not applicable,,N/A,N/A,Target achieved.,N/A,N/A,Target achieved.,,118
,Gauteng: Office of the Premier,Gauteng,Programme 2: Institutional Development,Subprogramme 2.6: Service Delivery Interventions,Quarterly,Percentage of registered CoGTA CDWs using the CRM System,Not Applicable,Not  Applicable,Priority 6: Social Cohesion and Safer Communities,"Safety, Social Cohesion and Food Security","Governance, State Capacity and Institutional Development cluster",90 %,99.6 %,90 %,"
99.6 %",90 %,99.6 %,90 %,"
99.6 %",90 %,0 %,,,,,Effective tracking of none-usage through SMS reminders on none usage and one-on-one engagements with CDWs to address any USSD technical issues where there is low usage. ,NA,,"For Quarter 2, the period 1 July 2024 to 30 September 2024, the CDWs registered a total of 5200 service delivery cases with a usage rate of 99.60% (253 of 254 registered CDWs used the system), exceeding the set target of 90% by 9.6%.",,,The overachievement is accounted to effective tracking of non-usage through SMS reminders on no usage and one on one engagements with CDWs to address any USSD technical issues where there is low usage.,N/A,,The overachievement is accounted to effective tracking of non-usage and on one engagement with CDWs to address any USSD technical issues where there is low usage.,N/A,,,118
,Gauteng: Office of the Premier,Gauteng,Programme 3: Policy and Governance, Sub-programme 3.12: Delivery Support Unit,Quarterly,Number of end of term reviews on delivery agreements between Premier and each MEC in the Economic Cluster,Not Applicable,Not  Applicable,Priority 2: Economic Transformation And Job Creation,"Economy, Jobs and Infrastructure ","The Economic Sectors, Employment and Infrastructure Development cluster",1,1,0,,0,,0,,1,0,,,,,NA,NA,Target achieved ,,,,,,,,,,,118
,Gauteng: Office of the Premier,Gauteng,Programme 3: Policy and Governance, Sub-programme 3.12: Delivery Support Unit,Quarterly,Number of End of term reviews on delivery agreements between Premier and each MEC in the Governance and Planning Cluster,Not Applicable,Not  Applicable,"Priority 1: A Capable, Ethical and Developmental State","Building a Capable, Ethical and Developmental State","Governance, State Capacity and Institutional Development cluster",1,1,0,,0,,0,,1,0,,,,,NA,NA,Target achieved ,,,,,,,,,,,118
,Gauteng: Office of the Premier,Gauteng,Programme 3: Policy and Governance, Sub-programme 3.12: Delivery Support Unit,Quarterly,Number of end of term reviews on delivery agreements between Premier and each MEC in the Social Cluster,Not Applicable,Not  Applicable,"Priority 3: Education, Skills And Health","Education, Skills Revolution and Health ","The Economic Sectors, Employment and Infrastructure Development cluster",1,1,0,,0,,0,,1,0,,,,,NA,NA,,,,,,,,,,,,118
,Gauteng: Office of the Premier,Gauteng,Programme 3: Policy and Governance, Sub-programme 3.12: Delivery Support Unit,Quarterly,Number of interventions to address identified areas of underperformance (New Indicator),Not Applicable,Not  Applicable,"Priority 1: A Capable, Ethical and Developmental State","Building a Capable, Ethical and Developmental State","Governance, State Capacity and Institutional Development cluster",0,,0,,1,2,1,"

1",2,3,,,,,,,,,,,Continued efforts and support of the DSU leads and the commitment of key departments and role players.,N/A,,N/A,N/A,Target achieved.,Two (2) interventions to address identified areas of underperformance,118
,Gauteng: Office of the Premier,Gauteng,Programme 3: Policy and Governance, Sub-programme 3.12: Delivery Support Unit,Quarterly,Percentage of quarterly elevated priorities achieved in the Economic Cluster,Not Applicable,Not  Applicable,Priority 2: Economic Transformation And Job Creation,"Economy, Jobs and Infrastructure ","The Economic Sectors, Employment and Infrastructure Development cluster",60 %,68 %,60 %,0 %,60 %,,60 %,,60 %,0 %,,,,,"Most targets were achieved or on track to be achieved, because of interventions by the Premier, relevant MECs and HODs to address blockages ",NA,Target achieved. ,"Previous Delivery Agreements concluded at the end of 2023/24 (March 2024), in which Quater1 reports were submitted.",The OoP is currently collaborating with departments to develop a new set of Delivery Agreements that are informed by the MTDP and SOPA. ,,,,,,,Target not due in Q4.,,118
,Gauteng: Office of the Premier,Gauteng,Programme 3: Policy and Governance, Sub-programme 3.12: Delivery Support Unit,Quarterly,Percentage of quarterly elevated priorities achieved in the Governance and Planning Cluster,Not Applicable,Not  Applicable,"Priority 1: A Capable, Ethical and Developmental State","Building a Capable, Ethical and Developmental State","Governance, State Capacity and Institutional Development cluster",60 %,70 %,60 %,0 %,60 %,,60 %,,60 %,0 %,,,,,"Most targets were achieved or on track to be achieved, because of interventions by the Premier, relevant MECs and HODs to address blockages ",NA,Target achieved. ,"Previous Delivery Agreements concluded at the end of 2023/24 (March 2024), in which Quater1 reports were submitted.",The OoP is currently collaborating with departments to develop a new set of Delivery Agreements that are informed by the MTDP and SOPA. ,,,,,,,Target not due in Q4.,,118
,Gauteng: Office of the Premier,Gauteng,Programme 3: Policy and Governance, Sub-programme 3.12: Delivery Support Unit,Quarterly,Percentage of quarterly elevated priorities achieved in the Social Cluster,Not Applicable,Not  Applicable,"Priority 3: Education, Skills And Health","Education, Skills Revolution and Health ","The Social Protection, Community and Human Development cluster",60 %,71 %,60 %,0 %,60 %,,60 %,,60 %,0 %,,,,,"Most targets were achieved or on track to be achieved, because of interventions by the Premier, relevant MECs and HODs to address blockages",NA,,"Previous Delivery Agreements concluded at the end of 2023/24 (March 2024), in which Quater1 reports were submitted.",The OoP is currently collaborating with departments to develop a new set of Delivery Agreements that are informed by the MTDP and SOPA. ,,,,,,,,,118
,Gauteng: Office of the Premier,Gauteng,Programme 3: Policy and Governance,Subprogramme 3.10: GEYODI and MVO (Youth Development),Quarterly,Number of reports on the implementation of the Gauteng Integrated Youth Development Strategy,Not Applicable,Not  Applicable,Priority 2: Economic Transformation And Job Creation,"Economy, Jobs and Infrastructure ","The Economic Sectors, Employment and Infrastructure Development cluster",0,,1,"

1",0,,1,"

1",2,2,,,,,N/A,N/A,,Not applicable,Not applicable,,,,,N/A,N/A,Target achieved.,,118
,Gauteng: Office of the Premier,Gauteng,Programme 3: Policy and Governance,Sub-programme 3.11: Service Delivery and Integrity Management,Annually,Number of assessments of compliance to ethics and anti-corruption legislation and policy prescripts in GPG,Not Applicable,Not  Applicable,"Priority 1: A Capable, Ethical and Developmental State","Building a Capable, Ethical and Developmental State","Governance, State Capacity and Institutional Development cluster",,,,,,,1,1,1,1,,N/A,N/A,,,,,,,,,,,,,,,118
,Gauteng: Office of the Premier,Gauteng,Programme 3: Policy and Governance,Sub-programme 3.11: Service Delivery and Integrity Management,Quarterly,Number of monitoring reports on vetting of officials in high-risk areas (SOPA) (Moved from Programme 1 to Programme 3),Not Applicable,Not  Applicable,"Priority 1: A Capable, Ethical and Developmental State","Building a Capable, Ethical and Developmental State","Justice, Crime Prevention and Security cluster",1,1,1,,1,1,1,1,4,3,,,,,N/A,N/A,,,,,N/A,N/A,Target achieved.,N/A,N/A,Target achieved.,Four (4) monitoring reports on vetting of officials in high-risk areas,118
,Gauteng: Office of the Premier,Gauteng,Programme 3: Policy and Governance,Sub-programme 3.11: Service Delivery and Integrity Management,Quarterly,Percentage of fraud and corruption cases reported to the law enforcement agencies for criminal investigation,Not Applicable,Not  Applicable,"Priority 1: A Capable, Ethical and Developmental State","Building a Capable, Ethical and Developmental State","Governance, State Capacity and Institutional Development cluster",90 %,50 %,90 %,100 %,90 %,100 %,90 %,"

100 %",90 %,100 %,,,,,"The total number of recommendations is two (2). Both the matters have been referred to the Law Enforcement Agencies, however, a case number has not yet been created on one matter as it was referred on 25 June 2024. Only one case number has been created for one matter.",Encourage the relevant department to follow up with the relevant Law Enforcement Agency to ensure the case number is created.,Target not achieved. ,The Office of the Premier is continuously working with GPG departments to ensure that all recommendations of the final forensic investigating reports are implemented.,Not applicable,,Departments are continuously supported to ensure that they implement the recommendations of the forensic investigation reports. The Chief Directorate: Integrity Management continuously reminds departments to implement recommendations that should be referred to LEAs.,N/A,,The Chief Directorate: Integrity Management is continuously reminding departments to implement recommendations of the final forensic investigating reports. ,N/A,,,118
,Gauteng: Office of the Premier,Gauteng,Programme 3: Policy and Governance,Sub-programme 3.11: Service Delivery and Integrity Management,Quarterly,Percentage of reported fraud and corruption cases finalised,Not Applicable,Not  Applicable,"Priority 1: A Capable, Ethical and Developmental State","Building a Capable, Ethical and Developmental State","Governance, State Capacity and Institutional Development cluster",85 %,93 %,85 %,99 %,80 %,85 %,80 %,87 %,80 %,87 %,,,,,"The reason for
over-achievement
is because of
prioritization of NACH cases that have been
allocated to departments and Provincial Forensic Audits unit
",N/A,,"The Provincial Forensic Audits (PFA) received a total of seven (7) new National Anti-Corruption Hotline (NACH) cases from the Office of Public Service Commission (PSC) from 01 July to 30 September 2024 for Quarter 2.
Zero (0) cases were received in July 2024, four (4) new cases were received in August 2024 and three (3) new cases were received in September 2024, resulting in a total of 576 (99%) cases being closed on the database and 5 (1%) cases that are still outstanding (as of 30 September 2024)  ",Not applicable,,"The Provincial Forensic Audits (PFA) received a total of 477 cases from the National Anti-Corruption Hotline (NACH), Ethics Hotline and from the Gauteng Provincial Departments for the period 01 April 2017 to 31 December 2024. Of 477 cases, 408 (85%) cases have been finalized and closed on PFA's database, and 69 (15%) cases are still pending finalization (as of 31 December 2024). ",N/A,,"The Provincial Forensic Audits (PFA) received a total of ten (10) new cases between 01 January - 31 March 2025. Of the ten (10) cases six (6) cases have been referred to Gauteng Provincial Departments for investigation and four (4) are pending finalization by PFA. Furthermore, PFA finalized nine (9) cases in Quarter 4.",N/A,,,118
,Gauteng: Office of the Premier,Gauteng,Programme 3: Policy and Governance,Sub-programme 3.11: Service Delivery and Integrity Management,Quarterly,Percentage value of assets lost through financial misconduct recovered,Not Applicable,Not  Applicable,"Priority 1: A Capable, Ethical and Developmental State","Building a Capable, Ethical and Developmental State","Governance, State Capacity and Institutional Development cluster",0 %,,0 %,,0 %,,17 %,"

59 %",17 %,59 %,,,,,N/A,N/A,,,,,,,,The Office of the Premier is working with the Asset Forfeiture Unit to facilitate the recovery through the Special Tribunal at the Special Investigating Unit.,N/A,,,118
,Gauteng: Office of the Premier,Gauteng,Programme 3: Policy and Governance,Sub-programme 3.12: Delivery Support Unit,Annually,Default ,Not Applicable,Not  Applicable,Not Applicable,"Safety, Social Cohesion and Food Security",Not Applicable,,,,,0,,,,0,,,,,,,,,,,,,,,,,,,118
,Gauteng: Office of the Premier,Gauteng,Programme 3: Policy and Governance,Sub-programme 3.12: Delivery Support Unit,Annually,Number of Delivery Agreements between Premier and each MEC (New indicator),Not Applicable,Not  Applicable,"Priority 1: A Capable, Ethical and Developmental State","Building a Capable, Ethical and Developmental State","Governance, State Capacity and Institutional Development cluster",,,,,10,0,,,10,0,,The process of developing and approving the MTDP (2024/2029)  has resulted in delays of finalising the Delivery Agreements for sign-off,"The signing of the Delivery Agreements is anticipated to be finalised by April 2025, as announced by the Premier",,,,,,,,,,,,,,10 Delivery Agreements between Premier and MEC signed,118
,Gauteng: Office of the Premier,Gauteng,Programme 3: Policy and Governance,Sub-programme 3.12: Delivery Support Unit,Annually,Number of progress reports on Delivery Agreements (New Indicator),Not Applicable,Not  Applicable,"Priority 1: A Capable, Ethical and Developmental State","Building a Capable, Ethical and Developmental State","Governance, State Capacity and Institutional Development cluster",,,,,,,1,0,1,0,,The finalization of MECs Delivery Agreements in October 2024 was impacted by the postponement of the adoption of the national MTDP by the Cabinet to February 2025 and the review of the provincial MTDP priority interventions and targets to align to the MTEF. This has led to delays in the adoption of the provincial MTDP and finalization of MECs Delivery Agreements to the new financial year and invariable impacting on the developing of progress reports on Delivery Agreements for the financial year that ended 31 March 2025.,The adoption of the provincial MTDP and finalization of MECs Delivery Agreements entered into the EXCO system for conclusion by end of this cycle with the 2025/26 first quarter report on MECs Delivery Agreements planned for end of June 2025,,,,,,,,,,,,,,One (1) report on progress against delivery agreement targets,118
,Gauteng: Office of the Premier,Gauteng,Programme 3: Policy and Governance,"Sub-programme 3.13: Strategic Planning, Performance Monitoring and Evaluation",Annually,"Number of assessments of the alignment of GPG departments plans to the national, provincial priorities and to the Revised Framework for Strategic Plans and Annual Performance Plans",Not Applicable,Not  Applicable,"Priority 1: A Capable, Ethical and Developmental State","Building a Capable, Ethical and Developmental State","Governance, State Capacity and Institutional Development cluster",,,,,,,2,2,2,2,,N/A,N/A,,,,,,,,,,,,,,,118
,Gauteng: Office of the Premier,Gauteng,Programme 3: Policy and Governance,"Sub-programme 3.13: Strategic Planning, Performance Monitoring and Evaluation",Annually,Number of end of term reports produced,Not Applicable,Not  Applicable,"Priority 1: A Capable, Ethical and Developmental State","Building a Capable, Ethical and Developmental State","Governance, State Capacity and Institutional Development cluster",,,,,,,1,1,1,1,,N/A,N/A,,,,,,,,,,,,,,,118
,Gauteng: Office of the Premier,Gauteng,Programme 3: Policy and Governance,"Sub-programme 3.13:Strategic Planning, Performance Monitoring and Evaluation",Quarterly,Number of evaluation studies undertaken,Not Applicable,Not  Applicable,"Priority 1: A Capable, Ethical and Developmental State","Building a Capable, Ethical and Developmental State","Governance, State Capacity and Institutional Development cluster",0,,1,0,0,,1,2,2,2,,,,,,,,"Procurement documents for the appointment of service provider were completed and handed over to the RFQ team for request for quotations. 
Request for quotations issued and only one potential service provider responded as of 20 August.  ",RFQs were re-advertised for the second time with the closing date 18th September 2024 and we were able to receive 6 bids from potential service providers which will be evaluated in the 3rd quarter.,,,,,The evaluation planned for Q2 was subsequently achieved in Q4.,N/A,,,118
,Gauteng: Office of the Premier,Gauteng,Programme 3: Policy and Governance,"Sub-programme 3.13:Strategic Planning, Performance Monitoring and Evaluation",Quarterly,Number of GPG departments with no material findings on audit of predetermined objectives,Not Applicable,Not  Applicable,"Priority 1: A Capable, Ethical and Developmental State","Building a Capable, Ethical and Developmental State","Governance, State Capacity and Institutional Development cluster",0,,13,"

11",0,,0,,13,0,,,,,,,,The underachievement of the target is as a result of material findings in relation to reliability of performance information. Improving audit outcomes as it relates to reliability of performance information is a function of GAS.,"In the next financial year, the indicator will be revised to reflect the contribution of the Office of the Premier in improving audit outcomes about the usefulness of reported information only. The target will also be revised to include the work that is being done about public entities.",,,,,,,,,118
,Gauteng: Office of the Premier,Gauteng,Programme 3: Policy and Governance,"Sub-programme 3.13:Strategic Planning, Performance Monitoring and Evaluation",Quarterly,Number of improvement plans facilitated in areas of underperformance,Not Applicable,Not  Applicable,Priority 6: Social Cohesion and Safer Communities,"Safety, Social Cohesion and Food Security","The Social Protection, Community and Human Development cluster",25,26,50,"

53",75,78,100,"

102",100,259,,,,,Support in the capacity provided by DPME led to the undertaking of additional site visits.,N/A,,Partnership with DPME assisted in increasing reach.,Not applicable,,Over achievement was reported in the previous quarter as this is a cumulative target. ,N/A,,Collaboration with DPME helped to increase the reach,N/A,,,118
,Gauteng: Office of the Premier,Gauteng,Programme 3: Policy and Governance,"Sub-programme 3.13:Strategic Planning, Performance Monitoring and Evaluation",Quarterly,Number of the GPG-wide assessment reviews on the implementation progress of the departmental Annual Performance Plan programmes towards the medium-long term priorities (Revised),Not Applicable,Not  Applicable,"Priority 1: A Capable, Ethical and Developmental State","Building a Capable, Ethical and Developmental State","Governance, State Capacity and Institutional Development cluster",0,,0,,1,1,1,"



1",2,2,,,,,,,,,,,N/A,N/A,Target achieved.,N/A,N/A,Target achieved,Two (2) GPG-wide APP quarterly performance reviews produced,118
,Gauteng: Office of the Premier,Gauteng,Programme 3: Policy and Governance,"Sub-programme 3.13:Strategic Planning, Performance Monitoring and Evaluation",Quarterly,Percentage of GGT2030 targets achieved,Not Applicable,Not  Applicable,"Priority 1: A Capable, Ethical and Developmental State","Building a Capable, Ethical and Developmental State","Governance, State Capacity and Institutional Development cluster",65 %,77 %,65 %,"
62 %",65 %,,65 %,,65 %,0 %,,,,,"The overachievement is due to the interventions by the Premier, relevant MECs and HODs to address blockages",NA,,"The reported rate of performance is a representation of all GPG departments.  Despite the tracking of performance on a monthly basis, the OOP PME officials do not have direct control over implementation of the departmental APP programmes.",The PME unit needs to be capacitated by filling the critical funded and vacant posts to enable effective engagement of the GPG departments in the context of putting in place the interventions to improve performance,,,,,,,,,118
,Gauteng: Office of the Premier,Gauteng,Programme 3: Policy and Governance,"Sub-programme 3.13:Strategic Planning, Performance Monitoring and Evaluation",Quarterly,Percentage of key community-wide service delivery commitments tracked for progress,Not Applicable,Not  Applicable,Priority 6: Social Cohesion and Safer Communities,"Safety, Social Cohesion and Food Security","The Social Protection, Community and Human Development cluster",0 %,,100 %,100 %,0 %,,100 %,"

100 %",100 %,100 %,,,,,,,,Not applicable,Not applicable,,,,,N/A,N/A,Target achieved,,118
,Gauteng: Office of the Premier,Gauteng,Programme 3: Policy and Governance,Sub-Programme 3.2. Intergovernmental Relations,Quarterly,Number of analysis reports on intergovernmental relations,Not Applicable,Not  Applicable,Priority 6: Social Cohesion and Safer Communities,"Safety, Social Cohesion and Food Security","Governance, State Capacity and Institutional Development cluster",0,,1,"
1",0,,1,"
1",2,2,,,,,,,,Not applicable,Not applicable,,,,,N/A,N/A,Target achieved,,118
,Gauteng: Office of the Premier,Gauteng,Programme 3: Policy and Governance,Sub-Programme 3.2. Intergovernmental Relations,Quarterly,Number of engagement sessions with stakeholders,Not Applicable,Not  Applicable,Priority 6: Social Cohesion and Safer Communities,"Safety, Social Cohesion and Food Security","Governance, State Capacity and Institutional Development cluster",1,1,0,,1,0,0,,2,1,,,,,NA,NA,Target achieved.,,,,There were no engagements recommended through the Executive authority in the quarter under review ,The engagement sessions with stakeholders have been identified to take place in the fourth quarter.,Target achieved.,,,,,118
,Gauteng: Office of the Premier,Gauteng,Programme 3: Policy and Governance,Sub-Programme 3.2. Intergovernmental Relations,Quarterly,Number of reports on the collaboration with Africa and the world,Not Applicable,Not  Applicable,Priority 6: Social Cohesion and Safer Communities,"Safety, Social Cohesion and Food Security","Governance, State Capacity and Institutional Development cluster",0,,1,"

1",0,,1,"

1",2,2,,,,,,,,Not applicable,Not applicable,,,,,N/A,N/A,Target achieved,,118
,Gauteng: Office of the Premier,Gauteng,Programme 3: Policy and Governance,Sub-Programme 3.2. Intergovernmental Relations,Quarterly,Number of strategic regional level structured engagements,Not Applicable,Not  Applicable,"Priority 5: Spatial Integration, Human Settlements and Local Government",Sustainable Development for future generation,"Governance, State Capacity and Institutional Development cluster",1,1,1,"
1",1,1,1,"
1",4,4,,,,,NA,NA,Target achieved.,Not applicable,Not applicable,,N/A,N/A,Target achieved.,N/A,N/A,Target achieved,,118
,Gauteng: Office of the Premier,Gauteng,Programme 3: Policy and Governance,Subprogramme 3.7: GEYODI and MVO,Quarterly,Number of analysis of the GPG-wide procurement spend on enterprises owned by targeted groups conducted,Not Applicable,Not  Applicable,"Priority 1: A Capable, Ethical and Developmental State","Economy, Jobs and Infrastructure ","Governance, State Capacity and Institutional Development cluster",1,1,1,"

1",1,1,1,"

1",4,4,,,,,NA,NA,Target achieved.,Not applicable,Not applicable,,N/A,N/A,Target achieved.,N/A,N/A,Target achieved.,,118
,Gauteng: Office of the Premier,Gauteng,Programme 3: Policy and Governance,Subprogramme 3.7: GEYODI and MVO,Quarterly,Number of assessments of the implementation of the Gender-based Violence Provincial Action Plan,Not Applicable,Not  Applicable,Priority 6: Social Cohesion and Safer Communities,"Safety, Social Cohesion and Food Security","The Social Protection, Community and Human Development cluster",0,,1,1,0,,1,"

1",2,2,,,,,,,,Not applicable,Not applicable,,,,,N/A,N/A,Target achieved.,,118
,Gauteng: Office of the Premier,Gauteng,Programme 3: Policy and Governance,Subprogramme 3.7: GEYODI and MVO,Quarterly,Number of assessments on the compliance of GPG departments to the Military Veteran Action Plan,Not Applicable,Not  Applicable,Priority 6: Social Cohesion and Safer Communities,"Safety, Social Cohesion and Food Security","The Social Protection, Community and Human Development cluster",1,1,1,"

1",1,1,1,"

1",4,4,,,,,NA,NA,Target achieved.,Not applicable,Not applicable,,N/A,N/A,Target achieved.,N/A,N/A,Target achieved.,,118
,Gauteng: Office of the Premier,Gauteng,Programme 3: Policy and Governance,Subprogramme 3.7: GEYODI and MVO,Quarterly,"Number of reviews of the alignment of departmental sector policies, programmes and budget to provincial transformation policies to advance the rights of targeted groups",Not Applicable,Not  Applicable,Priority 6: Social Cohesion and Safer Communities,"Safety, Social Cohesion and Food Security","The Social Protection, Community and Human Development cluster",0,,1,1,0,,1,"


1",2,2,,,,,,,,Not applicable,Not applicable,,,,,N/A,N/A,Target achieved.,,118
,Gauteng: Office of the Premier,Gauteng,Programme 3: Policy and Governance,Subprogramme 3.8: Cluster Management,Quarterly,Number of analysis reports on questions posed in the Legislature developed,Not Applicable,Not  Applicable,"Priority 1: A Capable, Ethical and Developmental State","Building a Capable, Ethical and Developmental State","Governance, State Capacity and Institutional Development cluster",0,,1,"

1",0,,1,"

1",2,2,,,,,,,,Not applicable,Not applicable,,,,,N/A,N/A,Target achieved.,,118
,Gauteng: Office of the Premier,Gauteng,Programme 3: Policy and Governance,Subprogramme 3.8: Cluster Management,Quarterly,Number of reports on decision matrixes produced for Executive Council cycle of meetings,Not Applicable,Not  Applicable,"Priority 1: A Capable, Ethical and Developmental State","Building a Capable, Ethical and Developmental State","Governance, State Capacity and Institutional Development cluster",1,1,1,1,1,1,1,"

1",4,4,,,,,NA,NA,Target achieved.,Not applicable,Not applicable,,N/A,N/A,Target achieved.,N/A,N/A,Target achieved.,,118
,Gauteng: Office of the Premier,Gauteng,Programme 3: Policy and Governance,"Subprogramme 3.9: Planning, Performance Monitoring and Evaluation",Annually,Number of regional master plans completed,Not Applicable,Not  Applicable,"Priority 5: Spatial Integration, Human Settlements and Local Government","Integrated Human Settlements, Basic Services and Land Release","The Social Protection, Community and Human Development cluster",,,,,,,1,1,1,1,,N/A,N/A,,,,,,,,,,,,,,,118
,Gauteng: Office of the Premier,Gauteng,Programme 3: Policy and Governance,"Subprogramme 3.9: Planning, Performance Monitoring and Evaluation",Quarterly,Number of reports on Rand value of net new investment facilitated,Not Applicable,Not  Applicable,Priority 2: Economic Transformation And Job Creation,"Economy, Jobs and Infrastructure ","The Economic Sectors, Employment and Infrastructure Development cluster",0,,1,1,0,,1,,2,1,,,,,,,,Not applicable,Not applicable,,,,,,,,,118
,Gauteng: Office of the Premier,Gauteng,Programme 3: Policy and Governance,"Subprogramme 3.9: Planning, Performance Monitoring and Evaluation",Quarterly,Number of reports on repositioning the GCR Energy Security Office,Not Applicable,Not  Applicable,Priority 7: A better Africa and the World,A Better Africa and the Better World,"The Economic Sectors, Employment and Infrastructure Development cluster",0,,1,1,0,,1,,2,1,,,,,,,,Not applicable,Not applicable,,,,,,,,,118
,Gauteng: Office of the Premier,Gauteng,Programme 3: Policy and Governance,"Subprogramme 3.9: Planning, Performance Monitoring and Evaluation",Quarterly,Number of reports on the application of Socio- Economic Impact Assessment System (SEIAS),Not Applicable,Not  Applicable,Priority 2: Economic Transformation And Job Creation,"Economy, Jobs and Infrastructure ","The Economic Sectors, Employment and Infrastructure Development cluster",0,,1,1,0,,1,"

1",2,2,,,,,,,,Not applicable,Not applicable,,,,,N/A,N/A,,,118
,Gauteng: Office of the Premier,Gauteng,Programme 3: Policy and Governance,"Subprogramme 3.9: Planning, Performance Monitoring and Evaluation",Quarterly,Number of reports on the assessment reviews on the implementation of the Gauteng Energy Security Strategy (Revised),Not Applicable,Not  Applicable,Priority 2: Economic Transformation And Job Creation,"Economy, Jobs and Infrastructure ",Not Applicable,0,,0,,1,1,1,"


1",2,2,,,,,,,,,,,N/A,N/A,Target achieved.,N/A,N/A,Target achieved.,Two (2) reports assessments reports on the assessment reviews on the implementation of the Gauteng Energy Security Strategy ,118
,Gauteng: Office of the Premier,Gauteng,Programme 3: Policy and Governance,"Subprogramme 3.9: Planning, Performance Monitoring and Evaluation",Quarterly,Number of reports on the incomplete infrastructure (New Indicator),Not Applicable,Not  Applicable,Priority 2: Economic Transformation And Job Creation,"Economy, Jobs and Infrastructure ","The Economic Sectors, Employment and Infrastructure Development cluster",0,,0,,1,1,1,"

1",2,2,,,,,,,,,,,N/A,N/A,Target achieved.,N/A,N/A,Target achieved.,Two (2) reports on incomplete infrastructure ,118
,Gauteng: Office of the Premier,Gauteng,Programme 3: Policy and Governance,"Subprogramme 3.9: Planning, Performance Monitoring and Evaluation",Quarterly,Number of research studies conducted as per approved research agenda,Not Applicable,Not  Applicable,"Priority 1: A Capable, Ethical and Developmental State","Building a Capable, Ethical and Developmental State","Governance, State Capacity and Institutional Development cluster",0,,1,1,0,,1,"

1",2,2,,,,,,,,Not applicable,Not applicable,,,,,N/A,N/A,,,118
