Sector,Institution,Programme,SubProgramme,Location,Frequency,Indicator,Type,SubType,Outcome,Priority,Cluster,Target_Q1,ActualOutput_Q1,Target_Q2,ActualOutput_Q2,Target_Q3,ActualOutput_Q3,Target_Q4,ActualOutput_Q4,AnnualTarget_Summary2,Preliminary_Summary2,PrelimaryAudited_Summary2,ReasonforDeviation_Summary,CorrectiveAction_Summary,ValidatedAudited_Summary2,ReasonforDeviation_Q1,CorrectiveAction_Q1,OTP_Q1,ReasonforDeviation_Q2,CorrectiveAction_Q2,OTP_Q2,ReasonforDeviation_Q3,CorrectiveAction_Q3,OTP_Q3,ReasonforDeviation_Q4,CorrectiveAction_Q4,OTP_Q4,National_Summary,OTP_Summary,National_Q1,National_Q2,National_Q3,National_Q4,UID
,Cooperative Governance,Northern Cape,Programme 1.	Administration,Sub Programme 1.2.	Corporate Services,Annually,Percentage of external audit recommendations implemented,Non-Standardized,Not  Applicable,"Priority 1: A Capable, Ethical and Developmental State",Drive 4:  Accountable and Effective Governance,"Governance, State Capacity and Institutional Development cluster",100 %,90.5 %,,,,,,,100 %,90.5 %,90.5,"The Audit Action Plan has not been fully implemented, however a notable improvement in performance towards the effective implementation of actions plans have been made.",None,,,,,,,,,,,,,,,,,,,,82
,Cooperative Governance,Northern Cape,Programme 1.	Administration,Sub Programme 1.2.	Corporate Services,Quarterly,Percentage of departmental policies implemented,Non-Standardized,Average,"Priority 1: A Capable, Ethical and Developmental State",Drive 4:  Accountable and Effective Governance,"Governance, State Capacity and Institutional Development cluster",100 %,100 %,100 %,100 %,100 %,100 %,100 %,100 %,100 %,100 %,100,,,,,,Quarter target achieved.,,,YTD performance is at 100%,,,YTD performance is at 100%,,,YTD performance is 100%,,,,,,,82
,Cooperative Governance,Northern Cape,Programme 1.	Administration,Sub Programme 1.2.	Corporate Services,Quarterly,Percentage of procurement transactions awarded to women-owned businesses (WOB),Non-Standardized,Not  Applicable,"Priority 1: A Capable, Ethical and Developmental State",Drive 4:  Accountable and Effective Governance,"Governance, State Capacity and Institutional Development cluster",15 %,13.3 %,20 %,3.37 %,25 %,22.74 %,30 %,31.07 %,30 %,0 %,31.7,The department managed to prioritise WOB in procurement.,None,,Provincial treasury is experiencing challenges to update the Spend Dashboard.  The reported figure is for April 2024 only.,"Since this indicators is calculated cumulatively year-to-date, the Quarter 2 report (which will cover the 1st six months of the year)  will catch up.",Target for the quarter not achieved.  Reason to be submitted.,The main reason for the department not to spend was due to cost containment measures implemented as from July 2024. This was based on the letter sent from the treasury to implement austerity measures across government,None,Comment noted,None,None,Target not achieved and reason for deviation is required with the final report.,None,None,Comment of Departmental coordinator noted,,,,,,,82
,Cooperative Governance,Northern Cape,Programme 1.	Administration,Sub Programme 1.2.	Corporate Services,Quarterly,Percentage of uncontested invoices paid within 30 days,Non-Standardized,Average,"Priority 1: A Capable, Ethical and Developmental State",Drive 4:  Accountable and Effective Governance,"Governance, State Capacity and Institutional Development cluster",100 %,99 %,100 %,98.7 %,100 %,95.9 %,100 %,96.6 %,100 %,"49,5 %",97.5,Delays in the submission of invoices and bank queries are the reasons for non-compliance,,,"744 invoices from 753 valid invoices were paid within 30 days. The value of invoices paid within 30 days amounts to R286 859 249,19 of a total amount of R289 357 231,77.  Nine (9) or 1 % of invoices received with a total amount of R2 497 982,58 million were unpaid within 30 days.  The late submission of invoices mainly causes non-compliance.  The system calculates 30 days from the date the invoice is received.  The main challenge is when an invoice is received by the end-user department directly and not via Logistics to the centralised invoice system.  This makes it difficult for Finance to track such invoices.  ",The Office of the CFO will arrange meetings with the units to address the non-compliance.,Target for the quarter not achieved.  Reason for deviation to be submitted.,888 Invoices from 900 invoices were paid within 30 days. The value of paid within 30 days amounts to R96 823 062.87 from a total of 900 valid invoices received. Twelve(12) or 1.3 percent of invoices received with a total amount of R35 698.19 million were not paid within 30 days. The late submission of invoices is the main cause of the non-compliance. The system calculates 30 days from the date the invoice is received.,Due to reductions in cash flow procurement was reduced in Q2 to manage the risk of late payments caused by the cash flow situation in the province,Comment noted,845 invoices from 881 valid invoices were paid within 30 days. The value of invoices paid within 30 days amounts to R119 597 640.80 from a total of 881 valid invoices received.  Thirty-six (36) or 4.09 % of invoices received with a total amount of R1 100 360.09 million were not paid within 30 days.  The incomplete documentation cause the late submission of invoices which is the main cause of the non-compliance.  The system calculates 30 days from the date the invoice is received.  ,"Due to budget cuts, procurement was reduced in Q3 to manage the risk of late payments caused by the cash flow situation in the province",Target not achieved and reason for deviation is required with the final report.,A total of 541 or 96.6 percent of 560 invoices were paid within 30 days from receipt of it.  The value of invoices paid within 30 days amounts to R39 411 705.86 from a total of R45 908 384.19.  Nine (9) or 3.4 percent of invoices received with a total amount of R196 303.77 were not paid within 30 days.  Delays in the submission of invoices and bank queries are the reasons for non-compliance.  ,There has been a slight improvement compared to Q3.  Controls will be reviewed to ensure its effectiveness.  ,Overall performance is at 97% as end of the 4th quarter.,,,,,,,82
,Cooperative Governance,Northern Cape,Programme 2: Local Governance,Sub Programme 2.1: Municipal Administration,Quarterly,"Number of municipalities monitored on the extent to which anti-corruption measures are implemented (Linked to MTSF 2019 – 2024, Priority 1)",Standardized,Not  Applicable,"Priority 1: A Capable, Ethical and Developmental State",-,"The Economic Sectors, Employment and Infrastructure Development cluster",7,8,8,0,8,16,8,7,31,31,31,,,,"The submission of the Anti-Corruption Monitoring Tool by municipalities evidently show that municipalities policies and SOP’s are not adequate to curb any type of corruption that might arise. 
Thus, it was necessary to assess the tool and provide feedback and the policies submitted as well. Feedback submitted to municipalities will require the unit to assess all the related documents pertaining to anti-corruption that is either outdated and/or does not exist in the municipality.
",None,Target for the quarter exceeded and reasons provided.,The under achievement of Anti-Corruption was since training was identified for ZFM district and its locals. The training address the implementation of Anti-Corruption for municipalities curb any corrupt activities. Since the training address the shortcomings and challenges the officials experienced in the sector they were of the view that the training was sufficient and will be counted as supporting municipalities for Quarter 2. ,"However, since training are regarded as capacity building and skills transferred to municipal officials the eight (8) municipalities of  Q2 will be supported in Q3 meaning more municipalities will be support to ensure Anti-Corruption measures are implemented. ",Quarter target not achieved and no reasons for deviations has been provided. ,"The unit under performed in quarter 2 thus, six-teen (16) municipalities had to be supported for the quarter. In assessing the tool it is evident that municipalities are lacking policies, SOP’s etc to address possible corruption as and when it occur",,"Year to date performance is at 105,35%","The unit overachieved between Q1 and Q3 thus, it left the support for Q4 with only 7 municipalities. 

The unit achieved the support of 31 municipalities by the end of Q4.
",None,100% by end of 4th quarter.  Annual target achieved. ,,,,,,,82
,Cooperative Governance,Northern Cape,Programme 2: Local Governance,Sub Programme 2.1: Municipal Administration,Quarterly,"Number of municipalities supported to comply with MSA Regulations on the appointment of senior managers (Linked to MTSF 2019 – 2024, Priority 1)",Standardized,Not  Applicable,"Priority 1: A Capable, Ethical and Developmental State",-,"The Economic Sectors, Employment and Infrastructure Development cluster",0,8,10,14,11,3,10,10,31,35,31,"Magareng, JTG, ZFM, Hantam municipalities were counted twice",,,"Currently municipalities do not appointment senior managers to address the vacancy rate that is at 56%.  Furthermore, there are fixed term contracts of senior managers which is about to expire from end of July 2024. These vacancies will add to the 56% vacancy rate thus, additional work are done to ensure the vacancy rate is addressed adequately.   ",None,Target for the quarter exceeded and reasons provided.,"Currently the vacancy rate in the province is 51%  of which the fixed term contract contribute to the high vacancy rate. The unit had to engage with municipalities on the 
vacancies to address the acting beyond six months ",None,Performance for both quarter 1 and quarter 2 has been exceeded.  YTD performance for the indicator is at 220%. ,"In relation to Pixley, Umsobomvu  currently has one vacancy which it is in the process of filling up. The issue regarding that vacancy was attended to last quarter. The same applies to Thembelihle.
Renosterberg was assisted telephonically by the the Chief Director / Director.
Siyancuma, Pixley ka Seme, Siyathemba currently do not have any vacancies. Emthanjeni is non-responsive to communication efforts in an attempt to assist the municipality with the long outstanding vacancies of the Director Corporate Services and CFO.
The above has also been exacerbated by the short term that we are in due to December month been almost unusable as the Department and municipalities close down while the report is due at the beginning of December and not at the end.
",None,Whilst the quarter target has not been achieved the year to date performance is at 119%,,,Performance as at end of the 4th quarter is 112%. Annual target achieved,,,,,,,82
,Cooperative Governance,Northern Cape,Programme 2: Local Governance,Sub Programme 2.2:  Municipal Finance,Quarterly,"Number of municipalities guided to comply with the MPRA (Linked to MTSF 2019 – 2024, Priority 1) (B2B Pillar 4)",Standardized,Not  Applicable,"Priority 1: A Capable, Ethical and Developmental State",-,"The Economic Sectors, Employment and Infrastructure Development cluster",5,5,8,8,8,8,5,5,26,26,26,,,,,,Target for the quarter achieved.,,,YTD performance is at 100%,,,Year to date performance is at 100%,"The service provider finalised and submitted the Certified Valuation Roll of Siyathemba Municipality on the 31st January 2025. An assessment was 
completed for 8 municipalities during the quarter that covered the following areas: 
•	Status of their By-laws
•	Promulgation of resolution levying rates
•	Validity of their valuation 
•	Updating of valuation roll through the annual supplementary to be conducted
Five municipalities had published their Section 49 notices for the implementation of their new valuation rolls at the start of their new financial year.
",None,Annual target achieved.  111% by the end of the 4th quarter. ,,,,,,,82
,Cooperative Governance,Northern Cape,Programme 2: Local Governance,Sub Programme 2.2:  Municipal Finance,Quarterly,"Number of municipalities supported to reduce Unauthorized, Irregular, Wasteful and Fruitless expenditure (Linked to MTSF 2019 – 2024, Priority 1)",Standardized,Not  Applicable,"Priority 1: A Capable, Ethical and Developmental State",-,"The Economic Sectors, Employment and Infrastructure Development cluster",4,4,4,4,4,4,4,4,16,16,16,,,,,,Target for the quarter achieved.,,,YTD performance is at 100%,,,Year to date performance is at 100%,,,Annual target achieved.  100% by the end of the 4th quarter.,,,,,,,82
,Cooperative Governance,Northern Cape,Programme 2: Local Governance,Sub Programme 2.3:  Public Participation,Quarterly,Number of Municipalities monitored on the implementation of GBVF responsive programmes (Final M&E Plan for NSP on GBVF) (Pillar 2: Prevention and Restoration of Social Fabric),Standardized,Not  Applicable,"Priority 1: A Capable, Ethical and Developmental State",-,"The Economic Sectors, Employment and Infrastructure Development cluster",5,5,8,8,8,8,5,5,26,26,26,,,,,,Target for the quarter achieved.,,,YTD performance is at 100%,,,Year to date performance is at 100%,,,Annual target achieved.  100% by the end of the 4th quarter.,,,,,,,82
,Cooperative Governance,Northern Cape,Programme 2: Local Governance,Sub Programme 2.3:  Public Participation,Quarterly,"Number of municipalities supported to maintain functional ward committees (MTSF 2019 – 2024, Priority 1)",Standardized,Not  Applicable,"Priority 1: A Capable, Ethical and Developmental State",-,"The Economic Sectors, Employment and Infrastructure Development cluster",5,5,8,8,8,8,5,5,26,26,26,,,,,,Target for the quarter achieved.,,,YTD performance is at 100%,,,Year to date performance is at 100%,,,Annual target achieved.  100% by the end of the 4th quarter.,,,,,,,82
,Cooperative Governance,Northern Cape,Programme 2: Local Governance,Sub Programme 2.3:  Public Participation,Quarterly,"Number of municipalities supported to promote participation in community based local governance processes (Priority 1: Capable, Ethical and Developmental State) (Priority 6 MTEF indicatory: Social Cohesion and Safer Communities)",Standardized,Not  Applicable,"Priority 1: A Capable, Ethical and Developmental State",-,"The Economic Sectors, Employment and Infrastructure Development cluster",0,0,26,26,0,0,26,25,26,25,25,Kai-Garib LM could not be supported due to service delivery issues within municipal area,,,,,No planned target for the quarter,,,YTD performance is at 100%,,,Year to date performance is at 100%,Non-compliance letter not issued to Kai-Garib,,Annual target achieved.  100% by the end of the 4th quarter.,,,,,,,82
,Cooperative Governance,Northern Cape,Programme 2: Local Governance,Sub Programme 2.3:  Public Participation,Quarterly,Number of municipalities supported to resolve community concerns,Standardized,Not  Applicable,"Priority 1: A Capable, Ethical and Developmental State",-,"The Economic Sectors, Employment and Infrastructure Development cluster",5,5,8,8,8,8,5,5,26,26,26,,,,,,Target for the quarter achieved.,,,YTD performance is at 100%,,,Year to date performance is at 100%,,,Annual target achieved.  100% by the end of the 4th quarter.,,,,,,,82
,Cooperative Governance,Northern Cape,Programme 2: Local Governance,Sub Programme 2.4:  Capacity Development,Quarterly,"Number of capacity building interventions conducted in municipalities (Linked to MTSF 2019 – 2024, Priority 1) (B2B Pillar 5)",Standardized,Not  Applicable,"Priority 1: A Capable, Ethical and Developmental State",-,"The Economic Sectors, Employment and Infrastructure Development cluster",2,19,3,18,2,13,3,14,10,64,64,Due to the capacity needs and the shortage of skills in municipalities the training initiatives improve on the challenges. As the MSR requires staff to be fit for purpose the municipality are striving to capacitate their staff to have a level of understanding and in preparation for formal learning.  ,None,,"The Provincial Capacity Building Strategy for 2024/2025 was formulated for implementation. 
The sub-unit is responsible for the co-ordination of training in the province. Thus, capacity building initiatives were conducted in municipalities to strengthen the skills of municipal officials. ",None - the Department has no control over the number of capacity building interventions arranged by local municipalities.,Target for the quarter exceeded and reasons for this has been provided.,"The Municipal Staff Regulations (MSR) requires all the municipal staff to become fit for purpose. Thus, the municipalities must apply at LGSETA for discretionary grant through their Works Skills Plan to capacitate officials to be able to meet the requires of their functions per the job descriptions.  The grant funding of LGSETA is allocated within a financial year and according to the Work Skills Plans of municipalities the implementation of their training needs must be address within that specific financial year. 

Hence, it put pressure on sector departments to capacitate officials to become fit for purpose and for the funding to be utilised to improved service delivery at municipal level.   This led to the over achievement of the Capacity Building indicator for Quarter 2.  
",None,Reasons for deviation to explain the overachievement is required. ,"The shortages of skills in municipalities are of great concern, especially in terms of the Municipal Staff Regulations (MSR) to be implemented.  Municipalities have requested training at the Technical IGR meeting on the 03 February 2024 and 03 November 2024 respectively. Hence we deemed it necessary to conduct the workshop for functionaries to understand what is required from CoGTA be able to report on the MSR Readiness Tool.",None,"Year to date performance is at 714%, reflecting a huge over achievement in relation to the planned targets.  Reasons foe deviation have been provided consistently over the quarters.  ",Due to the capacity needs and the shortage of skills in municipalities the training initiatives improve on the challenges. As the MSR requires staff to be fit for purpose the municipality are striving to capacitate their staff to have a level of understanding and in preparation for formal learning.  ,None,"Target over achieved with performance at the end of the 4th quarter at 650%.

Planning for this indicator to be considered",,,,,,,82
,Cooperative Governance,Northern Cape,Programme 2: Local Governance,"Sub Programme 2.5: Municipal Performance Monitoring, Reporting and Evaluation",Annually,"Number of Section 47 Reports compiled as prescribed by the MSA (Linked to MTSF 2019 – 2024, Priority 1) (B2B Pillar 5)",Standardized,Not  Applicable,"Priority 1: A Capable, Ethical and Developmental State",-,"The Economic Sectors, Employment and Infrastructure Development cluster",,,,,,,1,1,1,1,1,,,,,,,,,,,,,,,,,,,,,,82
,Cooperative Governance,Northern Cape,Programme 2: Local Governance,"Sub Programme 2.5: Municipal Performance Monitoring, Reporting and Evaluation",Quarterly,"Number of municipalities supported to institutionalize the performance management system (PMS) (Linked to MTSF 2019 – 2024, Priority 1)",Standardized,Not  Applicable,"Priority 1: A Capable, Ethical and Developmental State",-,"The Economic Sectors, Employment and Infrastructure Development cluster",7,7,8,8,8,8,8,8,31,31,31,,,,,,Target for the quarter achieved.,,,YTD performance is at 100%,,,Year to date performance is at 100%,,,Annual target achieved.  100% by the end of the 4th quarter.,,,,,,,82
,Cooperative Governance,Northern Cape,Programme 3: Development and Planning,Sub Programme 3.1.	Spatial Planning,Annually,"Number of Districts/ Metros monitored on the implementation One Plans (MTSF 2019 – 2024, Priority 5: Spatial integration, human settlements and local government)",Standardized,Not  Applicable,"Priority 5: Spatial Integration, Human Settlements and Local Government",-,Governance and Administration cluster,,,,,,,5,5,5,5,5,,,,,,,,,,,,,,,,,,,,,,82
,Cooperative Governance,Northern Cape,Programme 3: Development and Planning,Sub Programme 3.3.	Local Economic Development (LED),Quarterly,"Number of work opportunities reported through Community Work Programme (CWP) (MTSF 2019-2024, Priority 2)",Standardized,Not  Applicable,Priority 2: Economic Transformation And Job Creation,-,"The Economic Sectors, Employment and Infrastructure Development cluster",21000,18292,21000,18468,21000,18506,21000,18 514,21000,18514,18514,"COGTA issued directive ending the CWP Participants aged 55 years and older by 31 January 2025 (Circular no. 13 of 2024) (Annexture B) however COGTA issued another directive that “The retraction of circular 13 of 2024 and replacement with Circular 1 of 2025”. (Annexure C). This meant that the Department was looking at various options to deal with the current financial challenges, and by virtue of that, all participants who were affected by the Circular 13 of 2024 were allowed to return to work on Thursday, the 06th February 2025. 

In light of the above, our target of 21000 participants was down scaled to 16471 participants.
",None,,DCOG national instructed  the Provincial Implementing CWP staff not to load any new recruits on the CWP  MIS system. This has resulted in the target not being met. We have requested DCOG to provide a formal letter indicating the drop in targets. ,As a province we have raised  the matter and national indicated that through  the smart partnership programs DCOG will try to eliminate the target deficit within the financial year.,Target for the quarter not realised.  The remedial measures to be managed in order to ensure that the annual  target is achieved. ,"DCOG national instructed the Provincial Implementing CWP staff not to load any new recruits on the CWP  MIS system. This has resulted in the target not being met. We have requested DCOG to provide a formal letter indicating the drop in targets, which we have received.",The letter indicating the change in target has been received. ,Performance for quarters 1 and 2 have been affected by national directives relating to the CWP.  The revised target to be provided by the department.,"DCOG national instructed the Provincial Implementing CWP staff not to load any new recruits on the CWP  MIS system. This has resulted in the target not being met. We have requested DCOG to provide a formal letter indicating the drop in targets, which we have received","The CWP target was downscaled from 21000 to 16471 by National COGTA and the accumulated no. of participants for this quarter is 18506,  but the figure still needs to be corrected  on the Annual Operational  Plan.",The planned output has been reprioritised from 21000 to 16471.  ,"COGTA issued directive ending the CWP Participants aged 55 years and older by 31 January 2025 (Circular no. 13 of 2024) (Annexture B) however COGTA issued another directive that “The retraction of circular 13 of 2024 and replacement with Circular 1 of 2025”. ( Annexture C). This meant that the Department was looking at various options to deal with the current financial challenges and by virtue of that all participants that were affected by the Circular 13 of 2024 were allowed to return to work on Thursday the 06th February 2025. 

In the light of the above our target of 21000 participants was down scaled to 16471 participants
",,"Performance as at the end of the 4th quarter is 87,83%",,,,,,,82
,Cooperative Governance,Northern Cape,Programme 3: Development and Planning,Sub Programme 3.4:	Municipal Infrastructure,Annually,Number of Districts monitored on the spending of National grants,Standardized,Not  Applicable,"Priority 1: A Capable, Ethical and Developmental State",-,"The Economic Sectors, Employment and Infrastructure Development cluster",,,,,,,5,5,5,5,5,,,,,,,,,,,,,,,,,,,,,,82
,Cooperative Governance,Northern Cape,Programme 3: Development and Planning,Sub Programme 3.4:	Municipal Infrastructure,Quarterly,Number of municipalities monitored on the implementation of indigent policies (Sub-outcome 1) (B2B Pillar 2),Standardized,Not  Applicable,"Priority 1: A Capable, Ethical and Developmental State",-,"The Economic Sectors, Employment and Infrastructure Development cluster",5,5,8,8,8,8,5,5,26,26,26,,,,,,Target for the quarter achieved.,,,YTD performance is at 100%,,,Year to date performance is at 100%,,,,,,,,,,82
,Cooperative Governance,Northern Cape,Programme 3: Development and Planning,Sub Programme 3.4:	Municipal Infrastructure,Quarterly,"Number of municipalities monitored on the implementation of infrastructure delivery programmes (Outcome 9, Sub-outcome 1) (B2B Pillar 5)",Standardized,Not  Applicable,"Priority 1: A Capable, Ethical and Developmental State",-,"The Economic Sectors, Employment and Infrastructure Development cluster",5,5,8,8,8,8,5,5,26,26,26,,,,,,Target for the quarter achieved.,,,YTD performance is at 100%,,,Year to date performance is at 100%,,,,,,,,,,82
,Cooperative Governance,Northern Cape,Programme 3: Development and Planning,Sub Programme 3.5: Disaster Management,Quarterly,Number of municipalities supported on Fire Brigade Services,Standardized,Not  Applicable,"Priority 1: A Capable, Ethical and Developmental State",-,"The Economic Sectors, Employment and Infrastructure Development cluster",1,5,1,0,2,5,1,0,5,10,5,The Annual target was achieved in 1st quarter therefore the rest was double counting,,,National disaster management required the assessment  to be completed for all the districts in this quarter.,The feedback on the assessment will be provided in the 02nd quarter by the provincial disaster management centre. ,Exceeded and reasons  provided.,National disaster management required the assessment to be completed for all the districts in quarter 1.,None,,National disaster management required the assessment to be completed for all the districts in this quarter.,None,"Year to date performance is at 250%.  Reasons for the over achievement has been provided,",Annual target achieved in Q1,,Annual target exceeded. 300% achieved by the end of the 4th quarter.,,,,,,,82
,Cooperative Governance,Northern Cape,Programme 3: Development and Planning,Sub Programme 3.5: Disaster Management,Quarterly,Number of municipalities supported to maintain functional Disaster Management Centres,Standardized,Not  Applicable,"Priority 1: A Capable, Ethical and Developmental State",-,"The Economic Sectors, Employment and Infrastructure Development cluster",5,5,5,5,5,5,5,5,5,5,5,,,,,,Target for the quarter achieved.,,,,,,Year to date performance is at 100%,,,Annual target achieved.  100% by the end of the 4th quarter.,,,,,,,82
,Cooperative Governance,Northern Cape,Programme 3: Development and Planning,Sub Programme 3.6:	IDP Coordination,Annually,Number of municipalities with legally compliant IDPs,Standardized,Not  Applicable,"Priority 1: A Capable, Ethical and Developmental State",-,"The Economic Sectors, Employment and Infrastructure Development cluster",,,,,,,31,31,31,31,31,,,,,,,,,,,,,,,,,,,,,,82
,Cooperative Governance,Northern Cape,Programme 4: Traditional Institutional Management,Programme 4: Traditional Institutional Management,Quarterly,Number of Anti GBVF Intervention/campaigns for traditional leadership (Final M&E Plan for the NSP on GBVF) (Pillar 2: Prevention and Restoration of Social Fabric),Standardized,Not  Applicable,"Priority 1: A Capable, Ethical and Developmental State",-,"The Economic Sectors, Employment and Infrastructure Development cluster",0,0,1,1,0,0,1,1,2,2,2,,,,,,No planned target for quarter 1.,,,YTD performance is at 100%,,,Year to date performance is at 100%,,,Annual target achieved.  100% by the end of the 4th quarter.,report noted,,,,,,82
,Cooperative Governance,Northern Cape,Programme 4: Traditional Institutional Management,Programme 4: Traditional Institutional Management,Quarterly,Number of Traditional Councils supported to perform their functions,Standardized,Not  Applicable,"Priority 1: A Capable, Ethical and Developmental State",-,"The Economic Sectors, Employment and Infrastructure Development cluster",2,2,2,2,2,2,2,2,8,8,8,,,,,,Target for the quarter achieved.,,,YTD performance is at 100%,,,Year to date performance is at 100%,,,Annual target achieved.  100% by the end of the 4th quarter.,noted,,,,,,82
,Cooperative Governance,Northern Cape,Programme 4: Traditional Institutional Management,Programme 4: Traditional Institutional Management,Quarterly,Percentage of Traditional Leadership succession disputes processed,Standardized,Not  Applicable,"Priority 5: Spatial Integration, Human Settlements and Local Government",-,Governance and Administration cluster,100 %,100 %,100 %,100 %,100 %,100 %,100 %,100 %,100 %,100 %,100,,,,,,Target for the quarter achieved.,,,YTD performance is at 100%,,,Year to date performance is at 100%,,,Annual target achieved.  100% by the end of the 4th quarter.,noted,,,,,,82
"Agriculture, Forestry and Fisheries",Agriculture,Northern Cape,Programme 1: Administration,Sub Programme 1.2: Senior Management ,Quarterly,1.2.1 Number of gender mainstreaming programmes pertaining to designated groups monitored,Non-Standardized,Average,"Priority 1: A Capable, Ethical and Developmental State",Drive 4:  Accountable and Effective Governance,"Governance, State Capacity and Institutional Development cluster",4,4,4,4,4,4,4,4,4,4,4,,,,,,The targets are aligned to the APP 2024-25. Performance is on track up to the 1st quarter with the quarterly target achieved as planned.,None,None,"Performance is on track and quarterly targets achieved as planned up to the 2nd quarter. (information aligned to the draft narrative report)
",,,Performance is on track up to the 3rd quarter with quarterly targets achieved as planned. ,,,Annual target achieved as planned.,,Annual target achieved as planned and indicated an improvement from the 2 programmes achieved in the 2023/24 FY,,,,,82
"Agriculture, Forestry and Fisheries",Agriculture,Northern Cape,Programme 1: Administration,Sub Programme 1.4: Financial Management,Quarterly,1.4.1 Percentage expenditure in relation to the allocated budget,Non-Standardized,Average,"Priority 1: A Capable, Ethical and Developmental State",Drive 4:  Accountable and Effective Governance,"Governance, State Capacity and Institutional Development cluster",100 %,96 %,100 %,91 %,100 %,82 %,100 %,117 %,100 %,"96,5 %",100,,,,The department spent a total of R160.872 million in the 1st quarter against a budget of R166.966 million. No spending has been recorded for the Ilima and EPWP grants.,,"The targets are aligned to the APP 2024-25.  Performance of 96% against the quarterly target, with underspending on 2 conditional grants up to the 1st quarter. ",The department spent a total of R159.469 million in the 2nd quarter against a budget of R176.048 million. No spending has been recorded for the Ilima grant. CASP has only incurred expenditure for ERP and rollover projects of 2023/24,CASP was only approved on 05 September 2024 and Ilima is still pending approval by National DALRRD. Alternate implementation models are being considered to fast track expenditure during the 3rd and 4th quarter of the financial year.,"91% Performance against the quarterly target. Under-expenditure on gants, due to late approval of business plans.",Slow spending on conditional grant expenditure.,The department has formulated an accelerated procurement plan for immediate implementation.,"Quarterly target achieved as planned, with average percentage expenditure at 95,6% up to the 3rd quarter, as per draft information submitted. Please be reminded to update with verified information by 31 January 2025.","The amount spent in the fourth quarter R215,227million against a budget of R183,370million due to improved conditional grant spending.",,"Over expenditure in the 4th quarter. Average expenditure across the quarters is 96,5%",,"Annual target achieved as planned, with an increase of 6% in comparison with the 2023/24 FY.",,,,,82
"Agriculture, Forestry and Fisheries",Agriculture,Northern Cape,Programme 1: Administration,Sub Programme 1.4: Financial Management,Quarterly,1.4.2 Percentage own revenue collected,Non-Standardized,Average,"Priority 1: A Capable, Ethical and Developmental State",Drive 4:  Accountable and Effective Governance,"Governance, State Capacity and Institutional Development cluster",100 %,126 %,100 %,111.41 %,100 %,121 %,100 %,132 %,100 %,118.705 %,122,,,,The department collected R1.768 million against a budget of R1.400 million. Accrued revenue of March 2024 was R0.727 million,,The targets are aligned to the APP 2024-25.  Performance is on track up to the 1st quarter with higher collection of revenue than planned.,The department collected revenue of R1.972 million against a budget of R1.771 million.,Not applicable,"Performance is on track up to the 2nd quater with average performance of 118,7%",The department collected R1.704 million against a budget of R1.401 million. ,,"Performance is on track up to the 3rd quarter with quarterly targets achieved, as per draft information submitted. Please be reminded to update with verified information by 31 January 2025.",The department collected R1.495 million against a budget of R1.131 million. ,,"Annual target achieved. Information aligned to the narrative report. 
",,Annual target over achieved. Please provide a reason for deviation before final submission.,,,,,82
"Agriculture, Forestry and Fisheries",Agriculture,Northern Cape,Programme 1: Administration,Sub Programme 1.4: Financial Management,Quarterly,1.4.3 Percentage of invoices paid within 30 days,Non-Standardized,Average,"Priority 1: A Capable, Ethical and Developmental State",Drive 4:  Accountable and Effective Governance,"Governance, State Capacity and Institutional Development cluster",100 %,91.8 %,100 %,99.4 %,100 %,100 %,100 %,99.2 %,100 %,95.6 %,97.6,,,,97 out 1188 invoices for the 1st quarter were not paid within the required timeframe. 91 of those late payments were paid in April and are most are as a result of the Department having to suspend payments during March 2024 due to budget being exhausted. ,The department will have to manage budget and cash flow very carefully during the 2024/25 financial year. Cost containment measures must be strictly adhered to help address accruals and payables of 2023/24.,"The targets are aligned to the APP 2024-25.  Performance of 91,8% against the quarterly target, declining from the previous financial year. ",5 out of 831 invoices were not paid within 30 days. The late payments were due to internal administrative delays.,Ensure stricter adherence to turnaround times for processing of payments.,"Improvement reflected in comparison with the 91,4% in 1st quarter. ","2 out of 1012 invoices were not paid within 30 days. A system error occurred, where first payment was made against an order. The second payment could not be captured as system indicated previous commitment was noted.",Stricter adherence to turnaround times for processing of payments. ,"Quarterly target achieved as planned, with average percentage expenditure at 97% up to the 3rd quarter, as per draft information submitted. Please be reminded to update with verified information by 31 January 2025.","7 out of 902 invoices were not paid within 30 days.
5 invoices consisted of SCM unresolved queries.",Stricter adherence to turnaround times for processing of payments.,"Slight decrease in payments within 30 days, in comparison with the previous quarter, with 7 invoices not paid.  95,6% Average across the four quarters. Information aligned to the narrative report.  ",,"97,6% achieved against the annual target, reflecting a slight decrease from the 99% achieved in 2023/24 FY. Please provide a reason for deviation before the final submission.",,,,,82
"Agriculture, Forestry and Fisheries",Agriculture,Northern Cape,Programme 1: Administration,Sub Programme 1.4: Financial Management,Quarterly,1.4.4 Percentage of internal audit recommendations implemented,Non-Standardized,Not  Applicable,"Priority 1: A Capable, Ethical and Developmental State",Drive 4:  Accountable and Effective Governance,"Governance, State Capacity and Institutional Development cluster",0 %,,0 %,,50 %,10 %,100 %,10 %,100 %,10 %,10,"Internal audit did not
provide an updated
consolidated report,
which indicates the
improved
implementation status
of recommendations.",,,,,The targets are aligned to the APP 2024-25.  Nothing planned for the 1st quarter. ,,,Nothing planned for the 2nd quarter,"During the quarter, available resources were primarily directed at the implementation and monitoring of external audit recommendations. Through this process some of the findings would have been addressed.",A more focused approach to addressing audit findings and the implementation of recommendations will be enforced in the fourth quarter,"Performance is on track up to the 3rd quarter with quarterly target achieved as planned, as per draft information submitted. Please be reminded to update with verified information by 31 January 2025. ","Internal audit did not provide an updated consolidated report, which indicates the improved implementation status of recommendations.",,Annual target achieved as planned and improved from the 36% achieved in the previous financial year. ,,"Achieved 10% against the annual target, reflecting a decrease from th 36% achieved in 2023/24 FY. ",,,,,82
"Agriculture, Forestry and Fisheries",Agriculture,Northern Cape,Programme 1: Administration,Sub Programme 1.4: Financial Management,Quarterly,1.4.5 Percentage of external audit recommendations implemented,Non-Standardized,Not  Applicable,"Priority 1: A Capable, Ethical and Developmental State",Drive 4:  Accountable and Effective Governance,"Governance, State Capacity and Institutional Development cluster",0 %,,0 %,,50 %,52 %,100 %,57 %,100 %,57 %,64,"29 of the
recommended actions
can only be assessed
with the submission of
the AFS and APR.
26 of the
recommended actions
are dependent on the
implementation of the
recommendations of
the forensic
investigation.",,,,,The targets are aligned to the APP 2024-25. Nothing planned for the 1st quarter.  ,,,Nothing planned for the 2nd quarter.,"During the quarter, available resources were primarily directed at the implementation and monitoring of external audit recommendations. Through this process some of the findings would have been addressed.",None,"Performance is on track up to the 3rd quarter with quarterly target achieved as planned, as per draft information submitted. Please be reminded to update with verified information by 31 January 2025. ","29 of the recommended actions can only be assessed with the submission of the AFS and APR.
26 of the recommended actions are dependent on the implementation of the recommendations of the forensic investigation.",Stricter monitoring of implementation of the audit recommended. Strengthening the overall internal control environment of the department. ,"57% Performance achieved against the annual target up to the 4th quarter, improving from the 35% achieved in the previous financial year. ",,"Achieved 64% against the annual target, indicating an increase from the 34% achieved in the 2023/24 FY. ",,,,,82
"Agriculture, Forestry and Fisheries",Agriculture,Northern Cape,Programme 1: Administration,Sub Programme 1.4: Financial Management,Quarterly,"1.4.6 Percentage of procurement from marginalised groups (women, youth, and people with disabilities)",Non-Standardized,Not  Applicable,"Priority 1: A Capable, Ethical and Developmental State",Drive 4:  Accountable and Effective Governance,"Governance, State Capacity and Institutional Development cluster",1 %,1 %,1 %,18.9 %,2.5 %,29 %,2.5 %,22 %,7 %,51.4 %,22,Target was set too low as there was no sufficient baseline data. During the fourth quarter there was accelerated spending to address the underspending in the previous quarter.,,,,,The targets are aligned to the APP 2024-25.  Performance is on track up to the 1st quarter with the quarterly target achieved as planned. ,Procurement in the 2nd quarter related to conditional grants and infrastructure projects was negligible. The remaining procurement was easier for the designated groups to participate in. Target is also challenging to estimate. ,Not Applicable,"Performance is on track up to the 2nd quarter, against set targets. ",Target was set too low as there was no sufficient baseline data,Target will be reviewed for the next cycle,"Performance is on track up to the 3rd quarter with quarterly target achieved as planned, as per draft information submitted. Please be reminded to update with verified information by 31 January 2025. ",Target was set too low as there was no sufficient baseline data. During the fourth quarter there was accelerated spending to address the underspending in the previous quarter.,Target will be reviewed for the next cycle.,"Quarterly target achieved as planned. 19,9% Average achieved across all the quarters. However, the narrative report reflected that information is is not available as yet from LOGIS. DAERL is encouraged to revise output before the final submission. ",,Annual target achieved. ,,,,,82
"Agriculture, Forestry and Fisheries",Agriculture,Northern Cape,Programme 2: Sustainable Resource Use and Management,Sub Programme 2.1: Agricultural Engineering Services,Quarterly,Number of agricultural infrastructure established,Standardized,Not  Applicable,"Priority 5: Spatial Integration, Human Settlements and Local Government",-,"The Economic Sectors, Employment and Infrastructure Development cluster",5,5,5,5,8,5,10,14,28,29,29,,,,,,The targets are aligned to the APP 2024-25. Performance is on track up to the 1st quarter with the quarterly target achieved as planned. ,None,None,Performance is on track and quarterly targets achieved as planned up to the 2nd quarter.,"Final conformation on projects received towards end of October, therefore projects will commence in the 4th quarter. Completion on the planning and designs for all projects and are ready for implementation.",Timeframes need to be adjusted for projects completion. ,"62,5% Performance achieved against the Q3 target and 53,6% achieved against the annual target up to the 3rd quarter. ",Outstanding projects of the previous quarter were completed in the fourth quarter.,,"Over performance reflected in the 4th quarter, addressing the gap of the 3rd quarter. Annual target achieved up to the 4th quarter. ",kindly provide a reason for deviation for the additional infrastructure achieved above the planned annual target.,Annual target achieved and indicated a decrease from the 32 achieved in 2023/24 FY. Please provide a reason for deviation before the final submission on 30 May 2025. ,noted,100% achievement is noted,The reason for deviation and corrective action for underachievement is noted.,None ,82
"Agriculture, Forestry and Fisheries",Agriculture,Northern Cape,Programme 2: Sustainable Resource Use and Management,Sub Programme 2.2: Land Care,Annually,Number of hectares of cultivated land under Conservation Agriculture practices,Standardized,Not  Applicable,Priority 2: Economic Transformation And Job Creation,-,"The Economic Sectors, Employment and Infrastructure Development cluster",,,,,,,40,0,40,0,0,"Due to delays in the procurement of necessary goods, which was finalized on 14 March 2025, the delivery of these goods is still pending. Unfortunately, the planting date that was originally set for January 2025 has lapsed, and as a result, the target for this indicator could not be achieved as initially planned. The project will be completed in the next financial year.",The project will be carried forward to next financial year.,,,,,,,,,,,,,,"Delays with SCM processes has been cited as a reason for non-performance in a number of indicators. Therefore over and above carrying projects forward to the next financial year, corrective measures must be effected to avoid the re-occurance of the issue.",0% Performance achieved against the annual target and reflect a decline from the 38 hectares achieved in the 2023/24 FY.,,,,,82
"Agriculture, Forestry and Fisheries",Agriculture,Northern Cape,Programme 2: Sustainable Resource Use and Management,Sub Programme 2.2: Land Care,Quarterly,Number of green jobs created,Standardized,Not  Applicable,"Priority 5: Spatial Integration, Human Settlements and Local Government",-,"The Economic Sectors, Employment and Infrastructure Development cluster",0,,0,,70,70,70,15,140,85,85,"Due to delayed procurement, some projects is not completed and the target for green jobs will be adhered to in the next financial year.
Due to delayed procurement, some projects is not completed and the target for green jobs will be adhered to in the next financial year.
",Proactive planning by commencing with procurement for goods and services while awaiting approval of grant funding. Develop a project implementation acceleration plan to counter any stagnation caused by grant funding approval and procurement delays.   ,,,,The targets are aligned to the APP 2024-25.  Nothing planned for the 1st quarter. ,,,Nothing planned up to the 2nd quarter.,,,"Performance is on track with quarterly targets achieved as planned up to the 3rd quarter. 50% achieved against the annual target up to Q3. According to the draft narrative report, 50 created in Joe Morolong bush control project and 20 in Bellsbank VeldCare","Due to delayed procurement, some projects have not yet started implementation. ","
The target for green jobs
 will be adhered to in the next financial year.","21,4% Performance achieved against the quarterly target and 60,7% against the planned annual target. Information aligned to the draft narrative report on page 36.
", Department must ensure that that the Project Implementation acceleration plan is developed timeously and progress thereof is reported on at least on a monthly basis to avoid the non-achievement of planned target due to operation inefficiences.,"Achieved 60,7% against the annual target, reflecting a decrease from the 109 achieved in 2023/24 FY",not targeted for in the quarter under review,N/A,100% achievement is noted.,The corrective measure provided does not address the root cause of the delay; it merely indicates that targets will be met in the next financial year. This raises concerns: what if the procurement challenges persist? A more robust and preventative approach is required to mitigate similar risks in the future.,82
"Agriculture, Forestry and Fisheries",Agriculture,Northern Cape,Programme 2: Sustainable Resource Use and Management,Sub Programme 2.2: Land Care,Quarterly,Number of hectares of agricultural land rehabilitated,Standardized,Not  Applicable,"Priority 5: Spatial Integration, Human Settlements and Local Government",-,"The Economic Sectors, Employment and Infrastructure Development cluster",0,,0,,1500,0,1500,25,3000,25,25,"The procurement of goods and services essential for the successful implementation of project, which contributes to the specified indicator, was finalized in March 2025. The delivery of these goods occurred on March 12, 2025. Due to this delayed procurement and delivery timeline, the probability of meeting the established target within the planned timeframe was significantly reduced and could not be reached.",Proactive planning by commencing with procurement for goods and services while awaiting approval of grant funding. Develop a project implementation acceleration plan to counter any stagnation caused by grant funding approval and procurement delays.   ,,,,The targets are aligned to the APP 2024-25.  Nothing planned for the 1st quarter. ,,,Nothing planned up to the 2nd quarter.,Implementation of projects has been delayed in the procurement processes of goods and services.,Implementation shifted to the 4th Quarter.,No hectares of agricultural land rehabilitated up to the 3rd quarter due to a delay in procurement processes. ,"The procurement of goods and services essential for the successful implementation of the project, which contributes to the specified indicator, was finalized in March 2025. The delivery of these goods occurred on March 12, 2025. Due to this delayed procurement and delivery timeline, the probability of meeting the established target within the planned timeframe was significantly reduced.",The project will be completed in the next financial year.,"1,67% Performance against the quarterly report and only 0,8% against the planned annual target. The delay in procurement of goods and services impacted on the delivery against this indicator. 
Information aligned to draft narrative report on page 36.",0.8% achievement against the annual target. Department must ensure that that the Project Implementation acceleration plan is developed timeously and progress thereof is reported on at least on a monthly basis to avoid the non-achievement of planned target due to operation inefficiences. ,"Achieved only 0,8% against the annual target, reflecting a significant decrease in comparison with the 2279 achieved in 2023/24 FY.",not targeted for in the quarter under review,N/A,Zero achievement on planned indicator is noted.,"It is concerning that this procurement-related delay persisted throughout the year, with no clear evidence of effective mitigation measures being implemented earlier. Additionally, the corrective action merely states that implementation will be carried over to the next financial year, but does not specify how the risk of further delay will be avoided in the future. It is important that the department conduct an assessment of the procurement delays to identify internal inefficiencies and strengthen future planning and contract management processes.",82
"Agriculture, Forestry and Fisheries",Agriculture,Northern Cape,Programme 2: Sustainable Resource Use and Management,Sub Programme 2.3: Land Use Management,Annually,Number of agro-ecosystem management plans developed,Standardized,Not  Applicable,"Priority 5: Spatial Integration, Human Settlements and Local Government",-,"The Economic Sectors, Employment and Infrastructure Development cluster",,,,,,,1,1,1,1,1,None,,,,,,,,,,,,,,,"None, target achieved as planned.",Annual target achieved as planned and maintained the performance achieved in 2023/24 FY.,,,,,82
"Agriculture, Forestry and Fisheries",Agriculture,Northern Cape,Programme 2: Sustainable Resource Use and Management,Sub Programme 2.3: Land Use Management,Quarterly,Number of farm management plans developed,Standardized,Not  Applicable,"Priority 5: Spatial Integration, Human Settlements and Local Government",-,"The Economic Sectors, Employment and Infrastructure Development cluster",1,1,1,1,2,2,1,1,5,5,5,None,,,,,The targets are aligned to the APP 2024-25. Performance is on track up to the 1st quarter with the quarterly target achieved as planned. ,None,None,Performance is on track and quarterly targets achieved as planned up to the 2nd quarter.,,,Performance is on track with quarterly targets achieved as planned up to the 3rd quarter. 80% achieved against the annual target up to Q3,,,Quarterly and annual targets achieved as planned.,"None, annual target achieved as planned.",Annual target achieved as planned and maintained the performance achieved in 2023/24 FY., noted,100% achievement is noted,100% achievement is noted.,None ,82
"Agriculture, Forestry and Fisheries",Agriculture,Northern Cape,Programme 2: Sustainable Resource Use and Management,Sub Programme 2.4: Disaster Risk Reduction,Annually,2.4.3 Number of Disaster Management Plans developed,Non-Standardized,Not  Applicable,"Priority 1: A Capable, Ethical and Developmental State",Drive 4:  Accountable and Effective Governance,"Governance, State Capacity and Institutional Development cluster",,,,,,,1,0,1,0,0,"The allocated budget was only received in October 2024 as a result the project progress was delayed due to approvals and appointment of a service provider. If considering the project’s 10 months duration, made it impractical to achieve the desired outcome within this financial.",The disaster coordinator will engage with the relevant directorate to expedite committee approval stages to avoid delays.,,,,,,,,,,,,,,,No Disaster management plans developed as planned in 2024/25 and 2023/24 FY.,,,,,82
"Agriculture, Forestry and Fisheries",Agriculture,Northern Cape,Programme 2: Sustainable Resource Use and Management,Sub Programme 2.4: Disaster Risk Reduction,Quarterly,Number of awareness campaigns on disaster risk reduction conducted,Standardized,Not  Applicable,"Priority 5: Spatial Integration, Human Settlements and Local Government",-,"The Economic Sectors, Employment and Infrastructure Development cluster",0,,0,,2,2,2,2,4,4,4,None,,,,,The targets are aligned to the APP 2024-25.  Nothing planned for the 1st quarter. ,,,Nothing planned up to the 2nd quarter. ,,,Performance is on track with quarterly targets achieved as planned up to the 3rd quarter. 50% achieved against the annual target up to Q3.,,,Quarterly and annual targets achieved as planned.,"None, target achieved as planned.",Annual target achieved as planned and maintained the performance achieved in 2023/24 FY.,not targeted for in the quarter under review,N/A,100% achievement is noted.,"None, target achieved as planned.",82
"Agriculture, Forestry and Fisheries",Agriculture,Northern Cape,Programme 2: Sustainable Resource Use and Management,Sub Programme 2.4: Disaster Risk Reduction,Quarterly,Number of surveys on uptake for early warning information conducted,Standardized,Not  Applicable,"Priority 5: Spatial Integration, Human Settlements and Local Government",-,"The Economic Sectors, Employment and Infrastructure Development cluster",5,5,5,5,5,5,5,5,20,20,20,None,,,,,The targets are aligned to the APP 2024-25. Performance is on track up to the 1st quarter with the quarterly target achieved as planned. ,None,None,Performance is on track and quarterly targets achieved as planned up to the 2nd quarter.,,,Performance is on track with quarterly targets achieved as planned up to the 3rd quarter. 75% achieved against the annual target up to Q3.,,,Quarterly and annual targets achieved as planned.,"None, target achieved as planned.",Annual target achieved as planned and maintained the performance achieved in 2023/24 FY.,noted,100% achievement is noted,100% achievement is noted.,"None, target achieved as planned.",82
"Agriculture, Forestry and Fisheries",Agriculture,Northern Cape,Programme 3: Agricultural Producer Support and Development ,Sub Programme 3.1: Producer Support Services,Annually,3.1.3 Number of black producers commercialised,Non-Standardized,Not  Applicable,Priority 2: Economic Transformation And Job Creation,"Driver 1: Economic Transformation, Growth and Development","The Economic Sectors, Employment and Infrastructure Development cluster",,,,,,,2,0,2,0,0,The target was unmet due to late approval of CASP projects plans,Ensure timeous implementation of projects.,,,,,,,,,,,,,,,No black producers commercialised as planned in 2024/25 and 2023/24 FY.,,,,,82
"Agriculture, Forestry and Fisheries",Agriculture,Northern Cape,Programme 3: Agricultural Producer Support and Development ,Sub Programme 3.1: Producer Support Services,Quarterly,Number of producers supported in the Citrus Commodity,Standardized,Not  Applicable,"Priority 5: Spatial Integration, Human Settlements and Local Government",-,"The Economic Sectors, Employment and Infrastructure Development cluster",0,,0,,0,,0,,0,0,0,,,,,,This deliverable is not planned for the 2024-25 Financial year in the Northern Cape.,,,This deliverable is not planned for the 2024-25 Financial year in the Northern Cape.,,,This deliverable is not planned for the 2024-25 Financial year in the Northern Cape.,,,This deliverable is not planned for the 2024-25 Financial year in the Northern Cape.,Exempted from planning for the indicator,This deliverable is not planned for the 2024-25 Financial year in the Northern Cape.,,N/A,,Exempted from planning for the indicator.,82
"Agriculture, Forestry and Fisheries",Agriculture,Northern Cape,Programme 3: Agricultural Producer Support and Development ,Sub Programme 3.1: Producer Support Services,Quarterly,Number of producers supported in the Cotton Commodity,Standardized,Not  Applicable,"Priority 5: Spatial Integration, Human Settlements and Local Government",-,"The Economic Sectors, Employment and Infrastructure Development cluster",0,,0,,0,,0,,0,0,0,,,,,,This deliverable is not planned for the 2024-25 Financial year in the Northern Cape.,,,This deliverable is not planned for the 2024-25 Financial year in the Northern Cape.,,,This deliverable is not planned for the 2024-25 Financial year in the Northern Cape.,,,This deliverable is not planned for the 2024-25 Financial year in the Northern Cape.,Exempted from planning for the indicator,This deliverable is not planned for the 2024-25 Financial year in the Northern Cape.,,N/A,,Exempted from planning for the indicator.,82
"Agriculture, Forestry and Fisheries",Agriculture,Northern Cape,Programme 3: Agricultural Producer Support and Development ,Sub Programme 3.1: Producer Support Services,Quarterly,Number of producers supported in the Grain Commodity,Standardized,Not  Applicable,"Priority 5: Spatial Integration, Human Settlements and Local Government",-,"The Economic Sectors, Employment and Infrastructure Development cluster",0,,0,,20,23,10,0,30,23,23,Late approval of Business Plans by the National Assessment Panel resulted in delays in implementation of projects.,Implementation currently in progress,,,,The targets are aligned to the APP 2024-25.  Nothing planned for the 1st quarter. ,,,Nothing planned up to the 2nd quarter. ,"The Richtersveldt CPA in Namakwa was supported with planting of maize through Expansion of Fodder Bank , and the project had more members.",,Performance is on track with the annual target already achieved in Q3.,The target was not met due to late implementation of the projects.,Ensure that projects are implemented timeously.,"0% Performance achieved against the quarterly target and 76,7% against the planned annual target, due to delays with project implementation. ","The issue of ""late approval of business plans"" must be elaborated on to establish where the challenge is (DALRRD or PDA). This will assist the resolution of the challenge going forward. The provided corrective measure does not address how the implementation of APP targets will be supported with the institution to ensure that implemention is confined within the predetermined period","Achieved 76,67% against the planned annual target. This is a declined from the 81 achieved in the 2023/24 FY",not targeted for in the quarter under review,N/A,Corrective action for overachievement need to be provided.,"The department should review how CASP projects are planned and rolled out, to make sure implementation starts earlier and is spread more evenly throughout the year; this will help avoid the pressure of catching up at the end.",82
"Agriculture, Forestry and Fisheries",Agriculture,Northern Cape,Programme 3: Agricultural Producer Support and Development ,Sub Programme 3.1: Producer Support Services,Quarterly,Number of producers supported in the Red Meat Commodity,Standardized,Not  Applicable,"Priority 5: Spatial Integration, Human Settlements and Local Government",-,"The Economic Sectors, Employment and Infrastructure Development cluster",0,,0,,300,90,200,315,500,405,405,Late approval of Business Plans by the National Assessment Panel resulted in delays in implementation of projects.,Implementation currently in progress,,,,The targets are aligned to the APP 2024-25.  Nothing planned for the 1st quarter. ,,,Nothing planned up to the 2nd quarter. (Draft narrative report reflected 243 red meat producers supported page 28),Delayed on implementation some of the CASP and Illima/ Letsema projects,Implementation is in progress,"38% performance achieved against the 3rd quarter target and 23,2% achieved against the annual target up to the 3rd quarter. Output aligned to draft report on page 32. (JTG - 62, ZFM - 38 and Nam - 16)",Majority of approved CASP projects were only implemented in the quarter under review. Some producers were also supported with fodder.,None,"Quarterly target over achieved, with 84% performance achieved against the planned annual target, due to a gap in the 3rd quarter. 
Information in the draft narrative report reflect 313 Red meat producers supported. Please review and verify information.","The issue of ""late approval of business plans"" must be elaborated on to establish where the challenge is (DALRRD or PDA). This will assist the resolution of the challenge going forward.

The provided corrective measure does not address how the implementation of APP targets will be supported with the institution to ensure that implemention is confined within the predetermined period. ",Achieved 81% against the planned annual target. This is a decline from the 543 achieved in the 2023/24 FY. ,not targeted for in the quarter under review,N/A,The reason for deviation and corrective action for underachievement is noted.,"The improvement in Q4 is appreciated, but it also shows an ongoing challenge with starting projects on time. In Q3, only 90 producers were supported out of the planned 300, which affected the overall progress. Because of these delays, only 84% of the annual target was achieved. The department should review how CASP projects are planned and rolled out, to make sure implementation starts earlier and is spread more evenly throughout the year; this will help avoid the pressure of catching up at the end.",82
"Agriculture, Forestry and Fisheries",Agriculture,Northern Cape,Programme 3: Agricultural Producer Support and Development ,Sub Programme 3.2: Extension and Advisory Services,Quarterly,3.2.2 Number of work opportunities created through EPWP (CASP and Ilima/Letsema),Non-Standardized,Not  Applicable,Priority 2: Economic Transformation And Job Creation,"Driver 1: Economic Transformation, Growth and Development","The Economic Sectors, Employment and Infrastructure Development cluster",0,0,0,,200,0,200,24,400,24,24,"Due to late implementation of projects, the target was unmet.",Ensure timeous implementation of projects.,,,,The targets are aligned to the APP 2024-25.  Nothing planned for the 1st quarter. ,,,Nothing planned up to the 2nd quarter. ,"Due to late approval of
Projects by National, no jobs
opportunities were created","Department will during the
4th quarter expedite
implementation of projects
and thus, create job
opportunities",No work opportunities created up to the 3rd quarter. Please be reminded to provide a reason for deviation before the final submission on 31 January 2025. ,"Due to late implementation of projects, the target was unmet.",Ensure timeous implementation of projects.,"12% Performance achieved against the quarterly target and 6% against the planned annual target up to the 4th quarter, due to late implementation of projects. ",,Achieved 6% against the annual target and reflected a significant decline from 151 when compared to the 2023/24 FY.,,N/A,,,82
"Agriculture, Forestry and Fisheries",Agriculture,Northern Cape,Programme 3: Agricultural Producer Support and Development ,Sub Programme 3.3: Food Security,Annually,3.3.3 Number of hectares planted for food production,Non-Standardized,Not  Applicable,Priority 2: Economic Transformation And Job Creation,"Driver 1: Economic Transformation, Growth and Development","The Economic Sectors, Employment and Infrastructure Development cluster",,,,,,,200,70,200,70,70,"Due to late implementation of projects, the target was unmet.",Ensure projects are implemented timeously.,,,,,,,,,,,,,,,"35% achieved against the annual target and reflected a decline in comparison with the 89,37ha achieved in 2023/24 FY.",,,,,82
"Agriculture, Forestry and Fisheries",Agriculture,Northern Cape,Programme 3: Agricultural Producer Support and Development ,Sub Programme 3.3: Food Security,Quarterly,Number of smallholder producers supported,Standardized,Not  Applicable,"Priority 5: Spatial Integration, Human Settlements and Local Government",-,"The Economic Sectors, Employment and Infrastructure Development cluster",0,0,0,,100,84,100,105,200,189,189,Late approval of business plans led to the delay in implementation.,Fastrack implementation by ensuring projects are approved on time.,,,,The targets are aligned to the APP 2024-25.  Nothing planned for the 1st quarter. ,,,Nothing planned up to the 2nd quarter. ,Late approval of business plans led to the delay in implementation.,Fastrack implementation in the fourth quarter.,Performance is on track with annual target already achieved in the 3rd quarter. The department needs to ensure alignment with the narrative report (reflecting 372 on page 3). Please review before final submission. ,None,None,"Quarterly target achieved, with 92,5% performance achieved against the planned annual target, due to gap in the 3rd quarter. This gap also relates to late approval of business plans. 
Information on page 45 of the draft narrative report reflect 84 smallholder producers supported. Please review and verify information before final submission.","The issue of ""late approval of business plans"" must be elaborated on to establish where the challenge is (DALRRD or PDA). This will assist the resolution of the challenge going forward.","Achieved 94,5% against the annual target and indicated an improvement from no smallholder producers supported in the 2023/24 FY.",,N/A,Corrective action for overachievement need to be provided.,None ,82
"Agriculture, Forestry and Fisheries",Agriculture,Northern Cape,Programme 3: Agricultural Producer Support and Development ,Sub Programme 3.3: Food Security,Quarterly,Number of subsistence producers supported,Standardized,Not  Applicable,"Priority 5: Spatial Integration, Human Settlements and Local Government",-,"The Economic Sectors, Employment and Infrastructure Development cluster",100,119,400,419,400,400,400,598,1300,1536,1536,Most of the producers were supported through the implementation of Presidential Employment Stimulus (PES) 3 programme.,None,,The over performance is due to Departmental events.,None,"The targets are aligned to the APP 2024-25.  Over-performance reflected in the 1st quarter with 420 subsistence producers supported up to the 1st quarter. Information is aligned to the draft narrative report. (36  in JTG, 79 in PKS, 24 in ZFM, 264 in FB and 17 in Nam)",•	More subsistence producers were supported during Departmental Events e.g. Mandela Day Events.,None,"Performance is on track up to Q2 and 46,5% achieved against the annual target up to the 2nd quarter. (Aligned to the draft narrative report on page 34)",,,"Quarterly target achieved and 73,8% achieved against the annual target up to the 3rd quarter. According to the draft narrative report, the total of 422 is aligned on page 40, however the breakdown adds up to 427 and the department needs to review information during verification before 31 January 2025. (JTG 119, PKS - 67,  FB - 147 and Nam - 94)",Most of the producers were supported through the implementation of PES 3 program.,None,"Annual target achieved, with most quarters over achieving the set targets.
Information is aligned to the draft narrative report on page 52.",Noted ,Annual target achieved and reflected an increase from 1323 in comparison with 2023/24 FY. ,Corrective action for the over achievement must be provided ,t is important to constantly track the changes in demand to inform future realistic planning.,Corrective action for overachievement need to be provided.,Noted,82
"Agriculture, Forestry and Fisheries",Agriculture,Northern Cape,Programme 4:  Veterinary Services,Sub Programme 4.1:	Animal Health,Quarterly,4.1.3	Number of veterinary consultations conducted,Non-Standardized,Not  Applicable,Priority 2: Economic Transformation And Job Creation,"Driver 1: Economic Transformation, Growth and Development",Not Applicable,600,994,800,1238,500,1226,500,620,2400,4078,4060,"The target was exceeded due to a strategic collaboration with the Society for the Prevention of Cruelty to Animals (SPCA), which referred their veterinary clients to our walk-in clinics.",None,,"The target was surpassed due to a strategic partnership with the Society for the Prevention of Cruelty to Animals (SPCA), channelling their veterinary clients to our walk-in clinics.",None as the service is demand driven,The targets are aligned to the APP 2024-25.  Performance is on track up to the 1st quarter with 943 veterinary consultations conducted. ,"The target was exceeded due to a strategic collaboration with the Society for the Prevention of Cruelty to Animals (SPCA), which referred their veterinary clients to our walk-in clinics.","None, the indicator is demand driven","Performance is on track up to Q2 and 84,6% achieved against the annual target up to the 2nd quarter. ","The target was exceeded due to a strategic collaboration with the Society for the Prevention of Cruelty to Animals (SPCA), which referred their veterinary clients to our walk-in clinics.",,Performance is on track with the annual target already achieved in Q3.,"The target was exceeded due to a strategic collaboration with the Society for the Prevention of Cruelty to Animals (SPCA), which referred their veterinary clients to our walk-in clinics.",None as the service is demand driven,"Annual target achieved, with all quarters over-achieving the set targets. ",,Annual target achieved and indicated an increase from the 3396 achieved in 2023/24 FY. ,,Noted.,,,82
"Agriculture, Forestry and Fisheries",Agriculture,Northern Cape,Programme 4:  Veterinary Services,Sub Programme 4.1:	Animal Health,Quarterly,Number of samples collected for targeted animal disease surveillance,Standardized,Not  Applicable,"Priority 5: Spatial Integration, Human Settlements and Local Government",-,"The Economic Sectors, Employment and Infrastructure Development cluster",111,112,111,197,111,138,111,131,444,578,578,Additional Avian Influenza samples were collected to confirm the absence of the disease before officially closing the outbreak.,None,,The foot and mouth disease outbreak in the Eastern Cape province required traceback.,None,The targets are aligned to the APP 2024-25. Performance is on track up to the 1st quarter with the quarterly target achieved as planned. ,"In the second quarter, the AI-positive farm in Jan Kempdorp was closed, therefore additional samples had to be collected to confirm the absence of the disease before the closure could effected.",None,"Performance is on track up to Q2 and 66,2% achieved against the annual target up to the 2nd quarter. ",Officials collected additional Avian Influenza samples to confirm the absence of the disease before officially closing the outbreak.,,Performance is on track with the annual target already achieved in Q3.,Officials collected additional Avian Influenza samples to confirm the absence of the disease before officially closing the outbreak.,"None, as only the required number will be collected moving forward","Annual target achieved, with all quarters over-achieving the set targets. ",None ,"Annual target achieved, but indicated a decline from the 637 achieved in 2023/24 FY. ",noted,Noted.,Corrective action for overachievement need to be provided.,None ,82
"Agriculture, Forestry and Fisheries",Agriculture,Northern Cape,Programme 4:  Veterinary Services,Sub Programme 4.1:	Animal Health,Quarterly,Number of visits to epidemiological units for veterinary interventions,Standardized,Not  Applicable,"Priority 5: Spatial Integration, Human Settlements and Local Government",-,"The Economic Sectors, Employment and Infrastructure Development cluster",800,476,1100,574,800,462,900,342,3600,1854,1854,The ability to meet the planned targets was significantly affected by cost-cutting measures and staffing shortages. These challenges have disrupted service delivery and impeded the achievement of key objectives.,"The targets were adjusted, and the situation is expected to improve in the new financial year.",,"There was a slow start in the new financial year due to officials' uncertainty about traveling while awaiting the outcome of the cost containment measures. However, we expect targets to improve in the next quarter.",An increase in planned visits to farms and facilities is expected.,"The targets are aligned to the APP 2024-25. Performance of 68,9% achieved against the quarterly target in the 1st quarter and 15,3% achieved against the annual target up to the 1st quarter. ","The new financial year began slowly as officials were uncertain about traveling while awaiting the outcome of the cost containment measures. However, we anticipate an improvement in targets during the next quarter.",An increase in planned visits to farms and facilities is expected.,"54,8% Performance against the quarterly target and 30% achieved against the annual target up to the 2nd quarter. ",Cost-cutting measures and staffing shortages have significantly impacted the directorate's ability to meet its planned targets. These constraints have hindered the effective delivery of services and compromised the achievement of key objectives.,Effort will be made to make up in quarter 4.,"54,4% performance against the quarterly target due to cost cutting measures and staff shortages. Achieved 41,3% against the annual target up to the 3rd quarter. ",The directorate’s ability to meet its planned targets has been significantly affected by cost-cutting measures and staffing shortages. Cost containment measures resulted in limited driving by officials. These challenges have disrupted service delivery and impeded the achievement of key objectives.,"The targets were adjusted, and the situation is expected to improve in the new financial year.","38,3% Performance achieved against the quarterly target with 51,6% performance achieved against the planned annual target up to the 4th quarter. The underperformance is mainly due to cost containment during the FY. ",None ,"51,5% achieved against the annual target for 2024/25. This is a decline from the 3170 achieved in the 2023/24 FY. ",Noted,Reason for variance and corrective action for under achievement  is noted,"Persistent underperformance in the province from Q1 to Q3, attributed to cost-cutting measures, should be carefully evaluated during the 2025-26 planning session.",None ,82
"Agriculture, Forestry and Fisheries",Agriculture,Northern Cape,Programme 4:  Veterinary Services,Sub Programme 4.2: Veterinary International Trade Facilitation,Quarterly,Number of veterinary certificates issued for export facilitation,Standardized,Not  Applicable,"Priority 5: Spatial Integration, Human Settlements and Local Government",-,"The Economic Sectors, Employment and Infrastructure Development cluster",300,471,300,567,300,421,200,413,1100,1872,1872,"Exports from the Northern Cape were high during the financial year, with feed and meat being the primary drivers.",None,,"Exports of both mutton and beef are significantly rising due to the weak local market and the recent initiation of trade with Saudi Arabia, Iran, and substantial beef exports to China, led by Beefmaster. Additionally, feed shipments to Namibia are exceeding expectations due to the drought.",None,The targets are aligned to the APP 2024-25.  Performance is on track up to the 1st quarter with 470 veterinary certifications issued. Aligned to the draft narrative report. ,"The severe drought conditions in Namibia are increasing the demand for feed, leading to a surge in feed certification. Additionally, there is high demand for beef and mutton, particularly because the Northern Cape province is currently free from Foot and Mouth Disease (FMD).",None,Performance is on track up to Q2 and 99% achieved against the annual target up to the 2nd quarter. ,"Exports from the Northern Cape are at a high, with feed and meat being the primary drivers.",,Performance is on track with the annual target already achieved in Q3. Aligned to the draft narrative report on page 72.,"Exports from the Northern Cape are at a high, with feed and meat being the primary drivers.",Service is demand driven,"Annual target achieved, with all quarters over-achieving the set targets. An increase reflected when compared to the previous FY from 1377  to 1877.
Information aligned to the draft narrative report on page 68.",Noted ,Annual target achieved and indicated an increase from the 1377 achieved in the 2023/24 FY. ,noted ,t is important to constantly track the changes in demand to inform future realistic planning.,Corrective action for overachievement need to be provided.,None ,82
"Agriculture, Forestry and Fisheries",Agriculture,Northern Cape,Programme 4:  Veterinary Services,Sub Programme 4.3: Veterinary Public Health,Quarterly,Number of inspections conducted on facilities producing meat,Standardized,Not  Applicable,"Priority 5: Spatial Integration, Human Settlements and Local Government",-,"The Economic Sectors, Employment and Infrastructure Development cluster",40,52,60,60,60,60,40,34,200,206,206," Additional inspection were conducted to address the downward trends in compliance at certain facilities, whereby non-conformances were addressed as soon as they were observed.",None,,Officials went above and beyond to address the downward trend in compliance at certain facilities. Non-conformances were addressed as soon as they were observed.,None,The targets are aligned to the APP 2024-25.  Performance is on track up to the 1st quarter with 52 inspections conducted. Aligned to the draft narrative report. ,None,None,Performance is on track up to Q2 and 56% achieved against the annual target up to the 2nd quarter. ,,,Performance is on track with 86% achieved against the annual target up to Q3. Aligned to the draft narrative report on page 71,"Due to drastic cost containment measures, inspections of meat-producing facilities were limited. Only those facilities with certificates nearing expiry were visited, while all other inspections were postponed to the next financial year.",None as the annual target would be met,"85% Performance achieved against the quarterly target, but annual target achieved due to over-performance in the 1st quarter. This deliverable also reflected an improvement in comparison with the previous FY from 136 to 206. 
Information aligned to the draft narrative report on page 67.",None ,Annual target achieved and indicated an increase from the 151 achieved in the 2023/24 FY. ,Corrective action for the over achievement need to be stated,100% achievement is noted,100% achievement is noted.,Noted ,82
"Agriculture, Forestry and Fisheries",Agriculture,Northern Cape,Programme 4:  Veterinary Services,Sub Programme 4.4: Veterinary Diagnostics Services,Quarterly,Number of laboratory tests performed according to approved standards,Standardized,Not  Applicable,"Priority 5: Spatial Integration, Human Settlements and Local Government",-,"The Economic Sectors, Employment and Infrastructure Development cluster",7250,4999,9250,6413,5250,4484,7250,6344,29000,22240,22240,Cost containment measures affected sample deliveries from government institutions as well as the opening of a private laboratory in the Free State.,Targets for the next financial year were reviewed,,"The opening of the Western Cape Provincial Laboratory likely contributed to not meeting the target. Additionally, the Free State Province, which used to provide most of the samples, now has a private laboratory accredited for Brucella abortus screening, leading to fewer samples being sent to us for confirmation.","Since the service is demand-driven, it would be prudent to revise the quarterly targets.",The targets are aligned to the APP 2024-25.  Performance of 70% against the quarterly target in the 1st quarter. Less tests performed in comparison with previous financial years due to WC and FS not sending samples to NC. 4999 is aligned to the draft narrative report. ,"The opening of the Western Cape Provincial Laboratory might have contributed to the failure to achieve the target. Additionally, the Free State Province, which previously supplied most of the samples, now has a private laboratory accredited for Brucella abortus screening, leading to a reduction in the number of samples sent for confirmation.","Since the service is demand-driven, it would be prudent to revise the quarterly targets.","69,3% Performance against the quarterly target in Q2 and 39,4% achieved against the annual target up to the 2nd quarter. (Aligned to the draft narrative report on page 65)",Drastic cost containment measures affected sample deliveries from government institutions as well as the opening of a private laboratory in the Free State.,Targets will be revised in the next cycle.,"85,2% Performance achieved against the 3rd quarter target due to cost containment, resulting in 54,8% achieved against the annual target up to the 3rd quarter. Information reflected in the draft narrative report on page 72 is 2802 and needs to be reviewed before final reports are submitted by 31 January 2025. ",Cost containment measures affected sample deliveries from government institutions as well as the opening of a private laboratory in the Free State.,The approval of the revised targets might save face for the Veterinary Diagnostic Service.,"82,9% Performance achieved against the quarterly target, with 75,5% performance achieved against the planned annual target. Cost containment and the opening of a private laboratory in the FS impacted on the delivery of this indicator against the set targets. 
Information aligned to the draft narrative report on page 68. ",Noted ,Achieved 76% against the annual target and indicating a decrease from the 55 726 achieved in the 2023/24 due to samples from neighbour provinces. ,"The impact of the opening of the Western Cape Provincial Laboratory and the accreditation of a private laboratory in the Free State Province on the performance is acknowledged. These are significant external factors affecting the number of samples received. However, mentioning the reopening of the Western Cape Laboratory gives the impression that targets were set based on temporary circumstances. In this case, the Western Cape Laboratory was undergoing renovations, leading to increased sample volumes in the last cycle. It is always important to ensure that the targets set are realistic and reflective of consistent past trends.
",The reason for variance and corrective action for the underachievement is noted.,"Persistent underperformance in the province from Q1 to Q3, attributed to cost-cutting measures, should be carefully evaluated during the 2025-26 planning session.",Noted ,82
"Agriculture, Forestry and Fisheries",Agriculture,Northern Cape,Programme 4:  Veterinary Services,Sub Programme 4.5: Veterinary Technical Support Services,Quarterly,Number of Performing Animals Protection Act (PAPA) registration licences issued,Standardized,Not  Applicable,"Priority 5: Spatial Integration, Human Settlements and Local Government",-,"The Economic Sectors, Employment and Infrastructure Development cluster",0,,0,,3,5,0,1,3,6,6,"Due to the demand of the service, additional applications were received and registration license were issued.",None,,,,The targets are aligned to the APP 2024-25.  Nothing planned for the 1st quarter. ,,,Nothing planned up to the 2nd quarter. ,"A long-expired license in Kleinzee was renewed, and approval was granted for a new facility.",,Performance is on track and the annual target achieved in the 3rd quarter. ,"Due to the demand of the service, an application was received and a registration license was issued.",None,"Annual target achieved, increasing from 4 to 6 in comparison with the previous FY performance.",None ,Annual target achieved and indicated an increase from the 4 achieved in 2023/24 FY. ,,N/A,Corrective action for overachievement need to be provided.,None ,82
"Agriculture, Forestry and Fisheries",Agriculture,Northern Cape,Programme 5:	Research and Technology Development Services,Sub Programme 5.1: Agricultural Research,Annually,Number of research projects implemented to improve agricultural production,Standardized,Not  Applicable,"Priority 5: Spatial Integration, Human Settlements and Local Government",-,"The Economic Sectors, Employment and Infrastructure Development cluster",,,,,,,7,7,7,7,7,None,None,,,,,,,,,,,,,,"None, target achieved as planned.",Annual target achieved as planned and maintained the performance achieved in 2023/24 FY.,,,,,82
"Agriculture, Forestry and Fisheries",Agriculture,Northern Cape,Programme 5:	Research and Technology Development Services,Sub Programme 5.1: Agricultural Research,Quarterly,5.1.3 Number of biodiversity and ecological information disseminated,Non-Standardized,Not  Applicable,Priority 2: Economic Transformation And Job Creation,Driver 3: Environmental Sustainability and Resilience,"The Economic Sectors, Employment and Infrastructure Development cluster",4,4,4,4,4,4,4,4,16,16,16,,,,,,The targets are aligned to the APP 2024-25. Performance is on track up to the 1st quarter with the quarterly target achieved as planned. ,None,None,"Performance is on track up to Q2 with 62,5% achieved against the annual target. ",,,Performance is on track with quarterly targets achieved as planned. 75% achieved against the annual target up to the 3rd quarter. ,None,None,Quarterly and annual targets achieved as planned,,Annual target achieved as planned. ,,The reason for deviation and corrective action is noted.,,,82
"Agriculture, Forestry and Fisheries",Agriculture,Northern Cape,Programme 5:	Research and Technology Development Services,Sub Programme 5.2: Technology Transfer Services,Annually,Number of new technologies developed for the smallholder producers,Standardized,Not  Applicable,"Priority 5: Spatial Integration, Human Settlements and Local Government",-,"The Economic Sectors, Employment and Infrastructure Development cluster",,,,,,,1,1,1,1,1,None,None,,,,,,,,,,,,,,"None, target achieved as planned.",Annual target achieved as planned and maintained the performance achieved in 2023/24 FY.,,,,,82
"Agriculture, Forestry and Fisheries",Agriculture,Northern Cape,Programme 5:	Research and Technology Development Services,Sub Programme 5.2: Technology Transfer Services,Annually,Number of scientific papers published,Standardized,Not  Applicable,"Priority 5: Spatial Integration, Human Settlements and Local Government",-,"The Economic Sectors, Employment and Infrastructure Development cluster",,,,,,,2,2,2,2,2,None,None,,,,,,,,,,,,,,"None, target achieved as planned.",Annual target achieved as planned and reflected a decrease against the 4 scientific papers published in 2023/24 FY.,,,,,82
"Agriculture, Forestry and Fisheries",Agriculture,Northern Cape,Programme 5:	Research and Technology Development Services,Sub Programme 5.2: Technology Transfer Services,Quarterly,5.2.5 Number of scientific investigations conducted ,Non-Standardized,Not  Applicable,Priority 2: Economic Transformation And Job Creation,Driver 3: Environmental Sustainability and Resilience,"The Economic Sectors, Employment and Infrastructure Development cluster",1,3,1,1,1,1,1,1,4,6,6,The indicator is demand driven.,,,The indicator is demand driven.,None,The targets are aligned to the APP 2024-25.  Performance is on track up to the 1st quarter with the quarterly target achieved as planned. ,None,None,Performance is on track with  the annual target already achieved up to the 2nd quarter. ,,,Performance is on track with the annual target already achieved.,,,Quarterly target achieved as planned. Annual target achieved up to the 4th quarter. ,,Annual target achieved and indicated an improvement from the 4 investigations conducted in 2023/24 FY. ,,100% achievement is noted,,,82
"Agriculture, Forestry and Fisheries",Agriculture,Northern Cape,Programme 5:	Research and Technology Development Services,Sub Programme 5.2: Technology Transfer Services,Quarterly,Number of research presentations made at peer reviewed events,Standardized,Not  Applicable,"Priority 5: Spatial Integration, Human Settlements and Local Government",-,"The Economic Sectors, Employment and Infrastructure Development cluster",0,,2,2,3,3,0,0,5,5,5,,,,,,The targets are aligned to the APP 2024-25.  Nothing planned for the 1st quarter. ,None,None,Performance is on track with quarterly target achieved as planned. ,,,Performance is on track with quarterly targets achieved as planned. Annual target achieved in Q3. ,,,"Annual target achieved. The DAERL is reminded to provide a reason for deviation in the 4th quarter, as nothing was planned for the quarter. There was an increase from 5 to 8 presentations in comparison with the previous FY","None, target achieved as planned.",Annual target achieved as planned and maintained the performance achieved in 2023/24 FY.,,100% achievement is noted,100% performance is noted.,Reason for deviation must be provided,82
"Agriculture, Forestry and Fisheries",Agriculture,Northern Cape,Programme 5:	Research and Technology Development Services,Sub Programme 5.2: Technology Transfer Services,Quarterly,Number of research presentations made at technology transfer events,Standardized,Not  Applicable,"Priority 5: Spatial Integration, Human Settlements and Local Government",-,"The Economic Sectors, Employment and Infrastructure Development cluster",3,1,3,3,3,3,0,2,9,9,9,,,,"Due to cost containment and restrictions on travelling, officials were unable to travel to technology transfer events. ",None,The targets are aligned to the APP 2024-25.  Performance is on track up to the 1st quarter with the quarterly target achieved as planned. ,None,None,"Quarterly target achieved, however, the gap of the 1st quarter still remains, with 44,4% achieved against the annual target up to the 2nd quarter. (Aligned to the draft narrative report on page 69)",,,"Quarterly target achieved and gap of Q1 still remains, resulting in 77,78% achieved against the annual target up to the 3rd quarter. ",Presentation were conducted to make up for the under performance of the first quarter.,,"Annual target achieved, with DAERL reflecting additional presentations in the 4th quarter, addressing the gap of Q1. The DAERL is reminded to provide reasons for deviation in the 4th quarter. There was an increase from 9 to 10 presentations in comparison with the previous financial year. ","None, target achieved as planned",Annual target achieved and maintained the performance achieved in 2023/24 FY. ,Noted,100% achievement is noted,100% performance is noted.,Reasons for deviation must be provided,82
"Agriculture, Forestry and Fisheries",Agriculture,Northern Cape,Programme 5:	Research and Technology Development Services,Sub Programme 5.3: Research Infrastructure Support Services,Annually,Number of research infrastructure managed,Standardized,Not  Applicable,"Priority 5: Spatial Integration, Human Settlements and Local Government",-,"The Economic Sectors, Employment and Infrastructure Development cluster",,,,,,,6,6,6,6,6,None,None,,,,,,,,,,,,,,"None, target achieved as planned.",Annual target achieved as planned and maintained the performance achieved in 2023/24 FY.,,,,,82
"Agriculture, Forestry and Fisheries",Agriculture,Northern Cape,Programme 6: Agricultural Economic Services,Sub Programme 6.1: Production Economics and Marketing Support,Annually,6.1.4 Number of new agricultural cooperatives registered,Non-Standardized,Not  Applicable,Priority 2: Economic Transformation And Job Creation,"Driver 1: Economic Transformation, Growth and Development","The Economic Sectors, Employment and Infrastructure Development cluster",,,,,,,6,4,6,4,4,The registration process of two cooperatives overlapped into the next financial year largely due to system glitches.,None,,,,,,,,,,,,,,,"Achieved 66,67% against the annual target, maintaining the same number of agricultural cooperatives registered then in 2023/24 FY.",,,,,82
"Agriculture, Forestry and Fisheries",Agriculture,Northern Cape,Programme 6: Agricultural Economic Services,Sub Programme 6.1: Production Economics and Marketing Support,Quarterly,Number of agribusinesses supported with Black Economic Empowerment advisory services,Standardized,Not  Applicable,"Priority 5: Spatial Integration, Human Settlements and Local Government",-,"The Economic Sectors, Employment and Infrastructure Development cluster",0,,0,3,0,,6,9,6,12,9,"Some institutions were not in the plan, but opportunities arose, and such opportunities were taken advantage of. E.g. while there for a different reason, use was made to bring this factor in. ",None,,,,The targets are aligned to the APP 2024-25.  Nothing planned for the 1st quarter. ,The target is annual so final achievement will be reported in quarter 4.,None,"Nothing planned up to the 2nd quarter, however, progress of 3 reflected in the 2nd quarter (50% of annual target). Aligned to the draft narrative report on page 84.",,,"Nothing planned up to the 3rd quarter, but performance reflected in Q2 resulting in 50% achieved against the annual target up to Q3. ",Took advantage and visited agribusinesses which were not on the list of being approached every time we found ourselves next to one.  ,None,Annual target achieved. Information aligned to the draft narrative report on page 85.,None ,"Annual target achieved, aligned to what was reported in Q4. A decrease reflected in comparison with the 13 supported in 2023/24 FY. ",,Noted.,,None ,82
"Agriculture, Forestry and Fisheries",Agriculture,Northern Cape,Programme 6: Agricultural Economic Services,Sub Programme 6.1: Production Economics and Marketing Support,Quarterly,Number of agri-businesses supported with marketing services,Standardized,Not  Applicable,"Priority 5: Spatial Integration, Human Settlements and Local Government",-,"The Economic Sectors, Employment and Infrastructure Development cluster",20,26,40,13,40,97,40,72,140,208,208,Information sessions with open-ended invitations are attended by many and this led to overachievement. ,None,,Some information sessions are organised by farmers and therefore the number attending is not controlled by the department and a more than expected number attends.,Review target ,The targets are aligned to the APP 2024-25. Performance is on track up to the 1st quarter with 26 agri-businesses supported with marketing services. Aligned to the draft narrative report. ,"The target has been overachieved in the first quarter and therefore due to cost containment, available resources are diverted towards achieving other targets.",Work towards achieving more in the next quarter,"35% performance against the quarterly target in Q2, with 28,6% achieved against the annual target up to the 2nd quarter. (Alignment with the eQPRS and draft narrative report - page 81)",The information sessions on marketing information were open for and therefore more people attended the session,,Quarterly target over achieved to address 2nd quarter gap. Annual target also achieved in Q3. Information aligned to the draft narrative report on page 83. ,Activities that could not be performed in the previous quarter either due to cost containment or late approval of CASP funding ended up being done in the quarter under review,Review target,"Quarterly target over achieved and annual target achieved up to the 4th quarter.  Decrease in agri-businesses supported in comparison with the 268 of the previous FY.
Information on page 75 of the draft narrative report is aligned to the output captured on eQPRS. ",None ,Annual target achieved and indicated a decrease from the 268 achieved in 2023/24 FY. ,Noted,"Noted, however, it is important to elaborate on factors that led to early implementation.",Corrective action for overachievement is noted.,None ,82
"Agriculture, Forestry and Fisheries",Agriculture,Northern Cape,Programme 6: Agricultural Economic Services,Sub Programme 6.1: Production Economics and Marketing Support,Quarterly,Number of clients supported with production economic services,Standardized,Not  Applicable,"Priority 5: Spatial Integration, Human Settlements and Local Government",-,"The Economic Sectors, Employment and Infrastructure Development cluster",5,74,15,153,10,18,10,23,40,268,268,More reached out at an information event organized by Saam Trek farmer organization for which the department had no control over attendance,None,,the information sessions are organised by farmers and therefore the number attending is not controlled by the department and more than expected number attends ,Additional request and group attendance,"The targets are aligned to the APP 2024-25.  Significant over performance reflected in the 1st quarter, already exceeding the annual target. ",Reached out to more client at the event organised by a Farmer Organization and attended by a large number of participants. ,None,Significant over performance reflected in Q1 nd Q2 with annual target already achieved. (Aligned with draft narrative report on page 83),Additional people attended the information sessions ,,Performance is on track with quarterly targets achieved. Annual target already achieved up to Q3. ,Additional requests from emerging from walk in clients,Review target,"Quarterly target achieved and Annual target significantly over-achieved up to the 4th quarter. This deliverable indicates an increase from 179 to 259 in comparison with the previous FY.
Information aligned to the draft narrative report (page 84)","Predetermined targets should be informed by what is within the control of the department. if going forward the farmer organisations will continue to organise the information days, then there is a need to consult with them during planning so that appropriate estimation of targeted farmers as well as current performance trends can be used to inform future target setting.",Annual target significantly over achieved and indicated an improvement from the 179 clients supported in 2023/24 FY. ,"The annual target was already exceeded by 115% in the first quarter, which suggests that there may have been shortcomings in the planning process.",It is important to track the trends and changes in demand for realistic future planning. ,Corrective action for overachievement is noted.,None ,82
"Agriculture, Forestry and Fisheries",Agriculture,Northern Cape,Programme 6: Agricultural Economic Services,Sub Programme 6.2: Agro-Processing Support,Annually,Number of agri-businesses supported with agro-processing initiatives,Standardized,Not  Applicable,"Priority 5: Spatial Integration, Human Settlements and Local Government",-,"The Economic Sectors, Employment and Infrastructure Development cluster",,,,,,,7,7,7,7,7,None,None,,,,,,,,,,,,,,"None, target achieved as planned.",Annual target achieved as planned and maintained the performance achieved in 2023/24 FY.,,,,,82
"Agriculture, Forestry and Fisheries",Agriculture,Northern Cape,Programme 6: Agricultural Economic Services,Sub Programme 6.3: Macroeconomics Support,Quarterly,Number of economic reports compiled,Standardized,Not  Applicable,"Priority 5: Spatial Integration, Human Settlements and Local Government",-,"The Economic Sectors, Employment and Infrastructure Development cluster",4,4,4,4,5,5,5,5,18,18,18,None,None,,,,The targets are aligned to the APP 2024-25.  Performance is on track up to the 1st quarter with the quarterly target achieved as planned. ,None,None,Performance is on track with quarterly target achieved as planned. (Aligned to the draft narrative report on page 85),,,Performance is on track with quarterly targets achieved as planned. 72% Achieved against the annual target up to Q3. Information aligned to the draft narrative report on page 88. ,,,Quarterly and annual targets achieved as planned. Aligned to the information reflected in the narrative report on page 88.,,Annual target achieved as planned and maintained the performance achieved in 2023/24 FY.,Noted,100% achievement is noted,100% performance is noted.,None ,82
"Agriculture, Forestry and Fisheries",Agriculture,Northern Cape,Programme 7: Agricultural Education and Training,Sub Programme 7.1: Higher Education and Training,Annually,Number of students graduated with agricultural qualification,Standardized,Not  Applicable,"Priority 5: Spatial Integration, Human Settlements and Local Government",-,"The Economic Sectors, Employment and Infrastructure Development cluster",,,,,,,,,,,,,,,,,,,,,,,,,,,Exempted from planning for this indicator.,This deliverable is not planned for the NC for this financial year. (Exemption received for this deliverable),,,,,82
"Agriculture, Forestry and Fisheries",Agriculture,Northern Cape,Programme 7: Agricultural Education and Training,Sub Programme 7.2: Agricultural Skills Development,Quarterly,Number of participants trained in skills development programmes in the sector,Standardized,Not  Applicable,"Priority 5: Spatial Integration, Human Settlements and Local Government",-,"The Economic Sectors, Employment and Infrastructure Development cluster",50,102,250,555,350,756,350,957,1000,2370,2370,"Training provided is open to all farmers and community members, thus making it difficult to control the number of participants attending.",None,,"Training provided is open to all farmers and community members, thus making it difficult to control the number of participants attending.",None,"The targets are aligned to the APP 2024-25. Performance is on track up to the 1st quarter, with 103 participants trained.","Due to involvement of other agricultural stakeholders, additional trainings were provided e.g. ARC (Agricultural Research Council) ",None,Performance is on track up to Q2 with 50% achieved against the annual target. (Draft narrative report aligned to 397 reflected in eQPRS (page 29) ,"More participants received
training due to additional
training from other
agricultural stakeholders
 e.g. BKB, KLK",,"Performance is on track with quarterly targets achieved. Annual target already achieved up to Q3. Please be reminded to provide reason for deviation before the final submission on 31 January 2025. Aligned to information in draft narrative report on page 34 (FB - 144, JTG - 159, PKS - 20, ZFM - 47 and Nam - 263)","Training provided is open to all farmers and community members, thus making it difficult to control the number of participants attending.",none,"Significant over performance reflected quarter on quarter. Significant increase noted from 1187 to 2620 when comparing 2023/24 FY output. 
Information on page 39 of the draft narrative report and under CG section, reflected a total fo 1027 participants trained. Please review and verify information before final submission.",Noted ,Annual target significantly over achieved and indicated an improvement from the 1187 participants trained in 2023/24 FY. ,Corrective action statement  for the over achievement needs to be provided,It is important to track trends and changes in demand to inform future realistic target setting during the planning phase.,Reason for deviation and corrective action for the over achievement is noted.,The corrective action does not address the root cause of the deviation. ,82
"Agriculture, Forestry and Fisheries",Agriculture,Northern Cape,Programme 8: Rural Development ,Sub Programme 8.1: Rural Development Coordination ,Quarterly,7.1.1 Number of farmworker advocacy sessions held,Non-Standardized,Not  Applicable,Priority 6: Social Cohesion and Safer Communities,Driver 2: Social Equity and Human Welfare ,"The Social Protection, Community and Human Development cluster",5,7,5,5,5,5,5,5,20,22,22,	More Sessions were conducted due to more farm workers requesting to be informed about National Elections and the Public Holiday linked to these elections.,None,,More Sessions were conducted due to more farm workers requesting to be informed about National Elections and the Public Holiday linked to these elections.,,"The targets are aligned to the APP 2024-25.  Performance is on track up to the 1st quarter, with 7 advocacy sessions held. Please provide reason for deviation for this over performance before the final submission on 31 July 2024. ",None,None,Performance is on track up to the 2nd quarter. (Aligned to the draft narrative report on page 87),,,Performance is on track with quarterly targets achieved. 85% achieved against the annual target up to the 3rd quarter. Information is aligned to the draft narrative report on page 92.  ,None,None,Quarterly and annual targets achieved as planned. Information aligned to the narrative report on page 92.,,Annual target achieved and reflected a slight increase from the 21 sessions held in 2023/24 FY. ,,,,,82
"Agriculture, Forestry and Fisheries",Agriculture,Northern Cape,Programme 8: Rural Development ,Sub Programme 8.1: Rural Development Coordination ,Quarterly,7.1.2 Number of farm workers assisted to access government services,Non-Standardized,Not  Applicable,Priority 6: Social Cohesion and Safer Communities,Driver 2: Social Equity and Human Welfare ,"The Social Protection, Community and Human Development cluster",200,865,300,224,400,234,200,201,1100,1524,1524,More farm workers were accessed as the Department intensified the registration of farm workers as Voters for the Section 24A Applications,None,,More farm workers were accessed as the Department intensified the registration of farm workers as Voters for the Section 24A Applications,None,The targets are aligned to the APP 2024-25.  Significant over performance reflected in the 1st quarter.,Travelling declined due to cost containment measures,None,"Although there is an under-performance reflected in the 2nd quarter, the performance up to the 2nd quarter is on track, with the annual target already achieved. ","Due to austerity measures and restriction to the number of officials travelling, the set target could not be reached.",Effort will be made to meet the target in the next quarter,Performance is on track and the annual target achieved in the 3rd quarter. ,None,None,Quarterly and annual targets achieved up to the 4th quarter. ,,Annual target achieved and reflected an increase from 909 farm workers assisted in 2023/24 FY. ,,,,,82
"Agriculture, Forestry and Fisheries",Agriculture,Northern Cape,Programme 8: Rural Development ,Sub Programme 8.1: Rural Development Coordination ,Quarterly,7.1.3 Number of Land Holding Institutions (LHI) supported ,Non-Standardized,Not  Applicable,Priority 6: Social Cohesion and Safer Communities,Driver 2: Social Equity and Human Welfare ,"The Social Protection, Community and Human Development cluster",3,3,3,3,3,3,3,2,12,11,12,None,None,,,,The targets are aligned to the APP 2024-25.  Performance is on track up to the 1st quarter with the quarterly target achieved as planned. ,None,None,Performance is on track with quarterly target achieved as planned. ,,,Performance is on track with quarterly targets achieved as planned. 75% achieved against the annual target up to the 3rd quarter. ,"Due to conflict between community members at Komagas, the planned meeting to support the CPA could not take place.",None,"66,67% Performance achieved against the quarterly target in Q4, with 91,67% achieved against the planned annual target up to the 4th quarter. ",,Annual target achieved and indicated an increase from the 9 supported in 2023/24 FY. ,,,,,82
"Agriculture, Forestry and Fisheries",Agriculture,Northern Cape,Programme 8: Rural Development ,Sub Programme 8.1: Rural Development Coordination ,Quarterly,7.1.4 Number of municipalities supported to manage commonages,Non-Standardized,Not  Applicable,Priority 6: Social Cohesion and Safer Communities,Driver 2: Social Equity and Human Welfare ,"The Social Protection, Community and Human Development cluster",5,5,7,7,9,9,5,5,26,26,26,None,None,,,,"The targets are aligned to the APP 2024-25.  Performance is on track up to the 1st quarter with the quarterly target achieved as planned. ( Hantam LM, David Kruiper LM, Phokwane LM, Ubutu LM, Kareeberg LM)",None,None,"Performance is on track with quarterly target achieved as planned. (According to the draft narrative report: Sol Plaatje, Gamagara, Kai!Garib, Siyathemba, Thembelihle, Gasegonyana and Joe Morolong)",,,"Performance is on track with quarterly targets achieved as planned. 80,8% achieved against the annual target up to the 3rd quarter. Information is aligned to the draft narrative report on page 94 (Tsantsabane, Dikgatlong, Sol Plaatje, Namakhoi, Renosterberg, Khai Ma, Kgatelopele, Kheis, Siyancuma)",None,None,"Quarterly and annual targets achieved as planned. Aligned to the narrative report on page 90. (Emthanjeni, Umsobomvu, Richtersveld, Kamiesberg, Karoo Hoogland)",,Annual target achieved as planned and reflected an increase from 21 municipalities supported in 2023/24 FY,,,,,82
"Agriculture, Forestry and Fisheries",Agriculture,Northern Cape,Programme 8: Rural Development ,Sub Programme 8.2: Social Facilitation ,Quarterly,7.2.1 Number of Council of Stakeholders (CoS) established ,Non-Standardized,Not  Applicable,Priority 6: Social Cohesion and Safer Communities,Driver 2: Social Equity and Human Welfare ,"The Social Protection, Community and Human Development cluster",1,1,1,0,1,2,1,0,4,3,3,Due to cost containment targets could not be met.,None,,,,The targets are aligned to the APP 2024-25.  Performance is on track up to the 1st quarter with the quarterly target achieved as planned. (Dawid Kruiper Municipality),Officials could not travel due cost containment measures,None,"Under performance reflected in Q2 against the quarterly target, due to cost containment. 25% achieved against the annual target up to the 2nd quarter. ",The extra establishment was conducted to make up for the Q2 shortfall.,,Performance is on track with quarterly targets achieved and gap of Q2 addressed. 75% achieved against the annual target up to the 3rd quarter. Information aligned to the draft narrative report on page 97. (Ubuntu and Dikgatlong municpalities) ,Due to cost containment targets could not be met.,None,No performance against the Q4 target and 75% performance achieved against the planned annual target up to the 4th quarter. ,,"Achieved 75% against the annual target, with an improvement from 3 established in 2023/24 FY",,,,,82
"Agriculture, Forestry and Fisheries",Agriculture,Northern Cape,Programme 8: Rural Development ,Sub Programme 8.3: Entended Public Works Programme,Annually,7.3.1 Number of projects implemented,Non-Standardized,Not  Applicable,Priority 2: Economic Transformation And Job Creation,"Driver 1: Economic Transformation, Growth and Development","The Economic Sectors, Employment and Infrastructure Development cluster",,,,,,,5,9,5,9,9,The planned target exceeded due the roll out of the Presidential Employment Stimulus (PES) project.,None,,,,,,,,,,,,,,,Annual target achieved and improved from 8 projects implemented in 2023/24,,,,,82
"Agriculture, Forestry and Fisheries",Agriculture,Northern Cape,Programme 8: Rural Development ,Sub Programme 8.3: Entended Public Works Programme,Annually,7.3.3 Number of FTE’s created through environmental projects,Non-Standardized,Not  Applicable,Priority 2: Economic Transformation And Job Creation,"Driver 1: Economic Transformation, Growth and Development","The Economic Sectors, Employment and Infrastructure Development cluster",,,,,,,51,108,51,108,108,"Due to the implementation of additional projects, the output was exceeded.",None,,,,,,,,,,,,,,,"Annual target achieved and improved from the 58,39 FTEs created in 2023/24 FY. ",,,,,82
