Sector,Institution,Programme,SubProgramme,Location,Frequency,Indicator,Type,SubType,Outcome,Cluster,Target_Q1,ActualOutput_Q1,Target_Q2,ActualOutput_Q2,Target_Q3,ActualOutput_Q3,Target_Q4,ActualOutput_Q4,AnnualTarget_Summary2,Preliminary_Summary2,PrelimaryAudited_Summary2,ReasonforDeviation_Summary,CorrectiveAction_Summary,ValidatedAudited_Summary2,ReasonforDeviation_Q1,CorrectiveAction_Q1,ReasonforDeviation_Q2,CorrectiveAction_Q2,ReasonforDeviation_Q3,CorrectiveAction_Q3,ReasonforDeviation_Q4,CorrectiveAction_Q4,DesiredPerformance,UID
Higher Education and Training,Higher Education and Training,National,Programme 1: Administration,Programme 1: Administration,Annually,Audit opinion received from the AG of South Africa,Standardized,Not  Applicable,"Priority 3: Education, Skills And Health",Not Applicable,"Clean audit
outcome",Unqualified audit opinion with findings Not achieved,,,,,,,"Clean audit
outcome",,,"Internal control deficiencies in the in the planning, management and reporting processes","Implement corrective actions in ensuring attainment of a clean audit and on-going engagements with relevant management to respond to audit issues and interventions escalated to management.
",,,,,,,,,,,193
Higher Education and Training,Higher Education and Training,National,Programme 1: Administration,Programme 1: Administration,Quarterly,Percentage of disciplinary cases resolved within 90 days per annum,Standardized,Not  Applicable,"Priority 3: Education, Skills And Health","Governance, State Capacity and Institutional Development cluster",80 %,81 %,80 %,67 %,80 %,88 %,80 %,82 %,80 %,318 %,,,,,,,"Due to financial constraints from the college. Promotions of employees in from the Dept affected the turnaround time. Key witnesses’ unavailability and postponements. In certain instances, the charged employee is on a prolong sick leave and applied for medical boarding. In another case, the chairperson delayed submitting her sanction report. ",The branch will issue circular reminding the colleges to finalise disciplinary hearings within 90 days ,None ,None ,N/A,,,193
Higher Education and Training,Higher Education and Training,National,Programme 1: Administration,Programme 1: Administration,Quarterly,Percentage of network connectivity uptime per annum,Standardized,Not  Applicable,"Priority 3: Education, Skills And Health","Governance, State Capacity and Institutional Development cluster",95 %,99.65 %,95 %,96.71 %,95 %,99.54 %,95 %,82 %,95 %,0 %,,,,,,,n/a,n/a,None ,None ,N/A,,,193
Higher Education and Training,Higher Education and Training,National,Programme 1: Administration,Programme 1: Administration,Quarterly,Percentage of public procurement set aside for: Black-owned businesses,Standardized,Not  Applicable,"Priority 3: Education, Skills And Health","Governance, State Capacity and Institutional Development cluster",70 %,86.07 %,70 %,73 %,70 %,81.70 %,70 %,87 %,70 %,0 %,,,,,,,n/a,n/a,None,None ,N/A,,,193
Higher Education and Training,Higher Education and Training,National,Programme 1: Administration,Programme 1: Administration,Quarterly,Percentage of public procurement set aside for: Businesses owned by people living with disabilities,Standardized,Not  Applicable,"Priority 3: Education, Skills And Health","Governance, State Capacity and Institutional Development cluster",7 %,0.02 %,7 %,0.95 %,7 %,0.69 %,7 %,7 %,7 %,0 %,,,,,,,"Over the past financial year, allocating procurement to businesses owned by persons with disabilities has failed consistently. A concerted effort was launched to identify business on the National Treasury Central Supplier Database (CSD). At a Supply Chain Management (SCM) forum hosted by National Treasury, the Department reported this challenge, and other national departments declared the same challenge. Many have considerably decreased their target or deselected this target.   ","The Department continues to strive in achieving this target by scanning the CSD when procuring through Request for Quotation (RFQ).
We therefore prioritise business owned by persons with disabilities when procuring through RFOs
","Lack of sufficient proof of disability during evaluation process.

A few businesses that are owned by people living with disability (Limited market of businesses owned by people living with disability).

	","Continuously engaging the National Treasury to influence the market of businesses owned by specific category/ies) in the National Database
",N/A,,,193
Higher Education and Training,Higher Education and Training,National,Programme 1: Administration,Programme 1: Administration,Quarterly,"Percentage of public procurement set aside for: Small, Medium and Macro Enterprises (SMME’s)",Standardized,Not  Applicable,"Priority 3: Education, Skills And Health","Governance, State Capacity and Institutional Development cluster",30 %,69.18 %,30 %,67.46 %,30 %,65.83 %,30 %,48 %,30 %,0 %,,,,,,,n/a,n/a,None ,None ,N/A,,,193
Higher Education and Training,Higher Education and Training,National,Programme 1: Administration,Programme 1: Administration,Quarterly,Percentage of public procurement set aside for: Women-owned businesses,Standardized,Not  Applicable,"Priority 3: Education, Skills And Health","Governance, State Capacity and Institutional Development cluster",40 %,43.36 %,40 %,54.03 %,40 %,51.05 %,40 %,46 %,40 %,0 %,,,,,,,n/a,n/a,None ,None ,N/A,,,193
Higher Education and Training,Higher Education and Training,National,Programme 1: Administration,Programme 1: Administration,Quarterly,Percentage of public procurement set aside for: Youth-owned businesses,Standardized,Not  Applicable,"Priority 3: Education, Skills And Health","Governance, State Capacity and Institutional Development cluster",30 %,41.17 %,30 %,32.57 %,30 %,16.46 %,30 %,32 %,30 %,0 %,,,,,,,n/a,n/a,"A few businesses that are owned by people living with disability (Limited market of businesses owned by youth).

	
",Continuously engaging the National Treasury to influence the market of businesses owned by specific category/ies) in the National Database,N/A,,,193
Higher Education and Training,Higher Education and Training,National,Programme 1: Administration,Programme 1: Administration,Quarterly,Percentage of vacancy rate reduced per annum ,Standardized,Not  Applicable,"Priority 3: Education, Skills And Health","Governance, State Capacity and Institutional Development cluster",10 %,9.90 %,10 %,5.6 %,10 %,16.70 %,10 %,7.90 %,10 %,0 %,,,,,,,n/a,n/a,"Moratorium on filling of posts by the Minister. 

	","The Department has divided Human Resource Management into three streams to deal with all the recruitment process and fast-track the appointments.
",N/A,,,193
Higher Education and Training,Higher Education and Training,National,Programme 1: Administration,Programme 1: Administration,Quarterly,Percentage of valid invoices received from creditors paid within 30 days,Standardized,Not  Applicable,"Priority 3: Education, Skills And Health","Governance, State Capacity and Institutional Development cluster",100 %,99.80 %,100 %,99.96 %,100 %,100 %,100 %,100 %,100 %,0 %,,,,,Large volumes of invoices received from suppliers which led to some orders to be closed and payments for same orders were processed manually since the services were rendered. ,All manual payments were checked according to the receipt dates and some payments were prioritized for processing within 30-day payment threshold. ,"There was a late payment which resulted from unavailability of the responsible manager, the delayed approval was escalated to Supply Chain Management for super-approval, further delays were also due to connectivity challenges at SCM and Finance. ","The super-approval function relating to travel expenditure was extended to Supply Chain Management senior managers.
Continuous communication pertaining to system unavailability and limited access to the payment systems
",None ,None ,N/A,,,193
Higher Education and Training,Higher Education and Training,National,"Programme 2: Planning, Policy and Strategy ","Programme 2: Planning, Policy and Strategy ",Annually,Detailed designs  on the construction  of the two new  universities approved  for implementation,Not Applicable,Not  Applicable,"Priority 3: Education, Skills And Health",Not Applicable,,,,,,,"Detailed designs on 
the construction of the 
two new universities 
approved by the 
Director-General by 
31 March 2025 for 
implementation","Target Not Achieved

Detailed designs on the
construction of the two new universities were not approved by the Director-General as planned
","Detailed designs on 
the construction of the 
two new universities 
approved by the 
Director-General by 
31 March 2025 for 
implementation",,,The two universities were planned for construction in the sixth administration.  The plan was presented to the Cabinet which advised that private funding be solicited.  National Treasury also reduced the operationalization budget for institutions which meant that accelerating construction would not be in the best interest of the institutions as they would not be able to operate optimally,The Department is currently exploring the funding model for the institutions,,,,,,,,,,,193
Higher Education and Training,Higher Education and Training,National,"Programme 2: Planning, Policy and Strategy ","Programme 2: Planning, Policy and Strategy ",Annually,Monitoring report on  the implementation  of “Transforming  MENtalities”  Programme approved  annually,Not Applicable,Not  Applicable,"Priority 3: Education, Skills And Health",Not Applicable,,,,,,,"Report on the 
implementation 
of “Transforming 
MENtalities” Programme 
approved by the 
Director-General by 31 
March 2025","Target Achieved

A submission on the implementation of the “Transforming Mentalities’’ Programme was approved by the Director-General on 25 March 2025 ","Report on the 
implementation 
of “Transforming 
MENtalities” Programme 
approved by the 
Director-General by 31 
March 2025",,,None,None,,,,,,,,,,,193
Higher Education and Training,Higher Education and Training,National,"Programme 2: Planning, Policy and Strategy ","Programme 2: Planning, Policy and Strategy ",Annually,Monitoring report on the implementation of the Sexual Offences Amendment Act (Act 32 of 2007) (and Related Matters) in the PSET system approved annually ,Not Applicable,Not  Applicable,"Priority 3: Education, Skills And Health",Not Applicable,,,"Report on the 
implementation of 
the Sexual Offences 
Amendment Act (Act 
32 of 2007) (and Related 
Matters) in the PSET 
system approved by the 
Director-General by 30 
September 2024","Target Achieved

The Report on the implementation of the Sexual Offences Act (Act 32 of 2007) and Related Matters) in the PSET system was approved by the Director-General on 15 August 2024.
",,,,,"Report on the 
implementation of 
the Sexual Offences 
Amendment Act (Act 
32 of 2007) (and Related 
Matters) in the PSET 
system approved by the 
Director-General by 30 
September 2024",,,None,None,,,,,,,,,,,193
Higher Education and Training,Higher Education and Training,National,"Programme 2: Planning, Policy and Strategy ","Programme 2: Planning, Policy and Strategy ",Annually,NQF Amendment Bill approved for introduction to Parliament,Not Applicable,Not  Applicable,"Priority 3: Education, Skills And Health",Not Applicable,,,,,,,"NQF Amendment 
Bill approved by the 
Minister by 31 March 
2025 for introduction to 
Parliament ","Target Not Achieved

NQF Amendment Bill was not approved by the Minister as planned 
","NQF Amendment 
Bill approved by the 
Minister by 31 March 
2025 for introduction to 
Parliament ",,,"The target should have been stated as NQF Further Amendment Bill, 2024 approved by the Minister for public comment Therefore the planned target was misaligned with the actual achievement ","The NQF Further Amendment Bill, 2024 was approved by the Minister on 24 March 2025 for publication for public comment. ",,,,,,,,,,,193
Higher Education and Training,Higher Education and Training,National,"Programme 2: Planning, Policy and Strategy ","Programme 2: Planning, Policy and Strategy ",Annually,Number of Community Learning Centres built,Standardized,Not  Applicable,"Priority 3: Education, Skills And Health","The Economic Sectors, Employment and Infrastructure Development cluster",,,,,,,4,0,4,,,"The four colleges that were targeted for completion in 2024/5 are:
Gauteng
Northern Cape
KwaZulu-Natal and 
Western Cape – Eesterivier CLC. The change in sites led to the delay in the planning for construction
Procurement delays at IDT which is the implementing agent for the construction of the CET programme also impacted on the progress to construction","Two sites have been confirmed, and the two colleges  
(Gauteng and Northern Cape) are at design stage. The rest of the sites are awaiting the confirmation on additional budget


",,,,,,,,,,,193
Higher Education and Training,Higher Education and Training,National,"Programme 2: Planning, Policy and Strategy ","Programme 2: Planning, Policy and Strategy ",Annually,Number of Imbali  Precinct projects  completed in  collaboration with  DUT,Not Applicable,Not  Applicable,"Priority 3: Education, Skills And Health",Not Applicable,,,,,,,1,1,1,,,None,None,,,,,,,,,,,193
Higher Education and Training,Higher Education and Training,National,"Programme 2: Planning, Policy and Strategy ","Programme 2: Planning, Policy and Strategy ",Annually,Number of international engagements undertaken to support priorities of PSET system,Not Applicable,Not  Applicable,"Priority 3: Education, Skills And Health",Not Applicable,,,,,,,8,16,8,,,None,None,,,,,,,,,,,193
Higher Education and Training,Higher Education and Training,National,"Programme 2: Planning, Policy and Strategy ","Programme 2: Planning, Policy and Strategy ",Annually,Number of LTSM on the NOLS increased annually,Not Applicable,Not  Applicable,"Priority 3: Education, Skills And Health",Not Applicable,,,,,,,2,2,2,,,None,None,,,,,,,,,,,193
Higher Education and Training,Higher Education and Training,National,"Programme 2: Planning, Policy and Strategy ","Programme 2: Planning, Policy and Strategy ",Annually,"Number of reports  aimed at supporting  decision making in  respect to enrolment  planning, funding  and policy making  approved annually",Not Applicable,Not  Applicable,"Priority 3: Education, Skills And Health",Not Applicable,,,,,,,4,0,4,,,The project for the development of these repots was extended extension from 01 July 2024 to 30 June 2025. The adjustment of the project scope and budget impacted negatively the project timelines year. The Development Policy Research Unit (DPRU) raised issues related to the financial functioning of the LMI programme also impacted on the overall process of the production of the reportand the achievement of the planned targets within the 2024/25 financial ,The Technical Report and the Critical Skills List and a report on the Skills Supply and Demand will be finalised and approved by the Director-General on 31 June 2025,,,,,,,,,,,193
Higher Education and Training,Higher Education and Training,National,"Programme 2: Planning, Policy and Strategy ","Programme 2: Planning, Policy and Strategy ",Annually,Number of student housing projects for the provision of beds completed,Standardized,Not  Applicable,"Priority 3: Education, Skills And Health","The Economic Sectors, Employment and Infrastructure Development cluster",,,,,,,5000,2471,5000,,,"The student housing projects are implemented by the universities and several of them do not have sufficient capacity for the delivery and management of infrastructure. In addition, they are faced with challenges such as disruptions from communities and “business forums”.",The Department has now managed to conclude the MOU with DBSA as the implementation agency for the SHIP in May 2024 and is currently busy implanting TUT’s 3500 beds as well as planning for the next SHIP phase 2 & 3 clusters,,,,,,,,,,,193
Higher Education and Training,Higher Education and Training,National,"Programme 2: Planning, Policy and Strategy ","Programme 2: Planning, Policy and Strategy ",Annually,"Number of students participating in Apprenticeships, Internships and Work Integrated Learning in construction",Standardized,Not  Applicable,"Priority 3: Education, Skills And Health","The Economic Sectors, Employment and Infrastructure Development cluster",,,,,,,1000,380,1000,,,"Implementation is carried out by universities, and they do not have sufficient capacity to ensure achievement of the targets","In September 2024, the Department requested approval of funding for the capacity to be provided through USAf.",,,,,,,,,,,193
Higher Education and Training,Higher Education and Training,National,"Programme 2: Planning, Policy and Strategy ","Programme 2: Planning, Policy and Strategy ",Annually,Number of TVET campuses built,Standardized,Not  Applicable,"Priority 3: Education, Skills And Health","The Economic Sectors, Employment and Infrastructure Development cluster",,,,,,,3,3,3,,,None,None,,,,,,,,,,,193
Higher Education and Training,Higher Education and Training,National,"Programme 2: Planning, Policy and Strategy ","Programme 2: Planning, Policy and Strategy ",Annually,"Percentage completion of construction of the Tshwane University of Technology, Giyani Campus initiated according to designs completed",Not Applicable,Not  Applicable,"Priority 3: Education, Skills And Health",Not Applicable,,,,,,,10 %,0 %,10 %,,," The delays were attributed to the donation of the campus to TUT which required agreements between the Provincial Department of Basic Education as the occupant of the facility, DHE, and Greater Giyani Local Municipality. 
A Memorandum of Understanding (MOU) was signed in August 2024 between  
TUT and Greater Giyani Municipality, granting for the occupation of the premises. The TUT could not move on site without the MOU which resulted in further delays in the procurement of services for the phase 1 refurbishment of the campus"," Through the initial funding of R105.130 million provided to TUT, the University has managed to appoint a team of social facilitators, led by Mr Dick Bvuma to work closely with the campus Rector. The team was finalising the procurement of Phase 1 scope of works with the refurbishment of the TUT Giyani Campus set to begin on 19 May 2025 and expected to be completed by 31 October 2025.",,,,,,,,,,,193
Higher Education and Training,Higher Education and Training,National,"Programme 2: Planning, Policy and Strategy ","Programme 2: Planning, Policy and Strategy ",Annually,Percentage completion of construction of Ulundi Satellite Campus initiated according to designs completed,Not Applicable,Not  Applicable,"Priority 3: Education, Skills And Health",Not Applicable,,,,,,,10 %,0 %,10 %,,,"The project is implemented by the UNIZULU which does not have sufficient capacity for the delivery and management of infrastructure. The project was also delayed due processes related to donation of the campus which took longer than anticipated.

", The Department is currently looking into providing capacity support through National Treasury which has offered such support,,,,,,,,,,,193
Higher Education and Training,Higher Education and Training,National,"Programme 2: Planning, Policy and Strategy ","Programme 2: Planning, Policy and Strategy ",Annually,Recognition of Prior Learning (RPL) Implementation Framework published,Not Applicable,Not  Applicable,"Priority 3: Education, Skills And Health",Not Applicable,,,,,,,"Recognition of 
Prior Learning (RPL) 
Implementation 
Framework published 
by 31 March 2025 ","Target Not Achieved

Recognition of Prior Learning (RPL) Implementation Framework was not published as planned
","Recognition of 
Prior Learning (RPL) 
Implementation 
Framework published 
by 31 March 2025 ",,,An agreement was reached that the Department of Basic Education (DBE) has to be included in the redrafting of the new ‘RPL Implementation Framework for the entireeducation and training system ,Framework for the entire Higher Education System’ is being redrafted and will be consulted during the 2025/6 financial year,,,,,,,,,,,193
Higher Education and Training,Higher Education and Training,National,"Programme 2: Planning, Policy and Strategy ","Programme 2: Planning, Policy and Strategy ",Annually,Revised Higher  Education Act  approved,Not Applicable,Not  Applicable,"Priority 3: Education, Skills And Health",Not Applicable,,,,,"Revised Higher 
Education Act approved 
by Parliament by 31 
December 2024","Target Not Achieved

Revised Higher Education Act was not approved by Parliament as planned
",,,"Revised Higher 
Education Act approved 
by Parliament by 31 
December 2024",,,"Funding for the target was delayed which hindered the timeous procurement of a service provider to assist with reviewing and amending the Higher Education Act.  Furthermore, Bid Evaluation Committee identified gaps   in the Terms of Reference and recommended redrafting to address the gaps in the evaluation criteria to safeguard interests of the Department.","The target date to be revised to 31 March 2026. 

The Department would have enough time to redraft the Terms of Reference and start with the Supply Chain Management process for the procurement of the service provider.
",,,,,,,,,,,193
Higher Education and Training,Higher Education and Training,National,Programme 3: University Education,Programme 3: University Education,Annually, Number of students completing a university qualification annually,Not Applicable,Not  Applicable,"Priority 3: Education, Skills And Health",Not Applicable,,,,,237000,220758,,,237000,,,Budget cuts from national treasury has affected universities’ funding and enrolments,Conducting enrolment planning process to review the targets in relation to the available resources,,,,,,,,,,,193
Higher Education and Training,Higher Education and Training,National,Programme 3: University Education,Programme 3: University Education,Annually, Percentage of universities that meet standards of good  governance,Not Applicable,Not  Applicable,"Priority 3: Education, Skills And Health",Not Applicable,,,,,,,95 %,85 %,95 %,,,"Various governance failures stemmed from, amongst other things: inexperience and a lack of required expertise among some council members; fraught relationships between councils, executive management and members of staff; a failure of leadership especially at the level of chairpersons of councils; failure of members to execute a fiduciary duty; unethical conduct by some council members; and non-adherence to proper meeting procedures",The Department will develop measures to improve controls and accountability framework in the review of the Higher Education Act.,,,,,,,,,,,193
Higher Education and Training,Higher Education and Training,National,Programme 3: University Education,Programme 3: University Education,Annually, Progress report on the first year of implementation of approved language  development plans by the universities submitted for approval,Not Applicable,Not  Applicable,"Priority 3: Education, Skills And Health",Not Applicable,,,,,,,"Progress report
on the first year of
implementation of
approved language
development plans
by the universities
submitted to the
Director-General for
approval by 31 March
2025.","Target Achieved

Progress report on the first year of implementation of the language policy framework for public higher education institutions was approved by the Director-General on 25 March 2025","Progress report
on the first year of
implementation of
approved language
development plans
by the universities
submitted to the
Director-General for
approval by 31 March
2025.",,,None,None,,,,,,,,,,,193
Higher Education and Training,Higher Education and Training,National,Programme 3: University Education,Programme 3: University Education,Annually,A report on compliance with  annual reporting regulations;  financial health and audit  outcomes of 26 universities  approved,Not Applicable,Not  Applicable,"Priority 3: Education, Skills And Health",Not Applicable,,,,,,,"A report on
compliance with
annual reporting
regulations; financial
health and audit
outcomes of 26
universities approved
by the Director-General by 31 March
2025","Target Achieved

A report on compliance with annual reporting regulations; financial health and audit outcomes of 25 universities was approved by the Director-General on 19 March 2025
","A report on
compliance with
annual reporting
regulations; financial
health and audit
outcomes of 26
universities approved
by the Director-General by 31 March
2025",,,None,None,,,,,,,,,,,193
Higher Education and Training,Higher Education and Training,National,Programme 3: University Education,Programme 3: University Education,Annually,Fee Increase Regulatory Framework submitted for approval ,Not Applicable,Not  Applicable,"Priority 3: Education, Skills And Health",Not Applicable,,,,,,,"Fee Increase
Regulatory Framework
submitted to the
Minister for approval
by 31 January 2025","Target Not Achieved

Fee Increase Regulatory Framework was developed but not submitted to the Minister for approval
","Fee Increase
Regulatory Framework
submitted to the
Minister for approval
by 31 January 2025",,,There were delays in the approval of the framework due to continuing consultations with the PSET stakeholders ,The framework will be finalised and submitted to the Minister for approval in the first quarter of 2025/26,,,,,,,,,,,193
Higher Education and Training,Higher Education and Training,National,Programme 3: University Education,Programme 3: University Education,Annually,Number of doctoral graduates annually,Not Applicable,Not  Applicable,"Priority 3: Education, Skills And Health",Not Applicable,,,,,3500,3620,,,3500,,,None,None,,,,,,,,,,,193
Higher Education and Training,Higher Education and Training,National,Programme 3: University Education,Programme 3: University Education,Annually,Number of doctoral scholarships  allocated to universities through  the University Staff Doctoral  Programme (USDP) for award to  permanent instructional or  research staff members,Not Applicable,Not  Applicable,"Priority 3: Education, Skills And Health",Not Applicable,,,,,,,40,63,40,,,The target is surpassed due to savings from the allocated funds because of some of the applicants requesting less than the allocated funds for the duration of their studies,None,,,,,,,,,,,193
Higher Education and Training,Higher Education and Training,National,Programme 3: University Education,Programme 3: University Education,Annually,Number of eligible university students receiving NSFAS bursaries annually,Not Applicable,Not  Applicable,"Priority 3: Education, Skills And Health",Not Applicable,,,,,,,417938,542653,417938,,,,,,,,,,,,,,,193
Higher Education and Training,Higher Education and Training,National,Programme 3: University Education,Programme 3: University Education,Annually,Number of graduates in  engineering annually,Not Applicable,Not  Applicable,"Priority 3: Education, Skills And Health",Not Applicable,,,,,14800,11851,,,14800,,,"Budget cuts from national treasury has affected universities’ funding and enrolments.

Many students who qualify to study at universities do not meet the requirements to pursue STEM.
","Conducting enrolment planning process to review the targets in relation to the available resources

Liaise with the Department of Basic Education to improve the quality students with maths and science.
",,,,,,,,,,,193
Higher Education and Training,Higher Education and Training,National,Programme 3: University Education,Programme 3: University Education,Annually,Number of graduates in animal health science annually,Not Applicable,Not  Applicable,"Priority 3: Education, Skills And Health",Not Applicable,,,,,1050,778,,,1050,,,"Budget cuts from the national treasury has affected universities’ funding and enrolments. 

Many students who qualify to study at universities do not meet the requirements to pursue STEM.
","Conducting enrolment planning process to review the targets in relation to the available resources

Liaise with the Department of Basic Education to improve the quality students with maths and science.
",,,,,,,,,,,193
Higher Education and Training,Higher Education and Training,National,Programme 3: University Education,Programme 3: University Education,Annually,Number of graduates in human health science annually,Not Applicable,Not  Applicable,"Priority 3: Education, Skills And Health",Not Applicable,,,,,10660,8873,,,10660,,,"Budget cut from the national treasury has affected universities’ funding and enrolments. 

Many students who qualify to study at universities do not meet the requirements to pursue STEM.
","Conducting enrolment planning process to review the targets in relation to the available resources

Liaise with the Department of Basic Education to improve the quality students with maths and science.
",,,,,,,,,,,193
Higher Education and Training,Higher Education and Training,National,Programme 3: University Education,Programme 3: University Education,Annually,Number of graduates in initial  teacher education annually,Not Applicable,Not  Applicable,"Priority 3: Education, Skills And Health",Not Applicable,,,,,,,30000,31316,30000,,,None,None,,,,,,,,,,,193
Higher Education and Training,Higher Education and Training,National,Programme 3: University Education,Programme 3: University Education,Annually,Number of graduates in natural and physical sciences annually ,Not Applicable,Not  Applicable,"Priority 3: Education, Skills And Health",Not Applicable,,,,,11400,10218,,,11400,,,"Budget cuts from the national treasury has affected universities’ funding and enrolments. 

Many students who qualify to study at universities do not meet the requirements to pursue STEM
","Conducting enrolment planning process to review the targets in relation to the available resources

Liaise with the Department of Basic Education to improve the quality students with maths and science
",,,,,,,,,,,193
Higher Education and Training,Higher Education and Training,National,Programme 3: University Education,Programme 3: University Education,Annually,Number of graduates in veterinary  science annually,Not Applicable,Not  Applicable,"Priority 3: Education, Skills And Health",Not Applicable,,,,,185,207,,,185,,,None,None,,,,,,,,,,,193
Higher Education and Training,Higher Education and Training,National,Programme 3: University Education,Programme 3: University Education,Annually,Number of master’s graduates (all master’s) annually,Not Applicable,Not  Applicable,"Priority 3: Education, Skills And Health",Not Applicable,,,,,15400,13819,,,15400,,,Budget cut from the national treasury has affected universities’ funding and enrolments. ,To explore other funding avenues for post graduate students.,,,,,,,,,,,193
Higher Education and Training,Higher Education and Training,National,Programme 3: University Education,Programme 3: University Education,Annually,Number of new Generations of  Academics Programme (nGAP) posts filled at universities every year,Not Applicable,Not  Applicable,"Priority 3: Education, Skills And Health",Not Applicable,,,,,,,85,21,85,,,"Recruitment and therefore contracting of appointed lecturers is undertaken by universities. Therefore, the Department does not have control of the recruitment processes and contracting by universities","Contracts will no longer be the means of verification for this target as from 2025/26 going forward.

",,,,,,,,,,,193
Higher Education and Training,Higher Education and Training,National,Programme 3: University Education,Programme 3: University Education,Annually,Number of scholarship or  internship positions allocated to  universities through the  Nurturing Emerging Scholars  Programme,Not Applicable,Not  Applicable,"Priority 3: Education, Skills And Health",Not Applicable,,,,,,,40,54,40,,,The target is surpassed due to savings in the allocated funds as a result of recipients using less than they were allocated in the previous years,None,,,,,,,,,,,193
Higher Education and Training,Higher Education and Training,National,Programme 3: University Education,Programme 3: University Education,Annually,Number of students enrolled at public universities annually,Not Applicable,Not  Applicable,"Priority 3: Education, Skills And Health",Not Applicable,,,,,1131000,1071715,,,1131000,,,Budget cut from national treasury has affected universities’ funding and enrolments,Conducting enrolment planning process to review the targets in relation to the available resources,,,,,,,,,,,193
Higher Education and Training,Higher Education and Training,National,Programme 3: University Education,Programme 3: University Education,Annually,Percentage increase in first-time students entering university,Not Applicable,Not  Applicable,"Priority 3: Education, Skills And Health",Not Applicable,,,,,196324 %,196324 %,,,196324 %,,,None,None,,,,,,,,,,,193
Higher Education and Training,Higher Education and Training,National,Programme 3: University Education,Programme 3: University Education,Annually,Percentage of private higher education institutions complying with regulations,Not Applicable,Not  Applicable,"Priority 3: Education, Skills And Health",Not Applicable,,,,,,,95 %,95 %,95 %,,,None,None,,,,,,,,,,,193
Higher Education and Training,Higher Education and Training,National,Programme 3: University Education,Programme 3: University Education,Annually,Progress report on the implementation of the Publication Quality Framework  approved,Not Applicable,Not  Applicable,"Priority 3: Education, Skills And Health",Not Applicable,,,,,,,"Progress report on the
implementation of the
Publication Quality
Framework approved
by the Director-General by 31 March
2025","Target Achieved

Progress report on the implementation of the Publication Quality Framework was approved by the Director-General on 25 March 2025
","Progress report on the
implementation of the
Publication Quality
Framework approved
by the Director-General by 31 March
2025",,,None,None,,,,,,,,,,,193
Higher Education and Training,Higher Education and Training,National,Programme 3: University Education,Programme 3: University Education,Annually,Progress report on the number of eligible university students receiving loans  through NSFAS approved,Not Applicable,Not  Applicable,"Priority 3: Education, Skills And Health",Not Applicable,,,,,,,"Progress report
on the number of
eligible university
students receiving
loans through NSFAS
approved by the
Director-General by 31
March 2025.
","Target Not Achieved

Progress report on the number of eligible university students receiving loans through NSFAS was not developed for approval by the Director-General as planned.
","Progress report
on the number of
eligible university
students receiving
loans through NSFAS
approved by the
Director-General by 31
March 2025.
",,,A comprehensive report on the operation of NSFAS with details of the Comprehensive student loan was submitted,"The Department will ensure NSFAS prioritises a specific report on university students receiving loans

",,,,,,,,,,,193
Higher Education and Training,Higher Education and Training,National,Programme 3: University Education,Programme 3: University Education,Annually,Proportion of university lecturers  (permanent instruction or research  staff) who hold doctoral degrees,Not Applicable,Not  Applicable,"Priority 3: Education, Skills And Health",Not Applicable,,,,,,,51 %,54 %,51 %,,,None,None,,,,,,,,,,,193
Higher Education and Training,Higher Education and Training,National,Programme 3: University Education,Programme 3: University Education,Annually,Throughput rate of 2014 first-time cohort at universities,Standardized,Not  Applicable,"Priority 3: Education, Skills And Health","The Economic Sectors, Employment and Infrastructure Development cluster",,,,,,,63 %,72 %,63 %,,,None,None,,,,,,,,,,,193
Higher Education and Training,Higher Education and Training,National,Programme 3: University Education,Programme 3: University Education,Annually,Updated guidelines for  implementation of the DHET  Bursary scheme at public  universities submitted for  concurrence annually,Not Applicable,Not  Applicable,"Priority 3: Education, Skills And Health",Not Applicable,,,,,"Updated Guidelines
for the DHET bursary
scheme at public
universities submitted
to the Minister for
concurrence by 15
December 2024","Target Achieved 

Updated Guidelines for the DHET bursary scheme at public universities were submitted to the Minister on 30 October 2024 for concurrence.",,,"Updated Guidelines
for the DHET bursary
scheme at public
universities submitted
to the Minister for
concurrence by 15
December 2024",,,None,None,,,,,,,,,,,193
Higher Education and Training,Higher Education and Training,National,Programme 3: University Education,Programme 3: University Education,Quarterly,"Number of monitoring reports on the evaluation of research, creative and innovation outputs of public universities approved annually",Not Applicable,Not  Applicable,"Priority 3: Education, Skills And Health",Not Applicable,0,,0,,1,"1
Target Achieved

A report on the evaluation of creative and innovation outputs by public universities was approved by the Director-General on 05 December 2024.
",1,"Target Achieved

Report on the evaluation of the 2023 research outputs of public universities was approved by the Director-General on 25 March 2025 
",2,0,,,,,,,,,None,None,None,None,,193
Higher Education and Training,Higher Education and Training,National,Programme 4: Technical and Vocational Education and Training,Programme 4: Technical and Vocational Education and Training,Annually,Monitoring report on the implementation of incentivising TVET students to  complete Occupational qualifications linked to Centres of Specialisation approved,Standardized,Not  Applicable,"Priority 3: Education, Skills And Health",Not Applicable,,,,,,,"A report on the 
implementation of 
incentivising TVET 
students to complete 
Occupational 
qualifications 
linked to Centres 
of Specialisation 
approved by the 
Director-General by 31 
March 2025","Target Achieved
A report on the implementation of incentivising TVET students to complete Occupational qualifications linked to Centres of Specialisation approved by the Director-General by 30 March 2025","A report on the 
implementation of 
incentivising TVET 
students to complete 
Occupational 
qualifications 
linked to Centres 
of Specialisation 
approved by the 
Director-General by 31 
March 2025",,,N/A,N/A,,,,,,,,,,,193
Higher Education and Training,Higher Education and Training,National,Programme 4: Technical and Vocational Education and Training,Programme 4: Technical and Vocational Education and Training,Annually,Number of eligible  TVET students receiving  NSFAS bursaries annually,Standardized,Not  Applicable,"Priority 3: Education, Skills And Health",Not Applicable,,,,,400000,313723,,,400000,,,The performance information on students who received NSFAS in 2023 academic year could not be verified as requested listing was not submitted by the NSFAS.,"In preparation for the 2024/25 regularity audit, a letter addressed to the NSFAS Administrator was approved by the Deputy-Director General and sent to NSFAS administrator. 
Follow-ups are made by the Department. 
",,,,,,,,,,,193
Higher Education and Training,Higher Education and Training,National,Programme 4: Technical and Vocational Education and Training,Programme 4: Technical and Vocational Education and Training,Annually,Number of learners in TVET colleges registered on engineering and trade related occupations per annum,Standardized,Not  Applicable,"Priority 3: Education, Skills And Health","The Economic Sectors, Employment and Infrastructure Development cluster",,,,,33000,33,,,33000,,,"The Department has been unable to draw data from TVETMIS.
","At the end of the 3rd quarter a spreadsheet for manual data collection was sent to the colleges to populate. 

Performance information report will be made available once received and verified by the Department. 
",,,,,,,,,,,193
Higher Education and Training,Higher Education and Training,National,Programme 4: Technical and Vocational Education and Training,Programme 4: Technical and Vocational Education and Training,Annually,Number of lecturers participating in digital literacy programmes,Standardized,Not  Applicable,"Priority 3: Education, Skills And Health","The Economic Sectors, Employment and Infrastructure Development cluster",,,,,6000,59,,,6000,,,Most TVET colleges did not submit reports yet.,Colleges will be followed up. Regional Managers will be requested to intervene to improve reporting,,,,,,,,,,,193
Higher Education and Training,Higher Education and Training,National,Programme 4: Technical and Vocational Education and Training,Programme 4: Technical and Vocational Education and Training,Annually,"Number of lecturers participating in project-based lecturer capacity building programmes in engineering (electrical, plumbing and mechanical)",Standardized,Not  Applicable,"Priority 3: Education, Skills And Health",Not Applicable,,,,,300,60,,,300,,,Lack of adequate projects and time.,"Use Nationally initiated projects. 

Enrol more lecturers through TVET colleges",,,,,,,,,,,193
Higher Education and Training,Higher Education and Training,National,Programme 4: Technical and Vocational Education and Training,Programme 4: Technical and Vocational Education and Training,Annually,Number of new or revised subject curricula for TVET colleges approved annually,Standardized,Not  Applicable,"Priority 3: Education, Skills And Health",Not Applicable,,,,,,,10,10,10,,,N/A,N/A,,,,,,,,,,,193
Higher Education and Training,Higher Education and Training,National,Programme 4: Technical and Vocational Education and Training,Programme 4: Technical and Vocational Education and Training,Annually,Number of students enrolled at TVET colleges annually,Standardized,Not  Applicable,"Priority 3: Education, Skills And Health",Not Applicable,,,,,620000,587671,,,620000,,,"The system to collect enrolment data is developed and being tested. 

","Should the Department encounter challenges with testing of the system, manual collection and verification of data will be conducted and completed by March 2025.",,,,,,,,,,,193
Higher Education and Training,Higher Education and Training,National,Programme 4: Technical and Vocational Education and Training,Programme 4: Technical and Vocational Education and Training,Annually,Number of students enrolled in PLP to improve success,Standardized,Not  Applicable,"Priority 3: Education, Skills And Health",Not Applicable,,,,,,,5000,4323,5000,,,Rebuilding of the system is still in progress. The reporting of enrolments is done manually since the system development process is taking longer. It is difficult to monitor enrolments in the absence of a functional system,Institutional data managers are assisting with collecting data manually and training of data managers will be conducted,,,,,,,,,,,193
Higher Education and Training,Higher Education and Training,National,Programme 4: Technical and Vocational Education and Training,Programme 4: Technical and Vocational Education and Training,Annually,Number of TVET college lecturers holding appropriate qualifications supported to acquire professional qualifications annually,Standardized,Not  Applicable,"Priority 3: Education, Skills And Health",Not Applicable,,,,,750,129,,,750,,,Fewer numbers of lecturers have registered.,The Department will ensure that support in terms of funding or bursaries for the lecturers is sought from SETAs to influence registrations. ,,,,,,,,,,,193
Higher Education and Training,Higher Education and Training,National,Programme 4: Technical and Vocational Education and Training,Programme 4: Technical and Vocational Education and Training,Annually,Number of TVET college students completing N6 qualification annually,Standardized,Not  Applicable,"Priority 3: Education, Skills And Health",Not Applicable,,,,,,,76000,35318,76000,,,"The projections made at the beginning of the strategic plan period were based on the anticipated growth of enrolments in the TVET sector. Since then, the enrolment numbers in TVET colleges including in NATED Report 191 National N Diploma and N6 have significantly decreased. Only 53 030 students were enrolled at N6 during the academic year 2022. The NATED Report 191 programmes are also being phased out, so no increase in enrolments is pursued","This is the last Financial Year period for this indicator, and it has not been transferred to the new Strategic Plan and MTDP periods since the focus for TVET curriculum is shifting from NATED Report 191 to Occupational Qualifications.",,,,,,,,,,,193
Higher Education and Training,Higher Education and Training,National,Programme 4: Technical and Vocational Education and Training,Programme 4: Technical and Vocational Education and Training,Annually,Number of TVET college students completing NC(V ) Level 4 annually,Standardized,Not  Applicable,"Priority 3: Education, Skills And Health",Not Applicable,,,,,,,14099,7613,14099,,,"The projections made at the beginning of the strategic plan period were based on the anticipated growth of enrolments in the TVET sector.
Since then, the enrolment numbers in TVET colleges including in NCV programmes have significantly decreased Only 13 088 students were enrolled at NCV L4 during the academic year 2022. The Department is also in the process of rationalising NCV programmes
","This is the last Financial Year period for this indicator, and it has not been transferred to the new Strategic Plan and MTDP periods since the focus for TVET curriculum is shifting from NCV to Occupational Qualifications",,,,,,,,,,,193
Higher Education and Training,Higher Education and Training,National,Programme 4: Technical and Vocational Education and Training,Programme 4: Technical and Vocational Education and Training,Annually,Number of TVET colleges offering 4IR aligned skills training,Standardized,Not  Applicable,"Priority 3: Education, Skills And Health",Not Applicable,,,,,,,50,50,50,,,N/A,N/A,,,,,,,,,,,193
Higher Education and Training,Higher Education and Training,National,Programme 4: Technical and Vocational Education and Training,Programme 4: Technical and Vocational Education and Training,Annually,Number of TVET colleges that are implementing student-focused entrepreneurship development activities annually,Standardized,Not  Applicable,"Priority 3: Education, Skills And Health",Not Applicable,,,,,,,50,50,50,,,N/A,N/A,,,,,,,,,,,193
Higher Education and Training,Higher Education and Training,National,Programme 4: Technical and Vocational Education and Training,Programme 4: Technical and Vocational Education and Training,Annually,Number of TVET colleges with established DSUs to support students with disabilities ,Standardized,Not  Applicable,"Priority 3: Education, Skills And Health","The Economic Sectors, Employment and Infrastructure Development cluster",,,,,,,1,1,1,0,,N/A,N/A,,,,,,,,,,,193
Higher Education and Training,Higher Education and Training,National,Programme 4: Technical and Vocational Education and Training,Programme 4: Technical and Vocational Education and Training,Annually,Number of TVET graduates placed in workplaces annually,Standardized,Not  Applicable,"Priority 3: Education, Skills And Health","The Economic Sectors, Employment and Infrastructure Development cluster",,,,,21000,,,,21000,,,,,,,,,,,,,,,193
Higher Education and Training,Higher Education and Training,National,Programme 4: Technical and Vocational Education and Training,Programme 4: Technical and Vocational Education and Training,Annually,Number of TVET programmes with integration of digital skills training,Standardized,Not  Applicable,"Priority 3: Education, Skills And Health",Not Applicable,,,,,,,3,3,3,,,N/A,N/A,,,,,,,,,,,193
Higher Education and Training,Higher Education and Training,National,Programme 4: Technical and Vocational Education and Training,Programme 4: Technical and Vocational Education and Training,Annually,Percentage of TVET college lecturers with professional qualifications,Standardized,Not  Applicable,"Priority 3: Education, Skills And Health","The Economic Sectors, Employment and Infrastructure Development cluster",,,,,90 %,65 %,,,90 %,,,Completion results of lecturers from institutions have not been received. ,TVET colleges and universities will be followed up to submit results so that consolidation of new results can be done and assessed.,,,,,,,,,,,193
Higher Education and Training,Higher Education and Training,National,Programme 4: Technical and Vocational Education and Training,Programme 4: Technical and Vocational Education and Training,Annually,Percentage of TVET college lecturing staff appropriately placed in industry or exchange programmes,Standardized,Not  Applicable,"Priority 3: Education, Skills And Health",Not Applicable,,,,,18 %,0.62 %,,,18 %,,,Some TVET colleges have not submitted reports by reporting time. Colleges not following placement guidelines,"Colleges to be followed up to improve submission. 

Colleges that did not place lecturers to be made to account for non-placement. 

Regional Management to be called in to assist and encourage colleges to place lecturers and to improve monitoring
",,,,,,,,,,,193
Higher Education and Training,Higher Education and Training,National,Programme 4: Technical and Vocational Education and Training,Programme 4: Technical and Vocational Education and Training,Annually,Throughput rate of TVET (NC(V )),Standardized,Not  Applicable,"Priority 3: Education, Skills And Health",Not Applicable,,,,,,,45 %,16 %,45 %,,,"Students do not pass all subject at each level of the programme. Therefore, they are unable to complete the required number of subject (i.e. 21 subjects in three years), Other students drop out of the programme for various reasons.","Colleges have introduced various measures which include: 
Tutoring by peers on campus.
Online career guidance to assist in programme selection.
Endeavour to provide conducive study environment in the hostels.
Psycho-socio support provided to students.
Monitoring absenteeism
",,,,,,,,,,,193
Higher Education and Training,Higher Education and Training,National,Programme 4: Technical and Vocational Education and Training,Programme 4: Technical and Vocational Education and Training,Quarterly,Number of days to release examination results to qualifying students,Standardized,Not  Applicable,"Priority 3: Education, Skills And Health","The Economic Sectors, Employment and Infrastructure Development cluster",40,19,40,18days,0,N/A,40,24.30,40,19,,,,,N/A,N/A,n/a,n/a,,,,,,193
Higher Education and Training,Higher Education and Training,National,Programme 4: Technical and Vocational Education and Training,Programme 4: Technical and Vocational Education and Training,Quarterly,Number of public TVET colleges with at least two protocols signed with industry to place TVET college students and lecturers for workplace experience annually,Standardized,Not  Applicable,"Priority 3: Education, Skills And Health","The Economic Sectors, Employment and Infrastructure Development cluster",12,14,13,2,13,2,50,50,50,50,,,,,,,Colleges did not submit as per request,"Colleges will be followed up on for submission such that by the 3rd Quarter reporting, all with outstanding protocols have been submitted.",3 other colleges only signed one protocol. Other colleges have not submitted. ,"All the colleges that have not yet met the target will be followed up and encouraged to sign protocols with industry and meet the target. 

Regional Managers' intervention will also be sought. 
",N/A,N/A,,193
Higher Education and Training,Higher Education and Training,National,Programme 4: Technical and Vocational Education and Training,Programme 4: Technical and Vocational Education and Training,Quarterly,Period it takes to issue certificates to qualifying candidates following publication of results (months),Standardized,Not  Applicable,"Priority 3: Education, Skills And Health","The Economic Sectors, Employment and Infrastructure Development cluster",0,,3,67days,3,1 month and 25 days,0,N/A,3,0,,,,,N/A for this quarter ,,n/a,n/a,None,None,N/A,N/A,,193
Higher Education and Training,Higher Education and Training,National,Programme 5: Skills Development,Programme 5: Skills Development,Annually,	Number of learners who completed learnerships annually.,Standardized,Not  Applicable,"Priority 3: Education, Skills And Health",Not Applicable,,,,,,,53000,31664,53000,,,"WBL targets require the workplace, which falls outside the control of the post-school system. These targets were set higher before the COVID-19 Global health pandemic with the hope that the economy would grow at the levels envisaged in the National Development Plan (in reality, the economy has been growing at an average of 1%, not at more than or less than 3% as envisaged in the MTSF). All these have implications for workplaces","The Medium-Term Development Plan has revised the targets to be SMART, considering the prevailing economic and labour market conditions. The targets will be reviewed as the economic and labour market conditions improve. The Service Level Agreements between the SETAs will be closely monitored, and the SETAs will be directed to meet their targets, especially those related to learning programmes",,,,,,,,,,,193
Higher Education and Training,Higher Education and Training,National,Programme 5: Skills Development,Programme 5: Skills Development,Annually,	Number of learners who completed skills programmes annually.,Standardized,Not  Applicable,"Priority 3: Education, Skills And Health",Not Applicable,,,,,,,128000,55138,128000,,,"These targets require workplaces that fall outside the control of the post-school system. These targets were set high before the COVID-19 Global health pandemic with the hope that the economy would grow at the levels envisaged in the National Development Plan (in reality, the economy has been growing at an average of 1%, not at more than 3% as envisaged in the MTSF). All these have implications for workplaces","The Medium-Term Development Plan has revised the targets to be SMART, considering the prevailing economic and labour market conditions. The targets will be reviewed as the Economic and labour market conditions improve. The Service Level Agreements between the SETAs will be closely monitored. The SETAs are directed to meet most of their targets by the end of the fourth Quarter, especially those related to learning programmes",,,,,,,,,,,193
Higher Education and Training,Higher Education and Training,National,Programme 5: Skills Development,Programme 5: Skills Development,Annually,Annual number of learners or students placed in WBL programmes.,Standardized,Not  Applicable,"Priority 3: Education, Skills And Health","The Economic Sectors, Employment and Infrastructure Development cluster",,,,,,,190000,136874,190000,,,"WBL targets require the workplace, which falls outside the control of the post-school system. These targets were set higher before the COVID-19 Global health pandemic with the hope that the economy would grow at the levels envisaged in the National Development Plan (in reality, the economy has been growing at an average of 1%, not at more than or less than 3% as envisaged in the MTSF). All these have implications for workplaces.  Some evidence presented by the STATSSA is that from April/ June 2019, the unemployment rate was 29%, and for the same period in 2024, it increased to 33.5%","The Medium-Term Development Plan has revised the targets to be SMART, considering the prevailing economic and labour market conditions. The targets will be reviewed as the economic and labour market conditions improve. The Service Level Agreements with the SETAs will be closely monitored, and the SETAs will be directed to meet most of their targets by the end of the fourth Quarter, especially those related to learning programmes",,,,,,,,,,,193
Higher Education and Training,Higher Education and Training,National,Programme 5: Skills Development,Programme 5: Skills Development,Annually,Number of artisans found competent annually. ,Standardized,Not  Applicable,"Priority 3: Education, Skills And Health","The Economic Sectors, Employment and Infrastructure Development cluster",,,,,,,26500,16274,26500,,,"Artisan training requires the workplace, which falls outside the control of the post-school system. These targets were set high before the COVID-19 Global health pandemic with the hope that the economy would grow at the levels envisaged in the National Development Plan (in reality, the economy has been growing at an average of 1%, not at more than 3% as envisaged in the MTSF). All these have implications for workplaces.  ","The Medium-Term Development Plan has revised the targets to be SMART, considering the prevailing economic and labour market conditions. The targets will be reviewed as the economic and labour market conditions improve. The Service Level Agreements with the SETAs will be closely monitored, and the SETAs will be directed to meet most of their targets, especially those related to learning programmes. Data Validation processes are to be improved as well",,,,,,,,,,,193
Higher Education and Training,Higher Education and Training,National,Programme 5: Skills Development,Programme 5: Skills Development,Annually,Number of learners entering artisanal programmes annually ,Standardized,Not  Applicable,"Priority 3: Education, Skills And Health","The Economic Sectors, Employment and Infrastructure Development cluster",,,,,,,36375,18144,36375,,,"Artisan training requires the workplace, which falls outside the control of the post-school system. These targets were set high before the COVID-19 Global health pandemic with the hope that the economy would grow at the levels envisaged in the National Development Plan (in reality, the economy has been growing at an average of 1%, not at more than 3% as envisaged in the MTSF). All these have implications for workplaces.
All data without evidence is rejected at INDLELA as it poses a risk
","The Medium-Term Development Plan has revised the targets to be SMART, considering the prevailing economic and labour market conditions. The targets will be reviewed as the economic and labour market conditions improve. The Service Level Agreements between the SETAs will be closely monitored, and the SETAs will be directed to meet most of their targets by the end of the fourth Quarter, especially those related to learning programmes. Data Validation processes are to be improved as well",,,,,,,,,,,193
Higher Education and Training,Higher Education and Training,National,Programme 5: Skills Development,Programme 5: Skills Development,Annually,Number of learners registered in skills development programmes annually ,Standardized,Not  Applicable,"Priority 3: Education, Skills And Health","The Economic Sectors, Employment and Infrastructure Development cluster",,,,,,,150000,60923,150000,,,"These targets require the workplace, which falls outside the control of the post-school system. These targets were set high before the COVID-19 Global health pandemic with the hope that the economy would grow at the levels envisaged in the National Development Plan (in reality, the economy has been growing at an average of 1%, not at more than 3% as envisaged in the MTSF). All these have implications for workplaces","The Medium-Term Development Plan has revised the targets to be SMART, considering the prevailing economic and labour market conditions. The targets will be reviewed as the economic and labour market conditions improve. The Service Level Agreements between the SETAs will be closely monitored, and the SETAs will be directed to meet most of their targets, especially those related to learning programmes",,,,,,,,,,,193
Higher Education and Training,Higher Education and Training,National,Programme 5: Skills Development,Programme 5: Skills Development,Annually,Number of learners who completed internships annually.,Standardized,Not  Applicable,"Priority 3: Education, Skills And Health",Not Applicable,,,,,,,11000,7619,11000,,,"Internship-related targets require the workplace, which falls outside the control of the post-school system. These targets were set high before the COVID-19 Global health pandemic with the hope that the economy would grow at the levels envisaged in the National Development Plan (in reality, the economy has been growing at an average of 1%, not at more than 3% as envisaged in the MTSF). All these have implications for workplaces","The Medium Term Development Plan has revised the targets to be SMART, considering the prevailing economic and labour market conditions. The targets will be reviewed as the economic and labour market conditions improve. Service Level Agreements between the SETAs will be closely monitored with the SETAs directed to meet most of their targets, especially those related to learning programmes",,,,,,,,,,,193
Higher Education and Training,Higher Education and Training,National,Programme 5: Skills Development,Programme 5: Skills Development,Annually,Number of SETAs assessed to have developed credible Sector Skills Plans per annum,Standardized,Not  Applicable,"Priority 3: Education, Skills And Health","The Economic Sectors, Employment and Infrastructure Development cluster",,,,,,,21,21,21,,,None,None,,,,,,,,,,,193
Higher Education and Training,Higher Education and Training,National,Programme 5: Skills Development,Programme 5: Skills Development,Annually,Percentage of allocated SETA Mandatory Grants paid on time to employers. ,Standardized,Not  Applicable,"Priority 3: Education, Skills And Health","The Economic Sectors, Employment and Infrastructure Development cluster",,,,,,,100 %,85 %,100 %,,,"Delayed payment due to Departmental system challenges to process large volume of companies and bank details verification. SETAs needed more time to verify employer file from the Department which is still in 
Process
",The Department partnered with MICT to develop a new system. The system is at a pilot stage and will be rolled out once finalised. The payment of levies was done manually to mitigate some of the delays,,,,,,,,,,,193
Higher Education and Training,Higher Education and Training,National,Programme 5: Skills Development,Programme 5: Skills Development,Annually,Percentage of SETAs that meet standards of good governance ,Standardized,Not  Applicable,"Priority 3: Education, Skills And Health","The Economic Sectors, Employment and Infrastructure Development cluster",,,,,,,95 %,0 %,95 %,,,SETAs submitted data late for processing by the Department,Info will be reported after the quarter and SETAs are urged to align submission of data with reporting guidelines of the Department ,,,,,,,,,,,193
Higher Education and Training,Higher Education and Training,National,Programme 5: Skills Development,Programme 5: Skills Development,Quarterly,Average lead time from qualifying trade test applications received until trade test is conducted (days),Standardized,Not  Applicable,"Priority 3: Education, Skills And Health","The Economic Sectors, Employment and Infrastructure Development cluster",40,24,40,26 days,40,32 days,40,32,40,24,,,,,None,None,None,None,None,None,N/A,N/A,,193
Higher Education and Training,Higher Education and Training,National,Programme 6: Community Education and Training,Programme 6: Community Education and Training,Annually,	Number of students enrolled at CET colleges annuall,Standardized,Not  Applicable,"Priority 3: Education, Skills And Health",Not Applicable,,,,,388782,97951,,,388782,,,"Delays in finalising capturing of student data into the data management system at college level, Gauteng CET college. 

Technical glitches have been experienced in the application of data management system with the end of contract of the System Design Unit.
","The Department 
is assisting Gauteng CET College with capturing, pooling together the interns of the Branch to assist. 

The Department has made great progress in re-establishing the System Design Unit that is credited with establishing and running the Community Education and Training Management Information System (CETMIS).
",,,,,,,,,,,193
Higher Education and Training,Higher Education and Training,National,Programme 6: Community Education and Training,Programme 6: Community Education and Training,Annually,Number of CET college students completing GETC: Level 4 annually,Standardized,Not  Applicable,"Priority 3: Education, Skills And Health",Not Applicable,,,,,55000,10535,,,55000,,,"There are low numbers of students enrolling for the GETC: ABET – Academic Curriculum qualification as set against the target. The issue of outstanding results and certification may be a contributory factor in students wanting to undertake the qualification. 

There is drop-out rate of almost 38,% in relation to those who have registered but did not sit for examinations.


","Targets must be set per college in relation to its capacity. 
Issues on adequate curriculum time, lecturer and student attendance and the impact of lecturer preparation must be investigated. 

The Department has commissioned research on lecturer profiling in CET Colleges which may assist in understanding the capacity, experience, qualifications and competence of lecturers.
",,,,,,,,,,,193
Higher Education and Training,Higher Education and Training,National,Programme 6: Community Education and Training,Programme 6: Community Education and Training,Annually,Number of programmes and qualifications offered in CET colleges increased,Standardized,Not  Applicable,"Priority 3: Education, Skills And Health",Not Applicable,,,,,,,11,11,11,,,N/A,N/A,,,,,,,,,,,193
Higher Education and Training,Higher Education and Training,National,Programme 6: Community Education and Training,Programme 6: Community Education and Training,Quarterly,Number of CET college lecturers trained ,Standardized,Not  Applicable,"Priority 3: Education, Skills And Health","The Economic Sectors, Employment and Infrastructure Development cluster",0 %,,400 %,"Target Achieved

605
 %",0 %,,600 %,600 %,1000 %,0 %,,,,,,,None,None,,,N/A,N/A,,193
Higher Education and Training,Higher Education and Training,National,Programme 6: Community Education and Training,Programme 6: Community Education and Training,Quarterly,Number of CET partnerships established at National level,Standardized,Not  Applicable,"Priority 3: Education, Skills And Health","The Economic Sectors, Employment and Infrastructure Development cluster",0,,0,,1,"1

One partnership between Department and Local Government SETA, thought a Memorandum of Understanding, has been approved the Director-General on 05 December 2024",1,1,2,1,,,,,,,,,None,None,N/A,N/A,,193
Higher Education and Training,Higher Education and Training,National,Programme 6: Community Education and Training,Programme 6: Community Education and Training,Quarterly,Percentage of CET college examination centres compliant with the National Policy on the Conduct and Management of Examination and Assessment per annum,Standardized,Not  Applicable,"Priority 3: Education, Skills And Health","The Economic Sectors, Employment and Infrastructure Development cluster",0 %,,100 %,"Target Achieved

100%
 %",0 %,,100 %,100 %,100 %,0 %,,,,,,,None,None,,,N/A,N/A,,193
Higher Education and Training,Higher Education and Training,National,Programme 6: Community Education and Training,Programme 6: Community Education and Training,Quarterly,Percentage of CETCs that meet standards of good governance,Standardized,Not  Applicable,"Priority 3: Education, Skills And Health","The Economic Sectors, Employment and Infrastructure Development cluster",0 %,,50 %,"Target Achieved

50%
 %",0 %,,100 %,100 %,100 %,0 %,,,,,,,None,None,,,N/A,N/A,,193
Higher Education and Training,Higher Education and Training,National,Programme 6: Community Education and Training,Programme 6: Community Education and Training,Quarterly,Percentage of compliance by CET colleges with the implementation of the Funding Model for CET colleges ,Standardized,Not  Applicable,"Priority 3: Education, Skills And Health","The Economic Sectors, Employment and Infrastructure Development cluster",0 %,,30 %,"Target Achieved

45%
 %",0 %,,60 %,75 %,60 %,0 %,,,,,,,None,None,,,N/A,N/A,,193
Higher Education and Training,Higher Education and Training,National,Programme 6: Community Education and Training,Programme 6: Community Education and Training,Quarterly,Percentage of compliance by CET colleges with the implementation of the National Norms and Standards for Funding CET colleges,Standardized,Not  Applicable,"Priority 3: Education, Skills And Health","The Economic Sectors, Employment and Infrastructure Development cluster",0 %,,30 %,"Target Achieved

75%
 %",0 %,,60 %,61 %,60 %,0 %,,,,,,,None,None,,,N/A,N/A,,193
Home Affairs,Home Affairs,National,Programme 1: Administration,Programme 1: Administration,Quarterly, Tabling of DHA Bill in Parliament for processing of Bill,Not Applicable,Not  Applicable,"Priority 1: A Capable, Ethical and Developmental State","Justice, Crime Prevention and Security cluster","Draft Bill approved by EXCO
for submission to Minister",,"Draft Bill approved by Minister
SEIAS report submitted to the
Presidency for approval",,"Draft Bill approved by EXCO
for submission to Minister","Bill presented to EXCO on 6 December 2024. EXCO approved Bill to be forwarded to Ministry.?

The Bill was provided to the Office of the Minister on 17 December 2024.","Draft DHA Bill approved by
Minister","Achieved -
The Bill has been approved by Minister.","Draft DHA Bill approved by
Minister",-,,,,,,,,,"Timeous positive preliminary certification from OCSLA, as well as SEIAS certificate from the Presidency.?

Timeous inputs from DPSA and DHET","Parallel consultations with DPSA, DHET and the Essential Service Commission",N/A,N/A,,193
Home Affairs,Home Affairs,National,Programme 1: Administration,Programme 1: Administration,Quarterly,Activation of e-Recruitment system for use,Not Applicable,Not  Applicable,"Priority 1: A Capable, Ethical and Developmental State","Justice, Crime Prevention and Security cluster",N/A,,N/A,,"e-Recruitment system
customised as per user
requirements specifications
approved by DDG: HRM&D","BAC approved the procurement of the system. 
Started engagement with DPSA for compliance purpose
Cloud computing Business case was approved in alignment with DPSA requirements.
Joint Application Development  session with HR commenced in December.
Functional requirements specification approved by CIO. 
","e-Recruitment System
activated for use by Branch
HRM&D (tested)","Achieved -
E-Recruitment system active and ready to be used by Branch HRM & D.","e-Recruitment system activated
for use by Branch: HRM&D",-,,,,,,,,,"Delays in contracting between Microsoft and their service provider, which had an impact on the Procurement process. 
","The project plan was revised and system customizations will be completed by February 2025 and the annual target will be achieved by 17 March 2025.
",?N/A,N/A,,193
Home Affairs,Home Affairs,National,Programme 1: Administration,Programme 1: Administration,Quarterly,Expansion of e-Visa prototype to all visa / permit categories,Not Applicable,Not  Applicable,Priority 2: Economic Transformation And Job Creation,"Justice, Crime Prevention and Security cluster",N/A,,N/A,,"System development
completed (report signed
off by CD: Applications
Management","Report on System development completed 
 ","e-Visa prototype developed:
AI-enabled adjudication
process for the Tourist Visa
(e-Visa prototype signed off
by DDG: IMS)","Not Achieved -
e-Visa prototype: AI-enabled adjudication process for the Tourist Visa was developed.

","e-Visa prototype developed:
AI-enabled adjudication
process for the Tourist Visa",-,,,,,,,,,N/A,N/A,"?The AI-enabled adjudication process for the Tourist Visa (e-Visa prototype) was not achieved due to delays in finalizing the signoff before the end of the 2024/25 reporting cycle. However, the ETA system was launched on April 3.",The fully developed AI-enabled adjudication process is planned for 2025/26,,193
Home Affairs,Home Affairs,National,Programme 1: Administration,Programme 1: Administration,Quarterly,Number of civic records digitised,Not Applicable,Not  Applicable,"Priority 1: A Capable, Ethical and Developmental State","Justice, Crime Prevention and Security cluster","3,6 million records digitised",,"7,4 million records digitised",,900 000 records digitised,3 005 957 records digitised.,"2,9 million records digitised","Achieved -
8 388 206 records digitised.","14,8 million civic records
digitised",-,,,,,,,,,"Reasons for over/ under achievement

Improved monitoring of the project through the development of the recovery plan for the achievement of the annual target and introduction of daily meetings to monitor progress.
",N/A,"The introduction of the overtime in Q4 has contributed to the overachievement of the targets?

Daily monitoring of the performance at the digitisation hubs through daily meetings",N/A,,193
Home Affairs,Home Affairs,National,Programme 1: Administration,Programme 1: Administration,Quarterly,"Number of countries with e-Visa system activation for study, business and intra-company transfer visas ",Not Applicable,Not  Applicable,Priority 2: Economic Transformation And Job Creation,"Justice, Crime Prevention and Security cluster",2,"Not Achieved.

System development on additional countries was not completed due to additional requests from business. ?",2,"Target not achieved. 

The deployment to the UK and Spain was on track to be delivered by end of September 2024.",1,Refer to revised target in row 5.,N/A,Refer to revised target in row 5.  ,"e-Visa system for study, business and intra-company transfer activated for an additional 5 countries",-,,,,,"Activation of two countries was delayed by the Change request received from business (IMS) on Police clearance.  The request was not part of the initial BRS, thus it was not part of the plan and development was done based on the BRS.","Change request approved and developed.  The four countries will be activated by 30 September 2024.?

?

Countries will be activated as follows: ?

Uganda and Kenya - 15 August 2024.?

UK and Spain - 21 September 2024?","A decision was taken to reprioritise the implementation of an eVisa Artificial Intelligence (AI) enabled prototype, to streamline processes and address the supplier delivery challenges on Naturalised Citizens, Mobile App, Citizenship, Backlog, eBirth and Kiosk.

",E-Visa prototype to be developed for the use case: Artificial Intelligence (AI)enabled Adjudication process for the Tourist Visa - 31 December 2024.,,,,,,193
Home Affairs,Home Affairs,National,Programme 1: Administration,Programme 1: Administration,Quarterly,Number of health facilities with automated birth functionality,Not Applicable,Not  Applicable,"Priority 1: A Capable, Ethical and Developmental State","Justice, Crime Prevention and Security cluster",First registration and foreign birth registration modules developed onto live capture (Prototype),,"Birth modules for first registration and foreign birth tested and signed off by DDG: CS

1 Health facility automated",,"Progress report on system
development signed off by
DDG: CS","Progress report on system development done. 
","Birth modules for first
registration and foreign birth
tested and signed off by DDG:
CS
1 Health facility automated","Not Achieved -
The Birth modules for first registration and foreign birth was not tested and it was not signed off by DDG: CS.

1 Health facility was not automated.",1,-,,,,,?,,,,N/A,N/A,"This target was not achieved because the previous service provider responsible for developing the e-birth module did not deliver on their commitments. As a result, the decision was made to roll over this target to the financial year 2025/26. ","The contract of the previous service provider were terminated, and a new service provider has been onboarded.?

The target will be rolled over to the new financial year 2025/26",,193
Home Affairs,Home Affairs,National,Programme 1: Administration,Programme 1: Administration,Quarterly,Number of health facilities with online birth registration system,Not Applicable,Not  Applicable,"Priority 1: A Capable, Ethical and Developmental State","Justice, Crime Prevention and Security cluster","Condition assessment of 95
health facilities signed off by
DDG: OPS",,"Rollout of online birth
registration system in 48
Priority 4 health facilities",,N/A,N/A,N/A,N/A,"Rollout of online birth
registration system in 48
Priority 4 health facilities",-,,,,,,,,,,,,,,193
Home Affairs,Home Affairs,National,Programme 1: Administration,Programme 1: Administration,Quarterly,Number of offices with live capture functionality for smart ID cards and passports,Not Applicable,Not  Applicable,"Priority 1: A Capable, Ethical and Developmental State","Justice, Crime Prevention and Security cluster",,,N/A,,N/A,N/A,5 offices,"Achieved -
Live capture functionality for smart ID cards and passports was activated in 5 offices.?

?1. Chatsworth Office?
2. Seshego Office?
3. Madikwe Office?
4. Masisi Office?
5.Ventersdorp Office",5 offices,-,,,,,,,,,N/A,N/A,N/A,N/A,,193
Home Affairs,Home Affairs,National,Programme 1: Administration,Programme 1: Administration,Quarterly,Number of health facilities with automated birth functionality,Not Applicable,Not  Applicable,"Priority 1: A Capable, Ethical and Developmental State","Justice, Crime Prevention and Security cluster",First registration and foreign birth registration modules developed onto live capture (Prototype),"Not Achieved.

Change request approved. ?

Functional Requirements Specification was reviewed to ensure alignment with the Change request. ?

First registration and foreign birth registration module development to resumed. ?","Birth modules for first registration and foreign birth tested and signed off by DDG: CS

1 Health facility automated
","Target not achieved. 
All 7 steps to register birth are developed except the two (2) additional  Application Protocol Interface (API)  that are in progress with development.
",20 Health facilities automated,Refer to revised target in row 2.,20 Health facilities automated,Refer to revised target in row 2. ,41,-,,,,,"The change request was signed off on May 2, 2024. The functional requirements specification was approved on June 12, 2024. The delay in completing these two documents had an impact on the development of the system.?","1. System development will be completed by 30 September 2024?

2. Testing to be completed by 30 October 24?

3. Roll out to start in November 2024","Service provider (GiTech) has 8 projects this financial year and were requested to prioritize the first three projects i.e. Smart ID card for Naturalised citizens, kiosk integration and courier services workflow redevelopment. ?

?All their resources were dedicated to the priority projects; hence development of birth and automation of one health facility was delayed.","The target has been revised to ensure that it is achieved by end of the financial year.  
Progress report on system development signed off by DDG: CS by 31 December 2024.
Birth modules for first registration and foreign birth tested and signed off by DDG: CS by February 2025
1 Health facility (Tshwane district hospital) automated by  March 2025
",,,,,,193
Home Affairs,Home Affairs,National,Programme 1: Administration,Programme 1: Administration,Quarterly,Number of offices equipped with live capture functionality for smart ID cards and passports,Not Applicable,Not  Applicable,Priority 6: Social Cohesion and Safer Communities,"Justice, Crime Prevention and Security cluster",Live capture rollout project plan approved by DDG: IS and DDG: OPS ,"Achieved.
Live capture rollout project plan approved by DDG: IS",N/A,N/A,3 offices,Refer to revised target in row 3.,2 offices,Refer to revised target in row 3. ,5 offices,-,,,,,N/A,N/A,N/A,N/A,,,,,,193
Home Affairs,Home Affairs,National,Programme 1: Administration,Programme 1: Administration,Quarterly,"Number of countries with e-Visa system activation for study, business and intra-company transfer visas",Not Applicable,Not  Applicable,Priority 2: Economic Transformation And Job Creation,"Justice, Crime Prevention and Security cluster",2,,2,,1,Refer to revised target in row 5.,0,Refer to revised target in row 5. ,5,0,,,,,,,,,,,,,,193
Home Affairs,Home Affairs,National,Programme 1: Administration,Programme 1: Administration,Quarterly,"Tabling of the Citizenship, Immigration and Refugees Bill in Parliament for processing ",Not Applicable,Not  Applicable,"Priority 1: A Capable, Ethical and Developmental State","Justice, Crime Prevention and Security cluster",Draft Bill approved by EXCO for submission to Minister,"Not Achieved.
•	White Paper on Citizenship, Immigration and Refugee Protection: Towards a complete overhaul of the Migration system in South Africa was approved by Cabinet the 10th of April and on 17 April 2024, published in the Government Gazette.
•	NP Mthembu was appointed on 22 April 2024 to draft the Bill.
•	The 1st Draft Bill was presented to EXCO on the 24th of June 2024, however, EXCO recommended for an internal workshop to be conducted on the Bill.

","Draft Bill submitted to Minister for approval

SEIAS report submitted to Presidency for approval
","Target Not Achieved
 
The Department received preliminary certification from OCSLA dated 10 September 2024. OCSLA raised some constitutional issues on the Bill and did not certify the Bill accordingly. Subsequently, a meeting was convened with OCSLA.

Redrafting 
process of the draft Bill inline with the drafting conventions and properly aligned with the White Paper and takes into account various Constitutional Court judgments. 

",Draft Bill submitted to JCPS cluster for approval and recommendation to Cabinet,Target removed from 2024/25 APP.,Draft Bill submitted to Cabinet for approval for publication for public comments,Target removed from 2024/25 APP.,"Citizenship,
Immigration and
Refugees Bill
submitted to Cabinet for approval for public consultation
",-,,,,,"•	The delay in the approval and gazetting of the White Paper on Citizenship, Immigration and Refugee Protection: Towards a complete overhaul of the Migration system in South Africa.
•	The delay in the appointment of the service provider.
•	Poor management of the project as observed by EXCO on 24 June 2024.
","•	The DG appointed a task team for the internal workshop. The Task Team workshop took place on 26 July 2024.
•	The draft Bill will be presented to EXCO for approval for submission to Minister in August 2024.
•	CD: LS has intervened to ensure the project is properly managed.
","On 12 September 2024 the Minister directed that the development of the Bill be halted until the revisions on the White Paper have been finalised.

The decision to halt the development of the Bill came late in the quarter. 


","Noting that the Bill follows Policy interventions and given the work to be undertaken in supplementing the Policy, Legal Services is currently unable to proceed with development of the Bill  and the way forward for the target is the drafting of the supplementary paper and removal of the Draft Bill in the APP for 2024/25.
",,,,,,193
Home Affairs,Home Affairs,National,Programme 1: Administration,Programme 1: Administration,Quarterly,Tabling of DHA Bill in Parliament for processing of the Bill,Not Applicable,Not  Applicable,"Priority 1: A Capable, Ethical and Developmental State","Justice, Crime Prevention and Security cluster",Draft Bill approved by EXCO for submission to Minister,"Not Achieved.
•	Preliminary legal opinion on the Bill received from the Office of the Chief State Law Adviser, Department of Justice and Constitutional Development (“OCSLA”).
•	Draft DHA Bill revised incorporating the comments from (“OCSLA”).
•	Progress report provided to EXCO on Monday, 24 June 2024.","Draft Bill approved by Minister

SEIAS report submitted to the Presidency for approval
","Target Not Achieved.
Draft Bill approved by Minister.

On 15 August 2024, the draft Bill was presented to the Minister. Minister directed that the Bill be revised to align with digital transformation.

Achieved.
SEIAS report submitted to the Presidency for approval
",Draft Bill submitted to the JCPS cluster for approval and recommendation to Cabinet,Refer to revised target in row 6.,Draft Bill submitted to Cabinet for approval for publication for public comments,Refer to revised target in row 6. ,DHA Bill published for public comments,-,,,,,"Late provision of the preliminary legal opinion, on the Bill, from (“OCSLA”).
","•	The Bill to be presented to EXCO, MMM and Minister
•	Preliminary certification of the Bill requested from (“OCSLA”).
•	The Bill to be submitted to Minister for approval

On 24 June 2024, EXCO noted progress made on the Bill. OCSLA is yet to provide positive legal certification of the Bill.
","The Department only received the preliminary certification opinion, from the Office of the Chief State Law Adviser, dated 10 September 2024. 
Further, Minister advised that the Bill be revised to align with the digital transformation. A request, by CD: LS, was sent to the CD: SIP to provide documentation to assist in aligning the Bill to the digital transformation. 
","The Bill to be revised to incorporate OCSLA’s opinion, Minister’s directions and the digital transformation.
",,,,,,193
Home Affairs,Home Affairs,National,Programme 1: Administration,Programme 1: Administration,Quarterly,Number of interventions implemented in support of Communication Strategy and action plan (per year),Not Applicable,Not  Applicable,"Priority 1: A Capable, Ethical and Developmental State","Justice, Crime Prevention and Security cluster","•	6 Media engagements 
•	2 Outreach engagements
•	1 Campaign
","Achieved.
16 Media engagements conducted.
9 Outreach engagements conducted.
2 Campaigns conducted.
","•	6 Media engagements
•	2 Outreach engagements
•	1 Campaign
","Media Engagements 
Achieved: 6 Media engagements.

Outreach engagements
Not Achieved: 1 Outreach engagement.

Campaigns 
Achieved: 1 Campaign.

","•	6 Media engagements 
•	1 Outreach engagement 
•	1 Campaign
","Media Engagements: 17 Media engagements conducted.?

?

Outreach engagements: 3 Outreach engagements conducted.?

?

Campaigns: 1 Campaign conducted.","•	6 Media engagements
•	1 Outreach engagement
","Achieved -
Media Engagements:15 Media engagements conducted.?

?
Outreach engagements: 18 Outreach engagements conducted.","DHA Communication Strategy and plan implemented:
•	24 Media engagements 
•	6 Outreach engagements 
•	3 Campaigns
",-,,,,,"Over-achievement of the target was influenced by communication on:
Home Affairs extended operating hours for the election period
The White Paper on Citizenship, Immigration and Refugee Protection.
Availability of Principals to engage community members on issues related to DHA. 
ID Collection campaign to encourage citizens to collect their IDs to be able to cast their votes during the national election of 29 May 2024.
",N/A,"The department conducted an outreach engagement in the Eastern Cape in July 2024 however, report for the outreach was approved outside the reporting period.
",Fast-track the drafting and approval of reports after the events had taken place.,"Gazetting of the Trusted Tour Operator Scheme for China and India.?

First 100 Days in Office.?

Call for written submissions on the reform of the Electoral System.?

Dismissal of 18 crooked officials.?

Minister commending the interception of one of Interpol’s most wanted fugitives.?

Digital transformation of Home Affairs for effective and efficient delivery of services to the public.?

Extension of operating period by two hours from 10 to 20 December 2024.?

Handover of Birth Certificates to over 180 citizens.
Due to availability of our Principals to engage with public members in relation to service delivery.",N/A,"Performance on media engagement and the departure from the target are influenced by priorities and activities of the Principals, with which they need to be aligned. With reference to January-March 2025, the activities listed as accounting for over-achievement did not have prior dates / timelines set. These include the announcement on the Ministerial Awards celebrating progress in the Backlog Eradication Project and on the monitoring visit on government interventions in Langa. The announcement of the power of the South African passport, by the Henley Passport Index, which informed the Home Affairs media statement, was also not anticipated, the new record for smart ID cards issued, the Minister’s welcome of President Cyril Ramaphosa’s endorsement of progress and reform agenda at Home Affairs. The announcement on the handover of smart ID cards to fire victims in Kayamandi and the detention of Ms Chidimma Adetshina’s mother.?

?Performance on outreach engagement the target was influenced by the continuation to support the work of the ERCP in all Nine (9) provinces.",N/A,,193
Home Affairs,Home Affairs,National,Programme 1: Administration,Programme 1: Administration,Quarterly,Prescribed documents to facilitate the implementation of the DHA access model submitted as required,Not Applicable,Not  Applicable,"Priority 1: A Capable, Ethical and Developmental State","Justice, Crime Prevention and Security cluster",Draft U-AMP for 2025/26 submitted to National Treasury for infrastructure budget determination ,"Achieved.
The Draft U-AMP 2025/26 financial year approved and submitted to National Treasury and the Department of Public Works and Infrastructure on the 28th June 2024.",Final U-AMP for 2025/26 submitted to National Treasury and DPW&I for infrastructure budget determination ,"Achieved -   
The final U-AMP 2025/26 financial year submitted to National Treasury and the Department of Public Works and Infrastructure on the 8th August 2024.",N/A,N/A,N/A,"Achieved - Strategic accommodation
requirements for 2026/27
Presented at EXCO ON 17 December 2024 and approved by DG on 20 February 2025.

Strategic accommodation
requirements for 2026/27
submitted to DPW&I on 28 February 2025.",U-AMP 2025/26 submitted to National Treasury and copy to DPW&I for infrastructure budget determination,-,,,,,N/A,N/A,N/A,N/A,N/A,N/A,N/A,N/A,,193
Home Affairs,Home Affairs,National,Programme 1: Administration,Programme 1: Administration,Quarterly,Prescribed documents to facilitate the implementation of the DHA access model submitted as required,Not Applicable,Not  Applicable,"Priority 1: A Capable, Ethical and Developmental State","Justice, Crime Prevention and Security cluster",N/A,N/A,N/A,N/A,Strategic accommodation requirements for 2026/27 approved by EXCO,Strategic accommodation requirements for 2026/27 approved by EXCO on 19 December 2024.,"Strategic accommodation requirements for 2026/27 approved by DG 

Strategic accommodation requirements for 2026/27 submitted to DPW&I 
","Achieved -
Strategic accommodation?
requirements for 2026/27?
presented at EXCO on 17 December 2024 and approved by DG on 20 February 2025.?

Strategic accommodation?
requirements for 2026/27?
submitted to DPW&I on 28 February 2025.",Approved strategic accommodation requirements for 2026/27 submitted to DPW&I ,-,,,,,N/A,N/A,N/A,N/A,N/A,N/A,N/A,N/A,,193
Home Affairs,Home Affairs,National,Programme 1: Administration,Programme 1: Administration,Quarterly,Number of health facilities with online birth registration system,Not Applicable,Not  Applicable,"Priority 1: A Capable, Ethical and Developmental State","Justice, Crime Prevention and Security cluster",Condition assessment of 95 health facilities signed off by DDG: OPS,"Achieved.
Conditional assessment report for 95 health facilities submitted to DDG: OPS for consideration and sign-off on the 28th June 2024. ",Rollout of online birth registration system in 48 Priority 4 health facilities,"Not achieved -  Rollout of the online birth registration system in 48 Priority 4 health facilities did not take place.

Service provider submitted the quotation for refurbishment and reconfiguration of 34 Priority 4 health facilities.",Rollout of online birth registration system in 47 Priority 4 health facilities,Refer to revised target in row 8.,Report presented to EXCO and submitted to the Minister,Refer to revised target in row 8. ,Rollout of online birth registration system in 95 Priority 4 health facilities ,-,,,,,N/A,N/A,Insufficient information during the planning process which resulted in inadequate risk management in that the conditional assessment was conducted in Quarter 1 of the financial year. ,Review the number of health facilities based on the outcome of the conditional assessment.,,,,,,193
Home Affairs,Home Affairs,National,Programme 1: Administration,Programme 1: Administration,Quarterly,Number of civics records digitised,Not Applicable,Not  Applicable,"Priority 1: A Capable, Ethical and Developmental State","Justice, Crime Prevention and Security cluster","3,6 million records digitised","Not Achieved.During the period under review, 384 351 records were digitised. ","7,4 million records digitised","Not Achieved -During the period under review, 224 200 records were digitized.
","8,4 million records digitised","Achieved - 3 005 957 records digitised.
 ","8,4 million records digitised",Refer to revised target in row 7. ,"27,8 million civic records digitised ",-,,,,,"None of the new digitisation facilities became operational in the 1st Quarter. While the Brits facility became available for operation in May 2024, training was prioritized for the digitisation youth.",Digitisation facilities will become operational during the 2nd Quarter.,Non-availability of digitisation facilities as the process of repurposing them was delayed.,The target will be revised in line with the existing capacity. The envisaged employment of IT graduates was 10 000 but less than 3000 are currently employed. The Silverton digitisation facility will go on full operation in October 2024.,N/A,N/A,,,,193
Home Affairs,Home Affairs,National,Programme 1: Administration,Programme 1: Administration,Quarterly,Implementation of DHA Gender-based Violence and Femicide Plan,Not Applicable,Not  Applicable,"Priority 1: A Capable, Ethical and Developmental State","Justice, Crime Prevention and Security cluster",DHA GBVF Plan implemented as per identified quarterly deliverables,"Achieved. In relation to the target on implementation of DHA Gender-Based Violence and Femicide Plan, the Department (HRM&D) has management to comply with the Directive from the Department of Women, Youth and Persons with Disability (DWYPD) to submit monthly and well as quarterly reports on progress made with regards to the implementation of the plan.  The Branch continues to monitor cases of sexual harassment/ assault  as well as improper behavior related to GBV&F  

There is continuous collaboration with external stakeholders, namely Lyra Employee Wellness Service Provider, (formerly known as ICAS), to provide support to victims of sexual harassment/assault, as well as improper behavior related to GBV&F  

During the reporting period the Branch has continued to roll out Socialization sessions on the Department’s GBV&F Implementation Plan as well as the Code of Good Practice on the Elimination of Harassment in the Workplace.  

The Department continues to experience challenges on Employment Equity targets relating to  representation of women at SMS level; as well representation of People With Disability, PWD
",DHA GBVF Plan implemented as per identified quarterly deliverables,"Directorate: Transformation and Gender conducted 15 awareness sessions in Code of Good Practice on the Prevention and Elimination of Workplace Harassment, Economic Empowerment- Will and Investments, Dealing with Mental Health challenges, Rights of Women in Customary Marriages as well as Understanding Sexual Consent, this  in response to the DHA Gender-Based Violence and Femicide plan. The Department has complied with submission of the GBVF report to the Department of Women, Youth and People with Disabilities. 

Four (4) cases of harassment were reported during the reporting period (April – September 2024), which have all been investigated. Two (2) cases have been finalized, one (1) case is awaiting the investigation report and one (1) case is recommended for disciplinary action.  Psycho-social support has been provided to the affected.  

The Department has continued to comply with the monthly reporting requirements to the Department of Women, Youth and People with Disability.
",DHA GBVF Plan implemented as per identified quarterly deliverables," Two-hundred and thirty-three (233) employees trained on The Code of Good Practice on the Prevention and Elimination of Workplace harassment and bullying in the Workplace, by the OPSC.
A socialization session was hosted as part of the launch of the 16 days campaign on no violence against women and children, focusing on the journey of the victim of GBV&F. 
Cases of (sexual) harassment continue to be monitored and managed, and psycho-social support provided to the affected.
The monitoring of representivity and the equitable distribution of skills development opportunities amongst others, is ongoing. During the Quarter, 55% of attendees of developmental opportunities  were Females. 
Monthly Reports continue to be submitted to the Department of Women, Children and People with Disabilities.  





",DHA GBVF Plan implemented as per identified quarterly deliverables,"Achieved -
3 monthly reports have been submitted to Department of Women, Youth and Persons with Disabilities. Key highlights of the 3 reports include:?

5 cases of harassment were reported and investigated during the quarter.  ?

2 of these cases have been finalised with one case where the official was found guilty of sexual harassment, while the other matter involving an alleged assault, the chairperson of the hearing found the official to be innocent. ?

Held awareness sessions on Marital Regimes as well as the Code of Good Practice on Prevention and Elimination of Harassment in the Workplace with Peer Educators in North West, Limpopo and Mpumalanga. ",DHA GBVF Plan implemented,-,,,,,N/A,N/A,N/A,N/A,N/A,"Ongoing monitoring and management of monthly targets
",N/A,N/A,,193
Home Affairs,Home Affairs,National,Programme 1: Administration,Programme 1: Administration,Quarterly,Percentage of misconduct cases concluded within 90 working days (per year),Not Applicable,Not  Applicable,"Priority 1: A Capable, Ethical and Developmental State","Justice, Crime Prevention and Security cluster",70 %,100 %,70 %,82 %,70 %,82 %,70 %,"Achieved
89% 

  %",70 %,82 %,,,,,"Ongoing use of the Department’s Panel of 18 Labour Relations' Service Providers.  
",N/A,"Employees worked hard to finalise cases that they are allocated so the achievement has a multiplicity of reasons including intricacies involved that might not be technical in nature and officials pleading guilty at the start of pleadings. This led to less postponement of cases.
",N/A,"Additional human resources secured through the usage of Legal Practitioners in misconduct cases.

Regular communication and monitoring of target achievement.
","Ongoing use of the Department’s Panel of 18 Labour Relations Service Providers

Training of additional initiators and preceding officers

Ongoing strengthening case monitoring and management 
","Less Postponements?.

Budget availability to enable case workers to travel and attend hearings.","Ongoing project management of the cases. ?

To continue alerting Presiding Officers to postpone cases to a closer date in order to adhere to the turnaround times and submission of report.",,193
Home Affairs,Home Affairs,National,Programme 1: Administration,Programme 1: Administration,Quarterly,"Number of DHA business processes reviewed to identify vulnerabilities to fraud, corruption and security breaches (per year)",Not Applicable,Not  Applicable,"Priority 1: A Capable, Ethical and Developmental State","Justice, Crime Prevention and Security cluster","4 business processes reviewed:
•	Temporary residence permits (spousal permits)
•	Temporary residence permits (critical skills permits)
•	Temporary residence permits (general work and business permits)
•	E-Visas (adjudication processes
","Achieved.
4 business processes reviewed:
•Temporary residence permits (spousal permits)
•Temporary residence permits (critical skills permits)
•Temporary residence permits (general work and business permits)
•E-Visas (adjudication processes).
","4 business processes reviewed:
•	Birth registrations (health facilities)
•	Printing and issuance of birth certificates 
•	Permanent residence permits (adjudication)
•	Marriage Officers (external)
","Achieved
4","4 business processes reviewed:
•	Digitisation processes 
•	DHA Contact Centre (allocation of functions/access to DHA systems) 
•	Duplicate identity numbers 
•	Birth registrations (including implementation of previous recommendations)
","4 business processes reviewed:
Digitisation processes
DHA Contact Centre (allocation of functions/ access to DHA systems)
Duplicate identity numbers
Birth registrations (including implementation of previous recommendations).
","4 business processes reviewed:
•	Death registrations 
•	Smart ID cards (photo swapping / identity theft)
•	Late registrations of births (31 days up to 7 years)
•	Marriages (SA citizens and foreigners)
","Achieved -
4 business processes reviewed:
Death registrations 
Smart ID cards (photo swapping / identity theft)
Late registrations of births (31 days up to 7 years)
Marriages (SA citizens and foreigners)


",16,-,,,,,N/A,N/A,N/A,N/A,N/A,N/A,"N/A
","N/A
",,193
Home Affairs,Home Affairs,National,Programme 1: Administration,Programme 1: Administration,Quarterly,Percentage of reported cases on fraud and corruption finalised within 90 working days (per year),Not Applicable,Not  Applicable,"Priority 1: A Capable, Ethical and Developmental State","Justice, Crime Prevention and Security cluster",80 %,75.75 %,80 %,"Achieved
96.5 %",80 %,"88
 %",80 %,"Achieved 
81.5%

 %",80 %,75 %,,,,,"The Directorate was focused on the Study Visa project. The nature of the project was complicated and required that more resources, time and focus be dedicate to it.
","The project is coming to an end and resources will be refocused to current cases and the Directorate will therefore be able to achieve its target.
","Daily monitoring of cases as per the target date on the spreadsheet. 
The  monitoring is done telephonically to sensitive Investigations as the case draws near to the due date.  This communication also takes the form of emails.",N/A,"The Directorate constantly sends reminders to Investigators to finalise the cases within 90 working day. 
","The Directorate will continue to monitor case dash board and for the Directorate to achieve the target
","The over achievement is attributed to Investigators working extra hours to achieve the target. 
",N/A,,193
Home Affairs,Home Affairs,National,Programme 1: Administration,Programme 1: Administration,Quarterly,Number of TRAs conducted per year in accordance with the requirements of Minimum Information – (MISS) and/or Physical Security Standards (MPSS),Not Applicable,Not  Applicable,"Priority 1: A Capable, Ethical and Developmental State","Justice, Crime Prevention and Security cluster",10,13,10,"Achieved
17",10,"10 TRAs were conducted.
",10,"Achieved
10 TRAs were conducted

",40,30,,,,,"The number of Threat and Risk Assessments (TRAs) conducted exceeded the number planned for the quarter. However, some of the TRAs conducted were not part of the predetermined list, hence the target is reported as not achieved.

","To balance the actual work to be done in the next quarter with what is outstanding from Q1 and ensure adherence to the predetermined list.

","3 TRAs were conducted to compensate for Q1 shortfall  (Hallmark,  Soweto and Sasolburg).
Additional TRAs were conducted because there was a need to conduct TRAs in other offices due to escalating security incidents/crime within the Department. ",N/A,"Review and enforcement of the execution plan
",Continuous monitoring of the execution plan to prevent ,"The team conducts routine inspections, they seized the opportunity and conducted TRAs due to escalating security incidents within the Department, hence the overachievement. 
","N/A
",,193
Home Affairs,Home Affairs,National,Programme 1: Administration,Programme 1: Administration,Quarterly,Number of completed vetting files referred to SSA for evaluation (per year),Not Applicable,Not  Applicable,"Priority 1: A Capable, Ethical and Developmental State","Justice, Crime Prevention and Security cluster","105
(Top Secret /Secret – 30
Confidential – 75)
","107
Top Secret = 3
Secret = 47
Confidential = 57","105
(Top Secret /Secret – 30 
Confidential – 75)
","Achieved 
130 
(Top Secret /
Secret - 32
Confidential - 98)


","95
(Top Secret /Secret – 20
Confidential – 75)
","116 files have been referred to SSA for evaluation and the breakdown is as follows:


Top Secret/Secret =39
Confidential = 77
Total = 116
","95
(Top Secret /Secret – 20
Confidential – 75)
","Achieved -
96 files have been referred to SSA for evaluation 
Top Secret/Secret= 20
Confidential= 76

","400
(Top Secret /Secret – 100
Confidential – 300)
",-,,,,,"The target of 75 Confidential files was not met due to outstanding outcomes of fingerprints from South African Police Service (SAPS).
","The Department will liaise with SAPS to ensure timeous processing of applications submitted to them.

","During the period under review, the business unit submitted the fingerprint requests that could not be referred to Criminal Record Centre (CRC) in the first quarter (Q1) because of the tariffs imposed by the SAPS. As soon as the Department was exempted from such payments, the submissions of fingerprint requests were resumed. The files in excess of the monthly target were processed to compensate for Q1 shortfall. ",N/A,"A slightly higher than planned number of file in the Top Secret/Secret category were completed and referred to SSA for evaluation and this is thanks to the awareness that was communicated to the office managers where the officials in those offices were encouraged to apply for security clearances. This then resulted in improved cooperation and compliance by the officials thereby contributing to the smoother processing of their applications. Evidence to this effect has been attached.

","Continuous management of the target to ensure that the performance of the business unit is in line with the annual plan.
","An awareness initiative was created on the 8th of July 2024, and it resulted in the general cooperation given by officials in terms of availing themselves for interviews and providing the necessary information required. This resulted in timeous submission of files to the SSA, which in turn contributed immensely to the overall over-achievement of the business unit.
","N/A
",,193
Home Affairs,Home Affairs,National,Programme 1: Administration,Programme 1: Administration,Quarterly,Percentage of public procurement to women-owned businesses,Not Applicable,Not  Applicable,"Priority 1: A Capable, Ethical and Developmental State","Justice, Crime Prevention and Security cluster",Policy directive on the implementation of the priority approved by DG (this includes the increase in points obtainable by women- owned businesses on bids on specific goals),"Achieved
Preferential Procurement Policy approved by the DG on 26 June 2024.
","Pilot the implementation at head office (for bids only):
•	Determine points obtainable by women entities on specific goals for all planned bids in quarter two on specific goals
","Determined points obtainable by women entities and published four (4) invitations to bid with high points on specific goals for women owned businesses.

",20% of public procurement to women-owned businesses,100% of public procurement to women-owned businesses made during the period under review.,20% of public procurement to women-owned businesses,"Achieved - 100% of public procurement made to women-owned businesses (equal to and greater than 30% of businesses owned by women) during the period under review.
",20% of public procurement to women-owned businesses,-,,,,,N/A,N/A,"The technical indicator was not captured clearly. It does not indicate whether the four (4)  bids reported to have been published  were in terms of all planned bids for quarter 2.
",Revise the technical indicator (TID) in order to align with the set targets.,Only two (2) awards were made for one cleaning services tender and other complex tenders were cancelled.,N/A,"Three (3) awards were made to women owned companies and other tenders were cancelled.
","Reduction in cancelled bids.
",,193
Home Affairs,Home Affairs,National,Programme 2: Citizen Affairs,Programme 2: Citizen Affairs,Quarterly,Number of births registered within 30 calendar days per year,Not Applicable,Not  Applicable,"Priority 1: A Capable, Ethical and Developmental State","Justice, Crime Prevention and Security cluster",187500,,195000,,170251,"169 797 births were registered within 30 calendar days
",177749,"Achieved - 183 407 births were registered within 30 calendar days

",730500,169797,,,,,,,,,"A total of 16 875 births were not registered within 30 days. 
 30 days. 
","Back Office together with Learning Academy and Provincial Managers to ensure the roll out of the MoU with DCOG/COGTA, which entails the training and deployment of participants to provinces in a phased approach.
","Extended office hours as well as the deployment of officials to five provinces (KZN, EC, LP, MP & GP) during March 2025
","N/A
",,193
Home Affairs,Home Affairs,National,Programme 2: Citizen Affairs,Programme 2: Citizen Affairs,Quarterly,Number of births registered within 30 calendar days per year,Not Applicable,Not  Applicable,Priority 6: Social Cohesion and Safer Communities,"Justice, Crime Prevention and Security cluster",187500,187912,195000,184085 ,180000,,187500,Refer to revised target in row 1.,750000,371997,,,,,Daily and monthly monitoring of birth registration performance by provinces against the set target and distribution of detailed performance reports. These reports allows provincial management to implement operational adjustments towards attainment of the set targets.,N/A,"Misalignment of operating hours between DHA and DoH.
A total of 164 895 children were born and registered during Q2. A total of 148 641 births occurred during quarter 2 and were registered. A total of 16 254 births occurred during Q2 and were not registered within 30 days. 
","Back Office together with Learning Academy and Provincial Managers to ensure the roll out of the MoU with DCOG/COGTA, which entails the training and deployment of Participants to provinces in a phased approach.
",,,,,,193
Home Affairs,Home Affairs,National,Programme 2: Citizen Affairs,Programme 2: Citizen Affairs,Quarterly,Number of smart ID cards issued to citizens 16 years of age and above per year,Not Applicable,Not  Applicable,Priority 6: Social Cohesion and Safer Communities,"Justice, Crime Prevention and Security cluster",650000,784114,625000,895124,575000,"970 543 Smart ID cards were issued to citizens 16 years of age and above
",650000,"Achieved - 948 075 Smart ID cards were issued to citizens 16 years of age and above

",2500000,2649781,,,,,"Constant monitoring of the external service providers (GPW and Skynet) to ensure that ID Cards are finalized by conducting audit on long outstanding cases which are still with the service providers.
Meeting with IS and Service providers to discuss issues affecting production.
Continuous monitoring of system functionality and reporting of system errors to IS by logging calls
An overtime project was launched at provincial level to extend office hours
",N/A,"Demand for Smart ID cards exceeded the departments forecast of 625 000.
","N/A
","Monitor performance and resolve bottlenecks on processing and issuance of Smart ID Cards through weekly  virtual meetings  with heads of stakeholders that include DHA IT, GI-Tech, Civic Services, Skynet and GPW.

Monitoring of system functionality and reporting of system errors to IS by logging calls.
","Ongoing engagement with GPW to perform as expected and to accommodate lead times from dispatching and scanning of consignments by both Skynet and offices.

Engage IT to find sustainable solutions to ongoing system failures.
","Monitor performance and resolve bottlenecks on processing and issuance of Smart ID Cards through weekly virtual meetings  with heads of stakeholders that include DHA IT, GI-Tech, Civic Services, Skynet and GPW.

Monitoring of system functionality and reporting of system errors to IS by logging calls.","Ongoing engagement with GPW to perform as expected and to accommodate lead times from dispatching and scanning of consignments by both Skynet and offices.

Engage IT to find sustainable solutions to ongoing system failures.
",,193
Home Affairs,Home Affairs,National,Programme 2: Citizen Affairs,Programme 2: Citizen Affairs,Quarterly,Percentage (%) of machine readable adult passports (live capture process) issued within 13 working days for applications collected and processed within the RSA per year,Not Applicable,Not  Applicable,"Priority 1: A Capable, Ethical and Developmental State","Justice, Crime Prevention and Security cluster",90 %,97.63 %,90 %,94.31 %,90 %,"92.44% of machine-readable adult passports (live capture system) were issued within 13 working days
 %",90 %,"Not achieved - 76,75% of machine-readable adult passports (live capture system) were issued within 13 working days

 %",90 %,0 %,,,,,"Daily monitoring of performance through reports provided by M&E. These reports allows management to implement operational adjustments towards attainment of the set targets. 
Continuous monitoring of system functionality and reporting of system errors to IS",N/A,"Daily operational 
monitoring of target and performance through progress reports
","N/A
","Regular engagements with relevant stakeholders regarding production as follows: 
Skynet – escalate dispatch system functionality issues through a Whatsapp group as required,
IS – escalate exceptions through e-mails and a Whatsapp group as required, and
GPW - weekly meetings
Daily monitoring of targets and production gates
Implementation of overtime 
","Constant monitoring of targets
","Following written communications between the CEO of GPW and the DG of DHA regarding an unexpected infrastructure incident that occurred during February 2025, passport production during March of 2025 remained lower than expected, leading to the under-achievement of the quarter 4 target.   
","N/A 
",,193
Home Affairs,Home Affairs,National,Programme 2: Citizen Affairs,Programme 2: Citizen Affairs,Quarterly,Percentage (%) of machine readable passports for children (live capture process) issued within 18 working days for applications collected and processed within the RSA per year,Not Applicable,Not  Applicable,"Priority 1: A Capable, Ethical and Developmental State","Justice, Crime Prevention and Security cluster",90 %,99.35 %,90 %,99.13 %,90 %,98.13 %,90 %,"Not achieved - 89,35% of machine readable minor passports (live capture system) were issued within 18 working days
 %",90 %,0 %,,,,,"Daily monitoring of performance through reports provided by M&E. These reports allows management to implement operational adjustments towards attainment of the set targets. 
Continuous monitoring of system functionality and reporting of system errors to IS",N/A,"Daily operational monitoring of target and performance through progress reports
",N/A,"Regular engagements with relevant stakeholders regarding production as follows: 
Skynet – escalate dispatch system functionality issues through a Whatsapp group as required,
IS – escalate exceptions through e-mails and a Whatsapp group as required, and
GPW - weekly meetings
Daily monitoring of targets and production gates
Implementation of overtime

","Constant monitoring of targets
","Following written communications between the CEO of GPW and the DG of DHA regarding an unexpected infrastructure incident that occurred during February 2025, passport production during March of 2025 remained lower than expected, leading to the under-achievement of the quarter 4 target.   
",N/A,,193
Home Affairs,Home Affairs,National,Programme 3: Immigration Affairs,Programme 3: Immigration Affairs,Quarterly,"Gazetting of Third Amendment of the Immigration Regulations, 2014",Not Applicable,Not  Applicable,Priority 2: Economic Transformation And Job Creation,"Justice, Crime Prevention and Security cluster",N/A,,N/A,,"Third Amendment of the
Immigration Regulations,
2014 gazetted","Third Amendment of the Immigration regulations 2014 was gazetted during the month of October 2024
",N/A,N/A,"Third Amendment of the
Immigration Regulations,
2014 gazetted",-,,,,,,,,,N/A,N/A,,,,193
Home Affairs,Home Affairs,National,Programme 3: Immigration Affairs,Programme 3: Immigration Affairs,Quarterly,Number of deportations conducted in line with the Immigration Act,Not Applicable,Not  Applicable,"Priority 1: A Capable, Ethical and Developmental State","Justice, Crime Prevention and Security cluster",N/A,,N/A,,6000,"October :      5261
November :  4210
December :  4549
Overall Q3 deportation: 14020


",6000,"Achieved 
13 929",12000,-,,,,,,,,,"Developed and implemented the weekly deportation plan to all the SADC countries and other Nationals.

Further, Departmental buses sourced through CARA funding is relieving the deportation burden to neighboring countries.
","Continuous weekly deportation monitoring.

Additional funding required to support deportation processes.


",Implementation Plan to deport weekly to neighboring countries. The schedule was previously every second week,"The procurement of buses, trucks and bakkies through the Criminal Assets Recovery Account (CARA) eased the financial burden, which had resulted from only using commercial buses, trucks and bakkies. To keep up the momentum, additional funds must be sourced ",,193
Home Affairs,Home Affairs,National,Programme 3: Immigration Affairs,Programme 3: Immigration Affairs,Quarterly,Percentage of new asylum applications at level of Refugee Status Determination Officer adjudicated within 30 working days from date of registration on the ASM system,Not Applicable,Not  Applicable,"Priority 1: A Capable, Ethical and Developmental State","Justice, Crime Prevention and Security cluster",N/A,,N/A,,90%,"
ASM achieved 93,27% during the reporting period adjudicating 1997 of the 2141 cases within 30 days




",90%,"Achieved 90.19% during the reporting period, adjudicating 1 297 of the 1 438 cases within 30 days",90%,-,,,,,,,,,"Sustained Improved Operations Management Processes at the centres
Daily performance Management and  monitoring.

","N/A
",N/A,N/A,,193
Home Affairs,Home Affairs,National,Programme 3: Immigration Affairs,Programme 3: Immigration Affairs,Quarterly,"Percentage (%) of permanent residence applications for critical skills (S27b), general work (S26a) and business (S27c) adjudicated within 8 months for applications collected within the RSA per year",Not Applicable,Not  Applicable,Priority 2: Economic Transformation And Job Creation,"Justice, Crime Prevention and Security cluster",85 %,88.13 %,85 %,"100% (306 out of 306) 


 %",85 %,"100% (350 out of 350) of permanent residence applications for critical skills (S27b-280), general work (S26a-41) and business (S27c-29) adjudicated within 8 months for applications collected within the RSA per year

 %",85 %,"Achieved - 86% (304  out of 353) of permanent residence applications for critical skills (S27b-280), general work (S26a-41) and business (S27c-29) adjudicated within 8 months for applications collected within the RSA per year %",85 %,88 %,,,,,"•	Introduction of statistical reporting tools.
•	Additional resources to deal with the backlog.
",N/A,"Unit received additional capacity that impacted positively into achievement of the target.
",N/A,"Additional Human Resources from Provinces and other units to assist at different delegation levels
Overtime work during the reporting .
Continuous performance management and monitoring,
Improved Operations Management within the unit,

","Continuous monitoring and performance management at all levels. 

",IMS added additional Human Resources  to assist on the different delegation levels,Continuous monitoring through weekly reports received from VFS on applications received,,193
Home Affairs,Home Affairs,National,Programme 3: Immigration Affairs,Programme 3: Immigration Affairs,Quarterly,Percentage (%) of critical skills visa applications adjudicated within 4 weeks for applications adjudicated within the RSA per year,Not Applicable,Not  Applicable,Priority 2: Economic Transformation And Job Creation,"Justice, Crime Prevention and Security cluster",95 %,96.47 %,95 %,"90% (404 out of 451) 
 %",95 %,"87% (436  out of 501 with 65 application not finalised within the targeted period ) of critical skills visa applications adjudicated within 4 weeks for applications processed within the RSA per year.







 %",95 %,"Not achieved - 85% (345  out of 408) of critical skills visa applications adjudicated within 4 weeks for applications processed within the RSA per year.
 %",95 %,0 %,,,,,"•	Introduction of statistical reporting tools.
•	Additional resources to deal with the backlog.
",N/A,"The non-achievement of the target was due to a number of factors such as the delay in the transfer of applications by VFS to DHA, the delay in dispatch of outcomes to VFS. As well as the non-loading or delayed uploading of applications by DHA IS onto VAS. 
","The Acting DDG:IMS and Permitting Management to meet with VFS on the 15th of October to address the failure of VFS to transfer applications timeously to DHA, which in turn affects the turnaround time within which applications are finalised. The meeting will also discuss other delays of the dispatch of outcomes.
","Out of the 65 applications that were not finalized within 4 weeks; 17 were still pending and 49 were finalized after 4 weeks.
There has been delays of receipt of applications from VAS linking to the IT system challenges as well as delays in the dispatch hub affecting the turnaround time and process at VFS.","
The unit implemented the Action Plan since 20/01/2025 for monitoring the plan to ensure the % of achievement increases as a result of this intervention whereby the Short Term - APP files will be scanned and transferred on priority and Long Term - APP files will be scanned in VAC reducing PDF creation/ transfer time. Computer/ Scanners/ Bandwidth will be added at key locations.

",Delayed applications transfers into the Visa Adjudication System,Weekly monitoring and early warning reports implemented to identify applications at risk ,,193
Home Affairs,Home Affairs,National,Programme 3: Immigration Affairs,Programme 3: Immigration Affairs,Quarterly,Percentage (%) of business visa applications adjudicated within 8 weeks for applications processed within the RSA per year,Not Applicable,Not  Applicable,Priority 2: Economic Transformation And Job Creation,"Justice, Crime Prevention and Security cluster",90 %,100 %,90 %,"93% (25 out of 27) 
 %",90 %,"100% (21 out of 21) of business visa applications adjudicated within 8 weeks for applications processed within the RSA per year
 %",90 %,Achieved - 94% (15 out of 16) of business visa applications adjudicated within 8 weeks for applications processed within the RSA per year %,90 %,100 %,,,,,"•	Introduction of statistical reporting tools.
•	Additional resources to deal with the backlog.
",N/A,"The achievement of this target is due to the low number (volume) of applications in this category. All the applications were assigned to one adjudicator who managed to process 25 out of 27 within 8 weeks. The delay on the two applications was due to the verification of supporting documents which took time to be confirmed. 
",N/A,"Improved Operations Management Processes.
Daily performance Management and  monitoring.
","Continuous management and monitoring of operations in both the Unit and VFS.
",The 8 weeks turnaround time allowed the delays in transfers to be manageable.,Weekly monitoring and earl warning reports implemented to identify applications at risk ,,193
Home Affairs,Home Affairs,National,Programme 3: Immigration Affairs,Programme 3: Immigration Affairs,Quarterly,Percentage (%) of general work visa applications adjudicated within 8 weeks for applications processed within the RSA per year,Not Applicable,Not  Applicable,Priority 2: Economic Transformation And Job Creation,"Justice, Crime Prevention and Security cluster",90 %,97.5 %,90 %,"
91% (184 out of 203)

 %",90 %,"99%  ( 202 out of 205 with 5 applications not finalised within the targeted period) of general work visa applications adjudicated within 8 weeks for applications processed within the RSA per year
   %",90 %,Achieved - 99% (221 of 223) of general work visa applications adjudicated within 8 weeks for applications processed within the RSA per year %,90 %,98 %,,,,,"•	Introduction of statistical reporting tools.
•	Additional resources to deal with the backlog.
",N/A,"The achievement of this target is due to the low number (volume) of applications in this category. Another contributing factor to the achievement is that general work visa applications are assigned to a single adjudicator who in this quarter managed to process 184 out of 203, missing the 8 weeks for 19 of the applications.",N/A,"Improved Operations Management Processes.
Daily performance Management and  monitoring.
","Continuous management and monitoring of operations in both the Unit and VFS.
",The 8 weeks turnaround time allowed the delays in transfers to be manageable.,Weekly monitoring and earl warning reports implemented to identify applications at risk ,,193
Home Affairs,Home Affairs,National,Programme 3: Immigration Affairs,Programme 3: Immigration Affairs,Quarterly,Number of DHA-led law enforcement operations/inspections conducted for targeted areas to ensure compliance with immigration legislation per year,Not Applicable,Not  Applicable,Priority 6: Social Cohesion and Safer Communities,"Justice, Crime Prevention and Security cluster",500,477,500,"702
",500,"676

",500,"Achieved 
1 103
",2000,2958,,,,,"Due to elections that took place during Q1, Inspectorate did not manage to conduct enough inspections.","Monitoring of inspections to ensure that, the target is achieved to cover Q1 deficiency.","Interventions made by A/DDG through the engagements with provincial coordinators to ensure reporting of the weekly inspections conducted in order to monitor progress against the set targets. 
 
",N/A,"Development of compliance check list that was incorporated in the registers to easily conduct quality check on register and the evidence submitted.

","Continue with compliance checks and quality assurance

",Inspections registers to easily conduct quality check on the evidence submitted.,Continue with compliance checks and quality assurance,,193
Human Settlements,Human Settlements,National,1.1 PROGRAMME 1: ADMINISTRATION ,Sub Programme: Departmental Management,Quarterly,Percentage compliance with statutory prescripts,Non-Standardized,Not  Applicable,"Priority 5: Spatial Integration, Human Settlements and Local Government","Governance, State Capacity and Institutional Development cluster",100% compliance with statutory prescripts,100% compliance with statutory prescripts,100% compliance with statutory prescripts,100% compliance with statutory prescripts,100% compliance with statutory prescripts,100% compliance with statutory prescripts ,100% compliance with statutory prescripts,67% compliance with statutory prescripts (Quarterly report submitted to DPME and invoices paid),100% compliance with statutory prescripts,-,,,,,Not applicable,Not applicable,Not applicable,Not applicable,Not applicable,Not applicable,Provinces did not meet the approved MTDP targets and priorities announced at the sector wide strategic planning session.,"Provinces were formally requested to ensure compliance with statutory prescripts namely alignment to the MTDP targets and the new priorities established during the Strategic Planning Session. Most Provinces responded by 19 March 2025 including revised business plans with WC and MP responding by the 27 and
29 March respectively
",,193
Human Settlements,Human Settlements,National,1.1 PROGRAMME 1: ADMINISTRATION ,Sub programme: Financial Management ,Annually,Unqualified audit opinion with no material findings,Non-Standardized,Not  Applicable,"Priority 5: Spatial Integration, Human Settlements and Local Government","Governance, State Capacity and Institutional Development cluster",,,,,,,,,2023/24 unqualified audit opinion with no material findings,,,,,,,,,,,,,,,193
Human Settlements,Human Settlements,National,1.1 PROGRAMME 1: ADMINISTRATION ,Sub programme: Financial Management ,Quarterly,Human Settlements Grants Frameworks Approved,Non-Standardized,Not  Applicable,"Priority 5: Spatial Integration, Human Settlements and Local Government","Governance, State Capacity and Institutional Development cluster",No Target,No Target,No Target,N/A,Draft 2025/26 Human Settlements Grants Frameworks signed off and submitted to National Treasury,Draft 2025/26 Human Settlements Grants Frameworks signed off and submitted to National Treasury,2025/26 Human Settlements Grants Frameworks Human Approved,2025/26 Human Settlements Grants Frameworks Human Approved,2025/26 Human Settlements Grants Frameworks Approved,-,,,,,Not applicable,Not applicable,N/A,N/A,Not applicable,Not applicable,Not applicable,Not applicable,,193
Human Settlements,Human Settlements,National,1.1 PROGRAMME 1: ADMINISTRATION ,Sub programme: Financial Management ,Quarterly,Number of quarterly assessments conducted on performance of human settlements grants (HSDG and ISUPG),Non-Standardized,Not  Applicable,"Priority 5: Spatial Integration, Human Settlements and Local Government","Governance, State Capacity and Institutional Development cluster","1 quarterly assessment (1x 4th quarter of 2023/24 financial year) conducted on HSDG performance 

1 quarterly assessment (1x 4th quarter of 2023/24 financial year) conducted on ISUPG-Provinces performance","1 quarterly assessment (1x 4th quarter of 2023/24 financial year) conducted on HSDG performance 

1 quarterly assessment (1x 4th quarter of 2023/24 financial year) conducted on ISUPG-Provinces performance","1 quarterly assessment (1x 1st quarter of 2024/25 financial year) conducted on HSDG performance  

1 quarterly assessment (1x 1st quarter of 2024/25 financial year) conducted on ISUPG- Provinces performance ","1 quarterly assessment (1x 1st quarter of 2024/25 financial year) conducted on HSDG performance 

1 quarterly assessment (1x 1st quarter of 2024/25 financial year) conducted on ISUPG-Province’s performance","1 quarterly assessment (1x 2nd quarter of 2024/25 financial year) conducted on HSDG performance 

1 quarterly assessment (1x 2nd quarter of 2024/25 financial year) conducted on ISUPG- Provinces performance ",1 quarterly assessment (1x 2nd quarter of 2024/25 financial year) conducted on HSDG performance 1 quarterly assessment (1x 2nd quarter of 2024/25 financial year) conducted on ISUPG- Provinces performance,"1 quarterly assessment (1x 3rd quarter of 2024/25 financial year) conducted on HSDG performance 

1 quarterly assessment (1x 3rd quarter of 2024/25 financial year) conducted on ISUPG- Provinces performance ","1 quarterly assessment (1x 3rd quarter of 2024/25 financial year) conducted on HSDG performance

1 quarterly assessment (1x 3rd quarter of 2024/25 financial year) conducted on ISUPG-Province’s performance
",8 quarterly   assessments conducted on performance of both human settlements grant (HSDG and ISUPG),-,,,,,Not applicable,Not applicable,Not applicable,Not applicable,Not applicable,Not applicable,Not applicable,Not applicable,,193
Human Settlements,Human Settlements,National,1.1 PROGRAMME 1: ADMINISTRATION ,Sub programme: Financial Management ,Quarterly,Number of quarterly assessments conducted on performance of human Settlements Grants (USDG and ISUPG),Non-Standardized,Not  Applicable,"Priority 5: Spatial Integration, Human Settlements and Local Government","Governance, State Capacity and Institutional Development cluster","1 quarterly assessment (1x 3rd quarter of 2023/24 financial year) conducted on USDG performance 

1 quarterly assessment (1x 3rd quarter of 2023/24 financial year) conducted on ISUPG-Metros performance ","1 quarterly assessment (1x 3rd quarter of 2023/24 financial year) conducted on USDG performance 

1 quarterly assessment (1x 3rd quarter of 2023/24 financial year) conducted on ISUPG-Metros performance ","1 quarterly assessment (1x 4th quarter of 2023/24 financial year) conducted on USDG performance

1 quarterly assessment (1x 4th quarter of 2023/24 financial year) conducted on ISUPG-Metros performance","1 quarterly assessment (1x 4th quarter of 2023/24 financial year) conducted on USDG performance 

1 quarterly assessment (1x 4th quarter of 2023/24 financial year) conducted on ISUPG-Metros performance 

","1 quarterly assessment (1x 1st quarter of 2024/25 financial year) conducted on USDG performance

1 quarterly assessment (1x 1st quarter of 2024/25 financial year) conducted on ISUPG-Metros performance",1 quarterly assessment (1x 1st quarter of 2024/25 financial year) conducted on USDG performance 1 quarterly assessment (1x 1st quarter of 2024/25 financial year) conducted on ISUPG-Metros performance,"1 quarterly assessment (1x 2nd quarter of 2024/25 financial year) conducted on USDG performance

1 quarterly assessment (1x 2nd quarter of 2024/25 financial year) conducted on ISUPG-Metros performance"," 1 quarterly assessment (1x 2nd quarter of 2024/25 financial year) conducted on USDG performance

1 quarterly assessment (1x 2nd quarter of 2023/24 financial year) conducted on ISUPG-Metros performance",8 quarterly   assessments conducted on performance of both human settlements grant (USDG and ISUPG),-,,,,,Not applicable,Not applicable,Not applicable,Not applicable,Not applicable,Not applicable,Not applicable,Not applicable,,193
Human Settlements,Human Settlements,National,1.1 PROGRAMME 1: ADMINISTRATION ,Sub programme: Financial Management ,Quarterly,Number of quarterly assessments on set aside allocations for designated groups (HSDG and USDG),Non-Standardized,Not  Applicable,"Priority 5: Spatial Integration, Human Settlements and Local Government","The Economic Sectors, Employment and Infrastructure Development cluster",1 quarterly assessment on set aside allocations for designated groups (HSDG and USDG),1 quarterly assessment on set aside allocations for designated groups (HSDG and USDG),1 quarterly assessment on set aside allocations for designated groups (HSDG and USDG),1 quarterly assessment on set aside allocations for designated groups (HSDG and USDG),1 quarterly assessment on set aside allocations for designated groups (HSDG and USDG),1 quarterly assessment on set aside allocations for designated groups (HSDG and USDG),1 quarterly assessment on set aside allocations for designated groups (HSDG and USDG),1 quarterly assessment on set aside allocations for designated groups (HSDG and USDG,4 quarterly assessments on set aside allocations for designated groups (HSDG and USDG),-,,,,,Not applicable,Not applicable,Not applicable,Not applicable,Not applicable,Not applicable,Not applicable,Not applicable,,193
Human Settlements,Human Settlements,National,1.1 PROGRAMME 1: ADMINISTRATION ,Sub-Programme: Corporate Services,Quarterly,Approved MTEF Human Resource Plan,Non-Standardized,Not  Applicable,"Priority 5: Spatial Integration, Human Settlements and Local Government","Governance, State Capacity and Institutional Development cluster",Draft MTEF Human Resource Plan ,Draft MTEF Human Resource Plan ,Approved MTEF Human Resource Plan,Approved MTEF Human Resource Plan,No Target,No Target,No Target,,Approved MTEF Human Resource Plan ,-,,,,,Not applicable,Not applicable,Not applicable,Not applicable,Not applicable,Not applicable,,,,193
Human Settlements,Human Settlements,National,1.1 PROGRAMME 1: ADMINISTRATION ,Sub-Programme: Corporate Services,Quarterly,Percentage implementation of the approved annual ICT Implementation Plan,Non-Standardized,Not  Applicable,"Priority 5: Spatial Integration, Human Settlements and Local Government","Governance, State Capacity and Institutional Development cluster",25% Implementation of the approved annual ICT implementation plan ,25% Implementation of the approved annual ICT implementation plan ,50% Implementation of the approved annual ICT Implementation Plan,50% Implementation of the approved annual ICT implementation plan,75% Implementation of the approved annual ICT implementation plan ,75% Implementation of the approved annual ICT implementation plan,100% Implementation of the approved annual ICT Implementation Plan,"100%
Implementation of the approved annual ICT implementation plan
",100% Implementation of the approved annual ICT Implementation Plan,-,,,,,Not applicable,Not applicable,Not applicable,Not applicable,Not applicable,Not applicable,Not applicable,Not applicable,,193
Human Settlements,Human Settlements,National,1.1 PROGRAMME 1: ADMINISTRATION ,Sub-Programme: Corporate Services,Quarterly,Reviewed ICT Strategy & plan,Non-Standardized,Not  Applicable,"Priority 5: Spatial Integration, Human Settlements and Local Government","Governance, State Capacity and Institutional Development cluster",No Target,No Target,No Target,N/A,No Target,No Target,Reviewed ICT Strategy & plan,Reviewed ICT Strategy and Plan,Reviewed ICT Strategy & plan,-,,,,,Not applicable,Not applicable,N/A,N/A,Not applicable,Not applicable,Not applicable,Not applicable,,193
Human Settlements,Human Settlements,National,1.2 PROGRAMME 2: INTEGRATED HUMAN SETTLEMENTS PLANNING AND DEVELOPMENT PROGRAMME,Macro policy and research,Annually,Number of reports produced from the Research Agenda,Non-Standardized,Not  Applicable,"Priority 5: Spatial Integration, Human Settlements and Local Government","The Social Protection, Community and Human Development cluster",,,,,,,,,"4 reports produced from the Research Agenda :

•	Research report on the investigation on countries addressing urbanisation challenges through human settlements development

•	Benchmark report on the approaches for addressing informal settlements. 

•	Research report on global development around climate change resilient practices and technologies

•	Research report on international strategies for social and affordable housing development
",,,Not applicable,Not applicable,,,,,,,,,,,193
Human Settlements,Human Settlements,National,1.2 PROGRAMME 2: INTEGRATED HUMAN SETTLEMENTS PLANNING AND DEVELOPMENT PROGRAMME,Macro policy and research,Quarterly,Housing Act reviewed,Non-Standardized,Not  Applicable,"Priority 5: Spatial Integration, Human Settlements and Local Government","The Social Protection, Community and Human Development cluster",Reviewed Housing Act (Draft),"Housing Act not reviewed. Draft not submitted.

Draft analysis  to inform the review of the Act was submitted.
",No target,N/A,No target,No target,Housing Act reviewed,"Review Housing Act not finalised. There was a dependency on the approval of
the White paper

",Housing Act reviewed,-,,,,,The draft analysis was undertaken while awaiting finalisation of the White Paper revision.,The target will be finalised after finalisation of the White Paper.,N/A,N/A,Not applicable,Not applicable,There was a dependency on the approval of the White paper,The target will be undertaken in the 2025/26 financial year,,193
Human Settlements,Human Settlements,National,1.2 PROGRAMME 2: INTEGRATED HUMAN SETTLEMENTS PLANNING AND DEVELOPMENT PROGRAMME,Macro policy and research,Quarterly,Housing Code reviewed,Non-Standardized,Not  Applicable,"Priority 5: Spatial Integration, Human Settlements and Local Government","The Social Protection, Community and Human Development cluster","No target

",No target,"No target

",N/A,"No target

",No target,Housing code reviewed,Review Housing Code not finalised. There was a dependency on the approval of the White paper,Housing code reviewed ,-,,,,,Not applicable,Not applicable,N/A,N/A,Not applicable,Not applicable,There was a dependency on the approval of the White paper,The target will be undertaken in the 2025/26 financial year,,193
Human Settlements,Human Settlements,National,1.2 PROGRAMME 2: INTEGRATED HUMAN SETTLEMENTS PLANNING AND DEVELOPMENT PROGRAMME,Macro policy and research,Quarterly,Number of reports produced from the Research Agenda  ,Non-Standardized,Not  Applicable,"Priority 5: Spatial Integration, Human Settlements and Local Government","The Economic Sectors, Employment and Infrastructure Development cluster",,,,,,,,,,0,,,,,,,,,,,,,,193
Human Settlements,Human Settlements,National,1.2 PROGRAMME 2: INTEGRATED HUMAN SETTLEMENTS PLANNING AND DEVELOPMENT PROGRAMME,Macro policy and research,Quarterly,White Paper for Human Settlements developed,Non-Standardized,Not  Applicable,"Priority 5: Spatial Integration, Human Settlements and Local Government","The Social Protection, Community and Human Development cluster",Draft White Paper for Human Settlements developed,Draft White Paper for Human Settlements developed ,No target,N/A,No target,No target,White Paper for Human Settlements developed,White Paper for Human Settlements developed,White Paper for Human Settlements developed,-,,,,,Not applicable,Not applicable,N/A,N/A,Not applicable,Not applicable,Not applicable,Not applicable,,193
Human Settlements,Human Settlements,National,1.2 PROGRAMME 2: INTEGRATED HUMAN SETTLEMENTS PLANNING AND DEVELOPMENT PROGRAMME,Sub Programme: Monitoring and Evaluation,Quarterly,Number of evaluation studies completed,Non-Standardized,Not  Applicable,"Priority 5: Spatial Integration, Human Settlements and Local Government","The Social Protection, Community and Human Development cluster",Inception report completed,Inception report completed,Literature review report completed,Literature review report completed,Data Collection Report and Draft Evaluation Report completed,Data Collection Report and Draft Evaluation Report completed,Evaluation study completed: Design and Implementation evaluation of the Priority Human Settlements and Housing Development Areas (PHSHDAs),"1 Evaluation study completed: Design and Implementation evaluation of the Priority Human Settlements and Housing Development Areas
(PHSHDAs)
",1 Report on monitoring of projects as per approved business plans (USDG),-,,,,,Not applicable,Not applicable,Not applicable,Not applicable,Not applicable,Not applicable,Not applicable,Not applicable,,193
Human Settlements,Human Settlements,National,1.2 PROGRAMME 2: INTEGRATED HUMAN SETTLEMENTS PLANNING AND DEVELOPMENT PROGRAMME,Sub Programme: Monitoring and Evaluation,Quarterly,Number of reports on monitoring of projects as per approved business plans (HSDG),Non-Standardized,Not  Applicable,"Priority 5: Spatial Integration, Human Settlements and Local Government","The Social Protection, Community and Human Development cluster",1 Report on monitoring of projects as per approved business plans (HSDG),1 Report on monitoring of projects as per approved business plans (HSDG),1 Report on monitoring of projects as per approved business plans (HSDG),1 Report on monitoring of projects as per approved business plans (HSDG),1 Report on monitoring of projects as per approved business plans (HSDG),1 Report on monitoring of projects as per approved business plans (HSDG),1 Report on monitoring of projects as per approved business plans (HSDG),1 Report on monitoring of projects as per approved business plans (HSDG),4 Reports on monitoring of projects as per approved business plans (HSDG),-,,,,,Not applicable,Not applicable,Not applicable,Not applicable,Not applicable,Not applicable,Not applicable,Not applicable,,193
Human Settlements,Human Settlements,National,1.2 PROGRAMME 2: INTEGRATED HUMAN SETTLEMENTS PLANNING AND DEVELOPMENT PROGRAMME,Sub Programme: Monitoring and Evaluation,Quarterly,Number of reports on monitoring of projects as per approved business plans (USDG),Non-Standardized,Not  Applicable,"Priority 5: Spatial Integration, Human Settlements and Local Government","The Social Protection, Community and Human Development cluster",1 Report on monitoring of projects as per approved business plans (USDG),1 Report on monitoring of projects as per approved business plans (USDG),1 Report on monitoring of projects as per approved business plans (USDG),1 Report on monitoring of projects as per approved business plans (USDG),1 Report on monitoring of projects as per approved business plans (USDG),1 Report on monitoring of projects as per approved business plans (USDG),1 Report on monitoring of projects as per approved business plans (USDG),1 Report on monitoring projects as per approved business plans (USDG),4 Report on monitoring of projects as per approved business plans (USDG),-,,,,,Not applicable,Not applicable,Not applicable,Not applicable,Not applicable,Not applicable,Not applicable,Not applicable,,193
Human Settlements,Human Settlements,National,1.2 PROGRAMME 2: INTEGRATED HUMAN SETTLEMENTS PLANNING AND DEVELOPMENT PROGRAMME,Sub- Programme: Public Entity Oversight ,Quarterly,Number of entities’ performance monitored,Non-Standardized,Not  Applicable,"Priority 5: Spatial Integration, Human Settlements and Local Government","The Social Protection, Community and Human Development cluster",6 entities’ performance monitored,6 entities’ performance monitored,6 entities’ performance monitored,6 entities’ performance monitored,6 entities’ performance monitored,6 entities’ performance monitored,6 entities’ performance monitored,6 entities’ performance monitored,6 entities’ performance monitored,-,,,,,Not applicable,Not applicable,Not applicable,Not applicable,Not applicable,Not applicable,Not applicable,Not applicable,,193
Human Settlements,Human Settlements,National,1.2 PROGRAMME 2: INTEGRATED HUMAN SETTLEMENTS PLANNING AND DEVELOPMENT PROGRAMME,Sub-Programme: Capacity Building and Sector Support ,Quarterly,Number of intergovernmental relations programmes implemented,Non-Standardized,Not  Applicable,"Priority 5: Spatial Integration, Human Settlements and Local Government","The Social Protection, Community and Human Development cluster",15 intergovernmental relations programmes implemented,"15 intergovernmental relations programmes implemented:

Coordination of Provincial and Municipalities Quarterly Performance Review Session

Coordination of eight Ministerial Outreach Programme and six Ministerial Community Interventions
",15 intergovernmental relations programmes implemented,"21 intergovernmental relations programmes were implemented 









",15 intergovernmental relations programmes implemented,21 intergovernmental relations programmes were implemented ,15 intergovernmental relations programmes implemented,20 intergovernmental relations programmes were implemented,60 intergovernmental relations programmes implemented,-,,,,,"The two meetings depend on the Executive Authority and Accounting Officer.

Additional two Intergovernmental achieved were initiated to support Ministerial Outreach
","A programme or meeting schedule will be submitted to the Executive Authority to ensure the meetings take place timeously. The technical MinMec will be convened on quarterly basis, as per schedule. ","This is Ministerial support   programs and, in most instances, they are responsive to address arising service delivery challenges 

There were urgent issues to be addressed such as the MDTP and Military Veterans

Intergovernmental targets were initiated to support Ministerial Community Interventions and there since there was an influx of the cases reported to Ministry.
","Not applicable
","These are Ministerial support   programs and, in most instances, they are responsive to address arising service delivery challenges.",Not applicable,"This is Ministerial support programs, and, in most instances, they are responsive to address arising service delivery challenges",Not applicable,,193
Human Settlements,Human Settlements,National,1.2 PROGRAMME 2: INTEGRATED HUMAN SETTLEMENTS PLANNING AND DEVELOPMENT PROGRAMME,Sub-Programme: Macro Sector Planning,Quarterly,2024-2029 Human Settlements MTSF priorities and targets developed,Non-Standardized,Not  Applicable,"Priority 5: Spatial Integration, Human Settlements and Local Government","The Social Protection, Community and Human Development cluster",No target,No target,Draft 2024-2029 Human Settlements MTSF priorities and targets developed,Draft 2024-2029 Human Settlements MTSF priorities and targets developed,Final 2024-2029 Human Settlements MTSF priorities and targets developed,Final 2024-2029 Human Settlements MTSF priorities and targets developed,No target,,"2024-2029 Human Settlements MTSF priorities and targets developed

",-,,,,,Not applicable,Not applicable,Not applicable,Not applicable,Not applicable,Not applicable,,,,193
Human Settlements,Human Settlements,National,1.2 PROGRAMME 2: INTEGRATED HUMAN SETTLEMENTS PLANNING AND DEVELOPMENT PROGRAMME,Sub-Programme: Macro Sector Planning,Quarterly,An analysis on investments towards spatial transformation through multi programme integration in Priority Development Areas,Non-Standardized,Not  Applicable,"Priority 5: Spatial Integration, Human Settlements and Local Government","The Social Protection, Community and Human Development cluster","5 Human Settlements Programmes 
identified for implementation in PDAs
","5 Human Settlements Programmes 
identified for implementation in PDAs 
","No Target

",N/A,"No Target

",No Target,An analysis on investments towards spatial transformation through multi programme integration in Priority Development Areas ,An analysis on investments towards spatial transformation through multi programme integration in Priority Development Areas,An analysis on investments towards spatial transformation through multi programme integration in Priority Development Areas ,-,,,,,Not applicable,Not applicable,N/A,,Not applicable,Not applicable,Not applicable,Not applicable,,193
Human Settlements,Human Settlements,National,1.3 PROGRAMME 3:  INFORMAL SETTLEMENTS PROGRAMME ,Sub-Programme: Capacity Building and Sector Support,Annually,Number of Informal Settlements assessed,Non-Standardized,Not  Applicable,"Priority 5: Spatial Integration, Human Settlements and Local Government","The Social Protection, Community and Human Development cluster",,,,,,,,,50 Informal Settlements assessed ,,,,,,,,,,,,,,,193
Human Settlements,Human Settlements,National,1.3 PROGRAMME 3:  INFORMAL SETTLEMENTS PROGRAMME ,Sub-Programme: Capacity Building and Sector Support,Annually,Number of informal settlements re-blocked,Non-Standardized,Not  Applicable,"Priority 5: Spatial Integration, Human Settlements and Local Government","The Social Protection, Community and Human Development cluster",,,,,,,,,"8 informal settlements re-blocked
.
",,,,,,,,,,,,,,,193
Human Settlements,Human Settlements,National,1.3 PROGRAMME 3:  INFORMAL SETTLEMENTS PROGRAMME ,Sub-Programme: Capacity Building and Sector Support,Quarterly,Number of disaster awareness sessions conducted,Non-Standardized,Not  Applicable,"Priority 5: Spatial Integration, Human Settlements and Local Government","The Social Protection, Community and Human Development cluster",1 Disaster Awareness session conducted ,1 Disaster Awareness session conducted ,1 Disaster Awareness session conducted ,1 Disaster Awareness session not conducted as planned ,1 Disaster Awareness session conducted ,1 Disaster Awareness session conducted,1 Disaster Awareness session conducted ,1 Disaster Awareness session conducted.,4 Disaster Awareness Sessions conducted,-,,,,,Not applicable,Not applicable,The Emergency Housing Unit sent letters and reminders for stakeholder engagement and there was no positive response from the listed specified provinces,2 Disaster Awareness Sessions will be conducted in the listed specified provinces in quarter 3.,Not applicable,Not applicable,Not applicable,Not applicable,,193
Human Settlements,Human Settlements,National,1.3 PROGRAMME 3:  INFORMAL SETTLEMENTS PROGRAMME ,Sub-Programme: Capacity Building and Sector Support,Quarterly,Number of Metros provided with support on the implementation of ISUPG,Non-Standardized,Not  Applicable,"Priority 5: Spatial Integration, Human Settlements and Local Government","The Social Protection, Community and Human Development cluster",8 Metros provided with support on the implementation of ISUPG ,8 Metros provided with support on the implementation of ISUPG ,8 Metros provided with support on the implementation of ISUPG ,8 Metros provided with support on the implementation of ISUPG,8 Metros provided with support on the implementation of ISUPG ,8 Metros provided with support on the implementation of ISUPG,8 Metros provided with support on the implementation of ISUPG ,8 Metros provided with support on the implementation of ISUPG,8 Metros provided with support on the implementation of ISUPG ,-,,,,,Not applicable,Not applicable,Not applicable,Not applicable,Not applicable,Not applicable,Not applicable,Not applicable,,193
Human Settlements,Human Settlements,National,1.3 PROGRAMME 3:  INFORMAL SETTLEMENTS PROGRAMME ,Sub-Programme: Capacity Building and Sector Support,Quarterly,Number of Provinces provided with support on the implementation of ISUPG,Non-Standardized,Not  Applicable,"Priority 5: Spatial Integration, Human Settlements and Local Government","The Social Protection, Community and Human Development cluster",9 Provinces provided with support on the implementation of ISUPG.  ,9 Provinces provided with support on the implementation of ISUPG ,9 Provinces provided with support on the implementation of ISUPG.  ,9 Provinces provided with support on the implementation of ISUPG. ,9 Provinces provided with support on the implementation of ISUPG.  ,9 Provinces provided with support on the implementation of ISUPG.,9 Provinces provided with support on the implementation of ISUPG.  ,9 Provinces provided with support on the implementation of ISUPG,9 Provinces provided with support on the implementation of ISUPG.  ,-,,,,,Not applicable,Not applicable,Not applicable,Not applicable,Not applicable,Not applicable,Not applicable,Not applicable,,193
Human Settlements,Human Settlements,National,1.3 PROGRAMME 3:  INFORMAL SETTLEMENTS PROGRAMME ,Sub-Programme: Capacity Building and Sector Support,Quarterly,Number of provincial Emergency housing response & mitigation plans developed,Non-Standardized,Not  Applicable,"Priority 5: Spatial Integration, Human Settlements and Local Government","The Social Protection, Community and Human Development cluster",Provincial emergency housing response & mitigation plans developed for 2 provinces,Provincial emergency housing response & mitigation plans developed for 2 provinces ,Provincial emergency housing response & mitigation plans developed for 2 provinces,Provincial emergency housing response & mitigation plans developed for 2 provinces,Provincial emergency housing response & mitigation plans developed for 2 provinces,Provincial emergency housing response & mitigation plans developed for 2 provinces,Provincial emergency housing response & mitigation plans developed for 3 provinces.,"Provincial emergency housing response & mitigation plans for 3 provinces developed but not approved.
National Disaster Mitigation plans summarising the nine provincial plans submitted.
",9 Provincial Emergency housing response & mitigation plans developed,-,,,,,Not applicable,Not applicable,Not applicable,Not applicable,Not applicable,Not applicable,The branch focus on the National Disaster Mitigation plans,The plans are yet to be approved ,,193
Human Settlements,Human Settlements,National,1.4 PROGRAMME 4: RENTAL AND SOCIAL HOUSING PROGRAMME ,Sub-Programme: Capacity Building and Sector Support,Quarterly,Percentage support provided on the implementation of Rental Housing Programme,Non-Standardized,Not  Applicable,"Priority 5: Spatial Integration, Human Settlements and Local Government","The Social Protection, Community and Human Development cluster",100% support provided on the implementation of Rental Housing Programme ,100% support provided on the implementation of Rental Housing Programme ,100% support provided on the implementation of Rental Housing Programme ,100% support provided on the implementation of Rental Housing Programme ,100% support provided on the implementation of Rental Housing Programme ,100% support provided on the implementation of Rental Housing Programme,100% support provided on the implementation of Rental Housing Programme ,100% support provided on the implementation of Rental Housing Programme,100% support provided on the implementation of Rental Housing Programme ,-,,,,,Not applicable,Not applicable,Not applicable,Not applicable,Not applicable,Not applicable,Not applicable,Not applicable,,193
Human Settlements,Human Settlements,National,1.4 PROGRAMME 4: RENTAL AND SOCIAL HOUSING PROGRAMME ,Sub-Programme: Capacity Building and Sector Support,Quarterly,Percentage support provided to 5 provinces on the implementation of CRU Programme,Non-Standardized,Not  Applicable,"Priority 5: Spatial Integration, Human Settlements and Local Government","The Social Protection, Community and Human Development cluster",100% support provided to 5 Provinces on the implementation of the CRU Programme ,100% support provided to 5 Provinces on the implementation of the CRU Programme ,100% support provided to 5 Provinces on the implementation of the CRU Programme ,100% support provided to 5 Provinces on the implementation of the CRU Programme ,100% support provided to 5 Provinces on the implementation of the CRU Programme ,100% support provided to 5 Provinces on the implementation of the CRU Programme,100% support provided to 5 Provinces on the implementation of the CRU Programme ,"100% support
provided to 5 Provinces on the implementation of the CRU Programme
",100% support provided to 5 Provinces on the implementation of the CRU Programme ,-,,,,,Not applicable,Not applicable,Not applicable,Not applicable,Not applicable,Not applicable,Not applicable,Not applicable,,193
Human Settlements,Human Settlements,National,1.4 PROGRAMME 4: RENTAL AND SOCIAL HOUSING PROGRAMME ,Sub-Programme: Capacity Building and Sector Support,Quarterly,Percentage support provided to the 9 Provincial Rental Housing Tribunals,Non-Standardized,Not  Applicable,"Priority 5: Spatial Integration, Human Settlements and Local Government","The Social Protection, Community and Human Development cluster",100% support provided to the 9 Provincial Rental Housing Tribunals ,100% support provided to the 9 Provincial Rental Housing Tribunals ,100% support provided to the 9 Provincial Rental Housing Tribunals ,100% support provided to the 9 Provincial Rental Housing Tribunals ,100% support provided to the 9 Provincial Rental Housing Tribunals ,100% support provided to the 9 Provincial Rental Housing Tribunals,100% support provided to the 9 Provincial Rental Housing Tribunals ,100% support provided to the 9 Provincial Rental Housing Tribunals,100% support provided to the 9 Provincial Rental Housing Tribunals ,-,,,,,Not applicable,Not applicable,Not applicable,Not applicable,Not applicable,Not applicable,Not applicable,Not applicable,,193
Human Settlements,Human Settlements,National,1.4 PROGRAMME 4: RENTAL AND SOCIAL HOUSING PROGRAMME ,Sub-Programme: Capacity Building and Sector Support,Quarterly,Percentage support provided to the SHRA for the oversight regulation of the tenanted Social Housing Stock,Non-Standardized,Not  Applicable,"Priority 5: Spatial Integration, Human Settlements and Local Government","The Social Protection, Community and Human Development cluster",100% support provided to the SHRA for the oversight regulation of the tenanted Social Housing Stock,100% support provided to the SHRA for the oversight regulation of the tenanted Social Housing Stock,100% support provided to the SHRA for the oversight regulation of the tenanted Social Housing Stock,100% support provided to the SHRA for the oversight regulation of the tenanted Social Housing Stock,100% support provided to the SHRA for the oversight regulation of the tenanted Social Housing Stock,100% support provided to the SHRA for the oversight regulation of the tenanted Social Housing Stock,100% support provided to the SHRA for the oversight regulation of the tenanted Social Housing Stock,100% support provided to the SHRA for the oversight regulation of the tenanted Social Housing Stock,100% support provided to the SHRA for the oversight regulation of the tenanted Social Housing Stock,-,,,,,Not applicable,Not applicable,Not applicable,Not applicable,Not applicable,Not applicable,Not applicable,Not applicable,,193
Human Settlements,Human Settlements,National,1.5 PROGRAMME 5: AFFORDABLE HOUSING PROGRAMME ,Sub-Programme: Capacity Building and Sector Support,Quarterly,Percentage support provided in the implementation of 50 national priority catalytic projects,Non-Standardized,Not  Applicable,"Priority 5: Spatial Integration, Human Settlements and Local Government","The Social Protection, Community and Human Development cluster",100% support provided in the implementation of 50 national priority catalytic projects ,100% support provided in the implementation of 50 national priority catalytic projects,100% support provided in the implementation of 50 national priority catalytic projects ,100% support provided in the implementation of 50 national priority catalytic projects ,100% support provided in the implementation of 50 national priority catalytic projects ,100% support provided in the implementation of 50 national priority catalytic projects,100% support provided in the implementation of 50 national priority catalytic projects ,100% support provided in the implementation of 50 national priority catalytic projects,100% support provided in the implementation of 50 national priority catalytic projects ,-,,,,,Not applicable,Not applicable,Not applicable,Not applicable,Not applicable,Not applicable,Not applicable,Not applicable,,193
Human Settlements,Human Settlements,National,1.5 PROGRAMME 5: AFFORDABLE HOUSING PROGRAMME ,Sub-Programme: Capacity Building and Sector Support,Quarterly,Percentage support provided in the implementation of First Home Finance (FHF) programme,Non-Standardized,Not  Applicable,"Priority 5: Spatial Integration, Human Settlements and Local Government","The Social Protection, Community and Human Development cluster",100% support provided in the implementation of First Home Finance (FHF) programme ,"75% support provided in the implementation of First Home Finance (FHF) programme
",100% support provided in the implementation of First Home Finance (FHF) programme ,100% support provided in the implementation of First Home Finance (FHF) programme,100% support provided in the implementation of First Home Finance (FHF) programme ,100% support provided in the implementation of First Home Finance (FHF) programme,100% support provided in the implementation of First Home Finance (FHF) programme ,100% support provided in the implementation of First Home Finance (FHF) programme,100% support provided in the implementation of First Home Finance (FHF) programme ,-,,,,,The unavailability of First Home Finance Champions to quorate posed a challenge for Quarter 1 as the forum could not sit. ,The inception forum successfully convened in Quarter 2. This shift demonstrates adaptability and commitment to progress despite initial setbacks. Draft Terms of Reference has been drafted to guide proceedings of this forum.,Not applicable,Not applicable,Not applicable,Not applicable,Not applicable,Not applicable,,193
Human Settlements,Human Settlements,National,1.5 PROGRAMME 5: AFFORDABLE HOUSING PROGRAMME ,Sub-Programme: Capacity Building and Sector Support,Quarterly,Percentage support provided to provinces and metros in the delivery of serviced sites,Non-Standardized,Not  Applicable,"Priority 5: Spatial Integration, Human Settlements and Local Government","The Social Protection, Community and Human Development cluster",100% support provided to provinces and metros in the delivery of serviced sites,"75% support provided to provinces and metros in the delivery of serviced sites

Site visits to two provinces KZN and EC)
",100% support provided to provinces and metros in the delivery of serviced sites,100% support provided to provinces and metros in the delivery of serviced sites,100% support provided to provinces and metros in the delivery of serviced sites,100% support provided to provinces and metros in the delivery of serviced sites,100% support provided to provinces and metros in the delivery of serviced sites,"75% support provided to provinces in the delivery of service sites
",100% support provided to provinces and metros in the delivery of serviced sites,-,,,,,The site visits could not be provided since the unit had to assist in disaster intervention from National where assessments were made in the province.,Site visits will be conducted from the next quarter going forward,Not applicable,Not applicable,Not applicable,Not applicable,"3 Metros were visited and conducted meetings with their officials. However, none of the sites met the definition of fully serviced sites. The Metros reported only the presence of bulk infrastructure and individual services, such as roads and stormwater systems.
","The department has documented ongoing work in progress, which is expected to lead to fully serviced sites in the future.
",,193
Human Settlements,Human Settlements,National,1.5 PROGRAMME 5: AFFORDABLE HOUSING PROGRAMME ,Sub-Programme: Capacity Building and Sector Support,Quarterly,Percentage Support provided to provinces in the delivery of BNG units,Non-Standardized,Not  Applicable,"Priority 5: Spatial Integration, Human Settlements and Local Government","The Social Protection, Community and Human Development cluster",100% support provided to provinces in the delivery of BNG units ,"75% support provided to provinces in the delivery of BNG units

Site visits to two provinces KZN and EC)
",100% support provided to provinces in the delivery of BNG units ,100% support provided to provinces in the delivery of BNG units ,100% support provided to provinces in the delivery of BNG units ,100% support provided to provinces in the delivery of BNG units,100% support provided to provinces in the delivery of BNG units ,100% support provided to provinces in the delivery of BNG units,100% support provided to provinces in the delivery of BNG units ,-,,,,,The site visits could not be provided since the unit had to assist in disaster intervention from National where assessments were made in the province.,Site visits will be conducted from the next quarter going forward,Not applicable,Not applicable,Not applicable,Not applicable,Not applicable,Not applicable,,193
Human Settlements,Human Settlements,National,1.5 PROGRAMME 5: AFFORDABLE HOUSING PROGRAMME ,Sub-Programme: Capacity Building and Sector Support,Quarterly,Percentage support provided to Provincial Departments towards the registration of title deeds,Non-Standardized,Not  Applicable,"Priority 5: Spatial Integration, Human Settlements and Local Government","The Social Protection, Community and Human Development cluster",100% support provided to Provincial Departments towards the registration of title deeds,100% support provided to Provincial Departments towards the registration of title deeds,100% support provided to Provincial Departments towards the registration of title deeds,100% support provided to Provincial Departments towards the registration of title deeds,100% support provided to Provincial Departments towards the registration of title deeds,100% support provided to Provincial Departments towards the registration of title deeds,100% support provided to Provincial Departments towards the registration of title deeds,100% support provided to Provincial Departments towards the registration of title deeds,100% support provided to Provincial Departments towards the registration of title deeds,-,,,,,Not applicable,Not applicable,Not applicable,Not applicable,Not applicable,Not applicable,Not applicable,Not applicable,,193
International Relations and Cooperation,International Relations and Cooperation,National,PROGRAMME 1 : ADMINISTRATION,Administration,Quarterly,NUMBER OF PROGRESS REPORTS ON THE IMPLEMENTATION OF THE DIGITAL STRATEGY,Standardized,Not  Applicable,"An efficient, effective and development-oriented public service",Not Applicable,1,1,1,1,1,1,1,1,4,1,,,,,,,,,,,,,,193
International Relations and Cooperation,International Relations and Cooperation,National,PROGRAMME 1 : ADMINISTRATION,Administration,Quarterly,NUMBER OF PROGRESS REPORTS ON THE IMPLEMENTATION OF AUDIT ACTION PLAN,Standardized,Not  Applicable,"Priority 1: A Capable, Ethical and Developmental State",Not Applicable,1,1,1,1,1,"1
",1,1,4,1,,,,,,,,,,,,,,193
International Relations and Cooperation,International Relations and Cooperation,National,PROGRAMME 1 : ADMINISTRATION,Administration,Quarterly,NUMBER OF REPORTS ON TRAINING PROGRAMMES CONDUCTED IN LINE WITH THE WORKPLACE SKILLS PLAN,Standardized,Not  Applicable,"Priority 1: A Capable, Ethical and Developmental State",Not Applicable,1,1,1,1,1,"1
",1,1,4,1,,,,,,,,,,,,,,193
International Relations and Cooperation,International Relations and Cooperation,National,PROGRAMME 1 : ADMINISTRATION,Administration,Quarterly,NUMBER OF REPORTS ON ASPECTS IMPLEMENTED TOWARDS POSITIONING THE DIPLOMATIC ACADEMY AS A CENTRE OF EXCELLENCE IN FOREIGN SERVICE TRAINING,Standardized,Not  Applicable,"An efficient, effective and development-oriented public service",Not Applicable,0,0,2,2,1,1,2,2,5,2,,,,,,,,,,,,,,193
International Relations and Cooperation,International Relations and Cooperation,National,PROGRAMME 1 : ADMINISTRATION,Administration,Quarterly,"NUMBER OF GENDER MAINSTREAMING INITIATIVES FOCUSING ON WOMEN, YOUTH AND PERSONS WITH DISABILITIES",Standardized,Not  Applicable,"An efficient, effective and development-oriented public service",Not Applicable,2,2,3,3,3,3,2,2,10,2,,,,,,,,,,,,,,193
International Relations and Cooperation,International Relations and Cooperation,National,PROGRAMME 1 : ADMINISTRATION,Administration,Quarterly,PERCENTAGE OF LEGAL ADVICE AND SERVICES RENDERED,Standardized,Max,"Priority 1: A Capable, Ethical and Developmental State",Not Applicable,100 %,100 %,100 %,100 %,100 %,"100
 %",100 %,100 %,100 %,100 %,,,,,,,,,,,,,,193
International Relations and Cooperation,International Relations and Cooperation,National,PROGRAMME 2:  INTERNATIONAL RELATIONS,2.1  Regional Integration,Quarterly,NUMBER OF ASSESSMENT REPORTS OF SOUTH AFRICA’S CONTRIBUTION TOWARDS: • PEACE AND STABILITY • SOCIO-ECONOMIC DEVELOPMENT • GOOD GOVERNANCE AND DEMOCRACY • THE IMPLEMENTATION OF THE RISDP,Standardized,Not  Applicable,Priority 7: A better Africa and the World,"International Cooperation, Trade and Security cluster",1,1,1,1,1,1,1,1,4,1,,,,,,,,,,,,,,193
International Relations and Cooperation,International Relations and Cooperation,National,PROGRAMME 2:  INTERNATIONAL RELATIONS,PROGRAMME 2:  INTERNATIONAL RELATIONS,Quarterly,"Number of regional political reports, including the outcomes of structured bilateral mechanisms and high-level visits aligned to achievement of the NDP and MTSF",Standardized,Not  Applicable,Priority 7: A better Africa and the World,Not Applicable,3,3,3,3,3, 3,3,3,12,3,,,,,,,,,,,,,,193
International Relations and Cooperation,International Relations and Cooperation,National,PROGRAMME 2:  INTERNATIONAL RELATIONS,PROGRAMME 2:  INTERNATIONAL RELATIONS,Quarterly,NUMBER OF QUARTERLY PROGRESS REPORTS ON THE REGIONAL TRADE AND INVESTMENT INITIATIVES UNDERTAKEN IN SUPPORT OF THE ONE GOVERNMENT INVESTMENT APPROACH,Standardized,Not  Applicable,Priority 7: A better Africa and the World,"International Cooperation, Trade and Security cluster",3,3,3,3,3,3,3,3,12,3,,,,,,,,,,,,,,193
International Relations and Cooperation,International Relations and Cooperation,National,PROGRAMME 2:  INTERNATIONAL RELATIONS,PROGRAMME 2:  INTERNATIONAL RELATIONS,Quarterly,"NUMBER OF REGIONAL REPORTS ON TOURISM-PROMOTION EVENTS TO PROMOTE SOUTH AFRICA AS A PREFERRED TOURIST DESTINATION, THEREBY CONTRIBUTING TO GROWTH IN THE TOURISM SECTOR IN SUPPORT OF THE ONE GOVERNMENT TOURISM APPROACH",Standardized,Not  Applicable,Priority 7: A better Africa and the World,Not Applicable,3,3,3,3,3,3,3,3,12,3,,,,,,,,,,,,,,193
International Relations and Cooperation,International Relations and Cooperation,National,PROGRAMME 3: INTERNATIONAL COOPERATION,3.1 System of Global Governance,Quarterly,"Number of reports on the outcomes of multilateral and multistate organisations reflecting South Africa's participation and interests, including that of the African Agenda on: • peace and security • human rights • economic and social development",Not Applicable,Not  Applicable,Create a better South Africa and contribute to a better Africa and a better world,Not Applicable,3,3,3,3,3,3,3,3,12,3,,,,,,,,,,,,,,193
International Relations and Cooperation,International Relations and Cooperation,National,PROGRAMME 3: INTERNATIONAL COOPERATION,3.1 System of Global Governance,Quarterly,Number of reports on South Africa’s international reporting obligations,Not Applicable,Not  Applicable,Create a better South Africa and contribute to a better Africa and a better world,Not Applicable,1,1,0,0,1,1,0,0,2,0,,,,,,,,,,,,,,193
International Relations and Cooperation,International Relations and Cooperation,National,PROGRAMME 3: INTERNATIONAL COOPERATION,3.1 System of Global Governance,Quarterly,Number of positions on identified influential multilateral bodies where South Africa is represented,Not Applicable,Not  Applicable,Create a better South Africa and contribute to a better Africa and a better world,Not Applicable,60,60,0,0,60,60,0,0,60,0,,,,,,,,,,,,,,193
International Relations and Cooperation,International Relations and Cooperation,National,PROGRAMME 3: INTERNATIONAL COOPERATION,3.2  Continental Cooperation,Quarterly,NUMBER OF ASSESSMENT REPORTS REFLECTING THE SOUTH AFRICA'S PARTICIPATION AND OUTCOMES OF: • THE AU STRUCTURES AND PROCESS • AU PARTNERSHIPS AND • IMPLEMENTATION OF AGENDA 2063,Standardized,Not  Applicable,Priority 7: A better Africa and the World,"International Cooperation, Trade and Security cluster",0,0,1,1,0,0,1,1,2,1,,,,,,,,,,,,,,193
International Relations and Cooperation,International Relations and Cooperation,National,PROGRAMME 3: INTERNATIONAL COOPERATION,3.2  Continental Cooperation,Quarterly,NUMBER OF REPORTS ON SOUTH AFRICA'S COMMITMENTS AND EFFORTS TOWARDS PEACE AND STABILITY ON THE CONTINENT,Standardized,Not  Applicable,Priority 7: A better Africa and the World,"International Cooperation, Trade and Security cluster",1,1,0,0,1,1,0,0,2,0,,,,,,,,,,,,,,193
International Relations and Cooperation,International Relations and Cooperation,National,PROGRAMME 3: INTERNATIONAL COOPERATION,3.3  South-South Cooperation,Quarterly,"Number of reports on the outcomes of South-South engagements reflecting South Africa’s participation and interests, including that of the African Agenda",Not Applicable,Not  Applicable,Create a better South Africa and contribute to a better Africa and a better world,Not Applicable,1,1,1,1,1,1,1,1,4,1,,,,,,,,,,,,,,193
International Relations and Cooperation,International Relations and Cooperation,National,PROGRAMME 3: INTERNATIONAL COOPERATION,3.4  North-South Cooperation,Quarterly,"Number of reports on the outcomes of North-South engagements reflecting South Africa’s participation and interests, including that of the African Agenda",Not Applicable,Not  Applicable,Create a better South Africa and contribute to a better Africa and a better world,Not Applicable,0,0,1,1,0,0,1,1,2,1,,,,,,,,,,,,,,193
International Relations and Cooperation,International Relations and Cooperation,National,PROGRAMME 3: INTERNATIONAL COOPERATION,3.4  North-South Cooperation,Quarterly,Number of reports on the implementation of the approved plan of action for the hosting of the 2025 G20 Summit,Standardized,Not  Applicable,Priority 7: A better Africa and the World,"International Cooperation, Trade and Security cluster",1,1,1,1,1,1,1,1,4,1,,,,,,,,,,,,,,193
International Relations and Cooperation,International Relations and Cooperation,National,"PROGRAMME 4:  PUBLIC DIPLOMACY, STATE PROTOCOL AND CONSULAR SERVICES",4.1  Public Diplomacy,Quarterly,Number of key messages distributed to missions on domestic and global developments,Not Applicable,Not  Applicable,Priority 7: A better Africa and the World,Not Applicable,3,3,3,3,2,"Two (2) Key messages were distributed: 
1.	16 Days of Activism, 14 November 2024
2.	Reconciliation Month, 2 December 2024 
",1,1,9,3,,,,,,,,,,,,,,193
International Relations and Cooperation,International Relations and Cooperation,National,"PROGRAMME 4:  PUBLIC DIPLOMACY, STATE PROTOCOL AND CONSULAR SERVICES",4.1  Public Diplomacy,Quarterly,Number of platforms utilised to inform and promote South Africa's foreign policy to domestic and international audiences:,Not Applicable,Not  Applicable,Priority 7: A better Africa and the World,Not Applicable,4,4,6,6,6,"Three (3) Public Participation Programmes were held where audiences were engaged on domestic and international developments:

1.Principal: Minister Ronald Lamola
Event: Roundtable discussion with Congressional Black Caucus
Venue: USA
Date: 13 September 2024 

2. Principal: Minister Ronald Lamola
Event: Panel Discussion at the Elliot school of International Affairs
Venue: George Washington University, USA
Date: 16 September 2024

3. Principal: Minister Ronald Lamola
Event: Mpumalanga Outreach Program 
Venue: Hazyview, Mpumalanga
Date: 23 November 2024


Three (3) opinion pieces were published:
1. The Anatomy of a Genocide: Gaza one year later. By DM Alvin Botes, 12 October 2024, Mail & Guardian

2. No compromise in supporting the Sahrawi, Palestine struggles. By Shannon Ebrahim, 20 October 2024, The African
 
3. South Africa calls on all parties to commit to an urgent dialogue in Mozambique. By Minister Ronald Lamola, 15 December 2024, Sunday Times.




",5,6,21,6,,,,,,,,,,,One (1) additional PPP was hosted in response to both national and international developments,,,193
International Relations and Cooperation,International Relations and Cooperation,National,"PROGRAMME 4:  PUBLIC DIPLOMACY, STATE PROTOCOL AND CONSULAR SERVICES",4.2  State Protocol and Consular Services,Quarterly,Percentage of requests for protocol services rendered to incoming and outgoing visits,Standardized,Not  Applicable,Priority 7: A better Africa and the World,Not Applicable,100 %,100 %,100 %,100 %,100 %,"100
 %",100 %,100 %,100 %,100 %,,,,,,,,,,,,,,193
International Relations and Cooperation,International Relations and Cooperation,National,"PROGRAMME 4:  PUBLIC DIPLOMACY, STATE PROTOCOL AND CONSULAR SERVICES",4.2  State Protocol and Consular Services,Quarterly,Percentage of requests for consular assistance rendered,Not Applicable,Max,Create a better South Africa and contribute to a better Africa and a better world,Not Applicable,100 %,100 %,100 %,100 %,100 %,100 %,100 %,100 %,100 %,100 %,,,,,,,,,,,,,,193
International Relations and Cooperation,International Relations and Cooperation,National,"PROGRAMME 4:  PUBLIC DIPLOMACY, STATE PROTOCOL AND CONSULAR SERVICES",4.2  State Protocol and Consular Services,Quarterly,Percentage of documents legalised,Not Applicable,Max,Create a better South Africa and contribute to a better Africa and a better world,Not Applicable,100 %,100 %,100 %,100 %,100 %,100 %,100 %,100 %,100 %,100 %,,,,,,,,,,,,,,193
International Relations and Cooperation,International Relations and Cooperation,National,PROGRAMME 5,PROGRAMME 5,Quarterly,Number of reports on payment of South Africa's contributions to international organisations,Standardized,Not  Applicable,Priority 7: A better Africa and the World,Not Applicable,1,1,1,1,1,1,1,1,4,1,,,,,,,,,,,,,,193
