Sector,Institution,Programme,SubProgramme,Location,Frequency,Indicator,Type,SubType,Outcome,Priority,Cluster,Target_Q1,ActualOutput_Q1,Target_Q2,ActualOutput_Q2,Target_Q3,ActualOutput_Q3,Target_Q4,ActualOutput_Q4,AnnualTarget_Summary2,Preliminary_Summary2,PrelimaryAudited_Summary2,ReasonforDeviation_Summary,CorrectiveAction_Summary,ValidatedAudited_Summary2,DesiredPerformance,ReasonforDeviation_Q1,CorrectiveAction_Q1,OTP_Q1,National_Q1,ReasonforDeviation_Q2,CorrectiveAction_Q2,OTP_Q2,National_Q2,ReasonforDeviation_Q3,CorrectiveAction_Q3,OTP_Q3,National_Q3,ReasonforDeviation_Q4,CorrectiveAction_Q4,OTP_Q4,National_Q4,National_Summary,UID
,"Sport, Arts and Culture",Gauteng,Programme 1: Administration,Programme 1: Administration,Annually,Number of community soccer fields upgraded (non-cumulative),Non-Standardized,Not  Applicable,Priority 6: Social Cohesion and Safer Communities,"Economy, Jobs and Infrastructure ","The Economic Sectors, Employment and Infrastructure Development cluster",,,,,,,5,0,5,0,0,Output indicator was discontinued from the Adjusted 2024/25 APP.,Output indicator was discontinued from the Adjusted 2024/25 APP.,,,,,,,,,,,,,,,,,,,,204
,"Sport, Arts and Culture",Gauteng,Programme 1: Administration,Programme 1: Administration,Annually,Number of libraries established per year (non-cumulative) (Sector Indicator),Standardized,Not  Applicable,Priority 6: Social Cohesion and Safer Communities,"Economy, Jobs and Infrastructure ","The Economic Sectors, Employment and Infrastructure Development cluster",,,,,,,3,0,3,0,0,Refer to Nr 5.,Refer to Nr 5.,,,,,,,,,,,,,,,,,,,,204
,"Sport, Arts and Culture",Gauteng,Programme 1: Administration,Programme 1: Administration,Annually,Number of libraries established per year (non-cumulative) (Sector Indicator),Standardized,Not  Applicable,Priority 6: Social Cohesion and Safer Communities,"Economy, Jobs and Infrastructure ","The Economic Sectors, Employment and Infrastructure Development cluster",,,,,,,1,0,1,0,0,Insufficient budget to appoint a Building Contractor. ,•	The main strategy for 2025/26 is to secure the projected total project costs per project from Gauteng Provincial Treasury and during project implementation the Department must create service provider’s purchasing order that are linked to yearly projected total project costs and avoid creation of purchasing orders as per service provider’s submitted invoice which hampers project’s cashflow and causes late payments. ,,On target,,,,,,,,,,,,,,,,,,204
,"Sport, Arts and Culture",Gauteng,Programme 1: Administration,Programme 1: Administration,Annually,Number of libraries supported with the GPN (non-cumulative),Non-Standardized,Not  Applicable,Priority 6: Social Cohesion and Safer Communities,"Economy, Jobs and Infrastructure ","The Economic Sectors, Employment and Infrastructure Development cluster",,,,,,,10,2,10,2,8,"Due to site test documentation not being approved/ submitted within the financial year of evaluation: Evaton North Library ATP was approved on 15 April 2025, while Rustervaal Library ATP is still pending approval.","ICT will intensify oversight through the introduction of SLM (Service Level Management) during the planning, implementation, and testing phases of the project. GPN Library infrastructure development will be added as a standing agenda item in our monthly E-Gov and GDSACR SLM meetings.",,,,,,,,,,,,,,,,,,,,204
,"Sport, Arts and Culture",Gauteng,Programme 1: Administration,Programme 1: Administration,Annually,Number of sport and recreation facilities (Combi Courts) developed (non-cumulative),Non-Standardized,Not  Applicable,Priority 6: Social Cohesion and Safer Communities,"Economy, Jobs and Infrastructure ","The Economic Sectors, Employment and Infrastructure Development cluster",,,,,,,5,0,5,0,0,Refer to Nr 6.,Refer to Nr 6.,,,,,,,,,,,,,,,,,,,,204
,"Sport, Arts and Culture",Gauteng,Programme 1: Administration,Programme 1: Administration,Annually,Number of sport and recreation facilities (Combi Courts) developed (non-cumulative),Not Applicable,Not  Applicable,Priority 6: Social Cohesion and Safer Communities,"Economy, Jobs and Infrastructure ","The Economic Sectors, Employment and Infrastructure Development cluster",,,,,,,1,0,1,0,0,Due to delays caused by challenges to secure specialist service providers for the court screed finish and combi netball/basketball poles as well as the rainy weather conditions that were prevalent between December 2024 - March 2025.,"•	The department’s intervention for 2025/26 is to appoint an alternative implementing agent for the delivery of sports facilities. In addition, during the planning phase, the department must secure the projected total project costs per project from Gauteng Provincial Treasury and during project implementation the department must create service provider’s purchasing orders that are linked to yearly projected total project costs and avoid creation of purchasing orders as per service provider’s submitted invoice which hampers project’s cashflow and causes late payments",,Sport and recreation facilities (Combi Courts) developed  ,,,,,,,,,,,,,,,,,,204
,"Sport, Arts and Culture",Gauteng,Programme 1: Administration,Programme 1: Administration,Quarterly,Number of GBVF awareness programmes supported,Non-Standardized,Not  Applicable,Priority 6: Social Cohesion and Safer Communities,"Safety, Social Cohesion and Food Security","The Social Protection, Community and Human Development cluster",1,1,2,2,1,0,1,0,5,3,0,Refer to Nr.10,Refer to Nr.10,,,N/A,N/A,Please ensure that valid output are populated upon approval,Achieved as planned.,N/A,N/A,Department to verify Actual Output.,Achieved as planned ,Refer to Nr 10.,Refer to Nr. 10,,,Refer to Nr 10.,Refer to Nr 10.,,The indicator was reviewed.,"Not achieved, reason for deviation and corrective action provided.",204
,"Sport, Arts and Culture",Gauteng,Programme 1: Administration,Programme 1: Administration,Quarterly,Number of GBVF awareness programmes supported,Not Applicable,Not  Applicable,Priority 6: Social Cohesion and Safer Communities,"Safety, Social Cohesion and Food Security","The Social Protection, Community and Human Development cluster",1,,2,,N/A,1,N/A,N/A,3,-,4,The Department received requests from the community to support their programmes. Sufficient budget was still available to accommodate the additional request received.,N/A,,Reduction of Gender Based Violence and Femicide in the province,,,,,,,,,"A request was received from the community and accommodated within the allocated budget.
",N/A,It is noted that dept provided performance output while they are no planned target for Q3.,"No reporting required for the quarter under review, however progress is noted.",N/A,N/A,,No Reporting required for the quarter under review,"Overachieved, reason for deviation provided.",204
,"Sport, Arts and Culture",Gauteng,Programme 1: Administration,Programme 1: Administration,Quarterly,Number of LGBTIQA+ programmes implemented,Non-Standardized,Not  Applicable,Priority 6: Social Cohesion and Safer Communities,"Safety, Social Cohesion and Food Security","The Social Protection, Community and Human Development cluster",1,1,1,1,2,0,1,0,5,2,0,Refer to Nr.11,Refer to Nr.11,,,N/A,N/A,Please ensure that valid output are populated upon approval,Achieved as planned.,N/A,N/A,Department to verify Actual Output.,Achieved as planned ,Refer to Nr 11,Refer to Nr 11,,,Refer to Nr 11.,Refer to Nr 11.,,The indicator was reviewed.,"Not achieved, reason for deviation and corrective action provided.",204
,"Sport, Arts and Culture",Gauteng,Programme 1: Administration,Programme 1: Administration,Quarterly,Number of LGBTIQA+ programmes implemented,Not Applicable,Not  Applicable,Priority 6: Social Cohesion and Safer Communities,"Safety, Social Cohesion and Food Security","The Social Protection, Community and Human Development cluster",1,,1,,N/A,2,N/A,N/A,2,-,4,The Department received requests from the community to support their programmes. Sufficient budget was still available to accommodate the additional request received.,N/A,,Improved Social Cohesion ,,,,,,,,,"Two additional requests were received from the LGBTIQA+ community, and the department was able to provide the support within the allocated budget. 

",N/A,"There is misalignment between the revised APP and the EQPRS. The revised APP has a Q3 Target of 1, which means that this target is overachieved. ","No reporting required for the quarter under review, however progress is noted.",N/A,N/A,,No Reporting required for the quarter under review,"Overachieved, reason for deviation and corrective action provided.",204
,"Sport, Arts and Culture",Gauteng,Programme 1: Administration,Programme 1: Administration,Quarterly,Percentage of goods and services procured from township businesses (non-cumulative),Non-Standardized,Not  Applicable,"Priority 1: A Capable, Ethical and Developmental State","Building a Capable, Ethical and Developmental State","Governance, State Capacity and Institutional Development cluster",60%,60%,60%,81%,60%,71%,60%,62%,60%,-,69%,The department experienced a positive and efficient response to request for quotation from companies that are township based.,N/A,,,N/A,N/A,Target not achieved,"Not achieved, reason for deviation provided.",The departmental focused on improving procurement of goods and services from township business in this reporting period.  ,N/A,Actual Output not provided.,Not Achieved reason for deviation and correction not clear.,The department focused on improving the procurement of goods and services from township businesses in this reporting period,N/A,Please provide Actual Output upon approval.,"Not achieved, no reason for deviation and corrective action provided.","The department is focused on appointing disability-owned companies by issuing Requests for Quotation (RFQs) to the market. This initiative aligns with one of the specific goals outlined in the Supply Chain Management (SCM) policy, which aims to increase procurement spending on this designated group ",N/A,Please provide actual output upon approval.,TBU,"Overachieved, reason for deviation provided.",204
,"Sport, Arts and Culture",Gauteng,Programme 1: Administration,Programme 1: Administration,Quarterly,Percentage of procurement budget spend on companies owned by Military Veterans (non-cumulative),Non-Standardized,Not  Applicable,"Priority 1: A Capable, Ethical and Developmental State","Building a Capable, Ethical and Developmental State","Governance, State Capacity and Institutional Development cluster",3%,1%,3%,3%,3%,4%,3%,3%,Minimum of 3% on Military Veterans maintained,-,3% on military veterans maintained,N/A,N/A,,,Military Veterans did not respond to requests for quotations.,The department will conduct a workshop with Military Veterans during Q2 2024/25 to inform them of the benefits of delivering services.,Target not achieved,"Not achieved, reason for deviation provided.",N/A,N/A,Actual Output not provided.,Not Achieved reason for deviation and correction not clear.,The departmental focus to appoint Military Veterans owned companies to improve procurement spending on this designated group,N/A,Please provide Actual Output upon approval.,"Not achieved, no reason for deviation and corrective action provided.",N/A,N/A,Please provide actual output upon approval.,TBU,Achieved.,204
,"Sport, Arts and Culture",Gauteng,Programme 1: Administration,Programme 1: Administration,Quarterly,Percentage of procurement budget spend on companies owned by persons with disabilities (non-cumulative),Non-Standardized,Not  Applicable,"Priority 1: A Capable, Ethical and Developmental State","Building a Capable, Ethical and Developmental State","Governance, State Capacity and Institutional Development cluster",7%,4%,7%,7%,7%,7%,7%,10%,Minimum of 7% on disability maintained,-,7% on disability maintained,N/A,N/A,,,People with disability did not respond to requests for quotations. ,The department will conduct a workshop with People with Disabilities during Q2 2024/25 to inform them of the benefits of delivering services.,Target not achieved,"Not achieved, reason for deviation provided.",N/A,N/A,Actual Output not provided.,Not Achieved reason for deviation and correction not clear.,N/A,N/A,Please provide Actual Output upon approval.,"Not achieved, no reason for deviation and corrective action provided.","The department is focused on appointing disability-owned companies by issuing Requests for Quotation (RFQs) to the market. This initiative aligns with one of the specific goals outlined in the Supply Chain Management (SCM) policy, which aims to increase procurement spending on this designated group 

",N/A,Please provide actual output upon approval.,TBU,Achieved.,204
,"Sport, Arts and Culture",Gauteng,Programme 1: Administration,Programme 1: Administration,Quarterly,Percentage of procurement budget spend on companies owned by women (non-cumulative),Non-Standardized,Not  Applicable,"Priority 1: A Capable, Ethical and Developmental State","Building a Capable, Ethical and Developmental State","Governance, State Capacity and Institutional Development cluster",40%,40%,40%,46%,40%,43%,40%,47%,Minimum of 40% on women maintained,-,44% on women maintained,The department experienced a positive and efficient response to request for quotations from women owned companies.,N/A,,,N/A ,N/A,Target exceeded,"Over-achieved, reason for deviation provided.",The departmental focused to appoint women owned companies to improve procurement spending on this designated group.,N/A,Actual Output not provided.,Not Achieved reason for deviation and correction not clear.,"The departmental focus to appoint women owned companies to improve procurement spending on this designated group.

",N/A,Please provide Actual Output upon approval.,"Not achieved, no reason for deviation and corrective action provided.","The department is focused on appointing women-owned companies by issuing Requests for Quotation (RFQs) to the market. This initiative aligns with one of the specific goals outlined in the Supply Chain Management (SCM) policy, which aims to increase procurement spending on this designated group. ",N/A,Please provide actual output upon approval.,TBU,"Overachieved, reason for deviation provided.",204
,"Sport, Arts and Culture",Gauteng,Programme 1: Administration,Programme 1: Administration,Quarterly,Percentage of procurement budget spend on companies owned by youth (non-cumulative),Non-Standardized,Not  Applicable,"Priority 1: A Capable, Ethical and Developmental State","Building a Capable, Ethical and Developmental State","Governance, State Capacity and Institutional Development cluster",30%,42%,30%,48%,30%,43%,30%,42%,Minimum of 30% on youth maintained,-,44% on youth maintained,The department experienced a positive and efficient response to request for quotations from youth owned companies.,N/A,,,The department focused on specifically appointing youth-owned companies during Youth Month and will continue to improve on youth appointments. ,N/A,Target exceeded,"Over-achieved, reason for deviation provided.",The departmental focused to appoint youth owned companies to improve procurement spending on this designated group.,N/A,Actual Output not provided.,Not Achieved reason for deviation and correction not clear.,The departmental focus to appoint youth owned companies to improve procurement spending on this designated group,N/A,Please provide Actual Output upon approval.,"Not achieved, no reason for deviation and corrective action provided.","The department is focused on appointing youth-owned companies by issuing Requests for Quotation (RFQs) to the market. This initiative aligns with one of the specific goals outlined in the Supply Chain Management (SCM) policy, which aims to increase procurement spending on this designated group 

",N/A,Please provide actual output upon approval.,TBU,"Overachieved, reason for deviation provided.",204
,"Sport, Arts and Culture",Gauteng,Programme 1: Administration,Programme 1: Administration,Quarterly,Percentage of valid invoices paid within 15 days (non-cumulative),Non-Standardized,Not  Applicable,"Priority 1: A Capable, Ethical and Developmental State","Building a Capable, Ethical and Developmental State","Governance, State Capacity and Institutional Development cluster",100%,75.30%,100%,82.12%,100%,"68,54%",100%,90.16% ,100%,-,79%,"The GRVs were received late, with errors, and the cash has been limited per week, making it difficult to process all GRVs received within the 15-day time limit. ",•	Communication to remind end users to submit GRVs’ timely will be published on SACR Communications throughout the upcoming financial year and the verification of information. Suppliers will be requested to scan invoices only when cash is available to ensure that payments are done within 15 days. ,,,"End users sending the GRVs late, errors on POE and invoices resulting in difficulties in processing invoices timeously.","Communication to remind end users to submit GRVs timeously will be continued in Q2 2024/25 to ensure the information is verified.

",Target not achieved,"Not achieved, reason for deviation provided.","End users sending GRV’s late, errors on POE and invoices resulting in difficulties to process invoices timeously.","
 Communication to remind end users to submit invoices timeously and to verify information. Early warning updates are forwarded to managers every 3 days on invoices received with no GRV’s, progress on GRV’s received and GRV’s not submitted despite reminders.
",Actual Output not provided.,Not Achieved reason for deviation and correction not clear.,"Apart from receiving the GRV’s late and the errors, the cash has been limited for November and December 2024 making it impossible to process all GRV’s received within the limited time.",N/A,Please provide Actual Output upon approval.,"Not achieved, no reason for deviation and corrective action provided.","The GRVs were received late, with errors, and the cash has been limited per week, making it difficult to process all GRVs received within the 15-day time limit. ","Communication to remind end users to submit GRVs’ timely was published on SACR Communication on 19 February 2025, and to verify information. 
Suppliers were requested to scan invoices only when cash is available to ensure that the payment is done within 15 days. 
",Please provide actual output upon approval.,TBU,"Not achieved, reason for deviation and corrective action provided.",204
,"Sport, Arts and Culture",Gauteng,Programme 1: Administration,Programme 1: Administration,Quarterly,Percentage representation of designated groups as per total employment (non-cumulative),Non-Standardized,Not  Applicable,"Priority 1: A Capable, Ethical and Developmental State","Building a Capable, Ethical and Developmental State","Governance, State Capacity and Institutional Development cluster",50%,54%,50%,52%,50%,52%,50%,52%,Minimum of 50% women representation on SMS level maintained,-,53% women representation on SMS level maintained,"The actual achievement is 52.5%, which rounds to 53% resulting in 3% deviation primarily due to the resignation of one SMS woman (Chief Risk Officer) and the reinstatement of employment for the Director: Transformation Management",N/A,,,"No woman was appointed at SMS level however, the G2 report from May - June 2024 from E-GOV had an inclusion of the SACR MEC, which was not done before, as the former MEC was deployed in November 2022.

",N/A,Please ensure that valid output are populated upon approval,"Over-achieved, reason for deviation provided.","The previous DSACR MEC was transferred to GPL Legislature upon commencement of the 7th Administration, the department maintained 52% female representation.
",N/A,,"Achieved, reason for deviation provided.",Due to one woman at SMS level being reinstated through a court order.,N/A,Please confirm RoD upon approval.,"Overachieved, reason for deviation provided.","The department registered one SMS resignation from the chief risk officer. It reinstated one SMS member through a court order in Q3 2024/25, resulting in the Department continuously maintaining a minimum of 52% throughout the 2024/2025 financial year.",N/A,,Over-Achieved reasons provided.,"Overachieved, reason for deviation provided.",204
,"Sport, Arts and Culture",Gauteng,Programme 2: Cultural Affairs ,Programme 2: Cultural Affairs ,Annually,Number of Arts and Culture Community Awards supported (non-cumulative),Not Applicable,Not  Applicable,Priority 6: Social Cohesion and Safer Communities,"Safety, Social Cohesion and Food Security","The Social Protection, Community and Human Development cluster",,,1,,,,,,1,,1,N/A,N/A,,Promote and recognise excellence in the development of the Arts and Culture sector ,,,,,,,,,,,,,,,,,,204
,"Sport, Arts and Culture",Gauteng,Programme 2: Cultural Affairs ,Programme 2: Cultural Affairs ,Annually,Number of Arts and Culture events financially supported (non-cumulative),Not Applicable,Not  Applicable,Priority 2: Economic Transformation And Job Creation,"Economy, Jobs and Infrastructure ","The Economic Sectors, Employment and Infrastructure Development cluster",,,2,,,,,,2,,11,Due to additional events that were approved from Bidding and Hosting Committee.,N/A,,"Increase financial support to Arts and Culture events and, art fairs ",,,,,,,,,,,,,,,,,,204
,"Sport, Arts and Culture",Gauteng,Programme 2: Cultural Affairs ,Programme 2: Cultural Affairs ,Annually,Number of Arts and Culture Living Legends supported (non-cumulative) ,Not Applicable,Not  Applicable,Priority 6: Social Cohesion and Safer Communities,"Safety, Social Cohesion and Food Security","The Social Protection, Community and Human Development cluster",,,50,,,,,,50,,50,N/A,N/A,,Arts and Culture Living Legends supported ,,,,,,,,,,,,,,,,,,204
,"Sport, Arts and Culture",Gauteng,Programme 2: Cultural Affairs ,Programme 2: Cultural Affairs ,Annually,Number of Arts and Culture organisations financially supported (non-cumulative),Non-Standardized,Not  Applicable,Priority 2: Economic Transformation And Job Creation,"Economy, Jobs and Infrastructure ","The Economic Sectors, Employment and Infrastructure Development cluster",,,,,45,,,,45,,0,Output indicator discontinued from Revised 2024/25 APP,Output indicator discontinued from Revised 2024/25 APP,,,,,,,,,,,,,,,,,,,,204
,"Sport, Arts and Culture",Gauteng,Programme 2: Cultural Affairs ,Programme 2: Cultural Affairs ,Annually,Number of creatives benefiting from enterprise development programmes (non-cumulative),Non-Standardized,Not  Applicable,Priority 2: Economic Transformation And Job Creation,"Economy, Jobs and Infrastructure ","The Economic Sectors, Employment and Infrastructure Development cluster",,,,,10,0,,,10,0,0,Output indicator discontinued from Revised 2024/25 APP,Output indicator discontinued from Revised 2024/25 APP,,,,,,,,,,,,,,,,,,,,204
,"Sport, Arts and Culture",Gauteng,Programme 2: Cultural Affairs ,Programme 2: Cultural Affairs ,Annually,Number of Creatives supported with equipment and/ or materials (non-cumulative),Non-Standardized,Not  Applicable,Priority 2: Economic Transformation And Job Creation,"Economy, Jobs and Infrastructure ","The Economic Sectors, Employment and Infrastructure Development cluster",,,,,10,10,,,10,10,10,"N/A
",N/A,,,,,,,,,,,,,,,,,,,,204
,"Sport, Arts and Culture",Gauteng,Programme 2: Cultural Affairs ,Programme 2: Cultural Affairs ,Annually,Number of Cultural and Creative Industries Conference implemented (non-cumulative),Non-Standardized,Not  Applicable,Priority 6: Social Cohesion and Safer Communities,"Safety, Social Cohesion and Food Security","The Social Protection, Community and Human Development cluster",,,,,,,1,0,1,0,0,Output indicator discontinued from Revised 2024/25 APP,Output indicator discontinued from Revised 2024/25 APP,,,,,,,,,,,,,,,,,,,,204
,"Sport, Arts and Culture",Gauteng,Programme 2: Cultural Affairs ,Programme 2: Cultural Affairs ,Annually,Number of Gauteng Heritage Carnival hosted (non-cumulative),Non-Standardized,Not  Applicable,Priority 6: Social Cohesion and Safer Communities,"Safety, Social Cohesion and Food Security","The Social Protection, Community and Human Development cluster",,,1,1,,,,,1,1,1,N/A,N/A,,,,,,,,,,,,,,,,,,,,204
,"Sport, Arts and Culture",Gauteng,Programme 2: Cultural Affairs ,Programme 2: Cultural Affairs ,Annually,Number of Heritage sites declared (non-cumulative),Non-Standardized,Not  Applicable,Priority 6: Social Cohesion and Safer Communities,"Safety, Social Cohesion and Food Security","The Social Protection, Community and Human Development cluster",,,,,,,8,0,8,0,0,Refer to Nr. 31 from the quarterly section.,Refer to Nr. 31 from the quarterly section.,,,,,,,,,,,,,,,,,,,,204
,"Sport, Arts and Culture",Gauteng,Programme 2: Cultural Affairs ,Programme 2: Cultural Affairs ,Annually,Number of Premier’s Social Cohesion Performing Arts programmes implemented (non-cumulative),Not Applicable,Not  Applicable,Priority 2: Economic Transformation And Job Creation,"Economy, Jobs and Infrastructure ","The Economic Sectors, Employment and Infrastructure Development cluster",,,,,5,7,,,5,7,7,Partnership with COJ enabled us to implement two more programmes without incurring additional costs  ,"
N/A",,"Increased and integrated participation through dance, drama and music and market access opportunities 
",,,,,,,,,,,,,,,,,,204
,"Sport, Arts and Culture",Gauteng,Programme 2: Cultural Affairs ,Programme 2: Cultural Affairs ,Annually,Number of Sport and Recreation organisations financially supported (non-cumulative),Non-Standardized,Not  Applicable,Priority 2: Economic Transformation And Job Creation,"Economy, Jobs and Infrastructure ","The Economic Sectors, Employment and Infrastructure Development cluster",,,,,45,,,,45,,0,Output indicator discontinued from Revised 2024/25 APP,Output indicator discontinued from Revised 2024/25 APP,,,,,,,,,,,,,,,,,,,,204
,"Sport, Arts and Culture",Gauteng,Programme 2: Cultural Affairs ,Programme 2: Cultural Affairs ,Quarterly,Number of Art practitioners benefiting from Technical Arts Skills programmes,Not Applicable,Not  Applicable,Priority 2: Economic Transformation And Job Creation,"Economy, Jobs and Infrastructure ","The Economic Sectors, Employment and Infrastructure Development cluster",0,,100,,120,120,0,0,220,120,223,Partnership with Joburg City Theatres enabled us to accommodate more practitioners within allocated budget  ,N/A,,"Increased number of people trained in the film, dance, music and theatre sector",,,,,,,,,N/A,N/A,Target not achieved. Please provide validated RoD and Corrective Action upon approval.,"Not achieved, no reason for deviation and corrective action well provided.",N/A,N/A,,No Reporting required for the quarter under review.,"Overachieved, reason for deviation provided.",204
,"Sport, Arts and Culture",Gauteng,Programme 2: Cultural Affairs ,Programme 2: Cultural Affairs ,Quarterly,Number of Arts and Culture Community Awards supported,Non-Standardized,Not  Applicable,Priority 6: Social Cohesion and Safer Communities,"Safety, Social Cohesion and Food Security","The Social Protection, Community and Human Development cluster",0,0,1,1,1,0,2,0,4,1,0,Refer to Nr.10 of the annual section.,Refer to Nr.10 of the annual section.,,,N/A,N/A,,No reporting required for the quarter under review.,N/A,N/A,Target achieved. Department to verify Actual Output for final submission.,Achieved as planned.,Applicable only as an annual target on the Revised 2024/25 APP.,Applicable only as an annual target on the Revised 2024/25 APP.,Revised target noted.,Revised as per APP.,Refer to Nr 10 from the annual section.,Refer to Nr 10 from the annual section.,,The indicator was reviewed.,"Not achieved, reason for deviation and corrective action is provided.",204
,"Sport, Arts and Culture",Gauteng,Programme 2: Cultural Affairs ,Programme 2: Cultural Affairs ,Quarterly,Number of Arts and Culture events financially supported ,Non-Standardized,Not  Applicable,Priority 2: Economic Transformation And Job Creation,"Economy, Jobs and Infrastructure ","The Economic Sectors, Employment and Infrastructure Development cluster",0,0,2,4,10,0,0,0,12,4,0,Refer to Nr.11 of the annual section.,Refer to Nr.11 of the annual section.,,,N/A,N/A,,No reporting required for the quarter under review.,Programs were approved by the Bidding and Hosting Committee for implementation as per the dates of the events.,N/A,Department to verify Actual Output for final submission.,Achieved as planned.,Applicable only as an annual target on the Revised 2024/25 APP.,Applicable only as an annual target on the Revised 2024/25 APP.,Revised target noted.,Revised as per APP.,Refer to Nr. 11 from the annual section.,Refer to Nr. 11 from the annual section.,,The indicator was reviewed.,"Not achieved, reason for deviation and corrective action is provided.",204
,"Sport, Arts and Culture",Gauteng,Programme 2: Cultural Affairs ,Programme 2: Cultural Affairs ,Quarterly,Number of Arts and Culture Living Legends supported (non-cumulative),Non-Standardized,Not  Applicable,Priority 6: Social Cohesion and Safer Communities,"Safety, Social Cohesion and Food Security","The Social Protection, Community and Human Development cluster",50,0,50,50,50,0,50,0,50,0,0,Refer to Nr.8 of the annual section.,Refer to Nr.8 of the annual section.,,,N/A,N/A,Outputs not provided,"Not achieved, no reason for deviation provided.","N/A
","N/A
",Target achieved. Department to verify Actual Output for final submission.,Achieved as planned.,Applicable only as an annual target on the Revised 2024/25 APP.,Applicable only as an annual target on the Revised 2024/25 APP.,Revised target noted.,Revised as per APP.,Refer to Nr 8 from the annual section.,Refer to Nr 8 from the annual section.,,The indicator was reviewed.,"Not achieved, reason for deviation and corrective action is provided.",204
,"Sport, Arts and Culture",Gauteng,Programme 2: Cultural Affairs ,Programme 2: Cultural Affairs ,Quarterly,Number of audio-visual creatives supported,Non-Standardized,Not  Applicable,Priority 2: Economic Transformation And Job Creation,"Economy, Jobs and Infrastructure ","The Economic Sectors, Employment and Infrastructure Development cluster",60,50,70,80,25,0,0,0,155,130,0,Output indicator was discontinued from the Adjusted 2024/25 APP.,Output indicator was discontinued from the Adjusted 2024/25 APP.,,,Insufficient response received from the call-out and coordination with stakeholders saw the department managing to reach only 50 creatives to support the expected 60 across all corridors. ,Increased awareness and improved communications with stakeholders for maximum marketing to customised target groups. The target of 80 will be achieved in Q2 2024/25 to augment the 10 not supported in Q1 2024/25.,Target achieved,Achieved as planned.,To mitigate under achievement of Q1 2024/25.,N/A,Department to verify Actual Output for final submission.,"Achieved, reason for deviation provided.",Output indicator discontinued from Revised 2024/25 APP.,Output indicator discontinued from Revised 2024/25 APP.,Discontinuation of indicator is noted.,Revised as per APP.,Output indicator was discontinued from the Adjusted 2024/25 APP.,Output indicator was discontinued from the Adjusted 2024/25 APP.,,The indicator was reviewed.,"Not achieved, reason for deviation and corrective action is provided.",204
,"Sport, Arts and Culture",Gauteng,Programme 2: Cultural Affairs ,Programme 2: Cultural Affairs ,Quarterly,Number of community conversations / dialogues implemented to foster social interaction per year,Standardized,Not  Applicable,Priority 6: Social Cohesion and Safer Communities,-,"The Social Protection, Community and Human Development cluster",0,0,0,0,0,0,0,0,0,0,0,N/A,N/A,,,0,0,Please delete the duplicated indicators,No reporting required for the quarter under review.,Refer to Nr 24,Refer to Nr 24,,No reporting required for the quarter under review.,,,,No reporting required for the quarter under review.,N/A,N/A,,No Reporting required for the quarter under review ,No reporting required for the quarter under review.,204
,"Sport, Arts and Culture",Gauteng,Programme 2: Cultural Affairs ,Programme 2: Cultural Affairs ,Quarterly,Number of community conversations / dialogues implemented to foster social interaction per year (Sector Indicator),Not Applicable,Not  Applicable,Priority 6: Social Cohesion and Safer Communities,"Safety, Social Cohesion and Food Security","The Social Protection, Community and Human Development cluster",10,,10,,0,8,0,5,20,13,20,N/A,N/A,,On target,,,,,,,,,To augment the underachievement from previous quarters.,N/A,,No reporting required for the quarter under review.,"To mitigate underperformance from Q2 2024/25 and to achieve the planned annual target, 5 dialogues as planned were implemented. 


 ",N/A,"Performance is noted; however, the target is not due in Q4.",TBC after verification by IA,Achieved.,204
,"Sport, Arts and Culture",Gauteng,Programme 2: Cultural Affairs ,Programme 2: Cultural Affairs ,Quarterly,Number of community conversations / dialogues implemented to foster social interaction per year (Sector Indicator),Standardized,Not  Applicable,Priority 6: Social Cohesion and Safer Communities,"Safety, Social Cohesion and Food Security","The Social Protection, Community and Human Development cluster",10,5,10,2,5,0,5,0,30,7,0,Refer to Nr.34,Refer to Nr.34,,,The budget cut of R34 million affected the implementation of the dialogues. ,Alternative ways such as partnering with stakeholders will be explored to implement the dialogues from Q2 2024/25. ,Target not achieved,"Not achieved, reason for deviation provided.","The reclassification of budget resulted in no funding to implement the dialogues as planned. 
",The department will implement the remaining dialogues in Q3 and revise the target in the Adjusted 2024/25 APP.  ,Target not achieved. Department to verify Actual Output for final submission.,"Not achieved, reason for deviation and corrective action provided.",Refer to Nr.34,Refer to Nr.34,,Revised as per APP.,Refer to Nr. 34.,Refer to Nr. 34.,,The indicator was reviewed.,"Not achieved, reason for deviation and corrective action is provided.",204
,"Sport, Arts and Culture",Gauteng,Programme 2: Cultural Affairs ,Programme 2: Cultural Affairs ,Quarterly,Number of Cultural and Creative Industries Awards supported,Not Applicable,Not  Applicable,Priority 2: Economic Transformation And Job Creation,"Economy, Jobs and Infrastructure ","The Economic Sectors, Employment and Infrastructure Development cluster",1,,1,,0,0,0,1,2,1,2,N/A,N/A,,Cultural and Creative Industries Awards supported financially to recognise excellence in the sector,,,,,,,,,N/A,N/A,The Annual Target is not aligned with the revised APP.  Please correct annual and quarterly targets as per the revised APP. ,No reporting required for the quarter under review.,"To mitigate the Q1 2024/25 under performance of the Basadi Women in Music Awards that could not be implemented.

",N/A,"Performance is noted; however, the target is not due in Q4.",The indicator was reviewed.,Achieved.,204
,"Sport, Arts and Culture",Gauteng,Programme 2: Cultural Affairs ,Programme 2: Cultural Affairs ,Quarterly,Number of Cultural and Creative Industries Awards supported ,Non-Standardized,Not  Applicable,Priority 2: Economic Transformation And Job Creation,"Economy, Jobs and Infrastructure ","The Economic Sectors, Employment and Infrastructure Development cluster",1,0,1,1,3,0,1,0,6,1,0,Refer to Nr.29,Refer to Nr.29,,, Award season programmes are funded through the Bidding and Hosting funding instrument and not through earmarked funds which affects the departmental stakeholder plan with support to awards ceremonies hosted in the province.,The department is yet to receive approvals from Bidding and Hosting Funding.,Target not achieved,"Not achieved, reason for deviation provided.",N/A,N/A,Target achieved. Department to verify Actual Output for final submission.,Achieved as planned.,Refer to Nr.29,Refer to Nr.29,,Revised as per APP.,Refer to Nr. 29.,Refer to Nr. 29.,,The indicator was reviewed.,"Not achieved, reason for deviation and corrective action is provided.",204
,"Sport, Arts and Culture",Gauteng,Programme 2: Cultural Affairs ,Programme 2: Cultural Affairs ,Quarterly,Number of Cultural and Creative Industries programmes implemented in public spaces,Non-Standardized,Not  Applicable,Priority 6: Social Cohesion and Safer Communities,"Safety, Social Cohesion and Food Security","The Social Protection, Community and Human Development cluster",0,0,4,4,4,0,2,0,10,4,0,Refer to Nr.28,Refer to Nr.28,,,N/A,N/A,,No reporting required for the quarter under review.,N/A,N/A,Target achieved. Department to verify Actual Output for final submission.,Achieved as planned.,Refer to Nr.28,Refer to Nr.28,,Revised as per APP.,Refer to Nr. 28.,Refer to Nr. 28.,,The indicator was reviewed.,"Not achieved, reason for deviation and corrective action is provided.",204
,"Sport, Arts and Culture",Gauteng,Programme 2: Cultural Affairs ,Programme 2: Cultural Affairs ,Quarterly,Number of Cultural and Creative Industries programmes implemented in public spaces ,Not Applicable,Not  Applicable,Priority 6: Social Cohesion and Safer Communities,"Safety, Social Cohesion and Food Security","The Social Protection, Community and Human Development cluster",0,,4,,4,4,0,0,8,4,8,N/A,N/A,,Increase in the number of visual arts projects implemented in Public Spaces ,,,,,,,,,N/A,N/A,Target achieved.,Achieved as planned.,N/A,N/A,,The indicator was reviewed.,Achieved.,204
,"Sport, Arts and Culture",Gauteng,Programme 2: Cultural Affairs ,Programme 2: Cultural Affairs ,Quarterly,Number of emerging creatives trained through Mentorship programmes,Non-Standardized,Not  Applicable,Priority 2: Economic Transformation And Job Creation,"Economy, Jobs and Infrastructure ","The Economic Sectors, Employment and Infrastructure Development cluster",0,0,250,267,250,251,0,0,500,518,518,"Due to created partnerships, more creatives attended at no costs to the department",N/A,,,N/A,N/A,,No reporting required for the quarter under review.,Partnership with stakeholders led to more participants at no extra cost to the department,N/A,Department to verify Actual Output for final submission.,"Achieved, reason for deviation provided.","An additional participant was accommodated at no cost to the department.

","N/A


",Please provide validated RoD and Corrective Action upon approval.,Achieved.,N/A,N/A,,No Reporting for the Quarter under review.,"Overachieved, reason for deviation is provided.",204
,"Sport, Arts and Culture",Gauteng,Programme 2: Cultural Affairs ,Programme 2: Cultural Affairs ,Quarterly,Number of Heritage sites provisionally declared ,Not Applicable,Not  Applicable,Priority 6: Social Cohesion and Safer Communities,"Safety, Social Cohesion and Food Security","The Social Protection, Community and Human Development cluster",0,,0,,4,6,2,2,6,8,8,Additional nominations were found conservation worthy and reviewed within the allocated budget,N/A,,Preservation and conservation of provincial Heritage sites ,,,,,,,,,Additional nominations approved were found conservation-worthy. ,N/A,Please provide validated RoD and Corrective Action upon approval.,"Overachieved, reason for deviation provided.",N/A,N/A,Target achieved.,TBC after verification by IA,"Overachieved, reason for deviation is provided.",204
,"Sport, Arts and Culture",Gauteng,Programme 2: Cultural Affairs ,Programme 2: Cultural Affairs ,Quarterly,Number of initiatives implemented to raise awareness on the national symbols,Standardized,Not  Applicable,"Priority 1: A Capable, Ethical and Developmental State",-,"Governance, State Capacity and Institutional Development cluster",0,0,0,0,0,0,0,0,0,0,0,N/A,N/A,,,0,0,Please delete the duplicated indicators,No reporting required for the quarter under review.,Refer to Nr 22,Refer to Nr 22,,No reporting required for the quarter under review.,,,,No reporting required for the quarter under review.,N/A,N/A,,No Reporting required for the quarter under review ,No reporting required for the quarter under review.,204
,"Sport, Arts and Culture",Gauteng,Programme 2: Cultural Affairs ,Programme 2: Cultural Affairs ,Quarterly,Number of initiatives implemented to raise awareness on the national symbols (Sector Indicator),Not Applicable,Not  Applicable,Priority 6: Social Cohesion and Safer Communities,"Safety, Social Cohesion and Food Security","The Social Protection, Community and Human Development cluster",15,,20,,0,0,0,0,35,0,35,N/A,N/A,,On target,,,,,,,,,N/A,N/A,,No reporting required for the quarter under review.,N/A,N/A,,No Reporting required for the quarter under reviewed,Achieved.,204
,"Sport, Arts and Culture",Gauteng,Programme 2: Cultural Affairs ,Programme 2: Cultural Affairs ,Quarterly,Number of initiatives implemented to raise awareness on the national symbols (Sector Indicator),Standardized,Not  Applicable,Priority 6: Social Cohesion and Safer Communities,"Safety, Social Cohesion and Food Security","The Social Protection, Community and Human Development cluster",15,15,20,20,15,0,10,0,60,35,0,Refer to Nr.32,Refer to Nr.32,,,N/A,N/A,Target achieved,"Achieved as planned,",N/A,N/A,Target achieved. Department to verify Actual Output for final submission.,Achieved as planned.,Refer to Nr.32,Refer to Nr.32,,Revised as per APP.,Refer to Nr. 32.,Refer to Nr. 32.,,The indicator was reviewed.,"Not achieved, reason for deviation and corrective action is provided.",204
,"Sport, Arts and Culture",Gauteng,Programme 2: Cultural Affairs ,Programme 2: Cultural Affairs ,Quarterly,Number of Live Music initiatives supported,Non-Standardized,Not  Applicable,Priority 2: Economic Transformation And Job Creation,"Economy, Jobs and Infrastructure ","The Economic Sectors, Employment and Infrastructure Development cluster",2,2,2,2,3,0,3,0,10,4,0,Refer to Nr.26,Refer to Nr.26,,,N/A,N/A,Target achieved,Achieved as planned.,N/A,N/A,Department to verify Actual Output for final submission.,Achieved as planned.,Refer to Nr.26,Refer to Nr.26,,Revised as per APP.,Refer to Nr. 26.,Refer to Nr. 26.,,The indicator was reviewed.,"Not achieved, reason for deviation and corrective action is provided.",204
,"Sport, Arts and Culture",Gauteng,Programme 2: Cultural Affairs ,Programme 2: Cultural Affairs ,Quarterly,Number of Live Music initiatives supported  ,Not Applicable,Not  Applicable,Priority 2: Economic Transformation And Job Creation,"Economy, Jobs and Infrastructure ","The Economic Sectors, Employment and Infrastructure Development cluster",2,,2,,2,3,0,0,6,3,7,An additional request for partnership was received and supported within the available budget,N/A,,Increased number of emerging musicians participating in the Live Music programme ,,,,,,,,,One extra event was supported as per received request at no extra cost to the department.,N/A,Please provide validated RoD and Corrective Action upon approval.,"Overachieved, reason for deviation provided.",N/A,N/A,,The indicator was reviewed.,"Overachieved, reason for deviation provided.",204
,"Sport, Arts and Culture",Gauteng,Programme 2: Cultural Affairs ,Programme 2: Cultural Affairs ,Quarterly,Number of market access initiatives implemented,Non-Standardized,Not  Applicable,Priority 2: Economic Transformation And Job Creation,"Economy, Jobs and Infrastructure ","The Economic Sectors, Employment and Infrastructure Development cluster",5,6,5,6,5,0,5,0,20,12,0,Refer to Nr.27,Refer to Nr.27,,,"The department implemented the market access through the national commemoration days at no extra cost to the department. 
",N/A,Target exceeded,"Over-achieved, reason for deviation provided.","The support and partnership with the Heritage Unit were leveraged to implement market access initiatives at an additional budget as approved by the Bidding and Hosting Committee. 
",N/A,Department to verify Actual Output for final submission.,"Achieved, reason for deviation provided.",Refer to Nr.27,Refer to Nr.27,,Revised as per APP.,Refer to Nr. 27.,Refer to Nr. 27.,,The indicator was reviewed.,"Not achieved, reason for deviation and corrective action is provided.",204
,"Sport, Arts and Culture",Gauteng,Programme 2: Cultural Affairs ,Programme 2: Cultural Affairs ,Quarterly,Number of market access initiatives implemented,Not Applicable,Not  Applicable,Priority 2: Economic Transformation And Job Creation,"Economy, Jobs and Infrastructure ","The Economic Sectors, Employment and Infrastructure Development cluster",5,,5,,2,6,0,0,12,6,18,Due to internal and external partnerships including commemorative days that were leveraged as market opportunities.,N/A,,Increase in the number of creatives participating in different market access platforms ,,,,,,,,,Additional recordings attracted the media and interest in live spaces.,N/A,Please provide validated RoD and Corrective Action upon approval.,"Overachieved, reason for deviation provided.",N/A,N/A,,The indicator was reviewed.,"Overachieved, reason for deviation is provided.",204
,"Sport, Arts and Culture",Gauteng,Programme 2: Cultural Affairs ,Programme 2: Cultural Affairs ,Quarterly,Number of monuments supported (non-cumulative),Non-Standardized,Not  Applicable,Priority 6: Social Cohesion and Safer Communities,"Economy, Jobs and Infrastructure ","The Economic Sectors, Employment and Infrastructure Development cluster",3,2,3,2,3,0,3,0,3,0,0,Output indicator was discontinued from the Adjusted 2024/25 APP.,Output indicator was discontinued from the Adjusted 2024/25 APP.,,,The Boipatong memorial is supported through the annual transfer of funds to Sedibeng District Municipality and the department has yet to decide on the transfer due to no accountability for the funds. The Sedibeng District Municipality is required to submit an expenditure report for the transferred funds. ,"The department escalated the matter to the Sedibeng District Municipality’s Municipal Manager for intervention and therefore the Monument was not supported in Q1.
Until the matter is resolved, the department must provide service delivery through internal capacity if the concurrence of GPT to reclassify funds from transfer to voted funds is approved.
",Target achieved,Achieved as planned.,The expenditure report from Sedibeng Municipality for 2023/24 financial year was not received and therefore unable to transfer funds.,"Gauteng Provincial Treasury for reclassification of the budget from Transfer to Goods and Service, without any impact on the operations of the Boipatong Memorial.
",Target not achieved.,"Not achieved, reason for deviation and corrective action provided.",Output indicator discontinued from Revised 2024/25 APP.,Output indicator discontinued from Revised 2024/25 APP.,Discontinuation of indicator is noted.,Revised as per APP.,Output indicator was discontinued from the Adjusted 2024/25 APP.,Output indicator was discontinued from the Adjusted 2024/25 APP.,,The indicator was reviewed.,"Not achieved, reason for deviation and corrective action is provided.",204
,"Sport, Arts and Culture",Gauteng,Programme 2: Cultural Affairs ,Programme 2: Cultural Affairs ,Quarterly,Number of Multicultural Experience Programmes supported,Non-Standardized,Not  Applicable,Priority 2: Economic Transformation And Job Creation,"Economy, Jobs and Infrastructure ","The Economic Sectors, Employment and Infrastructure Development cluster",1,0,1,1,1,0,1,0,4,1,0,Output indicator was discontinued from the Adjusted 2024/25 APP,Output indicator was discontinued from the Adjusted 2024/25 APP,,,"Unfunded mandate and the department did not have sufficient time to adjust the APP and Operational Plans as budget cuts per programme could not be aligned timeously. 


",The adjustment of the DSACR 2024/25 APP will assist in confirming programmes that will be financially supported and programmes that will not have sufficient budget allocation will be discontinued. ,Outputs not provided,"Not achieved, reason for deviation provided.","N/A

",N/A,Target achieved. Department to verify Actual Output for final submission.,Achieved as planned.,Output indicator discontinued from Revised 2024/25 APP.,Output indicator discontinued from Revised 2024/25 APP.,Discontinuation of indicator is noted.,Discontinued as per revised APP.,Output indicator was discontinued from the Adjusted 2024/25 APP.,Output indicator was discontinued from the Adjusted 2024/25 APP.,,The indicator was reviewed.,"Not achieved, reason for deviation and corrective action is provided.",204
,"Sport, Arts and Culture",Gauteng,Programme 2: Cultural Affairs ,Programme 2: Cultural Affairs ,Quarterly,Number of Multilingualism Awareness Campaigns conducted,Non-Standardized,Not  Applicable,Priority 6: Social Cohesion and Safer Communities,"Safety, Social Cohesion and Food Security","The Social Protection, Community and Human Development cluster",3,3,6,6,4,0,3,0,16,9,0,Refer to Nr.33,Refer to Nr.33,,,N/A,N/A,Target achieved,"Achieved as planned,",N/A,N/A,Target achieved. Department to verify Actual Output for final submission.,Achieved as planned.,Refer to Nr.33,Refer to Nr.33,,Revised as per APP.,Refer to Nr. 33.,Refer to Nr. 33.,,The indicator was reviewed.,"Not achieved, reason for deviation and corrective action is provided.",204
,"Sport, Arts and Culture",Gauteng,Programme 2: Cultural Affairs ,Programme 2: Cultural Affairs ,Quarterly,Number of Multilingualism Awareness initiatives conducted,Not Applicable,Not  Applicable,Priority 6: Social Cohesion and Safer Communities,"Safety, Social Cohesion and Food Security","The Social Protection, Community and Human Development cluster",3,,6,,2,2,1,1,12,3,12,N/A,N/A,,"The promotion and awareness of multilingualism, equitable usage of all official languages, and elevating the status of previously marginalised ",,,,,,,,,N/A,N/A,,Achieved as planned.,N/A,N/A,Target achieved.,TBC after verification by IA,Achieved.,204
,"Sport, Arts and Culture",Gauteng,Programme 2: Cultural Affairs ,Programme 2: Cultural Affairs ,Quarterly,Number of National and Historical Days celebrated,Non-Standardized,Not  Applicable,Priority 6: Social Cohesion and Safer Communities,"Safety, Social Cohesion and Food Security","The Social Protection, Community and Human Development cluster",2,2,2,2,1,0,1,0,6,4,0,Output indicator was discontinued from the Adjusted 2024/25 APP.,Output indicator was discontinued from the Adjusted 2024/25 APP.,,, N/A,N/A,Target achieved,"Achieved as planned,",N/A,N/A,Target achieved. Department to verify Actual Output for final submission.,Achieved as planned.,Output indicator discontinued from Revised 2024/25 APP.,Output indicator discontinued from Revised 2024/25 APP.,Discontinuation of indicator is noted.,Revised as per APP.,Output indicator was discontinued from the Adjusted 2024/25 APP,Output indicator was discontinued from the Adjusted 2024/25 APP,,The indicator was reviewed.,"Not achieved, reason for deviation and corrective action is provided.",204
,"Sport, Arts and Culture",Gauteng,Programme 2: Cultural Affairs ,Programme 2: Cultural Affairs ,Quarterly,Number of new statues for heroes and heroines of the Heritage Liberation Struggle installed,Non-Standardized,Not  Applicable,Priority 6: Social Cohesion and Safer Communities,"Safety, Social Cohesion and Food Security","The Social Protection, Community and Human Development cluster",0,0,0,0,1,0,1,0,2,0,0,Output indicator was discontinued from the Adjusted 2024/25 APP.,Output indicator was discontinued from the Adjusted 2024/25 APP.,,,N/A,N/A,,No reporting required for the quarter under review.,N/A,N/A,,No reporting required for the quarter under review.,Output indicator discontinued from Revised 2024/25 APP.,Output indicator discontinued from Revised 2024/25 APP.,Discontinuation of indicator is noted.,Revised as per APP.,Output indicator was discontinued from the Adjusted 2024/25 APP.,Output indicator was discontinued from the Adjusted 2024/25 APP.,,The indicator was reviewed.,"Not achieved, reason for deviation and corrective action is provided.",204
,"Sport, Arts and Culture",Gauteng,Programme 2: Cultural Affairs ,Programme 2: Cultural Affairs ,Quarterly,Number of non-fee-paying schools supported to participate in Arts and Culture Schools integrated programmes ,Non-Standardized,Not  Applicable,Priority 6: Social Cohesion and Safer Communities,"Safety, Social Cohesion and Food Security","The Social Protection, Community and Human Development cluster",105,108,205,205,0,0,100,100,410,413,413,"Partnerships with Department of Education, Department of Water and Sanitation and The Soweto Theatre enabled us to support additional schools within the allocated budget ",N/A,,,"GDE financially supported 108 schools during Q1 2024/25.

","

N/A",Target achieved,Achieved as planned.,N/A,N/A,Target not achieved. Department to verify Actual Output for final submission.,"Not achieved, no reason for deviation and corrective action provided.",N/A,N/A,,No reporting required for the quarter under review.,"N/A
",N/A,Target not achieved.,"Not Achieved, Reason for deviation and corrective actions provided.","Overachieved, reason for deviation provided.",204
,"Sport, Arts and Culture",Gauteng,Programme 2: Cultural Affairs ,Programme 2: Cultural Affairs ,Quarterly,Number of people benefiting from Technical Arts Skills programmes,Non-Standardized,Not  Applicable,Priority 2: Economic Transformation And Job Creation,"Economy, Jobs and Infrastructure ","The Economic Sectors, Employment and Infrastructure Development cluster",0,0,100,103 ,150,0,50,0,300,103,0,Output indicator was discontinued from the Adjusted 2024/25 APP,Output indicator was discontinued from the Adjusted 2024/25 APP,,,N/A,N/A,,No reporting required for the quarter under review.,The department accommodated more people due to a partnership with Joburg City Theatres and the City of Johannesburg without additional costs to the department,N/A,Target not achieved. Department to verify Actual Output for final submission.,"Not achieved, no reason for deviation and corrective action provided.",Refer to Nr 25,Refer to Nr 25,,	Refer to Nr 25,Refer to Nr.25,Refer to Nr.25,,The indicator was reviewed.,"Not achieved, reason for deviation and corrective action is provided.",204
,"Sport, Arts and Culture",Gauteng,Programme 2: Cultural Affairs ,Programme 2: Cultural Affairs ,Quarterly,Number of plaques for statues of Colonialism erected,Non-Standardized,Not  Applicable,Priority 6: Social Cohesion and Safer Communities,"Safety, Social Cohesion and Food Security","The Social Protection, Community and Human Development cluster",1,1,1,1,1,0,1,1,4,1,0,Refer to Nr.30,Refer to Nr.30,,, N/A,N/A,Target achieved,"Achieved as planned,",N/A,N/A,Target achieved. Department to verify Actual Output for final submission.,Achieved as planned ,Refer to Nr.30,Refer to Nr.30,,Revised as per APP.,N/A,N/A,Target achieved.,TBC after verification by IA.,"Not achieved, reason for deviation and corrective action is provided.",204
,"Sport, Arts and Culture",Gauteng,Programme 2: Cultural Affairs ,Programme 2: Cultural Affairs ,Quarterly,Number of plaques installed to honour heroes and heroines ,Not Applicable,Not  Applicable,Priority 6: Social Cohesion and Safer Communities,"Safety, Social Cohesion and Food Security","The Social Protection, Community and Human Development cluster",1,,1,,1,1,1,1,4,2,4,N/A,N/A,,An increase in plagues to honour the heroes and heroines ,,,,,,,,,N/A,N/A,Target achieved.,Achieved as planned.,N/A,N/A,Target achieved.,TBC after verification by IA,Achieved.,204
,"Sport, Arts and Culture",Gauteng,Programme 2: Cultural Affairs ,Programme 2: Cultural Affairs ,Quarterly,Number of practitioners benefitting from capacity-building opportunities ,Non-Standardized,Not  Applicable,Priority 2: Economic Transformation And Job Creation,"Economy, Jobs and Infrastructure ","The Economic Sectors, Employment and Infrastructure Development cluster",250,300,250,312,0,0,0,0,500,612,612,"Due to created partnerships, more creatives attended at no costs to the department",N/A,,,More practitioners participated at no additional cost to the department. ,N/A,Target exceeded,"Over-achieved, reason for deviation provided","Partnership with stakeholders led to more participants at no extra cost to the department.


Partnership with stakeholders led to more participants at no extra cost to the department",N/A,Department to verify Actual Output for final submission.,"Achieved, reason for deviation provided.",N/A,N/A,,No reporting required for the quarter under review.,N/A,N/A,,No Reporting for the Quarter under review.,"Overachieved, reason for deviation is provided.",204
,"Sport, Arts and Culture",Gauteng,Programme 2: Cultural Affairs ,Programme 2: Cultural Affairs ,Quarterly,Number of Premier’s Social Cohesion Dance Holiday programmes implemented,Non-Standardized,Not  Applicable,Priority 6: Social Cohesion and Safer Communities,"Safety, Social Cohesion and Food Security","The Social Protection, Community and Human Development cluster",0,0,5,5,5,0,5,0,15,5,0,Output indicator was discontinued from the Adjusted 2024/25 APP,Output indicator was discontinued from the Adjusted 2024/25 APP,,,N/A,N/A,,No reporting required for the quarter under review.,N/A,N/A,Target achieved. Department to verify Actual Output for final submission.,Achieved as planned.,Applicable only as an annual target on the Revised 2024/25 APP.,Applicable only as an annual target on the Revised 2024/25 APP.,Revised target noted.,Revised as per APP.,Output indicator was discontinued from the Adjusted 2024/25 APP.,Output indicator was discontinued from the Adjusted 2024/25 APP.,,The indicator was reviewed.,"Not achieved, reason for deviation and corrective action is provided.",204
,"Sport, Arts and Culture",Gauteng,Programme 2: Cultural Affairs ,Programme 2: Cultural Affairs ,Quarterly,Number of Premier’s Social Cohesion Music Holiday programmes implemented,Non-Standardized,Not  Applicable,Priority 6: Social Cohesion and Safer Communities,"Safety, Social Cohesion and Food Security","The Social Protection, Community and Human Development cluster",0,0,5,5,5,0,5,0,15,5,0,Output indicator was discontinued from the Adjusted 2024/25 APP,Output indicator was discontinued from the Adjusted 2024/25 APP,,,N/A,N/A,,No reporting required for the quarter under review.,N/A,N/A,Target achieved. Department to verify Actual Output for final submission.,Achieved as planned.,Applicable only as an annual target on the Revised 2024/25 APP.,Applicable only as an annual target on the Revised 2024/25 APP.,Revised target noted.,Revised as per APP.,Output indicator was discontinued from the Adjusted 2024/25 APP.,Output indicator was discontinued from the Adjusted 2024/25 APP.,,The indicator was reviewed.,"Not achieved, reason for deviation and corrective action is provided.",204
,"Sport, Arts and Culture",Gauteng,Programme 2: Cultural Affairs ,Programme 2: Cultural Affairs ,Quarterly,Number of Premier’s Social Cohesion Theatre Holiday programmes implemented ,Non-Standardized,Not  Applicable,Priority 6: Social Cohesion and Safer Communities,"Safety, Social Cohesion and Food Security","The Social Protection, Community and Human Development cluster",0,0,5,5,5,0,5,0,15,5,0,Output indicator was discontinued from the Adjusted 2024/25 APP,Output indicator was discontinued from the Adjusted 2024/25 APP,,,N/A,N/A,,No reporting required for the quarter under review.,N/A,N/A,Target achieved. Department to verify Actual Output for final submission.,Achieved as planned.,Applicable only as an annual target on the Revised 2024/25 APP.,Applicable only as an annual target on the Revised 2024/25 APP.,Revised target noted.,Revised as per APP.,Output indicator was discontinued from the Adjusted 2024/25 APP.,Output indicator was discontinued from the Adjusted 2024/25 APP.,,The indicator was reviewed.,"Not achieved, reason for deviation and corrective action is provided.",204
,"Sport, Arts and Culture",Gauteng,Programme 2: Cultural Affairs ,Programme 2: Cultural Affairs ,Quarterly,Number of Significant days commemorated,Non-Standardized,Not  Applicable,Priority 6: Social Cohesion and Safer Communities,"Safety, Social Cohesion and Food Security","The Social Protection, Community and Human Development cluster",5,5,1,1,1,0,2,0,9,6,0,Output indicator was discontinued from the Adjusted 2024/25 APP.,Output indicator was discontinued from the Adjusted 2024/25 APP.,,,N/A,N/A,Target achieved,"Achieved as planned,",N/A,N/A,Target achieved. Department to verify Actual Output for final submission.,Achieved as planned.,Output indicator discontinued from Revised 2024/25 APP.,Output indicator discontinued from Revised 2024/25 APP.,Discontinuation of indicator is noted.,Revised as per APP.,Output indicator was discontinued from the Adjusted 2024/25 APP,Output indicator was discontinued from the Adjusted 2024/25 APP,,The indicator was reviewed.,"Not achieved, reason for deviation and corrective action is provided.",204
,"Sport, Arts and Culture",Gauteng,Programme 3: Library and Archives Services ,Programme 3: Library and Archives Services ,Annually,Number of libraries established per year,Standardized,Not  Applicable,Priority 6: Social Cohesion and Safer Communities,-,"The Social Protection, Community and Human Development cluster",,,,,,,0,0,0,0,0,N/A,N/A,,,,,,,,,,,,,,,,,,,,204
,"Sport, Arts and Culture",Gauteng,Programme 3: Library and Archives Services ,Programme 3: Library and Archives Services ,Annually,Number of Libraries implementing Mzansi Libraries Online programme (non-cumulative),Non-Standardized,Not  Applicable,Priority 2: Economic Transformation And Job Creation,"Safety, Social Cohesion and Food Security","The Social Protection, Community and Human Development cluster",,,35,35,,,,,35,35,35,N/A,N/A,,,,,,,,,,,,,,,,,,,,204
,"Sport, Arts and Culture",Gauteng,Programme 3: Library and Archives Services ,Programme 3: Library and Archives Services ,Annually,Number of NPOs financially supported to inculcate a culture of reading (non-cumulative),Non-Standardized,Not  Applicable,Priority 6: Social Cohesion and Safer Communities,"Safety, Social Cohesion and Food Security","The Social Protection, Community and Human Development cluster",,,15,0,,,,,15,0,0,"Due to budget adjustment, the allocated budget was directed to other departmental priority programmes that required funding.",The department allocated sufficient funding for the implementation of this programme for the 2025/26 FY.,,,,,,,,,,,,,,,,,,,,204
,"Sport, Arts and Culture",Gauteng,Programme 3: Library and Archives Services ,Programme 3: Library and Archives Services ,Annually,Number of records transferred to the Archives Repository (non-cumulative),Non-Standardized,Not  Applicable,Priority 6: Social Cohesion and Safer Communities,"Economy, Jobs and Infrastructure ","The Economic Sectors, Employment and Infrastructure Development cluster",,,,,,,3000,0,3000,0,0,Output indicator was discontinued from the Adjusted 2024/25 APP.,Output indicator was discontinued from the Adjusted 2024/25 APP.,,,,,,,,,,,,,,,,,,,,204
,"Sport, Arts and Culture",Gauteng,Programme 3: Library and Archives Services ,Programme 3: Library and Archives Services ,Quarterly,Number of Born to Read programmes implemented,Not Applicable,Not  Applicable,Priority 6: Social Cohesion and Safer Communities,"Safety, Social Cohesion and Food Security","The Social Protection, Community and Human Development cluster",5,,5,,1,1,0,0,11,1,11,N/A,N/A,,Create awareness and importance of reading to unborn children and infants,,,,,,,,,N/A,N/A,Target achieved. The Annual Target is not aligned with the revised APP.,Achieved as planned.,N/A,N/A,,No Reporting required for the quarter under review,,204
,"Sport, Arts and Culture",Gauteng,Programme 3: Library and Archives Services ,Programme 3: Library and Archives Services ,Quarterly,Number of Born to Read programmes implemented ,Non-Standardized,Not  Applicable,Priority 6: Social Cohesion and Safer Communities,"Safety, Social Cohesion and Food Security","The Social Protection, Community and Human Development cluster",5,5,5,5,5,0,5,0,20,10,0,Refer to Nr.13,Refer to Nr.13,,,N/A,N/A,Target achieved,Achieved as planned.,N/A,N/A,Target achieved.,Achieved as planned.,Refer to Nr.13,Refer to Nr.13,,Discontinued as per revised APP.,Refer to Nr.13,Refer to Nr.13,,The indicator was reviewed.,,204
,"Sport, Arts and Culture",Gauteng,Programme 3: Library and Archives Services ,Programme 3: Library and Archives Services ,Quarterly,Number of interventions for local emerging authors implemented,Not Applicable,Not  Applicable,Priority 2: Economic Transformation And Job Creation,"Economy, Jobs and Infrastructure ","The Economic Sectors, Employment and Infrastructure Development cluster",3,,5,,2,4,1,1,11,5,14,Due to additional exhibitions held at the opening of the Drieziek and Alra Park. Both exhibitions were held at no additional cost,N/A,,Improved access to the market for emerging authors ,,,,,,,,,"Book exhibitions at the opening of Alra Park Library and the White Cane Rally events resulted in over-achievement without incurring extra costs to the department. 
",N/A,Please provide validated RoD and Corrective Action upon approval. ,"Overachieved,reason for deviation provided.",N/A,N/A,Target achieved.,TBC after verification by Internal Audit ,,204
,"Sport, Arts and Culture",Gauteng,Programme 3: Library and Archives Services ,Programme 3: Library and Archives Services ,Quarterly,Number of interventions for local emerging authors implemented ,Non-Standardized,Not  Applicable,Priority 2: Economic Transformation And Job Creation,"Economy, Jobs and Infrastructure ","The Economic Sectors, Employment and Infrastructure Development cluster",3,4,5,5,5,0,2,0,15,9,0,Refer to Nr.15,Refer to Nr.15,,,"An additional programme was implemented due to the need to support library openings which led to an overachievement. No additional costs were incurred.

",N/A,Target exceeded,"Over-achieved, reason for deviation provided.",N/A,N/A,Target achieved.,Achieved as planned.,Refer to Nr.15,Refer to Nr.15,,Discontinued as per revised APP.,Refer to Nr.15,Refer to Nr.15,,The indicator was reviewed.,,204
,"Sport, Arts and Culture",Gauteng,Programme 3: Library and Archives Services ,Programme 3: Library and Archives Services ,Quarterly,Number of library public awareness programmes implemented ,Not Applicable,Not  Applicable,Priority 6: Social Cohesion and Safer Communities,"Safety, Social Cohesion and Food Security","The Social Protection, Community and Human Development cluster",2,,2,,2,2,0,0,6,2,6,N/A,N/A,,"Improved access and utilization of library services by members of the public 

",,,,,,,,,N/A,N/A,Target achieved. The Annual Target is not aligned with the revised APP.,Achieved as planned.,N/A,N/A,,No Reporting required for the quarter under review,,204
,"Sport, Arts and Culture",Gauteng,Programme 3: Library and Archives Services ,Programme 3: Library and Archives Services ,Quarterly,Number of monitoring visits conducted,Non-Standardized,Not  Applicable,Priority 6: Social Cohesion and Safer Communities,"Safety, Social Cohesion and Food Security","The Social Protection, Community and Human Development cluster",30,30,50,50,50,50,20,20,150,150,150,N/A,N/A,,,N/A,N/A,,Achieved as planned.,N/A,N/A,Reason for overachieving not provided.,Achieved as planned.,N/A,N/A,Target achieved. ,Achieved as planned.,N/A,N/A,Target achieved.,TBC after verification by IA.,,204
,"Sport, Arts and Culture",Gauteng,Programme 3: Library and Archives Services ,Programme 3: Library and Archives Services ,Quarterly,Number of municipalities financially supported to provide library services (non-cumulative),Non-Standardized,Not  Applicable,Priority 6: Social Cohesion and Safer Communities,"Economy, Jobs and Infrastructure ","The Economic Sectors, Employment and Infrastructure Development cluster",0,0,9,9,9,8,0,1,9,1,9,N/A,N/A,,,N/A,N/A,,No reporting required for the quarter under review.,N/A,N/A,Target achieved.,Achieved as planned.,"Funds to Emfuleni Municipality could not be transferred, the municipality was not Tax compliant",Funds will be transferred once a valid Tax complaint certificate has been submitted. ,Target not achieved.,"Not achieved, reason for deviation and corrective action provided.",The transfer to Emfuleni Local Municipality was only done in Q4 and not Q3 2024/25 as per the APP,N/A,"Performance is noted; however, the target is not due in Q4.",No Reporting required for the quarter under review.,,204
,"Sport, Arts and Culture",Gauteng,Programme 3: Library and Archives Services ,Programme 3: Library and Archives Services ,Quarterly,Number of non-fee-paying schools supported with library materials,Not Applicable,Not  Applicable,Priority 2: Economic Transformation And Job Creation,"Economy, Jobs and Infrastructure ","The Economic Sectors, Employment and Infrastructure Development cluster",0,,5,,5,10,0,0,10,10,10,N/A,N/A,,"Functional non-fee-paying schools with adequate learning material capable of delivering on their educational curriculum 
 
",,,,,,,,,To mitigate the Q2 2024/25 under performance. Annual target achieved. ,N/A,Please provide validated RoD and Corrective Action upon approval.,"Overachieved,reason for deviation provided.",N/A,N/A,,No Reporting required for the quarter under review.,,204
,"Sport, Arts and Culture",Gauteng,Programme 3: Library and Archives Services ,Programme 3: Library and Archives Services ,Quarterly,Number of non-fee-paying schools supported with library materials ,Non-Standardized,Not  Applicable,Priority 2: Economic Transformation And Job Creation,"Economy, Jobs and Infrastructure ","The Social Protection, Community and Human Development cluster",0,0,5,0,5,0,5,0,15,0,0,Refer to Nr.12,Refer to Nr.12,,,N/A,N/A,,No reporting required for the quarter under review.,"The manufacturing of the furniture and the printing of books, especially the study guides took longer than anticipated.

",The delivery and distribution of learning materials and furniture to schools will be done in Q3 2024.,Target not achieved.,"Not achieved, reason for deviation and corrective action provided.",Refer to Nr.12,Refer to Nr.12,,Discontinued as per revised APP.,Refer to Nr.12,Refer to Nr.12,,The indicator was reviewed.,,204
,"Sport, Arts and Culture",Gauteng,Programme 3: Library and Archives Services ,Programme 3: Library and Archives Services ,Quarterly,Number of oral history programmes conducted,Non-Standardized,Not  Applicable,Priority 6: Social Cohesion and Safer Communities,"Safety, Social Cohesion and Food Security","The Social Protection, Community and Human Development cluster",2,2,3,2,3,0,2,0,10,4,0,Output indicator was discontinued from the Adjusted 2024/25 APP.,Output indicator was discontinued from the Adjusted 2024/25 APP.,,,N/A,N/A,Target achieved,Achieved as planned.,"Collaboration with stakeholders to finalise the programme and plan the event took longer than anticipated. 

",The oral history programmes conducted in Q3 2024/25,Target not achieved.,"Not achieved, reason for deviation and corrective action provided.",Output indicator discontinued from Revised 2024/25 APP.,Output indicator discontinued from Revised 2024/25 APP.,Discontinuation of indicator of indicator noted.,Discontinued as per revised APP.,Output indicator was discontinued from the Adjusted 2024/25 APP.,Output indicator was discontinued from the Adjusted 2024/25 APP.,,The indicator was reviewed.,,204
,"Sport, Arts and Culture",Gauteng,Programme 3: Library and Archives Services ,Programme 3: Library and Archives Services ,Quarterly,Number of people benefitting from reading programmes,Non-Standardized,Not  Applicable,Priority 6: Social Cohesion and Safer Communities,"Safety, Social Cohesion and Food Security","The Social Protection, Community and Human Development cluster",3250,3331,3250,3 262,1750,0,2750,0,11000,6593,0,Refer to Nr.11,Refer to Nr.11,,, Additional people were accommodated at no extra cost to the department. ,N/A,Target exceeded,"Over-achieved, reason for deviation provided.","Additional people attended without any additional costs. 

",N/A,Reason for overachieving not provided.,Achieved as planned.,Refer to Nr.11,Refer to Nr.11,,Discontinued as per revised APP.,Refer to Nr.11,Refer to Nr.11,,The indicator was reviewed.,"Not achieved, reason for deviation provided. ",204
,"Sport, Arts and Culture",Gauteng,Programme 3: Library and Archives Services ,Programme 3: Library and Archives Services ,Quarterly,Number of people benefitting from reading programmes,Not Applicable,Not  Applicable,Priority 6: Social Cohesion and Safer Communities,"Safety, Social Cohesion and Food Security","The Social Protection, Community and Human Development cluster",3250,,3250,,1000,1234,500,590,8000,1824,8406,"This is a community-based programme mainly implemented in previous disadvantaged communities, thus generates interest from different age groups, mainly youth, who tend to invite more participants to attend reading programmes. Additional people were accommodated at no additional costs.",N/A,,Improved literacy levels within Gauteng communities ,,,,,,,,,More people showed interest in attending the programme and were accommodated at no cost to the department.,N/A,The Annual Target is not aligned with the revised APP. ,"Overachieved,reason for deviation provided.",More people were interested in the Departmental programmes and they could be accommodated without extra costs.,N/A,,"Over-achieved, reasons provided.",,204
,"Sport, Arts and Culture",Gauteng,Programme 3: Library and Archives Services ,Programme 3: Library and Archives Services ,Quarterly,Number of public awareness programmes conducted about archival services,Standardized,Not  Applicable,Priority 6: Social Cohesion and Safer Communities,-,"The Social Protection, Community and Human Development cluster",0,0,0,0,0,0,0,0,0,0,0,N/A,N/A,,,0,0,Please delete the duplicated indicators,No reporting required for the quarter under review.,Refer to Nr 9,Refer to Nr 9,,No reporting required for the quarter under review.,,,Target achieved. The Annual Target is not aligned with the revised APP.,No reporting required for the quarter under review.,N/A,N/A,,No Reporting required for the quarter under review,,204
,"Sport, Arts and Culture",Gauteng,Programme 3: Library and Archives Services ,Programme 3: Library and Archives Services ,Quarterly,Number of public awareness programmes conducted about archival services (Sector Indicator),Not Applicable,Not  Applicable,Priority 6: Social Cohesion and Safer Communities,"Safety, Social Cohesion and Food Security","The Social Protection, Community and Human Development cluster",2,,3,,0,0,0,0,5,0,6," The department reduced the annual target during the Adjustment of the APP process, however a PO was consequently issued during this period, resulting in additional programme being implemented within the allocated budget. ",N/A,,On target ,,,,,,,,,N/A,N/A,,No reporting required for the quarter under review.,N/A,N/A,,No Reporting required for the quarter under review,,204
,"Sport, Arts and Culture",Gauteng,Programme 3: Library and Archives Services ,Programme 3: Library and Archives Services ,Quarterly,Number of public awareness programmes conducted about archival services (Sector Indicator),Standardized,Not  Applicable,Priority 6: Social Cohesion and Safer Communities,"Safety, Social Cohesion and Food Security","The Social Protection, Community and Human Development cluster",2,2,3,4,3,0,2,0,10,6,0,Refer to Nr.16,Refer to Nr.16,,,N/A,N/A,Target achieved,Achieved as planned.,"Additional programmes were implemented within the allocated budget.
",N/A,Target achieved.,Achieved as Planned.,Refer to Nr.16,Refer to Nr.16,,Discontinued as per revised APP.,Refer to Nr.16,Refer to Nr.16,,The indicator was reviewed.,,204
,"Sport, Arts and Culture",Gauteng,Programme 3: Library and Archives Services ,Programme 3: Library and Archives Services ,Quarterly,Number of public awareness programmes implemented in libraries ,Non-Standardized,Not  Applicable,Priority 6: Social Cohesion and Safer Communities,"Safety, Social Cohesion and Food Security","The Social Protection, Community and Human Development cluster",2,2,2,2,2,0,2,0,8,4,0,Refer to Nr.14,Refer to Nr.14,,,N/A,N/A,Target achieved,Achieved as planned.,N/A,N/A,Target achieved.,Achieved as planned.,Refer to Nr.14,Refer to Nr.14,,Discontinued as per revised APP.,Refer to Nr.14,Refer to Nr.14,,The indicator was reviewed.,,204
,"Sport, Arts and Culture",Gauteng,Programme 3: Library and Archives Services ,Programme 3: Library and Archives Services ,Quarterly,Number of registry inspections conducted,Non-Standardized,Not  Applicable,Priority 2: Economic Transformation And Job Creation,"Economy, Jobs and Infrastructure ","The Economic Sectors, Employment and Infrastructure Development cluster",8,8,8,8,8,8,6,6,30,30,30,N/A,N/A,,,N/A,N/A,Target achieved,Achieved as planned.,N/A,N/A,Target achieved.,Achieved as planned.,N/A,N/A,Target achieved.,Achieved as planned.,N/A,N/A,Target achieved.,TBC after verification by IA.,,204
,"Sport, Arts and Culture",Gauteng,Programme 4: Sport and Recreation,Programme 4: Sport and Recreation,Annually,Number of Annual Gauteng Sport Awards hosted (non-cumulative),Non-Standardized,Not  Applicable,Priority 2: Economic Transformation And Job Creation,"Economy, Jobs and Infrastructure ","The Economic Sectors, Employment and Infrastructure Development cluster",,,,,1,1,,,1,1,1,N/A,N/A,,,,,,,,,,,,,,,,,,,,204
,"Sport, Arts and Culture",Gauteng,Programme 4: Sport and Recreation,Programme 4: Sport and Recreation,Annually,Number of Annual Mandela Remembrance Walk hosted (non-cumulative),Non-Standardized,Not  Applicable,Priority 6: Social Cohesion and Safer Communities,"Safety, Social Cohesion and Food Security","The Social Protection, Community and Human Development cluster",,,,,1,1,,,1,1,1,N/A,N/A,,,,,,,,,,,,,,,,,,,,204
,"Sport, Arts and Culture",Gauteng,Programme 4: Sport and Recreation,Programme 4: Sport and Recreation,Annually,Number of Gauteng-based NFD teams supported (non-cumulative),Non-Standardized,Not  Applicable,Priority 2: Economic Transformation And Job Creation,"Economy, Jobs and Infrastructure ","The Economic Sectors, Employment and Infrastructure Development cluster",,,4,0,,,,,4,0,4,N/A,N/A,,,,,,,,,,,,,,,,,,,,204
,"Sport, Arts and Culture",Gauteng,Programme 4: Sport and Recreation,Programme 4: Sport and Recreation,Annually,Number of hubs provided with equipment and/or attire to enable participation in sport and/ or recreation (non-cumulative) (Sector Indicator),Standardized,Not  Applicable,Priority 2: Economic Transformation And Job Creation,"Economy, Jobs and Infrastructure ","The Social Protection, Community and Human Development cluster",,,27,27,,,,,27,27,27,N/A,N/A,,,,,,,,,,,,,,,,,,,,204
,"Sport, Arts and Culture",Gauteng,Programme 4: Sport and Recreation,Programme 4: Sport and Recreation,Annually,Number of non-fee-paying schools supported to participate in Sport Wednesday programmes (non-cumulative),Non-Standardized,Not  Applicable,Priority 6: Social Cohesion and Safer Communities,"Safety, Social Cohesion and Food Security","The Social Protection, Community and Human Development cluster",,,,,450,,,,450,,0,Refer to nr 11,Refer to nr 11,,,,,,,,,,,,,,,,,,,,204
,"Sport, Arts and Culture",Gauteng,Programme 4: Sport and Recreation,Programme 4: Sport and Recreation,Annually,Number of non-fee-paying schools supported to participate in Sport Wednesday programmes (non-cumulative),Not Applicable,Not  Applicable,Priority 6: Social Cohesion and Safer Communities,"Safety, Social Cohesion and Food Security","The Social Protection, Community and Human Development cluster",,,,,,,330,344,330,344,409,"In October 2024/25, departments adjusted their 2024/25 APP’s to accommodate budget cuts. All indicators were affected and managers were requested to adjust their budgets accordingly. The annual target was therefore reduced from 450 to 330.  However, after the approval of the APP, funds were allocated to support 410 non-fee-paying schools to participate in Sport Wednesday programmes from the initial 450 that were planned. ",N/A,,Non-fee-paying schools supported to participate in Sport Wednesday programmes,,,,,,,,,,,,,,,,,,204
,"Sport, Arts and Culture",Gauteng,Programme 4: Sport and Recreation,Programme 4: Sport and Recreation,Annually,Number of Outreach Programmes implemented (non-cumulative),Non-Standardized,Not  Applicable,Priority 6: Social Cohesion and Safer Communities,"Safety, Social Cohesion and Food Security","The Social Protection, Community and Human Development cluster",,,1,0,,,,,1,0,0,"Output indicator was discontinued from the Adjusted 204/25 APP.

","
Output indicator was discontinued from the Adjusted 204/25 APP.",,,,,,,,,,,,,,,,,,,,204
,"Sport, Arts and Culture",Gauteng,Programme 4: Sport and Recreation,Programme 4: Sport and Recreation,Annually,Number of Premier’s Social Cohesion Games hosted (non-cumulative),Non-Standardized,Not  Applicable,Priority 6: Social Cohesion and Safer Communities,"Safety, Social Cohesion and Food Security","The Social Protection, Community and Human Development cluster",6,0,,,,,,,6,0,0,Output indicator was discontinued from the Adjusted 204/25 APP.,Output indicator was discontinued from the Adjusted 204/25 APP.,,,,,,,,,,,,,,,,,,,,204
,"Sport, Arts and Culture",Gauteng,Programme 4: Sport and Recreation,Programme 4: Sport and Recreation,Annually,Number of school sport coordinators appointed (non-cumulative),Non-Standardized,Not  Applicable,Priority 2: Economic Transformation And Job Creation,"Economy, Jobs and Infrastructure ","The Economic Sectors, Employment and Infrastructure Development cluster",,,53,48,,,,,53,48,48,"The deviation from the original target emanates from 4 promotions, and 1 resignation. The department is currently in the process to appoint the outstanding 5 vacancies.",Finalise the ongoing recruitment process. The request to advertise for the vacant post was approved awaiting budget confirmation.,,,,,,,,,,,,,,,,,,,,204
,"Sport, Arts and Culture",Gauteng,Programme 4: Sport and Recreation,Programme 4: Sport and Recreation,Annually,Number of schools provided with equipment and/or attire to enable participation in sport and/ or recreation (non-cumulative) (Sector Indicator),Standardized,Not  Applicable,Priority 2: Economic Transformation And Job Creation,"Economy, Jobs and Infrastructure ","The Economic Sectors, Employment and Infrastructure Development cluster",,,460,0,,,,,460,0,462,"These is due to the selected sporting codes that reflected a surplus of two equipment and attire which was directed to the primary schools to promote school sport programmes, no additional were spent.",N/A,,,,,,,,,,,,,,,,,,,,204
,"Sport, Arts and Culture",Gauteng,Programme 4: Sport and Recreation,Programme 4: Sport and Recreation,Annually,Number of transfers to Gauteng Sport Confederation for active recreation events and programmes (non-cumulative),Non-Standardized,Not  Applicable,Priority 6: Social Cohesion and Safer Communities,"Safety, Social Cohesion and Food Security","The Social Protection, Community and Human Development cluster",,,1,1,,,,,1,1,1,N/A,N/A,,,,,,,,,,,,,,,,,,,,204
,"Sport, Arts and Culture",Gauteng,Programme 4: Sport and Recreation,Programme 4: Sport and Recreation,Quarterly, Number of active recreation festivals organised for elderly people ,Non-Standardized,Not  Applicable,Priority 6: Social Cohesion and Safer Communities,"Safety, Social Cohesion and Food Security","The Social Protection, Community and Human Development cluster",27,27,5,5,0,0,0,0,32,32,32,N/A,N/A,,,N/A,N/A,Target exceeded,"Over-achieved, reason for deviation provided.",N/A,N/A,Target achieved.,Achieved.,N/A,N/A,,No reporting required for the quarter under review.,N/A,N/A,,Reporting required for quarter under review.,,204
,"Sport, Arts and Culture",Gauteng,Programme 4: Sport and Recreation,Programme 4: Sport and Recreation,Quarterly, Number of Provincial Indigenous games festivals implemented ,Non-Standardized,Not  Applicable,Priority 6: Social Cohesion and Safer Communities,"Safety, Social Cohesion and Food Security","The Social Protection, Community and Human Development cluster",32,27,2,7,0,0,0,0,34,34,34,N/A,N/A,,,DSAC held a meeting in the first quarter of 2024/25 with provinces where provinces were requested to align Provincial Indigenous games festivals with the Heritage Month festival to be hosted in September 2024 which resulted in the five corridors amending their plans to implement the games during the 2nd quarter 2024/25. ,The remaining five games in the corridors will be hosted in the 2nd quarter of 2024/25. ,Output not provided,"Not achieved, reason for deviation provided.",To mitigate under performance from Q1 2024/25.,N/A,Department to provide Reasons for overachieving,"Achieved, no reason for deviation provided.",N/A,N/A,,No reporting required for the quarter under review.,N/A,N/A,,Reporting required for quarter under review.,,204
,"Sport, Arts and Culture",Gauteng,Programme 4: Sport and Recreation,Programme 4: Sport and Recreation,Quarterly,Number of active recreation coordinators appointed ,Non-Standardized,Not  Applicable,Priority 2: Economic Transformation And Job Creation,"Economy, Jobs and Infrastructure ","The Economic Sectors, Employment and Infrastructure Development cluster",20,32,20,0,0,0,0,0,40,32,33,"The coordinators were appointed for a period of three years from 01 June 2023; however, 7 active recreation coordinators left the programme primarily due to career advancement opportunities.","Although an approval to fill DORA-funded posts was granted on 11 November 2024, the department will continuously follow up with Human Resources Directorate to ensure posts are filled in the new financial year. ",,, The department in the 2023/24 financial year appointed 40 recreation coordinators of which 32 are currently remaining in the three-year programme.,N/A,Target exceeded,"Over-achieved, reason for deviation provided.","A total of 33 active recreation coordinators were appointed as at the end of Q1 2024/25. This was incorrectly reported in Q1 2024/25 as 32. However, as at the end of the 2nd quarter 2024/25 7 coordinators left the programme. 





",A memo is enroute for the executive to approve the recruitment process.,Department to provide Reasons for overachieving,"Achieved, no reason for deviation provided.",N/A,N/A,,No reporting required for the quarter under review.,N/A,N/A,,Reporting required for quarter under review.,,204
,"Sport, Arts and Culture",Gauteng,Programme 4: Sport and Recreation,Programme 4: Sport and Recreation,Quarterly,Number of athletes supported by the sports academies,Standardized,Not  Applicable,Priority 6: Social Cohesion and Safer Communities,-,"The Social Protection, Community and Human Development cluster",0,0,0,0,0,0,0,0,0,0,0,N/A,N/A,,,N/A,N/A,Delete the duplicated indicator,No reporting required for the quarter under review.,Refer to Nr 7,Refer to Nr 7,,No reporting required for the quarter under review.,N/A,N/A,,No reporting required for the quarter under review.,0,0,,No Reporting required for the quarter under review.,,204
,"Sport, Arts and Culture",Gauteng,Programme 4: Sport and Recreation,Programme 4: Sport and Recreation,Quarterly,Number of athletes supported by the sports academies (Sector Indicator),Not Applicable,Not  Applicable,Priority 2: Economic Transformation And Job Creation,"Economy, Jobs and Infrastructure ","The Economic Sectors, Employment and Infrastructure Development cluster",150,,200,,100,374,50,130,500,504,941,The teams included additional athletes in the programme. This was as result of exposing the athletes to the services that were provided by the Academy. No additional costs were incurred,N/A,,On target  ,,,,,,,,,A Partnership with School Sport during the National School Sport Games resulted in additional athletes being accommodated within the budget.,N/A,Please provide validated RoD and Corrective Action upon approval.,"Overachieved,no reason for deviation provided.","The Department, in partnership with the Rugby and Athletics  Federation, provided the coaches and facilitators who conducted the training camps for the athletes. As a result, additional athletes had the opportunity to be coached within the allocated budget",N/A,,TBC after verification by IA.,,204
,"Sport, Arts and Culture",Gauteng,Programme 4: Sport and Recreation,Programme 4: Sport and Recreation,Quarterly,Number of athletes supported by the sports academies (Sector Indicator),Standardized,Not  Applicable,Priority 2: Economic Transformation And Job Creation,"Economy, Jobs and Infrastructure ","The Economic Sectors, Employment and Infrastructure Development cluster",150,171,200,266,300,0,100,0,750,437,0,Refer to Nr.28,Refer to Nr.28,,,Additional athletes were supported in partnership with Federations.,N/A,Target exceeded,"Over-achieved, reason for deviation provided.","Funding for 3 Sort and Recreation Projects was transferred timeously, to assist athletes and teams that required support to participate in Interprovincial tournaments.",N/A,Department to provide Reasons for overachieving,"Achieved, no reason for deviation provided.",Refer to Nr.28,Refer to Nr.28,,Discontinued as per revised APP.,Refer to Nr.28,Refer to Nr.28,,The indicator was reviewed .,,204
,"Sport, Arts and Culture",Gauteng,Programme 4: Sport and Recreation,Programme 4: Sport and Recreation,Quarterly,Number of Club Development coordinators appointed,Non-Standardized,Not  Applicable,Priority 2: Economic Transformation And Job Creation,"Economy, Jobs and Infrastructure ","The Economic Sectors, Employment and Infrastructure Development cluster",6,6,6,5,0,86,0,0,12,97,5,"The decline in the number of coordinators was as a result of some coordinators getting permanent posts, end of contracts and one coordinator passed away. ",A memo was written in August 2024 for approval to advertise the posts. An updated memo was routed in March  2025 as a result of the contracts ending. It is envisaged that the posts will be advertised in the first quarter of the 2025/26 financial year. ,,,N/A,N/A,Target achieved,Achieved as planned.,"12 club sports coordinators were appointed in 2023/24 for a period of 3 years, however, 6 were promoted and 1 passed away.",The post will be advertised in Q3 2024/25 to replace the coordinators who left the programme. ,Target not achieved.,"Not achieved, reason for deviation and corrective action provided.",To mitigate underperformance from a previous quarter at no extra cost to the department.,N/A,,No reporting required for the quarter under review.,N/A,N/A,,Reporting required for quarter under review.,,204
,"Sport, Arts and Culture",Gauteng,Programme 4: Sport and Recreation,Programme 4: Sport and Recreation,Quarterly,Number of clubs provided with equipment and/or attire to enable participation in sport and/ or recreation (non-cumulative) (Sector Indicator),Non-Standardized,Not  Applicable,Priority 2: Economic Transformation And Job Creation,"Safety, Social Cohesion and Food Security","The Economic Sectors, Employment and Infrastructure Development cluster",120,0,60,138,0,86,0,0,180,224,271,"The department requested additional funds from the league programme to procure equipment and attire for the Rural clubs that participate in the Rural league programme in the North, South and West Corridors. The approval was granted for the funds to be utilised to purchase additional equipment and attire.",N/A,,,"BAC advised that the normal RFQ process must be followed for this submission. Therefore resulted in delayed procurement of equipment and attire. 
", The equipment and/or attire will be provided to clubs in Q2 2024/25. ,Output not provided,"Not achieved, reason for deviation provided.",To augment underperformance from Q1 2024/25.  ,N/A,Department to provide Reasons for overachieving,"Achieved, reason for deviation provided.",To mitigate underperformance from a previous quarter at no extra cost to the department.,N/A,"Performance output is noted, however the target was not planned for Quarter 3.","No reporting required for the quarter under review, however progress reported is noted.",N/A,N/A,,Reporting required for quarter under review.,,204
,"Sport, Arts and Culture",Gauteng,Programme 4: Sport and Recreation,Programme 4: Sport and Recreation,Quarterly,Number of community games supported with equipment and/ or attire,Non-Standardized,Not  Applicable,Priority 6: Social Cohesion and Safer Communities,"Safety, Social Cohesion and Food Security","The Social Protection, Community and Human Development cluster",0,0,1,1,5,0,5,0,11,1,0,Refer to Nr.30,Refer to Nr.30,,,N/A,N/A,,No reporting required for the quarter under review.,N/A,N/A,Target achieved.,Achieved.,Refer Nr.30,Refer Nr.30,,Discontinued as per revised APP.,Refer to Nr 30,Refer to Nr 30,,The indicator was reviewed,,204
,"Sport, Arts and Culture",Gauteng,Programme 4: Sport and Recreation,Programme 4: Sport and Recreation,Quarterly,Number of community games supported with equipment and/ or attire,Not Applicable,Not  Applicable,Priority 6: Social Cohesion and Safer Communities,"Safety, Social Cohesion and Food Security","The Social Protection, Community and Human Development cluster",0,,1,,4,4,4,4,9,8,9,N/A,N/A,,Community games supported ,,,,,,,,,N/A,N/A,The Annual Target is not aligned with the revised APP.,Achieved as planned.,N/A,N/A,Target achieved.,No Reporting required for the quarter under review.,,204
,"Sport, Arts and Culture",Gauteng,Programme 4: Sport and Recreation,Programme 4: Sport and Recreation,Quarterly,Number of elite women in sport programmes financially supported,Non-Standardized,Not  Applicable,Priority 2: Economic Transformation And Job Creation,"Economy, Jobs and Infrastructure ","The Economic Sectors, Employment and Infrastructure Development cluster",0,2,4,1,3,3,1,3,8,9,8,N/A,N/A,,,"The elite women in sport programmes were approved early in Q1 2024/25, which prompted implementation thereof for the TNL 2024 and Banyana vs Nigeria Match.",N/A,"Progress noted however, the measure of performance cannot be determined since there is no target",No reporting required for the quarter under review.,"The deadline for submission of contracts was 12 August 2024. The teams submitted contracts only after the closing date, from 15 -23 August 2024. The teams failed to submit the revised Service Level Agreement’s as at end of September 2024. 
",Funding for each team will be paid during the Q3 2024/25 on approval of contract agreements. ,,"Not achieved, reason for deviation and corrective action provided.",N/A,N/A,Please provide output upon approval.,"Not achieved, no reason for deviation and corrective action provided.","The additional three transfers were scheduled to take place in Q3 but could not be processed due to delays in finalising the paperwork.

","Engagements with entities designated for women's sports programs will commence early in the fiscal year to allow adequate time for contract processing.

",,TBC after verification by IA.,,204
,"Sport, Arts and Culture",Gauteng,Programme 4: Sport and Recreation,Programme 4: Sport and Recreation,Quarterly,Number of learners supported to participate in the National School Sport championships ,Non-Standardized,Not  Applicable,Priority 2: Economic Transformation And Job Creation,"Economy, Jobs and Infrastructure ","The Economic Sectors, Employment and Infrastructure Development cluster",200,453,300,63,0,178,0,0,500,694,694,There was a directive from the national department to host the Chess Championship as well as the football Championship.,N/A,,,The department received directives from DSAC that all provinces were required to bring a maximum number of learners for the Autumn Games. The budget allocation was approved due to the directive received to implement. ,N/A,Target exceeded,"Over-achieved, reason for deviation provided.",The annual target has been over-achieved with 16 more learners supported.,N/A,,"Not achieved, reason for deviation provided and no corrective action provided.","The reprioritization within conditional grant allocation enabled additional learners to be accommodated during the National School Sport Championships as per the national directive from DSAC.

",N/A,,No reporting required for the quarter under review.,N/A,N/A,,No Reporting required for the quarter under review.,,204
,"Sport, Arts and Culture",Gauteng,Programme 4: Sport and Recreation,Programme 4: Sport and Recreation,Quarterly,Number of local Leagues supported,Non-Standardized,Not  Applicable,Priority 6: Social Cohesion and Safer Communities,"Safety, Social Cohesion and Food Security","The Social Protection, Community and Human Development cluster",10,19,30,27,22,0,3,0,65,46,0,Refer to Nr.27,Refer to Nr.27,,,Additional leagues were implemented in partnership with federations.,N/A,Target exceeded,"Over-achieved, reason for deviation provided.",More leagues were implemented in Q1 2024/25; thus 46 leagues were supported by the end of Q2 2024/25 which is 6 more than planned.,Target on track. ,Reasons for underachievement not provided.,"Not achieved, no reason for deviation and corrective action provided.",Refer to Nr.27,Refer to Nr.27,,Discontinued as per revised APP.,Refer to Nr.27,Refer to Nr.27,,The indicator was reviewed.,,204
,"Sport, Arts and Culture",Gauteng,Programme 4: Sport and Recreation,Programme 4: Sport and Recreation,Quarterly,Number of local leagues supported ,Not Applicable,Not  Applicable,Priority 6: Social Cohesion and Safer Communities,"Safety, Social Cohesion and Food Security","The Social Protection, Community and Human Development cluster",10,,30,,17,18,8,4,65,22,68,Additional leagues were supported at no additional cost. Local government assisted with the facilities and the federations coordinated the leagues. ,N/A,,Increased number of leagues supported,,,,,,,,,To mitigate underperformance from the previous quarter at no extra cost to the department.,N/A,The Annual Target is not aligned with the revised APP.,Achieved as planned.," Due to the overachievement of leagues in previous quarters, resulted in only 4 targets were required to meet the annual target. 

(Annual Target achieved) 

",To plan with the Federations to ensure that the support is rendered in the season that the league will start. ,Target not achieved.,TBC after verification by IA.,,204
,"Sport, Arts and Culture",Gauteng,Programme 4: Sport and Recreation,Programme 4: Sport and Recreation,Quarterly,Number of O.R Tambo Soncini Games held,Non-Standardized,Not  Applicable,Priority 6: Social Cohesion and Safer Communities,"Safety, Social Cohesion and Food Security","The Social Protection, Community and Human Development cluster",0,0,3,4,3,2,0,0,6,6,6,N/A,N/A,,,N/A,N/A,,No reporting required for the quarter under review.,The Department was able to implement more games than planned within the allocated budget.  ,N/A,Target achieved.,Achieved.,An over-achievement in Q2 2024/25 was leveraged to offset an annual target. ,The annual target was achieved.,Target not achieved. Please provide validated RoD and Corrective Action upon approval.,"Not achieved, reason for deviation provided.",N/A,N/A,,Reporting required for quarter under review.,,204
,"Sport, Arts and Culture",Gauteng,Programme 4: Sport and Recreation,Programme 4: Sport and Recreation,Quarterly,Number of organised sport and recreation activities implemented in communities ,Non-Standardized,Not  Applicable,Priority 6: Social Cohesion and Safer Communities,"Safety, Social Cohesion and Food Security","The Social Protection, Community and Human Development cluster",868,604,844,364,868,0,842,0,3422,968,0,Output indicator was discontinued from the Adjusted 2024/25 APP.,Output indicator was discontinued from the Adjusted 2024/25 APP.,,,An incorrect budget allocation for the DORA funding was received from DSAC during the 1st quarter of 20242/5 resulting in a misalignment of budget allocation and therefore sufficient funding was not available to implement all activities.,"The remaining activities will be implemented during the 2nd quarter of 2024/25. 


",Target not achieved,"Not achieved, reason for deviation achieved.",The output indicator and annual target was not aligned with the desired implementation approach between the department and DSAC. ,The output indicator and annual target were aligned between the department and DSAC during the adjustment period of the 2024/25 APP.,Department to provide Reasons for deviations,"Not achieved, no reason for deviation and corrective action provided.",Output indicator discontinued in the revised 2024/25.,Output indicator discontinued in the revised 2024/25.,Discontinuation of indicator noted. ,Discontinued as per revised APP.,"Indicator discontinued from on the Adjusted APP however, referred to the AOP.","Indicator discontinued from on the Adjusted APP however, referred to the AOP.",,The indicator was reviewed,,204
,"Sport, Arts and Culture",Gauteng,Programme 4: Sport and Recreation,Programme 4: Sport and Recreation,Quarterly,Number of people participating in the Learn to Swim Programme,Non-Standardized,Not  Applicable,Priority 6: Social Cohesion and Safer Communities,"Safety, Social Cohesion and Food Security","The Social Protection, Community and Human Development cluster",0,0,0,0,800,1365,1200,1704,2000,3069,3069,"Due to collaborations between Aquatics Gauteng, Gauteng Department of Education the programme gained traction and attracted interest, thus additional people that were accommodated at no additional costs.",N/A,,,N/A,N/A,,No reporting required for the quarter under review.,N/A,N/A,,No reporting required for the quarter under review.,Partnerships with the Federation led to additional people participating in the Learn to Swim Programme at no extra cost to the department. ,N/A,Please provide validated RoD and Corrective Action upon approval.,"Overachieved,reason for deviation provided.",Partnerships with Aquatics Gauteng and GDE led to additional participants in the programme without incurring additional costs.,N/A,Target not achieved.,Not Achieved reason for deviation and corrective action provided.,,204
,"Sport, Arts and Culture",Gauteng,Programme 4: Sport and Recreation,Programme 4: Sport and Recreation,Quarterly,Number of people trained in Siyadlala ,Non-Standardized,Not  Applicable,Priority 6: Social Cohesion and Safer Communities,"Safety, Social Cohesion and Food Security","The Social Protection, Community and Human Development cluster",200,85,41,80,54,75,0,55,295,295,295,N/A,N/A,,,An incorrect budget allocation for the DORA funding was received from DSAC during the 1st quarter of 20242/5 resulting in a misalignment of budget allocation and therefore funding was only available for one training session. ,"The remaining training sessions will be implemented in the 2nd quarter 2024/25. 

",Output not provided,"Not achieved, reason for deviation provided.",To mitigate under performance from Q1 2024/25. ,N/A,Department to provide Reasons for overachieving,"Achieved, reason for deviation provided.",To mitigate the Q1 2024/25 shortfalls to ensure the annual target is met within the allocated budget.,N/A,Please provide validated RoD and Corrective Action upon approval.,"Overachieved,reason for deviation provided.","The department conducted a Community Recreation training from 13–17 January 2025 at The Reef Hotel, Johannesburg, with a total of 55 people (23 males and 32 females ), to mitigate Q1 2024/25 underperformance. ",N/A,"Performance noted; however, the target is due in Q4.",TBC after verification by IA.,,204
,"Sport, Arts and Culture",Gauteng,Programme 4: Sport and Recreation,Programme 4: Sport and Recreation,Quarterly,Number of people trained to deliver club development programmes,Non-Standardized,Not  Applicable,Priority 2: Economic Transformation And Job Creation,"Safety, Social Cohesion and Food Security","The Economic Sectors, Employment and Infrastructure Development cluster",80,252,220,262,130,219,20,0,450,733,733,No additional costs were incurred with the training. Local government assisted with venues and federations assisted with facilitation which enabled more people to be trained. ,N/A,,,Additional people were trained in partnership with federations.,N/A,Target exceeded,"Over-achieved, reason for deviation provided.",Additional people were trained at no additional cost to the department. ,N/A,,"Achieved, reason for deviation provided.",Additional people were trained in partnership with federations at no extra cost to the department. ,N/A,,"Overachieved,reason for deviation provided.","There was an over achievement of the people trained over the first three quarters of 2024/25. The Annual Target was achieved 
","The annual target has been met and therefore no further mitigation is required.



(Please review, confirm or amend where required)

",Performance noted.,Achieved in the previous quarters.,,204
,"Sport, Arts and Culture",Gauteng,Programme 4: Sport and Recreation,Programme 4: Sport and Recreation,Quarterly,Number of people trained to deliver school sport programmes,Not Applicable,Not  Applicable,Priority 2: Economic Transformation And Job Creation,"Economy, Jobs and Infrastructure ","The Economic Sectors, Employment and Infrastructure Development cluster",150,,300,,0,262,90,51,540,313,541,Due to a demand made to upskill contract workers which included an EPWP catered for at no additional funds.,N/A,,People trained to deliver school sport,,,,,,,,,To mitigate under performance from Q1 and Q2 within the allocated budget. ,N/A,,No reporting required for the quarter under review.,"Training planned for Q1 and Q2 2024/25 was mostly achieved in Q3 2024/25. Therefore, only 50 people were required to be trained to achieve the annual target as planned.",The annual target has been achieved,,TBC after verification by IA.,,204
,"Sport, Arts and Culture",Gauteng,Programme 4: Sport and Recreation,Programme 4: Sport and Recreation,Quarterly,Number of people trained to deliver school sport programmes ,Non-Standardized,Not  Applicable,Priority 2: Economic Transformation And Job Creation,"Economy, Jobs and Infrastructure ","The Economic Sectors, Employment and Infrastructure Development cluster",150,0,300,228,90,0,0,0,540,228,0,Refer to Nr.31,Refer to Nr.31,,,Refer to Nr. 31,Refer to Nr. 31,Output not provided,"Not achieved, reason for deviation provided.",Delays from DoE to confirm a date for the training resulted in a procurement delay for the required services. ,Regular follow-up with SCM to confirm progress on appointment of a service provider.  A date for the training has been confirmed in Q3 2024/25. ,,"Not achieved, reason for deviation and corrective action provided.",Refer to nr 31. ,Refer to nr 31. ,,Discontinued as per revised APP.,Refer to Nr. 31,Refer to Nr. 31,,The indicator was reviewed.,,204
,"Sport, Arts and Culture",Gauteng,Programme 4: Sport and Recreation,Programme 4: Sport and Recreation,Quarterly,Number of people trained to deliver the Sport Academy Programme ,Non-Standardized,Not  Applicable,Priority 2: Economic Transformation And Job Creation,"Economy, Jobs and Infrastructure ","The Economic Sectors, Employment and Infrastructure Development cluster",0,0,15,23,25,0,10,0,50,23,0,Refer to Nr.29,Refer to Nr.29,,,N/A,N/A,,No reporting required for the quarter under review.,Partnerships with the Federations enabled additional people to attend the training at no additional cost to the department.,N/A,Department to provide Reasons for overachieving,"Achieved, no reason for deviation provided.",Refer to Nr.29,Refer to Nr.29,,Discontinued as per revised APP.,Refer to Nr.29,Refer to Nr.29,,The indicator was reviewed ,,204
,"Sport, Arts and Culture",Gauteng,Programme 4: Sport and Recreation,Programme 4: Sport and Recreation,Quarterly,Number of people trained to deliver the Sport Academy Programme ,Not Applicable,Not  Applicable,Priority 2: Economic Transformation And Job Creation,"Economy, Jobs and Infrastructure ","The Economic Sectors, Employment and Infrastructure Development cluster",0,,15,,20,30,35,73,70,103,126,"Due to partnerships with federations, the programme gained traction and attracted interest, thus additional people that were accommodated at no additional costs.",N/A,,Increased number of people trained to deliver the Sport Academy Programme,,,,,,,,,Additional people were trained in partnership with federations at no extra cost to the department,N/A,The Annual Target is not aligned with the revised APP.,"Overachieved,reason for deviation provided.","Additional people were trained through a partnership with Federations, namely, Sedibeng Netball and the South African Sport Association for the Physically Disabled: Gauteng, where they provided the facilitators and in some cases the venues. Therefore, the additional people were trained at no additional cost to the Department 

",N/A,,TBC after verification by IA.,,204
,"Sport, Arts and Culture",Gauteng,Programme 4: Sport and Recreation,Programme 4: Sport and Recreation,Quarterly,Number of School Sport Leagues supported,Non-Standardized,Not  Applicable,Priority 2: Economic Transformation And Job Creation,"Economy, Jobs and Infrastructure ","The Economic Sectors, Employment and Infrastructure Development cluster",15,33,60,136,45,16,60,23,180,208,208,The new changes that came with new national mandates required that more leagues took place at the lowest levels.,,,, GDE financially supported the additional leagues.,N/A,Target exceeded,"Over-achieved, reason for deviation provided.",Additional leagues were supported within allocated budget.,N/A,,"Achieved, reason for deviation provided.",The over-achievement in previous quarters was leveraged to offset the annual target.,The annual target was achieved.,Please provide output upon approval.,"Not achieved, no reason for deviation and corrective action provided.",To support additional age groups at the provincial championships in 2025.,"The annual target has been met, and therefore, no additional mitigation is required. ",Target not achieved in Q4.,TBC after verification by IA.,,204
,"Sport, Arts and Culture",Gauteng,Programme 4: Sport and Recreation,Programme 4: Sport and Recreation,Quarterly,Number of schools participating in the School Sport Programme ,Non-Standardized,Not  Applicable,Priority 2: Economic Transformation And Job Creation,"Economy, Jobs and Infrastructure ","The Economic Sectors, Employment and Infrastructure Development cluster",0,33,200,356,120,167,0,591,320,1147,1147,There were various changes that came because of directives from the national department. This included a chess and a football championship. Support from the Department of Education assisted in alleviating the budgetary constraints.,N/A,,,DSAC gave a directive that DSACR should host the Farm and Rural School Sport Festival during Q1 2024/25. This was done within the allocated budget.,N/A,,No reporting required for the quarter under review.,Additional support was provided for the selection and preparations of learners to participate at the National Championships.,N/A,,"Achieved, reason for deviation provided.","Additional learners were supported within the allocated budget, during the National Championship games in line with a directive from DSAC. ",N/A,Please provide output upon approval.,"Not achieved, no reason for deviation and corrective action provided.",The province had to stage district and provincial championships to prepare for the national championship. These championships were a result of the change in the national plan by DSAC,N/A,,TBC after verification by IA.,,204
,"Sport, Arts and Culture",Gauteng,Programme 4: Sport and Recreation,Programme 4: Sport and Recreation,Quarterly,"Number of schools, hubs and clubs provided with equipment and/or attire to enable participation in sport and or recreation",Standardized,Not  Applicable,Priority 6: Social Cohesion and Safer Communities,-,"The Social Protection, Community and Human Development cluster",0,,0,0,0,0,0,0,0,0,0,N/A,N/A,,,,,,"No reporting required for the quarter under review,",Refer to Nr 4,Refer to Nr 4,,No reporting required for the quarter under review.,N/A,N/A,,No reporting required for the quarter under review.,N/A,N/A,,No Reporting required for quarter under review.,,204
,"Sport, Arts and Culture",Gauteng,Programme 4: Sport and Recreation,Programme 4: Sport and Recreation,Quarterly,Number of Sport Academies supported  ,Non-Standardized,Not  Applicable,Priority 2: Economic Transformation And Job Creation,"Economy, Jobs and Infrastructure ","The Economic Sectors, Employment and Infrastructure Development cluster",0,0,3,0,3,6,0,0,6,6,6,N/A,N/A,,,N/A,N/A,,No reporting required for the quarter under review.,"The service provider was only appointed in September 2024 and as a result, could not source and deliver the requisite equipment before the end of the 2nd quarter 2024/25.",The delivery of the equipment for the Academies will be done in Q3 2024/25. ,Target not achieved. Department to provide Reasons for deviations,"Not achieved, no reason for deviation and corrective action provided.",To augment the underachievement from the previous quarter.,N/A,Please provide validated RoD and Corrective Action upon approval.,"Overachieved,reason for deviation provided.",N/A,N/A,,Reporting required for quarter under review.,,204
,"Sport, Arts and Culture",Gauteng,Programme 4: Sport and Recreation,Programme 4: Sport and Recreation,Quarterly,Number of Sport Ambassadors programme supported ,Non-Standardized,Not  Applicable,Priority 2: Economic Transformation And Job Creation,"Economy, Jobs and Infrastructure ","The Economic Sectors, Employment and Infrastructure Development cluster",1,0,2,3,0,1,2,1,5,5,5,N/A,,,,The department had not concluded the Service Level Agreements with the Sport Ambassadors to implement the programme. ,The programme will be implemented in the 2nd quarter of 2024/25.  ,Output not provided,"Not achieved, reason for deviation provided.",To mitigate under performance from Q1 2024/25. ,N/A,Target achieved.,Achieved.,To mitigate under performance from Q1 within the allocated budget,N/A,,No reporting required for the quarter under review.,Four programmes were already implemented in the previous quarters and only one was required to meet the annual target,The annual target has been achieved.,,TBC after verification by IA.,,204
,"Sport, Arts and Culture",Gauteng,Programme 4: Sport and Recreation,Programme 4: Sport and Recreation,Quarterly,Number of Sport and Recreation Holiday Programmes implemented,Non-Standardized,Not  Applicable,Priority 6: Social Cohesion and Safer Communities,"Safety, Social Cohesion and Food Security","The Social Protection, Community and Human Development cluster",5,5,5,5,5,0,5,0,20,10,0,Output indicator was discontinued from the Adjusted 2024/25 APP.,Output indicator was discontinued from the Adjusted 2024/25 APP.,,,N/A,N/A,Target achieved,Achieved as planned.,N/A,N/A,Target achieved.,Achieved., Output indicator discontinued in the revised 2024/25, Output indicator discontinued in the revised 2024/25,,Discontinued as per revised APP.,"Indicator discontinued from on the Adjusted APP however, referred to the AOP.","Indicator discontinued from on the Adjusted APP however, referred to the AOP.",,The indicator was reviewed,,204
,"Sport, Arts and Culture",Gauteng,Programme 4: Sport and Recreation,Programme 4: Sport and Recreation,Quarterly,Number of Sport and Recreation projects implemented by Provincial Sport Confederation,Non-Standardized,Not  Applicable,Priority 2: Economic Transformation And Job Creation,"Economy, Jobs and Infrastructure ","The Economic Sectors, Employment and Infrastructure Development cluster",0,0,2,3,3,2,0,0,5,5,5,N/A,N/A,,,N/A,N/A,,No reporting required for the quarter under review.,"Funding for 3 Sort and Recreation Projects was transferred timeously, to assist athletes and teams that required support to participate in Interprovincial tournaments.",N/A,Department to provide Reasons for overachieving,"Achieved, no reason for deviation provided.","The over-achievement in a previous quarter was leveraged to offset the annual target. 

","The annual target was achieved.
",Target not achieved.,"Not achieved, reason for deviation provided.",N/A,N/A,,Reporting required for quarter under review.,,204
,"Sport, Arts and Culture",Gauteng,Programme 4: Sport and Recreation,Programme 4: Sport and Recreation,Quarterly,"Number of sport events financially supported (signature, major, community, local and/ or adhoc)",Non-Standardized,Not  Applicable,Priority 2: Economic Transformation And Job Creation,"Economy, Jobs and Infrastructure ","The Economic Sectors, Employment and Infrastructure Development cluster",1,1,2,2,5,4,4,4,12,11,12,N/A,N/A,,,N/A,N/A,Target achieved,Achieved as planned.,N/A,N/A,Target achieved.,Achieved.,"One transfer was in progress, however, was affected by the Provincial Treasury payment run cut-off date.  ",N/A,Please provide output upon approval.,"Not achieved, no reason for deviation and corrective action provided.",N/A,N/A,,TBC after verification by IA.,,204
,"Sport, Arts and Culture",Gauteng,Programme 4: Sport and Recreation,Programme 4: Sport and Recreation,Quarterly,Number of women in sport resourced with sport fitness apparel ,Non-Standardized,Not  Applicable,Priority 6: Social Cohesion and Safer Communities,"Safety, Social Cohesion and Food Security","The Social Protection, Community and Human Development cluster",500,0,500,800,0,150,0,0,1000,950,1000,N/A,N/A,,,Delays in the approval of the TORs affected the implementation date. , Distribution of the sport fitness apparel targeting 500 women will be conducted in Q2 2024/25.  ,Output not provided,"Not achieved, reason for deviation achieved.","To mitigate under-performance from Q1 2024/25.

",N/A,Target achieved.,Achieved.,"To mitigate Q1 2024/25 shortfalls to ensure the annual target is met within the allocated budget.

An additional 50 was achieved in Q2 2024/25, however, evidence was not submitted timeously for verification.  
",N/A,"Performance output is noted, however the target was not planned for Quarter 3.","No reporting required for the quarter under review, however the progress reported is noted.",N/A,N/A,,Reporting required for quarter under review.,,204
Transport,Transport,Gauteng,Programme 1: Administration,Sub programme Finance,Annually,Auditor General's audit outcome for the department,Non-Standardized,Not  Applicable,Priority 2: Economic Transformation And Job Creation,"Economy, Jobs and Infrastructure ","The Economic Sectors, Employment and Infrastructure Development cluster",,,,,,,Unqualified audit opinion for the financial year 2023/24.,Unqualified audit opinion for the financial year 2023/24.,Unqualified audit opinion for the financial year 2023/24.,Unqualified audit opinion for the financial year 2023/24.,Unqualified audit opinion for the financial year 2023/24.,-,-,,,,,,,,,,,,,,,,,,,,204
Transport,Transport,Gauteng,Programme 1: Administration,Sub programme Finance,Quarterly,Percentage (%) of invoices paid within 15 days. (Non-cumulative),Non-Standardized,Not  Applicable,Priority 2: Economic Transformation And Job Creation,"Economy, Jobs and Infrastructure ","The Economic Sectors, Employment and Infrastructure Development cluster",90 %,99 %,90 %,98% %,90 %,97 %,90 %,98% %,90 %,99 %,98,-,-,,,Enhanced controls and adherence to compliance deadlines ensured invoices are paid within the identified timeframes.,-,,,Enhanced controls and adherence to compliance deadlines ensured invoices are paid within the identified timeframes.,-,,,Enhanced controls and adherence to compliance deadlines ensured invoices are paid within the identified timeframes.,-,,,Enhanced controls and adherence to compliance deadlines ensured invoices are paid within the identified timeframes.,-,,,,204
Transport,Transport,Gauteng,Programme 1: Administration,Sub programme Finance,Quarterly,Percentage (%) of invoices paid within 30 days. (Non-cumulative),Non-Standardized,Not  Applicable,Priority 2: Economic Transformation And Job Creation,"Economy, Jobs and Infrastructure ","The Economic Sectors, Employment and Infrastructure Development cluster",100 %,100 %,100 %,100% %,100 %,100 %,100 %,100% %,100 %,100 %,100,-,-,,,-,-,,,-,-,,,-,-,,,-,-,,,,204
Transport,Transport,Gauteng,Programme 1: Administration,Sub programme Finance,Quarterly,Percentage (%) spent on BBBEE compliant empowering suppliers. (Non-cumulative),Non-Standardized,Not  Applicable,Priority 2: Economic Transformation And Job Creation,"Economy, Jobs and Infrastructure ","The Economic Sectors, Employment and Infrastructure Development cluster",80 %,75.49 %,80 %,"83,52% %",80 %,"78,86% %",80 %,80% %,80 %,0 %,80,-,-,,,The percentage of expenditure spent to BBBEE was not achieved due to the limited number of projects awarded and implemented on major road infrastructure and goods and services. projects.,The Department to implement and award road infrastructure and goods and services projects to strengthen the BBBEE compliance and sub-contracting conditions to township SMMEs.,revise reason for deviation as it may lead to uncessary audit queries,,An additional 3.52% is due to an awarding of more infrastructure project.,-,,,"The percentage of expenditure spent to BBBEE owned enterprises was not achieved due to the limited number of projects awarded and implemented on major road infrastructure, goods and services projects.","The Department will implement and award road infrastructure, goods and services projects to strengthen the BBBEE compliance and sub-contracting conditions to township SMME’s.",,,-,-,,,,204
Transport,Transport,Gauteng,Programme 1: Administration,Sub programme Finance,Quarterly,Percentage (%) spent to Black owned enterprise. (Non-cumulative),Non-Standardized,Not  Applicable,Priority 2: Economic Transformation And Job Creation,"Economy, Jobs and Infrastructure ","The Economic Sectors, Employment and Infrastructure Development cluster",50 %,75.49 %,50 %,"83,52% %",50 %,"78,86% %",50 %,80% %,50 %,0 %,80,Increased budget expenditure spent on Black owned compliant suppliers,-,,,"The additional 25,49% is due the carried over projects from the previous financial year which were awarded during Quarter 1, 2024/25.",-,,,An additional 33.52% is due to an awarding of more infrastructure project.,,,,"Additional 28,86% tenders awarded to black owned companies during the quarter.",-,,,Increased budget expenditure spent on Black owned compliant suppliers,-,,,,204
Transport,Transport,Gauteng,Programme 1: Administration,Sub programme Finance,Quarterly,Percentage (%) spent to township owned enterprise. (Non-cumulative),Non-Standardized,Not  Applicable,Priority 2: Economic Transformation And Job Creation,"Economy, Jobs and Infrastructure ","The Economic Sectors, Employment and Infrastructure Development cluster",40 %,11.45 %,40 %,"3,06% %",40 %,"2,36% %",40 %,"3,65% %",40 %,0 %,49.54,-,-,,,The percentage of expenditure spent to township owned enterprises was not achieved due to the limited number of projects awarded and implemented on major road infrastructure and goods and services. projects.,The Department to implement and award road infrastructure and goods and services projects to strengthen the BBBEE compliance and sub-contracting conditions to township SMMEs.,revise reason for deviation as it may lead to uncessary audit queries,,This is due to the limited number of complying service providers on the panels of contractors who are compliant to the requirements. ,The Department seeks to improve its township owned enterprises database and award road infrastructure and goods and services projects over the following quarters of the financial year to township owned enterprises.,,,"The percentage of expenditure spent to township owned enterprises was not achieved due to the limited number of projects awarded and implemented on major road infrastructure, goods and services projects.","The Department will implement and award road infrastructure, goods and services projects to strengthen the BBBEE compliance and sub-contracting conditions to township SMME’s.",,,The percentage of expenditure spent to township owned enterprises was not achieved due to the limited number of qualifying TER companies compliant with the requirements.,"To engage with potential township owned enterprise. To create awareness on registering with the provincial TER databases in the new financial year, 2025/26.",,,,204
Transport,Transport,Gauteng,Programme 1: Administration,Sub-Programme 1.3: Corporate Support  ,Quarterly,One e-Service operationalised annually.,Non-Standardized,Not  Applicable,Priority 2: Economic Transformation And Job Creation,"Economy, Jobs and Infrastructure ","The Economic Sectors, Employment and Infrastructure Development cluster",Business case approved.,Business case drafted and approved,User requirements approved.,User requirements approved.,Development / Configuration completed.,0,Test and go live.,0,One e-Service operationalised annually.,-,0,One e-Service cannot be operationalised as the project was delayed in the design phase by the Department of e-Government.,"The One e-Service operationalised will be completed in the next financial year, 2025/26.",,,-,-,,,-,-,,,Delays experienced with the Department of e-Gov in the appointment of a developer for the system,"The Department is engaging the Department of e-Gov to expedite the appointment of a developer to develop and test the system in Quarter 4, 2024/25 ",,,Test and go live was not achieved pending the system development which did not commence by the Department of e-Government (e-Government).,The Department has drafted a tasking letter to request e-Government to allow the Department to develop the system through the Council for Scientific and Industrial Research,,,,204
Transport,Transport,Gauteng,Programme 2: Transport Infrastructure,Sub-Programme 2.2: Infrastructure Planning,Annually,Number of consolidated infrastructure plans developed,Standardized,Not  Applicable,"Priority 1: A Capable, Ethical and Developmental State",-,"The Economic Sectors, Employment and Infrastructure Development cluster",,,,,,,1,1,1,1,1,-,-,,,,,,,,,,,,,,,,,,,,204
Transport,Transport,Gauteng,Programme 2: Transport Infrastructure,Sub-Programme 2.2: Infrastructure Planning,Annually,Number of kilometers of gravel roads visually assessed as per the applicable TMH Manual,Standardized,Not  Applicable,Priority 2: Economic Transformation And Job Creation,-,"The Economic Sectors, Employment and Infrastructure Development cluster",,,,,,,1286,1234,1286,1234,1234,The reduction of 12.6 km was due to surface roads previously captured as gravel roads.,-,,,,,,,,,,,,,,,,,,,,204
Transport,Transport,Gauteng,Programme 2: Transport Infrastructure,Sub-Programme 2.2: Infrastructure Planning,Annually,Number of kilometres of gravel roads visually assessed as per the applicable Technical Methods for Highways (TMH) manual,Standardized,Not  Applicable,Priority 2: Economic Transformation And Job Creation,"Economy, Jobs and Infrastructure ","The Economic Sectors, Employment and Infrastructure Development cluster",,,,,,,,1234,,1234,1234,The extra 12.6 km was due to surface roads previously captured as gravel roads.,-,,"1, 246km",,,,,,,,,,,,,,,,,,204
Transport,Transport,Gauteng,Programme 2: Transport Infrastructure,Sub-Programme 2.2: Infrastructure Planning,Annually,Number of kilometres of surfaced roads visually assessed as per the applicable Technical Methods for Highways (TMH) manual,Standardized,Not  Applicable,Priority 2: Economic Transformation And Job Creation,-,"The Economic Sectors, Employment and Infrastructure Development cluster",,,,,,,4347,4359,4347,4359,4359,The extra 12.6 km was due to surface roads previously captured as gravel roads.,-,,,,,,,,,,,,,,,,,,,,204
Transport,Transport,Gauteng,Programme 2: Transport Infrastructure,Sub-Programme 2.2: Infrastructure Planning,Annually,Number of transport planning studies completed.,Non-Standardized,Not  Applicable,Priority 2: Economic Transformation And Job Creation,"Economy, Jobs and Infrastructure ","The Economic Sectors, Employment and Infrastructure Development cluster",,,,,,,1 ITMP25 Review Report completed.,"1
ITMP25 Review Report completed
",1 ITMP25 Review Report completed.,"1
ITMP25 Review Report completed
","1
ITMP25 Review Report completed
",-,-,,,,,,,,,,,,,,,,,,,,204
Transport,Transport,Gauteng,Programme 2: Transport Infrastructure,Sub-Programme 2.3: Infrastructure Design,Annually,Number of detailed designs completed,Non-Standardized,Not  Applicable,Priority 2: Economic Transformation And Job Creation,"Economy, Jobs and Infrastructure ","The Economic Sectors, Employment and Infrastructure Development cluster",,,,,,,,6 Detailed designs completed.,,6 Detailed designs completed.,6 Detailed designs completed.,-,-,,6 Detailed designs completed,,,,,,,,,,,,,,,,,,204
Transport,Transport,Gauteng,Programme 2: Transport Infrastructure,Sub-Programme 2.3: Infrastructure Design,Annually,Number of detailed designs completed.,Non-Standardized,Not  Applicable,Priority 2: Economic Transformation And Job Creation,"Economy, Jobs and Infrastructure ","The Economic Sectors, Employment and Infrastructure Development cluster",,,,,,,4 detailed designs completed.,6 Detailed designs completed.,4 detailed designs completed.,6 Detailed designs completed.,,The target was revised to 6 Detailed designs completed see below number 2,-,,,,,,,,,,,,,,,,,,,,204
Transport,Transport,Gauteng,Programme 2: Transport Infrastructure,Sub-Programme 2.4: Construction,Annually,Number of kilometres of gravel roads upgraded to surfaced roads,Standardized,Not  Applicable,Priority 2: Economic Transformation And Job Creation,"Economy, Jobs and Infrastructure ","The Economic Sectors, Employment and Infrastructure Development cluster",,,,,,,,1,,1,1,-,-,,1km D1814,,,,,,,,,,,,,,,,,,204
Transport,Transport,Gauteng,Programme 2: Transport Infrastructure,Sub-Programme 2.4: Construction,Annually,Number of kilometres of gravel roads upgraded to surfaced roads. (Non -cumulative),Standardized,Not  Applicable,Priority 2: Economic Transformation And Job Creation,"Economy, Jobs and Infrastructure ","The Economic Sectors, Employment and Infrastructure Development cluster",,,,,,,4.92,1,4.92,1,1,The target was revised to 1km see below number 3,-,,,,,,,,,,,,,,,,,,,,204
Transport,Transport,Gauteng,Programme 2: Transport Infrastructure,Sub-Programme 2.4: Construction,Annually,Number of m2 of surfaced roads upgraded. (Non -cumulative),Standardized,Not  Applicable,Priority 2: Economic Transformation And Job Creation,"Economy, Jobs and Infrastructure ","The Economic Sectors, Employment and Infrastructure Development cluster",,,,,,,88000.00,88000.00,88000.00,88000.00,88000.00,-,-,,,,,,,,,,,,,,,,,,,,204
Transport,Transport,Gauteng,Programme 2: Transport Infrastructure,Sub-Programme 2.4: Construction,Quarterly,Number of kilometres of gravel roads upgraded to surfaced roads,Standardized,Not  Applicable,Priority 2: Economic Transformation And Job Creation,-,"The Economic Sectors, Employment and Infrastructure Development cluster",0,0,0,0,0,0,4,1km,4,0,1,-,-,,,-,-,,,-,-,,,-,-,,,The target was revised to 1km see below number 2,-,,,,204
Transport,Transport,Gauteng,Programme 2: Transport Infrastructure,Sub-Programme 2.4: Construction,Quarterly,Number of kilometres of gravel roads upgraded to surfaced roads,Standardized,Not  Applicable,Priority 2: Economic Transformation And Job Creation,"Economy, Jobs and Infrastructure ","The Economic Sectors, Employment and Infrastructure Development cluster",0,0,0,,0,0,1km,1km ,1km,-,1,-,-,,1km D1814,-,-,,,,,,,-,-,,,-,-,,,,204
Transport,Transport,Gauteng,Programme 2: Transport Infrastructure,Sub-Programme 2.5: Maintenance,Annually,Number of m2 of surfaced roads rehabilitated. (Non cumulative),Standardized,Not  Applicable,Priority 2: Economic Transformation And Job Creation,"Economy, Jobs and Infrastructure ","The Economic Sectors, Employment and Infrastructure Development cluster",,,,,,,72520.00,0,72520.00,0,0,"The 72, 520.00m2 of surfaced roads rehabilitated could not be achieved due a high-risk sinkhole which was identified during the rehabilitation of the P122 road.","The contactor constructed a bypass around the sinkhole for motorists to ensure road safety. The project will be completed in financial year, 2025/26.",,,,,,,,,,,,,,,,,,,,204
Transport,Transport,Gauteng,Programme 2: Transport Infrastructure,Sub-Programme 2.5: Maintenance,Quarterly,Number of bridges rehabilitated.,Non-Standardized,Not  Applicable,Priority 2: Economic Transformation And Job Creation,"Economy, Jobs and Infrastructure ","The Economic Sectors, Employment and Infrastructure Development cluster",1 Bridges (Tshwane),0,0,0,0,0,2 Bridges (Tshwane),0,2 Bridges (Tshwane),-,0,2 bridges were not rehabilitated due to poor performance by contractor.,"The project was terminated and will be re-advertised in the financial year, 2025/26.",,,Delays in commencement of works due to community stoppages on the project.,The Department conducted numerous stakeholder interventions with extensive community consultations which resulted in a constructive agreement for allowing the project to proceed.,,,1 Bridge in Tshwane could not be rehabilitated as a result of underperformance by the BMS 1 contractor.,"The Department (supervising engineer) is conducting weekly meetings with the contractor, to track progress as per the project programme schedule.
The construction of the Bridge will continue in Quarter 3, with completion anticipated in the Quarter 4, 2024/25.
",,,-,-,,,2 bridges were not rehabilitated due to poor performance by contractor. ,"The project was terminated and will be re-advertised in the financial year, 2025/26.",,,,204
Transport,Transport,Gauteng,Programme 2: Transport Infrastructure,Sub-Programme 2.5: Maintenance,Quarterly,Number of contractors participating in the National Contractor Development Programme (NCDP),Standardized,Average,Priority 2: Economic Transformation And Job Creation,-,"The Economic Sectors, Employment and Infrastructure Development cluster",20,20,0,0,0,0,0,0,20,5,20,-,-,,,-,-,,,-,-,,,-,-,,,-,-,,,,204
Transport,Transport,Gauteng,Programme 2: Transport Infrastructure,Sub-Programme 2.5: Maintenance,Quarterly,Number of kilometres of gravel roads bladed,Standardized,Not  Applicable,Priority 2: Economic Transformation And Job Creation,-,"The Economic Sectors, Employment and Infrastructure Development cluster",330,660.54,320.69,647km,327,572. 28km,332,755.17km,1309.69,0,2600.88,"Additional 1, 291.19km blading was completed due to the erosion occurring on the gravel roads as a result of inclement weather conditions",-,,,"Additional 330.54km of gravel roads bladed due to roads safety and improvement of rideability, list of roads as follows:
D1333, D781, D1070, D995, D1243, D734, D1683, D1594, D495, D1814, D1448, D327, D1986, D94 and D2623.",-,,,"Additional 326. 31km (D1594, D99, D1333, D781, D1814, D67, D327, D1313, D734, D1358, D2135, D460, D2540, D2118, D1331) of gravel roads was bladed as part of road safety and improvement of rideability.",-,,,"Additional 245.28km of gravel roads bladed due to roads safety and improvement of rideability, list of roads as follows: 
D1594, D1333, D781, D1814, D327, D1313, D734, D2118, D420, D1883, D478, D2192, D495, D960, D1243, D1316 and D1861.",-,,,Additional 423.17km blading was completed due to the erosion occurring on the gravel road as a result of inclement weather conditions.,-,,,,204
Transport,Transport,Gauteng,Programme 2: Transport Infrastructure,Sub-Programme 2.5: Maintenance,Quarterly,Number of kilometres of gravel roads re-graveled,Standardized,Not  Applicable,Priority 2: Economic Transformation And Job Creation,-,"The Economic Sectors, Employment and Infrastructure Development cluster",12,14.24,18,"21, 78km",20,"24,47km",16,"16,62km",66,0,77.11,"Additional 11,11km re-gravelling were completed due to the erosion occurring on the gravel roads as a result of inclement weather conditions.",-,,,The additional 2. 24km of gravel roads were regravelled on D1316 and D2761 due to road deterioration.,-,,,Additional 3.78km was re-graveled on road D2763 as part of improving road safety.,-,,,"Additional 4,47km re-graveled due to road safety and improvement of rideability.",-,,,Additional 0.62 km re-gravelling were completed due to the erosion occurring on the gravel road as a result of inclement weather conditions.,-,,,,204
Transport,Transport,Gauteng,Programme 2: Transport Infrastructure,Sub-Programme 2.5: Maintenance,Quarterly,Number of square metres of blacktop patching,Standardized,Not  Applicable,Priority 2: Economic Transformation And Job Creation,-,"The Economic Sectors, Employment and Infrastructure Development cluster",44000,48418.16,25000,"21, 130m²",45000,"44, 282.60 m²",30000,"50 679,60m²",144000,0,164511.10,"The additional 20, 511.10m2 were patched due to additional distressed roads identified.",-,,,"The additional 4, 418.16m2 potholes were patched in P24/1 due to road deterioration.",-,,,"The outstanding 3, 870m2 was achieved in Quarter 1, 2024/25.",-,,,An outstanding 717.4m2 was achieved during the previous quarters.,-,,,"The additional 20, 679.60 m2 were patched due to additional distressed roads identified.",,,,,204
Transport,Transport,Gauteng,Programme 2: Transport Infrastructure,Sub-Programme 2.5: Maintenance,Quarterly,Number of square metres of surfaced roads rehabilitated,Standardized,Not  Applicable,Priority 2: Economic Transformation And Job Creation,-,"The Economic Sectors, Employment and Infrastructure Development cluster",0,0,0,0,0,0,72520.00,0,72520.00,0,0,"The 72, 520.00m2 of surfaced roads rehabilitated could not be achieved due a high-risk sinkhole which was identified during the rehabilitation of the P122 road.","The contactor constructed a bypass around the sinkhole for motorists to ensure road safety. The project will be completed in financial year, 2025/26.",,,-,-,,,-,-,,,-,-,,,"The 72, 520.00m2 of surfaced roads rehabilitated could not be achieved due a high-risk sinkhole which was identified during the rehabilitation of the P122 road.","The contactor constructed a bypass around the sinkhole for motorists to ensure road safety. The project will be completed in financial year, 2025/26",,,,204
Transport,Transport,Gauteng,Programme 2: Transport Infrastructure,Sub-Programme 2.5: Maintenance,Quarterly,Number of square metres of surfaced roads resealed,Standardized,Not  Applicable,Priority 2: Economic Transformation And Job Creation,-,"The Economic Sectors, Employment and Infrastructure Development cluster",25000,55510.06,60000,"87, 273. 52m²",50000,"13, 572.46m2",65000,"69 929,10 m²",200000,0,227202.43,"The additional 27, 202.43m2 were resealed due to additional distressed roads identified.",-,,,The additional 30 510.06m2 of surfaced roads were resealed in P6/1 and D567 due to road deterioration.,-,,,"Additional 27, 273.52m2 of roads was resealed on roads P61/3 and D567 as part of improving road safety. ",-,,,"The outstanding 36, 427.54 was achieved in Q1 and Q2 2024/25",-,,,"The additional 4, 929.1 m2 were resealed due to additional distressed roads identified",-,,,,204
Transport,Transport,Gauteng,Programme 3: Transport Operations ,Sub-Programme 3.2: Public Transport Services ,Annually,Gauteng Integrated Transport Fare Management Policy approved.,Non-Standardized,Not  Applicable,Priority 2: Economic Transformation And Job Creation,"Economy, Jobs and Infrastructure ","The Economic Sectors, Employment and Infrastructure Development cluster",,,,,,,Gauteng Integrated Transport Fare Management Policy approved.,0,Gauteng Integrated Transport Fare Management Policy approved.,0,0,The Department is continuing with stakeholder engagements on the Draft Policy.,"The finalization of the policy will be undertaken in the next financial year, 2025/26.",,,,,,,,,,,,,,,,,,,,204
Transport,Transport,Gauteng,Programme 3: Transport Operations ,Sub-Programme 3.2: Public Transport Services ,Annually,Gauteng Integrated Transport Fare Management Policy completed,Non-Standardized,Not  Applicable,Priority 2: Economic Transformation And Job Creation,"Economy, Jobs and Infrastructure ","The Economic Sectors, Employment and Infrastructure Development cluster",,,,,,,,0,,0,0,The Department is continuing with stakeholder engagements on the Draft Policy.,"The finalization of the policy will be undertaken in the next financial year, 2025/26.",,Gauteng Integrated Transport Fare Management Policy completed,,,,,,,,,,,,,,,,,,204
Transport,Transport,Gauteng,Programme 3: Transport Operations ,Sub-Programme 3.2: Public Transport Services ,Quarterly,Average number of weekday passenger trips,Standardized,Not  Applicable,Priority 2: Economic Transformation And Job Creation,-,"The Economic Sectors, Employment and Infrastructure Development cluster",0,0,0,0,0,0,0,0,0,-,0,-,-,,,-,-,,,-,-,,,-,-,,,-,-,,,,204
Transport,Transport,Gauteng,Programme 3: Transport Operations ,Sub-Programme 3.2: Public Transport Services ,Quarterly,Number of hours operated by public transport operators,Standardized,Not  Applicable,Priority 2: Economic Transformation And Job Creation,-,"The Economic Sectors, Employment and Infrastructure Development cluster",0,0,0,0,0,0,0,0,0,0,0,-,-,,,-,-,,,-,-,,,-,-,,,-,-,,,,204
Transport,Transport,Gauteng,Programme 3: Transport Operations ,Sub-Programme 3.2: Public Transport Services ,Quarterly,Number of public transport operators captured in the provincial integrated database. (Cumulative Year end),Non-Standardized,Not  Applicable,Priority 2: Economic Transformation And Job Creation,"Economy, Jobs and Infrastructure ","The Economic Sectors, Employment and Infrastructure Development cluster","3, 000 Public Transport operators captured in the provincial integrated database.","4, 032 Public Transport operators captured in the provincial Integrated database.","5, 000
Public Transport operators captured in the provincial integrated database.","3, 585 Public Transport operators captured in the provincial Integrated database.","3, 500
Public Transport operators captured in the provincial integrated database.","1, 034 public transport operators registered to date.","3, 500 Public Transport operators captured in the provincial integrated database.","10, 122
Public transport operators registered into the departmental database
","15, 000 Public Transport operators captured in the provincial integrated database.",-,"18, 402 Public transport operators captured in the provincial integrated database.","Additional 3, 402 public transport operators registered due to successful campaigns with the Taxi Industry.",-,,,"An additional 1, 032 was due to engagements with the taxi industry which yielded positive feedback and escalated the sessions planned for Quarter 2, 2024/25.",-,,,"The outstanding 1, 032 was achieved in Quarter 1, 2024/25.
The outstanding 383 was not achieved due to the unavailability of the taxi industry as a result of elections and change of management in provincial structures.","The Department is conducting workshops to include learner transport operators; therefore the 383 Public Transport operators will be captured in Quarter 3, 2024/25.",,,The target was not achieved due to the low turn up of taxi operators to the registration stations.,"The meeting was held with the leaders of the taxi industry, and they committed to support the project. Constant engagements are ongoing.",,,"Additional 6, 622 public transport operators registered due to successful campaigns with the Taxi Industry",-,,,,204
Transport,Transport,Gauteng,Programme 3: Transport Operations ,Sub-Programme 3.2: Public Transport Services ,Quarterly,Number of public transport users accessing transport and infrastructure information through the TMC. (Cumulative Year end),Non-Standardized,Not  Applicable,Priority 2: Economic Transformation And Job Creation,"Economy, Jobs and Infrastructure ","The Economic Sectors, Employment and Infrastructure Development cluster","200, 000 transport users accessing transport and infrastructure information through the TMC.",370 650 transport users accessing public transport and infrastructure information through the TMC.,"250, 000 transport users accessing transport and infrastructure information through the TMC",264 041 transport users accessing public transport and infrastructure information through the TMC.,"200, 000 transport users accessing transport and infrastructure information through the TMC","235, 931 public transport users accessing public transport and infrastructure information through the TMC.","200, 000 transport users accessing transport and infrastructure information through the TMC","227 845
transport users accessing transport and infrastructure information through the TMC.
","850, 000 transport users accessing transport and infrastructure information through the TMC.",-,"1, 098, 467 transport users accessing transport and infrastructure information through the TMC","Additional 248, 467 transport users accessing the TMC were due to an accelerated registration of commuters for bulk SMS services.",-,,,"The additional 170, 650 was due to enhanced registration of commuters at various stations and regions in Gauteng.",-,,,"The additional 14, 041 transport users accessing public transport was due to the registration of commuters at various stations (Pretoria, Mabopane, Naledi, Germinston, Hammanskraal & Mamelodi), Taxi Ranks (Vaal & Soweto) and regions (Sedibeng, Johannesburg, Tshwane & Ekurhuleni) in Gauteng.",-,,,"An additional 35, 931 was due to extensive engagements with commuters.",-,,,"Additional 27, 845 transport users accessing the TMC were due to an accelerated registration of commuters for bulk SMS services.",-,,,,204
Transport,Transport,Gauteng,Programme 3: Transport Operations ,Sub-Programme 3.2: Public Transport Services ,Quarterly,Number of routes subsidised,Standardized,Max,Priority 2: Economic Transformation And Job Creation,-,"The Economic Sectors, Employment and Infrastructure Development cluster",3670,3670,3670,3670,3670,3670,3670,3670,3670,3670,3670,-,-,,,-,-,,,-,-,,,-,-,,,-,-,,,,204
Transport,Transport,Gauteng,Programme 3: Transport Operations ,Sub-Programme 3.2: Public Transport Services ,Quarterly,Number of subsidised bus contracts operationalised as per the agreed routes. (Non cumulative),Non-Standardized,Not  Applicable,Priority 2: Economic Transformation And Job Creation,"Economy, Jobs and Infrastructure ","The Economic Sectors, Employment and Infrastructure Development cluster",16,16,16,16,16,16,16,16,16,16,16,-,-,,,-,-,,,-,-,,,-,-,,,-,-,,,,204
Transport,Transport,Gauteng,Programme 3: Transport Operations ,Sub-Programme 3.2: Public Transport Services ,Quarterly,Percentage (%) of individual subsidised bus contracts monetary value allocated to previously disadvantaged public transport  operators.,Non-Standardized,Not  Applicable,Priority 2: Economic Transformation And Job Creation,"Economy, Jobs and Infrastructure ","The Economic Sectors, Employment and Infrastructure Development cluster",A minimum of 30% of individual subsidised bus contracts monetary value allocated to previously disadvantaged public transport operators.,6.64% of negotiated individual subsidised bus contracts monetary value subcontracted to previously disadvantaged public transport operators.,A minimum of 30% of individual subsidised bus contracts monetary value allocated to previously disadvantaged public transport operators.,,0,0,A minimum of 30% of individual subsidised bus contracts monetary value allocated to previously disadvantaged public transport operators.,6.64%,A minimum of 30% of individual subsidised bus contracts monetary value allocated to previously disadvantaged public transport operators.,-,6.64%,A minimum of 23.36% of new individual subsidised bus contracts monetary value was not allocated to previously disadvantaged public transport operators. due to variation in service kilometres negotiated with operators.,"The Department is undertaking a legal review of the negotiated contracts, and the sub-contracting will continue once the legal process has been completed.",,A minimum of 30% of individual subsidised bus contracts monetary value allocated to previously disadvantaged public transport operators.,A minimum of 23.36% of new individual subsidised bus contracts monetary value was not allocated to previously disadvantaged public transport operators. due to variation in service kilometres negotiated with operators. ,"The Department is expediting the resolution of the variation with service providers during Quarter 2, 2024/25.",,,,,,,-,-,,,A minimum of 23.36% of new individual subsidised bus contracts monetary value was not allocated to previously disadvantaged public transport operators due to variation in service kilometres negotiated with operators. ,"The Department is undertaking a legal review of the negotiated contracts, and the sub-contracting will continue once the legal process has been completed.",,,,204
Transport,Transport,Gauteng,Programme 3: Transport Operations ,Sub-Programme 3.2: Public Transport Services ,Quarterly,Percentage (%) of individual subsidised bus contracts monetary value allocated to previously disadvantaged public transport operators.,Non-Standardized,Not  Applicable,Priority 2: Economic Transformation And Job Creation,"Economy, Jobs and Infrastructure ","The Economic Sectors, Employment and Infrastructure Development cluster",A minimum of 30% of individual subsidised bus contracts monetary value allocated to previously disadvantaged public transport operators.,6.64% of negotiated individual subsidised bus contracts monetary value subcontracted to previously disadvantaged public transport operators.,A minimum of 30% of individual subsidised bus contracts monetary value allocated to previously disadvantaged public transport operators.,6.64% of negotiated individual subsidised bus contracts monetary value subcontracted to previously disadvantaged public transport operators.,A minimum of 30% of individual subsidised bus contracts monetary value allocated to previously disadvantaged public transport operators.,-,A minimum of 30% of individual subsidised bus contracts monetary value allocated to previously disadvantaged public transport operators.,6.64%,A minimum of 30% of individual subsidised bus contracts monetary value allocated to previously disadvantaged public transport operators.,-,6.64%,A minimum of 23.36% of new individual subsidised bus contracts monetary value was not allocated to previously disadvantaged public transport operators. due to variation in service kilometres negotiated with operators.,"The Department is undertaking a legal review of the negotiated contracts, and the sub-contracting will continue once the legal process has been completed.",,,A minimum of 23.36% of new individual subsidised bus contracts monetary value was not allocated to previously disadvantaged public transport operators. due to variation in service kilometres negotiated with operators. ,"The Department is expediting the resolution of the variation with service providers during Quarter 2, 2024/25.",,,A minimum of 23.36% of new individual subsidised bus contracts monetary value was not allocated to previously disadvantaged public transport operators. due to continuing negotiations on the variation in service kilometres with the contracted bus operators. ,"The Department is expediting the resolution of the variation in service kilometres with the contracted bus operator providers during Quarter 3, 2024/25.",,,-,-,provide actual output upon approval ,,A minimum of 23.36% of new individual subsidised bus contracts monetary value was not allocated to previously disadvantaged public transport operators due to variation in service kilometres negotiated with operators. ,"The Department is undertaking a legal review of the negotiated contracts, and the sub-contracting will continue once the legal process has been completed.",,,,204
Transport,Transport,Gauteng,Programme 3: Transport Operations ,Sub-Programme 3.2: Public Transport Services ,Quarterly,Percentage (%) of verified subsidised bus fleet electronically monitored.,Non-Standardized,Not  Applicable,Priority 2: Economic Transformation And Job Creation,"Economy, Jobs and Infrastructure ","The Economic Sectors, Employment and Infrastructure Development cluster","95% of 1, 879 verified subsidised bus fleet electronically monitored.","96% of 1, 902 verified subsidised bus fleet electronically monitored.",95% of verified subsidised bus fleet electronically monitored.,,95% of verified subsidised bus fleet electronically monitored.,"94% of 1, 882 verified subsidised bus fleet electronically monitored.",95% of verified subsidised bus fleet electronically monitored.,"98% of 2,000 verified subsidised bus fleet electronically monitored",95% of verified subsidised bus fleet electronically monitored.,-,98% of 2000 verified subsidised bus fleet electronically monitored,The bus operators introduced new fleet as per the requirements of the new negotiated bus contracts.,-,,95% of verified subsidised bus fleet electronically monitored.,The additional 1% is due to the introduction of new buses as part of the negotiated bus contractors fleet requirement specification and phasing in process.,-,,,,,,,"The operators introduced new fleet as per the requirement of the new negotiated bus contracts. The negotiated contract phase-in period ended on 31 December 2024.
One monitoring firm was behind schedule on the installation of electronic monitoring devices. This resulted in the target not being achieved, despite engagements by the Department with the service provider to improve performance.","The Department is issuing a formal written letter of non-performance to the Supervisory Monitoring Firm (SMF) concerned and given the SMF 14 working days to improve performance, failure of which will result in termination.",,,Additional buses were installed with electronic monitoring devices.,-,,,,204
Transport,Transport,Gauteng,Programme 3: Transport Operations ,Sub-Programme 3.2: Public Transport Services ,Quarterly,Percentage (%) of verified subsidised bus fleet electronically monitored. (Non cumulative),Non-Standardized,Not  Applicable,Priority 2: Economic Transformation And Job Creation,"Economy, Jobs and Infrastructure ","The Economic Sectors, Employment and Infrastructure Development cluster","95% of 1, 879 verified subsidised bus fleet electronically monitored.","96% of 1, 902 verified subsidised bus fleet electronically monitored.","95% of 1, 879 verified subsidised bus fleet electronically monitored.","95% of 1, 928 verified subsidised bus fleet electronically monitored.","95% of 1, 879 verified subsidised bus fleet electronically monitored.",-,"95% of 1, 879 verified subsidised bus fleet electronically monitored.","98% of 2,000 verified subsidised bus fleet electronically monitored","95% of 1, 879 verified subsidised bus fleet electronically monitored.",-,"95% of 1, 928 verified subsidised bus fleet electronically monitored.",The bus operators introduced new fleet (49) as per the requirements of the new negotiated bus contracts.,,,,The additional 1% is due to the introduction of new buses as part of the negotiated bus contractors fleet requirement specification and phasing in process.,-,,,The operators introduced new fleet (49) as per the requirement of the new negotiated bus contracts.,-,,,-,"-
",provide actual output upon approval ,,Additional buses were installed with electronic monitoring devices.,the indicator was revised see below number 9,,,,204
Transport,Transport,Gauteng,Programme 3: Transport Operations ,Sub-Programme 3.3: Operator Licences and Permits,Annually,Number of Provincial Regulating Entity (PRE) hearings conducted.,Standardized,Not  Applicable,Priority 2: Economic Transformation And Job Creation,"Economy, Jobs and Infrastructure ","The Economic Sectors, Employment and Infrastructure Development cluster",,,,,,,1,1,1,1,1,-,-,,,,,,,,,,,,,,,,,,,,204
Transport,Transport,Gauteng,Programme 3: Transport Operations ,Sub-Programme 3.3: Operator Licences and Permits,Quarterly,Number of Provincial Regulating Entity (PRE) hearings conducted,Standardized,Not  Applicable,Not Applicable,-,Not Applicable,0,0,0,0,0,0,1,1,1,1,1,-,-,,,-,-,kindly provide the targets for the quarters as well as actual output if reported in Q1,,-,-,,,-,-,,,-,-,,,,204
Transport,Transport,Gauteng,Programme 3: Transport Operations ,Sub-Programme 3.5: Infrastructure Operations,Annually,Default,Not Applicable,Not  Applicable,Not Applicable,-,Not Applicable,,,,,,,,,,,,,,,,,,,,,,,,,,,,,,,,,204
Transport,Transport,Gauteng,Programme 4: Transport Regulation ,Sub-Programme 4.2: Transport Administration and Licensing,Quarterly,Number of compliance inspections conducted,Standardized,Not  Applicable,Priority 2: Economic Transformation And Job Creation,-,"The Economic Sectors, Employment and Infrastructure Development cluster",60,60,60,60,60,60,60,60,240,240,240,-,-,,,-,-,,,-,-,,,-,-,,,-,-,,,,204
Transport,Transport,Gauteng,Programme 4: Transport Regulation ,Sub-Programme 4.2: Transport Administration and Licensing,Quarterly,Number of operating licences issued annually,Non-Standardized,Not  Applicable,Priority 2: Economic Transformation And Job Creation,"Economy, Jobs and Infrastructure ","The Economic Sectors, Employment and Infrastructure Development cluster",2500,3223,2500,,1000,"1, 619",1000,"911 Operating licences issued under the minibus taxi industry mode.
446 operating licenses issued under the non-minibus taxi modes
Total = 1, 357",7000,-,"8,590","Additional 1, 590 operating licences issued due to the upliftment of the suspension of Gauteng Provincial Registering Entity (GPRE) adjudication.",-,,"7, 000",The additional 723 operating licenses issued due to the backlog in issuance of operating licences,-,,,,,,,An additional 619 operating licences issued were due to the upliftment of GPRE Adjudication suspension which resulted in more applications being finalised.,-,,,Additional 357 operating licences issued due to the upliftment of suspension of GPRE adjudication,-,,,,204
Transport,Transport,Gauteng,Programme 4: Transport Regulation ,Sub-Programme 4.2: Transport Administration and Licensing,Quarterly,Number of operating licences issued annually ,Non-Standardized,Not  Applicable,Not Applicable,"Economy, Jobs and Infrastructure ","The Economic Sectors, Employment and Infrastructure Development cluster",2500,3223,2500,"1, 906 Operating licences issued under the minibus taxi industry mode.
485 operation licenses issued under the non-minibus taxi modes
Total = 2, 391
",1500,-,1500,"911 Operating licences issued under the minibus taxi industry mode.
446 operating licenses issued under the non-minibus taxi modes
Total = 1, 357
",8000,-,"2, 500",The target was not achieved due to the suspension imposed by the Department on new applications.,The target was revised see number 4.,,,The additional 723 operating licenses issued due to the backlog in issuance of operating licences.,-,,,"The outstanding 109 operating licences were issued in Quarter 1, 2024/25.",-,,,-,-,provide actual output upon approval ,,Additional 357 operating licences issued due to the upliftment of suspension of GPRE adjudication.,-,,,,204
Transport,Transport,Gauteng,Programme 4: Transport Regulation ,Sub-Programme 4.2: Transport Administration and Licensing,Quarterly,Number of Smart Licencing Centres (DLTCs) completed,Non-Standardized,Not  Applicable,Priority 2: Economic Transformation And Job Creation,"Economy, Jobs and Infrastructure ","The Economic Sectors, Employment and Infrastructure Development cluster",0,-,-,,1 Smart Licencing Centres (DLTCs) completed.,"3 DLTC’s Completed.
Denyln in Mamelodi
Umphakathi Mall in Randfontein.
Protea Glen in Soweto.
",3 Smart Licencing Centres (DLTCs) completed.,"3 Smart Licencing Centres (DLTC)
Completed (Denlyn in Mamelodi, Umphakathi Mall in Randfontein and Protea Glen in Soweto)
",4 Smart Licencing Centres (DLTCs) completed.,-,"4 Smart Licencing Centres (DLTC) completed (Denlyn in Mamelodi, Umphakathi Mall in Randfontein, Maponya Mall and Protea Glen Mall in Soweto)",-,-,,4 Smart Licencing Centres (DLTCs) completed.,-,-,,,,,,,Contractors completed 2 additional DLTCs ahead of schedule.,-,,,-,-,,,,204
Transport,Transport,Gauteng,Programme 4: Transport Regulation ,Sub-Programme 4.2: Transport Administration and Licensing,Quarterly,Rand value of revenue generated from Motor Vehicle Licencing services and Registering Authorities,Non-Standardized,Not  Applicable,Priority 2: Economic Transformation And Job Creation,"Economy, Jobs and Infrastructure ","The Economic Sectors, Employment and Infrastructure Development cluster",R792 million,R 825 million,"R2, 024 billion.",,"R3, 790 billion.","R3,674 billion","R5,1 billion","R5, 261 billion","R5,1 billion",-,"R 5, 261 billion",Additional revenue surrendered by municipalities who are the implementing agents of the Department.,-,,"R5,1 billion",Successful engagements with municipalities to surrender revenue due to the Department.,-,,,,,,,An outstanding revenue amount of R116 million was not achieved due to the outstanding revenue owed from municipalities who are implementing agents of the Department.,"Follow ups with municipalities are being undertaken to ensure outstanding revenue is surrendered to the Department in Quarter 4, 2024/25.",,,Additional revenue surrendered by municipalities who are the implementing agents of the Department.,-,,,,204
Transport,Transport,Gauteng,Programme 4: Transport Regulation ,Sub-Programme 4.2: Transport Administration and Licensing,Quarterly,Rand value of revenue generated from Motor Vehicle Licencing services and Registering Authorities. (Cumulative Year to date),Non-Standardized,Not  Applicable,Priority 2: Economic Transformation And Job Creation,"Economy, Jobs and Infrastructure ","The Economic Sectors, Employment and Infrastructure Development cluster",R792 million,R 825 million,"R2, 024 million.","R 2,365 billion","R3, 256 million.",-,R4.4 billion,"R5, 261 billion",R4.4 billion,-,"R2, 365 billion",Revenue collection could not be achieved due to the non-surrender of revenues by the implementing agents (Municipalities,"The target was revised due to an upward revisement of the revenue collection target for the Department, by the Gauteng Provincial Treasury (GPT).",,,Successful engagements with municipalities to surrender revenue due to the Department.,-,,,The additional R341 million revenue collected was due to continuous monthly reminders and engagements for all municipal registering authority implementing agents owing the Department.,-,,,-,-,provide actual output upon approval ,,Additional revenue surrendered by municipalities who are the implementing agents of the Department.,-,,,,204
Transport,Transport,Gauteng,Programme 4: Transport Regulation ,Sub-Programme 4.3: Law Enforcement,Quarterly,Number of drunken driving operations conducted,Standardized,Not  Applicable,Priority 2: Economic Transformation And Job Creation,-,"The Economic Sectors, Employment and Infrastructure Development cluster",0,0,0,0,0,0,0,0,0,0,0,-,-,,,-,-,,,-,-,,,-,-,,,-,-,,,,204
Transport,Transport,Gauteng,Programme 4: Transport Regulation ,Sub-Programme 4.3: Law Enforcement,Quarterly,Number of pedestrian operations conducted,Standardized,Not  Applicable,Priority 2: Economic Transformation And Job Creation,-,"The Economic Sectors, Employment and Infrastructure Development cluster",0,0,0,0,0,0,0,0,0,0,0,-,-,,,-,-,,,-,-,,,-,-,,,-,-,,,,204
Transport,Transport,Gauteng,Programme 4: Transport Regulation ,Sub-Programme 4.3: Law Enforcement,Quarterly,Number of road safety awareness interventions conducted,Standardized,Not  Applicable,Priority 2: Economic Transformation And Job Creation,-,"The Economic Sectors, Employment and Infrastructure Development cluster",0,0,0,0,0,0,0,0,0,0,0,-,-,,,-,-,,,-,-,,,-,-,,,-,-,,,,204
Transport,Transport,Gauteng,Programme 4: Transport Regulation ,Sub-Programme 4.3: Law Enforcement,Quarterly,Number of schools involved in road safety education,Standardized,Not  Applicable,Priority 2: Economic Transformation And Job Creation,-,"The Economic Sectors, Employment and Infrastructure Development cluster",0,0,0,0,0,0,0,0,0,0,0,-,-,,,-,-,,,-,-,,,-,-,,,-,-,,,,204
Transport,Transport,Gauteng,Programme 4: Transport Regulation ,Sub-Programme 4.3: Law Enforcement,Quarterly,Number of speed operations conducted,Standardized,Not  Applicable,Priority 2: Economic Transformation And Job Creation,-,"The Economic Sectors, Employment and Infrastructure Development cluster",0,0,0,0,0,0,0,0,0,0,0,-,-,,,-,-,,,-,-,,,-,-,,,-,-,,,,204
Transport,Transport,Gauteng,Programme 4: Transport Regulation ,Sub-Programme 4.3: Law Enforcement,Quarterly,Number of vehicles stopped and checked,Standardized,Not  Applicable,Priority 2: Economic Transformation And Job Creation,-,"The Economic Sectors, Employment and Infrastructure Development cluster",0,0,0,0,0,0,0,0,0,0,0,-,-,,,-,-,,,-,-,,,-,-,,,-,-,,,,204
Transport,Transport,Gauteng,Programme 4: Transport Regulation ,Sub-Programme 4.3: Law Enforcement,Quarterly,Number of vehicles weighed,Standardized,Not  Applicable,Priority 2: Economic Transformation And Job Creation,-,"The Economic Sectors, Employment and Infrastructure Development cluster",0,0,0,0,0,0,0,0,0,0,0,-,-,,,-,-,,,-,-,,,-,-,,,-,-,,,,204
Transport,Transport,Gauteng,Programme 5: Community Based Programmes,Sub-Programme 5.4: EPWP Coordination and Monitoring,Quarterly,Number of EPWP work opportunities created,Non-Standardized,Not  Applicable,Priority 2: Economic Transformation And Job Creation,"Economy, Jobs and Infrastructure ","The Economic Sectors, Employment and Infrastructure Development cluster",2690,5444,3780,,4430,"5, 595",5110,"5, 959",5110,5444,5959,"Additional 849 work opportunities were created due to additional road maintenance, upgrading and rehabilitation work.",-,,"5, 110","Additional 2, 754 work opportunities created in Preventative Maintenance projects to improve road infrastructure",-,,,,,,,"Additional 1, 165 work opportunities were created on preventative maintenance projects to improve road infrastructure.",-,,,Additional 849 work opportunities were created due to additional road maintenance works to improve road infrastructure.,-,,,,204
Transport,Transport,Gauteng,Programme 5: Community Based Programmes,Sub-Programme 5.4: EPWP Coordination and Monitoring,Quarterly,Number of EPWP work opportunities created in construction projects.,Non-Standardized,Not  Applicable,Priority 2: Economic Transformation And Job Creation,"Economy, Jobs and Infrastructure ","The Economic Sectors, Employment and Infrastructure Development cluster",150,110,230,110,330,-,410,,410,110,110,The target was revised and combined in a consolidated EPWP target.,"The target was revised due to delays in the procurement process of the following projects (K155, K50 and D1814).",,,"40 work opportunities were not created, due to the delays in the awarding of D1814 and R82 (terminated) projects as a result of the prolonged procurement process.","The Department to award the project in Quarter 2, 2024/25.",,,120 Work opportunities in construction projects were not created due to delays in awarding of D1814 and the termination of the Professional Service Provider (PSP) at R82.,"The Department has awarded R82 in August and K50 in September 2024 and recommended D1814 for awarding in Quarter 3, 2024/25.
The outstanding work opportunities (120) will be created in Quarter 4, 2024/25 after the social facilitation in Quarter 3, for the new projects has been completed.",,,-,-,,,,,,,,204
Transport,Transport,Gauteng,Programme 5: Community Based Programmes,Sub-Programme 5.4: EPWP Coordination and Monitoring,Quarterly,Number of EPWP work opportunities created on Preventative Maintenance projects.,Non-Standardized,Not  Applicable,Priority 2: Economic Transformation And Job Creation,"Economy, Jobs and Infrastructure ","The Economic Sectors, Employment and Infrastructure Development cluster",2500,5294,3500,"5, 361",4000,-,4500,,4500,5294,5361,The target was revised and combined in a consolidated EPWP target,The indicator was revised to align with the EPWP Preventative Maintenance Program.,,,"Additional 2, 794 work opportunities created in Preventative Maintenance projects to improve road infrastructure. ",-,,,"Additional 1, 861 work opportunities were created in Preventative maintenance to improve road infrastructure and road safety.",-,,,-,-,,,,,,,,204
Transport,Transport,Gauteng,Programme 5: Community Based Programmes,Sub-Programme 5.4: EPWP Coordination and Monitoring,Quarterly,Number of EPWP work opportunities created on road rehabilitation projects.,Non-Standardized,Not  Applicable,Priority 2: Economic Transformation And Job Creation,"Economy, Jobs and Infrastructure ","The Economic Sectors, Employment and Infrastructure Development cluster",40,40,90,52,140,-,200,,200,40,52,The target was revised and combined in a consolidated EPWP target.,The target was revised due to delays in the procurement process of P73/1,,,-,-,,,38 Work opportunities were not created in road rehabilitation projects as a result of underperformance by the BMS 1 contractor which resulted in fewer jobs created.,"The Department has awarded P73 project in Quarter 2, 2024/25.
The awarded P73 project will provide the outstanding work opportunities in Quarter 3, 2024/25.
",,,-,-,,,,,,,,204
Transport,Transport,Gauteng,Programme 5: Community Based Programmes,Sub-Programme 5.4: EPWP Coordination and Monitoring,Quarterly,Number of persons with disabilities employed,Standardized,Not  Applicable,Priority 2: Economic Transformation And Job Creation,-,"The Economic Sectors, Employment and Infrastructure Development cluster",13,20,16,22,19,,21,,21,0,22,"Additional 1 person with disability employed due to additional road maintenance, upgrading and rehabilitation work.",-,,,Additional 7 persons with disabilities employed in Preventative Maintenance projects to improve road infrastructure. ,-,the indicator reworded differently from the one in the APP,,Additional 6 persons with disabilities were employed in Preventative maintenance to improve road infrastructure and road safety.,-,,,-,-,,,,,,,,204
Transport,Transport,Gauteng,Programme 5: Community Based Programmes,Sub-Programme 5.4: EPWP Coordination and Monitoring,Quarterly,Number of persons with disabilities employed through the implementation of EPWP principles in construction projects.,Non-Standardized,Not  Applicable,Priority 2: Economic Transformation And Job Creation,"Economy, Jobs and Infrastructure ","The Economic Sectors, Employment and Infrastructure Development cluster",2,2,3,3,6,-,8,,8,2,3,The target was revised and combined in a consolidated EPWP target.,"The target was revised due to delays in the procurement process of the following projects (K155, K50 and D1814).",,,-,-,,,-,-,,,-,-,,,,,,,,204
Transport,Transport,Gauteng,Programme 5: Community Based Programmes,Sub-Programme 5.4: EPWP Coordination and Monitoring,Quarterly,Number of persons with disabilities employed through the implementation of EPWP principles in Preventative Maintenance projects.,Non-Standardized,Not  Applicable,Priority 2: Economic Transformation And Job Creation,"Economy, Jobs and Infrastructure ","The Economic Sectors, Employment and Infrastructure Development cluster",10,17,10,17,10,-,10,,10,17,17,The target was revised and combined in a consolidated EPWP target,The indicator was revised to align with the EPWP Preventative Maintenance Program.,,,Additional 7 persons with disabilities employed in Preventative Maintenance projects to improve road infrastructure.,,,,Additional 7 persons with disabilities were employed in Preventative Maintenance projects to improve road infrastructure and road safety.,-,,,-,-,,,,,,,,204
Transport,Transport,Gauteng,Programme 5: Community Based Programmes,Sub-Programme 5.4: EPWP Coordination and Monitoring,Quarterly,Number of persons with disabilities employed through the implementation of EPWP principles in rehabilitation projects.,Non-Standardized,Not  Applicable,Priority 2: Economic Transformation And Job Creation,"Economy, Jobs and Infrastructure ","The Economic Sectors, Employment and Infrastructure Development cluster",1,1,3,2,3,-,3,,3,1,2,The target was revised and combined in a consolidated EPWP target,The target was revised due to delays in the procurement process of P73/1,,,-,-,,,1 Person with disability was not employed in road rehabilitation projects as a result of underperformance by the BMS 1 contractor which resulted in fewer jobs created.,"The Department has awarded P73 project in Quarter 2, 2024/25.
The awarded P73 project will provide the outstanding work opportunities in Quarter 3, 2024/25.
",,,-,-,,,,,,,,204
Transport,Transport,Gauteng,Programme 5: Community Based Programmes,Sub-Programme 5.4: EPWP Coordination and Monitoring,Quarterly,Number of persons with disabilities employed through the implementation of EPWP principles. ,Non-Standardized,Not  Applicable,Priority 2: Economic Transformation And Job Creation,"Economy, Jobs and Infrastructure ","The Economic Sectors, Employment and Infrastructure Development cluster",13,20,14,,16,21,21,22,21,22,22,"Additional 1 person with disability employed due to additional road maintenance, upgrading and rehabilitation work.",-,,21,Additional 7 persons with disabilities employed in Preventative Maintenance projects to improve road infrastructure,-,,,,,,,Additional 5 Persons with disabilities were employed on preventative maintenance projects to improve road infrastructure.,-,,,Additional 1 person with disability employed due to additional road maintenance works to improve road infrastructure.,-,,,,204
Transport,Transport,Gauteng,Programme 5: Community Based Programmes,Sub-Programme 5.4: EPWP Coordination and Monitoring,Quarterly,Number of women employed,Standardized,Not  Applicable,Priority 2: Economic Transformation And Job Creation,-,"The Economic Sectors, Employment and Infrastructure Development cluster",1098,3470,1412,"3, 515",1697,-,1936,,1936,3470,3703,"Additional 1, 767 women employed due to additional road maintenance, upgrading and rehabilitation work.",-,,,"Additional 2, 372 women employed in Preventative Maintenance projects to improve road infrastructure.",-,the indicator reworded differently from the one in the APP,,"Additional 2, 103 women were employed in Preventative maintenance to improve road infrastructure and road safety",-,,,-,-,,,,,,,,204
Transport,Transport,Gauteng,Programme 5: Community Based Programmes,Sub-Programme 5.4: EPWP Coordination and Monitoring,Quarterly,Number of women employed through the implementation of EPWP principles in construction projects.,Non-Standardized,Not  Applicable,Priority 2: Economic Transformation And Job Creation,"Economy, Jobs and Infrastructure ","The Economic Sectors, Employment and Infrastructure Development cluster",83,42,127,42,182,-,226,,226,42,42,The target was revised and combined in a consolidated EPWP target.,"The target was revised due to delays in the procurement process of the following projects (K155, K50 and D1814).",,,41 Women were not employed due to the delays in the awarding of D1814 and R82 (terminated) projects as a result of the prolonged procurement process.,"The Department to award the project in Quarter 2, 2024/25.",,,85 Women could not be employed due to due to delays in awarding of D1814 and the termination of the Professional Service Provider (PSP) at R82.,"The Department has awarded R82 in August and K50 in September 2024 and recommended D1814 for awarding in Quarter 3, 2024/25.
The outstanding work opportunities (85) will be created in Quarter 4, 2024/25 after the social facilitation in Quarter 3, for the new projects has been completed.",,,-,-,,,,,,,,204
Transport,Transport,Gauteng,Programme 5: Community Based Programmes,Sub-Programme 5.4: EPWP Coordination and Monitoring,Quarterly,Number of women employed through the implementation of EPWP principles in Preventative Maintenance projects.,Non-Standardized,Not  Applicable,Priority 2: Economic Transformation And Job Creation,"Economy, Jobs and Infrastructure ","The Economic Sectors, Employment and Infrastructure Development cluster",1000,3413,1250,"3, 453",1450,-,1600,,1600,3413,3453,The target was revised and combined in a consolidated EPWP target,The indicator was revised to align with the EPWP Preventative Maintenance Program.,,,"Additional 2, 413 women employed in Preventative Maintenance projects to improve road infrastructure.",,,,"Additional 2, 203 Youth were employed in Preventative Maintenance projects to improve road infrastructure and road safety.",-,,,-,-,,,,,,,,204
Transport,Transport,Gauteng,Programme 5: Community Based Programmes,Sub-Programme 5.4: EPWP Coordination and Monitoring,Quarterly,Number of women employed through the implementation of EPWP principles in rehabilitation projects.,Non-Standardized,Not  Applicable,Priority 2: Economic Transformation And Job Creation,"Economy, Jobs and Infrastructure ","The Economic Sectors, Employment and Infrastructure Development cluster",15,15,35,20,65,-,110,,110,15,20,The target was revised and combined in a consolidated EPWP target.,The target was revised due to delays in the procurement process of P73/1,,,-,-,,,15 Women were not employed in road rehabilitation projects as a result of underperformance by the BMS 1 contractor which resulted in fewer jobs created.,"The Department has awarded P73 project in Quarter 2, 2024/25.
The awarded P73 project will provide the outstanding work opportunities in Quarter 3, 2024/25.
",,,-,-,,,,,,,,204
Transport,Transport,Gauteng,Programme 5: Community Based Programmes,Sub-Programme 5.4: EPWP Coordination and Monitoring,Quarterly,Number of women employed through the implementation of EPWP principles. ,Non-Standardized,Not  Applicable,Priority 2: Economic Transformation And Job Creation,"Economy, Jobs and Infrastructure ","The Economic Sectors, Employment and Infrastructure Development cluster",1098,3470,1375,,1625,"3, 549",1936,"3, 703",1936,3470,3703,"Additional 1, 767 women employed due to additional road maintenance, upgrading and rehabilitation work",-,,"1, 936","Additional 2, 372 women employed in Preventative Maintenance projects to improve road infrastructure",-,,,,,,,"Additional 1, 924 women were employed on preventative maintenance projects to improve road infrastructure.",-,,,"Additional 1, 767 women employed due to additional road maintenance works to improve road infrastructure.",-,,,,204
Transport,Transport,Gauteng,Programme 5: Community Based Programmes,Sub-Programme 5.4: EPWP Coordination and Monitoring,Quarterly,Number of work opportunities created,Standardized,Not  Applicable,Priority 2: Economic Transformation And Job Creation,-,"The Economic Sectors, Employment and Infrastructure Development cluster",2690,5444,3820,"5, 523",4470,-,5110,,5110,5444,5959,"Additional 849 work opportunities were created due to additional road maintenance, upgrading and rehabilitation work.",-,,,"Additional 2, 754 work opportunities created in Preventative Maintenance projects to improve road infrastructure. ",-,the indicator reworded differently from the one in the APP,,"Additional 1, 703 work opportunities created in Preventative maintenance to improve road infrastructure and road safety.",-,,,-,-,,,,,,,,204
Transport,Transport,Gauteng,Programme 5: Community Based Programmes,Sub-Programme 5.4: EPWP Coordination and Monitoring,Quarterly,Number of Youth employed (18-35) employed through the implementation of EPWP principles in construction projects.,Non-Standardized,Not  Applicable,Priority 2: Economic Transformation And Job Creation,"Economy, Jobs and Infrastructure ","The Economic Sectors, Employment and Infrastructure Development cluster",83,45,127,45,182,-,226,,226,45,45,The target was revised and combined in a consolidated EPWP target.,"The target was revised due to delays in the procurement process of the following projects (K155, K50 and D1814).",,,38 Youth were not employed due to the delays in the awarding of D1814 and R82 (terminated) projects as a result of the prolonged procurement process.,"The Department to award the project in Quarter 2, 2024/25.",,,82 Youth could not be employed due to due to delays in awarding of D1814 and the termination of the Professional Service Provider (PSP) at R82.,"The Department has awarded R82 in August and K50 in September 2024 and recommended D1814 for awarding in Quarter 3, 2024/25.
The outstanding work opportunities (82) will be created in Quarter 4, 2024/25 after the social facilitation in Quarter 3, for the new projects has been completed.",,,-,-,,,,,,,,204
Transport,Transport,Gauteng,Programme 5: Community Based Programmes,Sub-Programme 5.4: EPWP Coordination and Monitoring,Quarterly,Number of Youth employed (18-35) through the implementation of EPWP principles in Preventative Maintenance projects.,Non-Standardized,Not  Applicable,Priority 2: Economic Transformation And Job Creation,"Economy, Jobs and Infrastructure ","The Economic Sectors, Employment and Infrastructure Development cluster",1800,3079,2300,"3, 118",2650,-,3000,,3000,3079,3118,The target was revised and combined in a consolidated EPWP target,The indicator was revised to align with the EPWP Preventative Maintenance Program.,,,"Additional 1,279 Youth employed in Preventative Maintenance projects to improve road infrastructure. ",,,,Additional 818 Youth were employed in Preventative Maintenance projects to improve road infrastructure and road safety. ,-,,,-,-,,,,,,,,204
Transport,Transport,Gauteng,Programme 5: Community Based Programmes,Sub-Programme 5.4: EPWP Coordination and Monitoring,Quarterly,Number of Youth employed (18-35) through the implementation of EPWP principles in rehabilitation projects.,Non-Standardized,Not  Applicable,Priority 2: Economic Transformation And Job Creation,"Economy, Jobs and Infrastructure ","The Economic Sectors, Employment and Infrastructure Development cluster",15,15,45,24,95,-,110,,110,15,24,The target was revised and combined in a consolidated EPWP target.,The target was revised due to delays in the procurement process of P73/1,,,-,-,,,21 Youth were not employed in road rehabilitation projects as a result of underperformance by the BMS 1 contractor which resulted in fewer jobs created.,"The Department has awarded P73 project in Quarter 2, 2024/25.
The awarded P73 project will provide the outstanding work opportunities in Quarter 3, 2024/25.
",,,-,-,,,,,,,,204
Transport,Transport,Gauteng,Programme 5: Community Based Programmes,Sub-Programme 5.4: EPWP Coordination and Monitoring,Quarterly,Number of Youth employed (18-35) through the implementation of EPWP principles. ,Non-Standardized,Not  Applicable,Priority 2: Economic Transformation And Job Creation,"Economy, Jobs and Infrastructure ","The Economic Sectors, Employment and Infrastructure Development cluster",1898,3139,2440,,2875,"3, 233",3336,"3, 459",3336,3139,3459,"Additional 123 Youth employed due to additional road maintenance, upgrading and rehabilitation work.",-,,"3, 336"," Additional 1, 241 youth employed in Preventative Maintenance projects to improve road infrastructure",-,,,,,,,Additional 358 Youth were employed on preventative maintenance projects to improve road infrastructure. ,-,,,Additional 123 Youth employed due to additional road maintenance works to improve road infrastructure.,-,,,,204
Transport,Transport,Gauteng,Programme 5: Community Based Programmes,Sub-Programme 5.4: EPWP Coordination and Monitoring,Quarterly,Number of youths employed (18 – 35),Standardized,Not  Applicable,Priority 2: Economic Transformation And Job Creation,-,"The Economic Sectors, Employment and Infrastructure Development cluster",1898,3139,2472,"3, 187",2927,-,3336,,3336,3139,3459,"Additional 123 Youth employed due to additional road maintenance, upgrading and rehabilitation work.",-,,," Additional 1, 241 youth employed in Preventative Maintenance projects to improve road infrastructure.",-,the indicator reworded differently from the one in the APP,,Additional 715 youth were employed in Preventative maintenance to improve road infrastructure and road safety.,-,,,-,-,,,,,,,,204
