Sector,Institution,Programme,SubProgramme,Location,Frequency,Indicator,Type,SubType,Outcome,Cluster,Target_Q1,ActualOutput_Q1,Target_Q2,ActualOutput_Q2,Target_Q3,ActualOutput_Q3,Target_Q4,ActualOutput_Q4,AnnualTarget_Summary2,Preliminary_Summary2,PrelimaryAudited_Summary2,ReasonforDeviation_Summary,CorrectiveAction_Summary,ValidatedAudited_Summary2,ReasonforDeviation_Q1,CorrectiveAction_Q1,ReasonforDeviation_Q2,CorrectiveAction_Q2,ReasonforDeviation_Q3,CorrectiveAction_Q3,ReasonforDeviation_Q4,CorrectiveAction_Q4,UID
,"Agriculture, Land Reform and Rural Development",National,Programme  1: Administration ,Financial Management Services,Annually,1.1.1 Unqualified audit opinion,Non-Standardized,Not  Applicable,"Responsive, accountable, effective and efficient local government",Governance and Administration cluster,,,,,,,,,Unqualified audit opinion on 2021/22 annual financial statements ,,Qualified audit opinion on 2021/2022 annual financial statements was obtained, The qualified audit opinion was because of inadequate audit evidence as proof of delivery of the goods to the intended beneficiaries of the Presidential Employment Stimulus Initiative,Implementation  action plans to address the root causes of the internal control deficiencies identified in a timely manner,"Qualified
audit
opinion on
2021/2022
annual
financial
statements
was
obtained",,,,,,,,,115
,"Agriculture, Land Reform and Rural Development",National,Programme 1: Administration,Financial Management Services,Quarterly,1.2.1 Percentage of valid invoices paid within 30 days upon receipt by the department,Non-Standardized,Not  Applicable,"An efficient, effective and development-oriented public service",Governance and Administration cluster,100 %,97 %,100 %,99% %,100 %,96% %,100 %,94% %,100 %,97 %,94,Errors in invoices   delayed  payments.,,94,"Delays is submission of invoices for processing.
","Weekly monitoring of payments at hand. Circular 28 of 2022: Effecting payments within thirty (30) days from receipt of an invoice as required in terms of TR 8.2.3 was issued through Internal Communications on 25 March 2022 to sensitize the importance of invoices being within 30 days. 
","
Incomplete documents","
Nodal point established in all offices to ensure that invoices are recorded and monitored.
","Delayed submission of invoices to Finance
Client offices delayed in returning invoices for processing
Disputed invoices
","Awareness on payment of invoices within 30 days will be republished on Departments' ICM
","Invoices were delayed in client offices. 
Invoice had an incorrect billing as insurance was charged 
Proof of three quotations not attached 
Payments were awaiting approval by manager. 
LOGIS Re-issue 
Vodacom sent invoices using different email address 	
","Awareness on payment of invoices within 30 days will be republished on Departments' ICM.
",115
,"Agriculture, Land Reform and Rural Development",National,"Programme 2: Agricultural Production, Biosecurity and Natural Resources Management",Animal Production and Health,Annually,3.2.1 Percentage of eligible veterinarians employed under the Compulsory Community Service Programme,Non-Standardized,Not  Applicable,Decent employment through inclusive growth,"The Economic Sectors, Employment and Infrastructure Development cluster",,,,,,,,,90 eligible veterinarians employed under the CCS Programme,,93.4%,"Additional resources that became available made it possible to employ more than anticipated, hence a 100% achievement
",N/A,93.4%,,,,,,,,,115
,"Agriculture, Land Reform and Rural Development",National,"Programme 2: Agricultural Production, Biosecurity and Natural Resources Management",Animal Production and Health,Quarterly,3.1.2 Number of animal disease risk surveillance conducted,Non-Standardized,Not  Applicable,"Vibrant, equitable, sustainable rural communities contributing towards food security for all","The Social Protection, Community and Human Development cluster","3 animal disease risk surveillances conducted (CBPP, PPR and FMD)",":  Reports on 3 animal disease risk surveillances conducted were compiled.

","3 animal disease risk surveillances conducted (CBPP, PPR and FMD)","3 animal disease risk surveillances have been conducted 
","3 animal disease risk surveillances conducted (CBPP, PPR and FMD)","3 animal disease risk surveillances have been conducted 
","3 animal disease risk surveillances conducted (CBPP, PPR and FMD)","animal disease risk surveillances have been conducted 
","3 animal disease risk surveillances conducted (CBPP, PPR and FMD)",-,"3 animal disease risk surveillances have been conducted (CBPP, PPR and FMD)",N/A,N/A,"3 animal
disease risk
surveillance
s have
been
conducted
(CBPP;
PPR; FMD)",N/A,N/A,N/A,N/A,N/A,N/A,N/a,N/a,115
,"Agriculture, Land Reform and Rural Development",National,"Programme 2: Agricultural Production, Biosecurity and Natural Resources Management",Inspection and Quarantine Services,Quarterly,2.4.1 Number of regulations approved by the Minister ,Non-Standardized,Not  Applicable,"An efficient, effective and development-oriented public service",Governance and Administration cluster,Consultations on the draft Agricultural Remedies Regulation,"Consultation on the draft Agricultural Remedies regulation were conducted with different stakeholders including the departmental legal service

",Final draft-Agricultural Remedies Regulation developed,"Final draft Agricultural Remedies Regulation is not developed.The process of compiling the Socio-Economic Impact Assessment System Report is in progress. 

",1 (Agricultural Remedies Regulation),"Feedback on the SEIAS report has been received from the DPME 
",-,-,1 (Agricultural Remedies Regulation),-,1 Agricultural Remedies Regulations developed was not completed and at a draft stage at the end of period under review,The SEIAS process was still not finalised by the end of 2022/23 financial year to allow for further processing,N/A,"1
Agricultural
remedies
regulation
was
developed
and was at
a draft
stage at the
end of
period
under
review",N/A,N/A,The SEIAS(Socio-Economic Impact Assessment System) has not yet been concluded and took longer than anticipated.  The SEIAS report is a requirement towards development of regulation,The process will be fast tracked for SEIAS certificate to be obtained to get the target on track so that the annual target can still be achieved,"The SEIAS process is  still in progress (1 (Agricultural Remedies Regulation) to inform the final regulation


","SEIAS issues are being considered to be  addressed to in the final regulation before being taken through for approval.

",-,-,115
,"Agriculture, Land Reform and Rural Development",National,"Programme 2: Agricultural Production, Biosecurity and Natural Resources Management",Inspection and Quarantine Services,Quarterly,3.3.1  Number of provincial agricultural biosecurity coordinating structures established,Non-Standardized,Not  Applicable,"An efficient, effective and development-oriented public service",Governance and Administration cluster,-,-,Final draft ToRs developed,"Final Draft TOR’s have been developed
",Final draft ToRs submitted to MINTECH for approval,"Final draft ToRs were  submitted to MINTECH for approval 
",9 provincial agricultural biosecurity coordinating structures established,"9 provincial agricultural biosecurity coordinating structures were established
",9 provincial agricultural biosecurity coordinating structures established,-,9 provincial agricultural biosecurity coordinating structures were established,N/A,N/A,"9 provincial
agricultural
biosecurity
coordinatin
g structures
were
established",N/A,N/A,N/A,N/A,N/A,N/A,N/a,N/a,115
,"Agriculture, Land Reform and Rural Development",National,"Programme 2: Agricultural Production, Biosecurity and Natural Resources Management",Inspection and Quarantine Services,Quarterly,3.4.1 Percentage of export protocols for phytosanitary requirements implemented,Non-Standardized,Not  Applicable,"An efficient, competitive and responsive economic infrastructure network","International Cooperation, Trade and Security cluster",98% export protocols for phytosanitary requirements implemented,"99.96% of export protocols for phytosanitary requirements were implemented.

",98% export protocols for phytosanitary requirements implemented,"100% of export protocols for phytosanitary requirements were implemented.
",98% export protocols for phytosanitary requirements implemented,"100% of export protocols for phytosanitary requirements were implemented
",98% export protocols for phytosanitary requirements implemented,"100% export protocols for phytosanitary requirements implemented
",98% export protocols for phytosanitary requirements implemented,-,99.95% export protocols for phytosanitary requirements were implemented,The targeted phytosanitary requirements were implemented within shorter turn-around time of 2 days and this led to extra time to do bit more than initially planned,N/A,"99,95%
export
protocols
for
phytosanita
ry
requirement
s
implemente
d","DIS was able to certify 1.96% more than the set target of 98%. The officials were able to process the applications quicker and faster ahead of the turn around time of 2 days.

",N/A,"The client submitted all their consignment within the required timelines. 
",N/A,"The 2% variance on the export protocols was due to a quicker turn around time for processing of phytosanitary certificate which led to more being processed.
",N/A,"The certifications were ahead of the 2 days turnaround time of the phytosanitary certificates process
",N/a,115
,"Agriculture, Land Reform and Rural Development",National,"Programme 2: Agricultural Production, Biosecurity and Natural Resources Management",Natural Resources and Disaster Management,Quarterly,2.3.1 Number of provinces with delineated protected agricultural areas (PAAs),Non-Standardized,Not  Applicable,"Vibrant, equitable, sustainable rural communities contributing towards food security for all","The Social Protection, Community and Human Development cluster",Spatial delineation - FS,"Report on spatial delineation including the map was compiled.

","Spatial delineation-EC and NC

Consultation-FS","Spatial delineation on EC and NC has been done.
Consultation with FS was also done.
","Spatial delineation-WC

Consultation-EC and NC","Spatial delineation on WC and consultations with EC and NC were done

","Consultations-WC

4 provinces with delineated PAAs (FS,EC,NC and WC)","Consultations with  WC and  4 provinces with delineation  PAAs (FS, EC,NC and WC) were done
","4 provinces with delineated protected agricultural areas (FS, EC, NC and WC)",-,"4 provinces (FS, EC, NC, and WC) with delineated protected agricultural areas (PAAs) were completed",N/A,N/A,"4 provinces
with
delineated
PAAs were
completed
(FS, EC,
NC, and
WC)",N/A,N/A,N/A,N/A,N/A,N/A,N/a,N/a,115
,"Agriculture, Land Reform and Rural Development",National,"Programme 2: Agricultural Production, Biosecurity and Natural Resources Management",Natural Resources and Disaster Management,Quarterly,3.5.1 Number of adaptation strategies developed under the Climate Change Crop-Suitability Research Programme,Non-Standardized,Not  Applicable,Protect and enhance our environmental assets and natural resources,"The Social Protection, Community and Human Development cluster",0,0,2,"2 adaptation strategies were developed under the Climate Change Crop-Suitability Research.
",2,"2 (KZN and FS) adaptation strategies were developed under the Climate Change Crop-Suitability Research
",0,-,4,0,4,N/A,N/A,4,N/A,N/A,N/A,N/A,N/A,N/A,-,-,115
,"Agriculture, Land Reform and Rural Development",National,"Programme 2: Agricultural Production, Biosecurity and Natural Resources Management",Natural Resources and Disaster Management,Quarterly,3.5.2 Number of  subsistence producers supported with integrated bioenergy (biogas) technology ,Non-Standardized,Not  Applicable,"Vibrant, equitable, sustainable rural communities contributing towards food security for all","The Social Protection, Community and Human Development cluster",4,4,5,"5 Subsistence producers were supported with integrated bioenergy(biogas) technology 
",5,"5 Subsistence producers were supported with integrated bioenergy (biogas) technology 
",4,4,18,4,18,N/A,N/A,18,N/A,N/A,N/A,N/A,N/A,N/A,N/a,N/a,115
,"Agriculture, Land Reform and Rural Development",National,"Programme 2: Agricultural Production, Biosecurity and Natural Resources Management",Plant Production and Health,Annually,2.1.1 Number of new plant varieties registered,Non-Standardized,Not  Applicable,"Vibrant, equitable, sustainable rural communities contributing towards food security for all","The Social Protection, Community and Human Development cluster",,,,,,,,,200,,317,Unsuccessful trials were replanted during the 2022/23 financial year and presented the need to register additional varieties,N/a,317,,,,,,,,,115
,"Agriculture, Land Reform and Rural Development",National,"Programme 2: Agricultural Production, Biosecurity and Natural Resources Management",Plant Production and Health,Annually,3.6.1 Number of  new GMO events approved ,Non-Standardized,Not  Applicable,"Vibrant, equitable, sustainable rural communities contributing towards food security for all","The Social Protection, Community and Human Development cluster",,,,,,,,,10,,10,N/a,N/a,10,,,,,,,,,115
,"Agriculture, Land Reform and Rural Development",National,"Programme 2: Agricultural Production, Biosecurity and Natural Resources Management",Plant Production and Health,Quarterly,2.2.1 Cannabis Master Plan implemented,Non-Standardized,Not  Applicable,Priority 2: Economic Transformation And Job Creation,"The Economic Sectors, Employment and Infrastructure Development cluster",Quarterly progress report on implementation of Cannabis Master Plan,"Quarterly progress report on the implementation of Cannabis Masterplan was compiled

",Quarterly progress report on implementation of Cannabis Master Plan,"Quarterly progress report on the implementation of Cannabis Masterplan was compiled
",Quarterly progress report on implementation of Cannabis Master Plan,"Quarterly progress report on implementation of Cannabis Masterplan was developed

", Annual report on implementation of Cannabis Master Plan developed,"Annual report on implementation of Cannabis Masterplan was developed
",Annual report on implementation of Cannabis Master Plan developed,-,Annual report on implementation of Cannabis Master Plan was developed,N/A,N/A,"Annual
Report on
Implementa
tion of Cannabis
Master-
Plan was
developed",N/A,N/A,"N/A
","N/A
",N/A,N/A,N/a,N/a,115
,"Agriculture, Land Reform and Rural Development",National,"Programme 2: Agricultural Production, Biosecurity and Natural Resources Management",Plant Production and Health,Quarterly,3.1.1  Number of plant pest risk surveillances conducted,Non-Standardized,Not  Applicable,"Vibrant, equitable, sustainable rural communities contributing towards food security for all","The Social Protection, Community and Human Development cluster",3 plant pest risk surveillances conducted (Exotic fruit fly; Citrus greening survey; and Banana bunchy top virus),"Report on 3 plant pest risk surveillances conducted (Exotic fruit fly; Citrus greening survey; and Banana bunchy top virus) was compiled

",3 plant pest risk surveillances conducted (Exotic fruit fly; Citrus greening survey; and Banana bunchy top virus),"3 plant pest risk surveillances have been conducted (Exotic fruit fly; Citrus greening survey; and Banana bunchy top virus) 
",3 plant pest risk surveillances conducted (Exotic fruit fly; Citrus greening survey; and Banana bunchy top virus),"3 plant pest risk surveillances have been conducted (Exotic fruit fly; Citrus greening survey; and Banana bunchy top virus) and a report was compiled
",3 plant pest risk surveillances conducted (Exotic fruit fly; Citrus greening survey; and Banana bunchy top virus),"3 plant pest risk surveillances have been conducted (Exotic fruit fly; Citrus greening survey; and Banana bunchy top virus) 
",3 plant pest risk surveillances conducted (Exotic fruit fly; Citrus greening survey; and Banana bunchy top virus),-,3 plant pest risk surveillances have been conducted (Exotic fruit fly; Citrus greening survey; and Banana bunchy top virus) and report was compiled,N/A,N/A,"3 plant
pest risk
surveillance
s were conducted
(Exotic fruit
fly; Citrus
greening
survey; and
Banana Bunchy Top Virus (BBTV))",N/A,N/A,"N/A
","N/A
",N/A,N/A,N/a,N/a,115
,"Agriculture, Land Reform and Rural Development",National,"Programme 3: Food Security, Land Reform and Restitution",Food Security,Annually,5.2.1 Number of new students enrolled at agricultural training institutes,Non-Standardized,Not  Applicable,"Priority 3: Education, Skills And Health","The Social Protection, Community and Human Development cluster",,,,,,,,,800,,961,"Colleges opted to reconsider their admission targets due to high number of applications received

",None ,961,,,,,,,,,115
,"Agriculture, Land Reform and Rural Development",National,"Programme 3: Food Security, Land Reform and Restitution",Food Security,Quarterly,5.1.1 Number of extension personnel recruited,Non-Standardized,Not  Applicable,Priority 2: Economic Transformation And Job Creation,"The Economic Sectors, Employment and Infrastructure Development cluster",0,0,2500,0,2500,"0 
",0,0,5000,0,3566,The target was overachieved due to a need to strengthen support to CPAs that was highly prioritised by the political principals and this pushed for more aggressive campaigns that led to more members of CPAs showing interested and attending training sessions.,,3566,N/A,N/A,"The employment of 10 000 Extension Practitioners is an unfunded mandate, thus no dedicated funds to implement. Attempts to reprioritize funds internally were not successful. 
","4537 AAPs to be appointed in Q4 from the Departmental Savings . Facilitate approval for virement of funds from Households to recruitment of Extension Practitioners. Business case for the employment of 10 000 Extension Practitioners  developed. Request for funding tabled at EXCO, Departmental Budget Committee, National Treasury and Parliament (for MTEF & internal budget reprioritization).

","A total of 742 appointment letters was received. However, HR is currently capturing about 4 346 Extension personnel who resumed duty on 03 January 2023. These numbers are not accounted for in the output  because validation process  for correctness and validity  while been captured in the persal system is in progress. 
","Once validation and capturing in the persal is concluded, the total number recruited  will then be reported  in the reporting cycle for Q4.
",N/A,N/A,115
,"Agriculture, Land Reform and Rural Development",National,"Programme 3: Food Security, Land Reform and Restitution",Land Redistribution and Tenure Reform,Quarterly,4.1.1 Number of communal property associations (CPAs) members trained on governance ,Non-Standardized,Not  Applicable,"Priority 5: Spatial Integration, Human Settlements and Local Government","The Social Protection, Community and Human Development cluster",97,783,198,1022,160,828,130,415,585,3048,3064,The target was overachieved due to a need to strengthen support to CPAs that was highly prioritised by the political principals and this pushed for more aggressive campaigns that led to more members of CPAs showing interested and attending training ,N/A,3064,"The target was overachieved due to the interest on training that has been shown by members of CPAs across the country after Ministerial oversight visits by Minister and Deputy Ministers.
 
","None except to monitor progress since the APP target has been achieved and the AOP performance report will account to the additional achievements on this indicator.

","The target was overachieved as a result of the campaign by the Branch to provide training of all new members of CPA governance and compliance with the Act and this was triggered CPA oversight visits by Minister and Deputy Ministers. 

","None except to monitor progress since the APP target has been achieved and the AOP performance report will account to the additional achievements on this indicator accordingly.

","The target was overachieved due to the interest on training that has been shown by members of CPAs across the country after Ministerial oversight visits and the interest of CPA members to develop management capacity within the association. 

","None except to monitor progress since the APP target has been achieved.
","The target was overachieved due to the interest on training that has been shown by members of CPAs across the country after Ministerial oversight visits and the interest of CPA members to develop management capacity within the association.
",None ,115
,"Agriculture, Land Reform and Rural Development",National,"Programme 3: Food Security, Land Reform and Restitution",Land Redistribution and Tenure Reform,Quarterly,5.3.1 Number of farms supported through the Land Development Support Programme ,Non-Standardized,Not  Applicable,"Vibrant, equitable, sustainable rural communities contributing towards food security for all","The Social Protection, Community and Human Development cluster",17,6,30,30,24,24,12,26,83,86,83,N/A,N/A,83,"Invoices submitted by Commodity Organizations not compliant  thus causing the delays.  Challenges of sourcing goods and services in line with approved budget because of price escalations.
","PSSCs are to immediately advise suppliers on the standards required on invoices to ensure compliance.
Where there are price escalations which cannot be negotiated or accommodated within the approved budget, farmers are to be advised to deviate as per LDS Policy or where the interest has been generated the request to use such must be effected.
",N/A,N/A,N/A,N/A,"The acceleration of implementation as per the catch-up plan resulted in lot of recoveries been done on those not supported as planned in previous quarters. 
",None ,115
,"Agriculture, Land Reform and Rural Development",National,"Programme 3: Food Security, Land Reform and Restitution",Land Redistribution and Tenure Reform,Quarterly,5.4.1 Number of hectares acquired through Proactive Land Acquisition Strategy (PLAS) ,Non-Standardized,Not  Applicable,"Vibrant, equitable, sustainable rural communities contributing towards food security for all","The Economic Sectors, Employment and Infrastructure Development cluster",2437,13102.7218,12103,"2 206,1827
",10493,"11 541,3
",10149,"23 850,629
",35182,0,57009657,Target was exceeded due to bigger farms that were acquired in the Northern Cape and North-West. The farms acquired were bigger than targeted and there was budget moved for the acquisition.,N/A,507009657,"Farms that were projected to be transferred in the last financial year were carried over and transferred in the current reporting period.


","Monitor and Manage the APP/AOP Provincial Implementation plans by-weekly.
 
","Delays in finalization of valuations by the OVG impacted negatively on the acquisition of farms
Many landowners rejecting to accept the OVG offers.
","Monthly meetings with the OVG have been initiated in order to track valuations.

Bi-weekly performance monitoring meetings are being implemented, landowners have accepted land acquisition offers of 29443 hectares of which 14198 hectares have already been approved and are now at Conveyancing. 
","Target exceeded due to bigger farms that were acquired in the Northern Cape.

","
None. However, bi-weekly performance monitoring meetings will be continued to ensure that even in Q4 targets are achieved.","Target exceeded due to bigger farms that were acquired in the North West, Northern Cape and Western Cape
",None ,115
,"Agriculture, Land Reform and Rural Development",National,"Programme 3: Food Security, Land Reform and Restitution",Land Redistribution and Tenure Reform,Quarterly,5.4.2 Number of hectares acquired farm dwellers and/or labour tenants or ESTA occupiers,Non-Standardized,Not  Applicable,"Vibrant, equitable, sustainable rural communities contributing towards food security for all","The Economic Sectors, Employment and Infrastructure Development cluster",0,0,868,"689,4861
",2261,"328,4
",1871,"1 317,8737
",5000,"2335,7598",52700455,"Target exceeded due to bigger farms that were acquired in the North-West, Gauteng and Limpopo",N/A,52700455,N/A,N/A,"Delays in the appointment of conveyancers. Delays from OVG in issuing offers and delays from conveyancers. Declines of OVG offers by landowners . Delays on disposal of land acquired for labour tenants and Occupiers.
","There are properties that are already approved to meet the set target and land transfers will be expedited.

Improve turnaround time from OVG in finalizing valuations through Monthly meetings.

Bi-weekly performance monitoring meetings will be enhanced.  
","
Delays in finalization of valuations by the OVG impacted negatively on the acquisition of farms.
Many landowners rejecting the OVG land valuations.
Delays by Municipalities in terms of SPLUMA compliance.
","There are properties at the advance stage of acquisition and the process will be expedited.
Improve turnaround time from OVG in finalizing valuations through Monthly meetings.

","Delays in finalization of valuations by the OVG impacted negatively on the acquisition of farms.
Many landowners rejecting to accept the OVG offers. Turnaround time from SCM in Provinces for appointment of conveyancers remains a challenge. Delays in subdivisions approval by SPLUM Branch in Provinces.
Delays by Municipalities in terms of SPLUMA.
","Minimize dependencies in the projects targeted for acquisition
",115
,"Agriculture, Land Reform and Rural Development",National,"Programme 3: Food Security, Land Reform and Restitution",Land Redistribution and Tenure Reform,Quarterly,5.5.1 Number of hectares allocated,Non-Standardized,Not  Applicable,"Vibrant, equitable, sustainable rural communities contributing towards food security for all","The Economic Sectors, Employment and Infrastructure Development cluster",2530,3429.8178,12318,"13 332,1044

",7091,"2 631,3
",12104,"43170,9575
",34043,0,637647959,"Target exceeded due to allocations in North-West and Northern Cape who did not have targets but however . able to identify the farms for allocation

",N/A,637647959,"Properties that got delayed for allocation in Q4 of 2021/2022 financial year, were carried over to Q1 of 2022

","Monitor and Manage the APP/AOP Provincial Implementation plans by-weekly
","KZN province experienced delays in finalising allocations in Q1 and consequently under-achieved in Q1. Therefore, some of the allocations that were supposed to be finalised in Q1 had to be rolled over to Q1, thus leading to overachievement on Q2 targets. Furthermore, the NW province exceeded its target for Q2 due to the farm Brulpan that was previously invaded, and the province managed to have the invaders successfully evicted so that the allocation could proceed. The province had initially anticipated that the eviction would take longer and had, thus, not planned for allocation of this farm in Q2

","Monitor and manage the APP/ AOP Provincial Implementation plans bi-weekly.
","
Properties acquired late in the quarter could not be allocated within this period.
","Bi-weekly performance monitoring meetings will be intensified to ensure that these properties are allocated in Q4.
","Target exceeded due to allocations in North-West and Northern Cape. 

",None ,115
,"Agriculture, Land Reform and Rural Development",National,"Programme 3: Food Security, Land Reform and Restitution",Restitution,Quarterly,5.6.1 Number of  land claims settled,Non-Standardized,Not  Applicable,"Priority 5: Spatial Integration, Human Settlements and Local Government","The Social Protection, Community and Human Development cluster",48,35,79,67,108,53,101,199,336,354,355,"The settlement of projects with multiple claims i.e. Eastern Cape, Gauteng, KwaZulu-Natal, Limpopo, Mpumalanga , Northern Cape and Western Cape",N/A,355,Waiting for approval for the 2022/23 Standard Settlement Office (SSO) i.e. Gauteng and Limpopo and offers to be signed i.e. Eastern Cape,Gauteng earmarked 14 claims for settlement in Q2.Limpopo to amend offers and Section 42D submissions in line with the new approved SSO policy. Eastern Cape to translate offers into Section 42D submissions ,"Delays in acceptance of offers as well as rejection of offers i.e. Eastern Cape, Northern Cape. Delays with the finalisation of business processes i.e. KwaZulu-Natal.
","Continued review of progress and speedy identification of interventions.-Eastern Cape to translate approved offers into Section 42D submissions. KwaZulu-Natal to prioritise Section 42D submissions in Quarter 3 not routed in Quarter 2 . Northern Cape referred rejected offers to Court.
","Delays in getting valuation certificates from OVG i.e Kwa-Zulu Natal, Limpopo, North West & Western Cape. Delays in approval and acceptance of offers i.e Eastern Cape, Kwa-Zulu Natal and Mpumalanga. Delays in signing of Steelpoort Drift Research Report i.e Limpoo office. ",Relevant regional offices to liaise with OVG where valuation certificates are still outstanding. Offices to follow-up on outstanding Offers. Steepoort individual  land claims Section 42D for 38 claims submitted to national office & earmarked for presentation in QCC earmarked for 26 Jan 2023. Continue to review of progress and implementation of interventions in Q4.,"The over-achievement of 98 in Q4 is mainly due to the following:
Implementation of catch-up plans resulted in the settlement of additional claims in the period under review to address the Q1-Q3 backlogs.

Settlement of claims in Q4, earmarked for previous quarters.

The settlement of projects with multiple claims i.e. Eastern Cape, Gauteng, KwaZulu-Natal, Limpopo, Mpumalanga and Western Cape",N/A,115
,"Agriculture, Land Reform and Rural Development",National,"Programme 3: Food Security, Land Reform and Restitution",Restitution,Quarterly,5.6.2 Number of  land claims finalised,Non-Standardized,Not  Applicable,"Priority 5: Spatial Integration, Human Settlements and Local Government","The Social Protection, Community and Human Development cluster",58,80,83,61,130,91,101,187,372,419,429,"The over performance is attributed to the non-compliant claims which are planned for; however, no targets were set as the Commission would not be able to plan for when the final non-compliance letter would be signed.
",N/A,429,"The over achievement of 22 claims in Quarter 1 is mainly due to the 18 Steelpoortdrift Individual Land Claims finalised by the Limpopo office , 25 non-compliant claims finalised by the KwaZulu-Natal office and 14 claims finalised through the transfer of state land by the Western Cape office.",N/A,"Untraceable claimants and delays in processing claims for dismissals i.e. KwaZulu-Natal. Delays in processing of payments at National Office due to Network down time i.e. KwaZulu-Natal, Mpumalanga. -Claims targeted for Quarter 2 were finalised in Quarter 1 i.e. Western Cape. This relates to the finalisation of claims through transfer of state land as reported in Q1
","Payments and dismissals to be processed in Quarter 3 to address the Quarter 2 backlog. Adherence to quarterly targets 
","Untraceable claims and closed bank accounts of beneficiaries i.e Eastern Cape. Outstanding documents from claimants/beneficiaries is Eastern Cape and Gauteng. Delays with processing payments i.e Free State, Kwa-Zulu Natal & Mpumalanga. Properties prioritized for transfer not materializing due to State's Attorney additional requirements for the registration of the deeds i.e Western Cape. ","Payments and dismissals to be processed in Q4 by Eastern Cape, Free State, Gauteng, Kwa-Zulu Natal and Mpumalanga. Finalising the required documents for the state attorney by the western Cape Office for the delayed transfer to be processed in Q4. Continued review of progress and implementation of interventions in Q4 ","The over-achievement of 86 in Q4 is mainly due to the following:

Implementation of catch-up plans resulted in the finalisation of additional claims to address the Q2 and Q3 backlogs

40 claims finalised through non-compliance (i,e. Eastern Cape, Gauteng, KwaZulu Natal and Mpumalanga).

31 claims finalised through declaration of funds (i.e. Eastern Cape, Free State and Gauteng)",N/A,115
,"Agriculture, Land Reform and Rural Development",National,Programme 4: Rural Development,National Rural Youth Service Corps (NARYSEC),Quarterly,6.1.1 Number of NARYSEC youth trained,Non-Standardized,Not  Applicable,"Vibrant, equitable, sustainable rural communities contributing towards food security for all","The Social Protection, Community and Human Development cluster",52,207,253,204,107,1183,287,296,699,1890,2019,"Additional skills development interventions 
was provided to youth.  

Moreover, with provision of the Technical Indicator Description (TID), youth can be counted more than once as long as they received a different type of structured training programme or different type of training.",N/A,1079,"A total of 155 certificates were issued earlier than the envisioned turn-around times 
",,"The target variance of -49 youth trained in building & Civil Construction reflected in Q2 was achieved in Q1 as part of the overachievement of 155 issuance of training certificates review.
","he backlog/longstanding certificates will serve as a catch-up plan towards improving performance
",Target over-achieved due to the recruitment of new NARYSEC youth in July 2022 and these youth then being certified upon completion of their Youth Leadership Development Training and Enterprise Development Training.,N/A,Additional skills development was provided to youth. Youth completed the skills and were certified,N/A,115
,"Agriculture, Land Reform and Rural Development",National,Programme 4: Rural Development,Rural Infrastructure Development,Quarterly,6.2.1 Number of infrastructure projects completed,Non-Standardized,Not  Applicable,"Vibrant, equitable, sustainable rural communities contributing towards food security for all","The Economic Sectors, Employment and Infrastructure Development cluster",3,11,17,38,18,33,31,63,69,145,197,"Targets overachieved due to the following:
•Interventions made to Foot and Mouth Disease (FMD)
•Projects being completed ahead of planned period
•Rolled over projects from the previous financial year(2021/22) completed in 2022/23 FY",N/A,197,"Carry overs projects from  2021/ 2022 FY been completed under this reporting period of  2022/23 FY
",N/A,"LP: Targets overachieved due to projects initiated in the 2021/22 reaching practical completion in the 2022/23 FY. 

GP: Target overachieved due to projects being completed Target overachieved due to projects being completed ahead of planned period being Q3. of planned period. 
",N/A,Targets overachieved due to projects being completed ahead of planned period.,N/A,Targets overachieved due to projects being completed ahead of planned period,N/A,115
,"Agriculture, Land Reform and Rural Development",National,"Programme 5: Economic Development, Trade and Marketing","Agro-processing, Marketing and Rural Industrial Development ",Quarterly,7.3.1 Number of FPSUs supported towards functionality,Non-Standardized,Not  Applicable,"Vibrant, equitable, sustainable rural communities contributing towards food security for all","The Social Protection, Community and Human Development cluster",0,,2,0,14,0,27,13,43,13,12,"Delays in
approving
projects in
the interest
of improving
controls by
approval
committee,
unfortunatel
y led to
delays in
the
implementat
ion of some
components
. Therefore,
support to
some
FPSUs was
not fully
provided at
the end of
2022/23.
",,12,,,"Request for financial resources was not approved  to enable implementation under period under review
","Shortcomings in the applications which mostly has to do with lack of  proper business plans has been communicated  back to PSSCs and this is been attended to. Matter to be resolved in Q3

","Non provision of all 5 elements for period under review defined as required for FPSUs functionality in TID. 
","
Review indicator and TID to encourage targeted support which is predetermined
","
Non provision of all 5 elements for period under review defined as required for FPSUs functionality in TID. Twelve FPSUs were assisted with some but not all of the 5 elements as follows, 8 KZN, 2 NW, and 2 WC
","Indicator and TID for 2023/24 has been reviewed to encourage targeted support which is predetermined to focus on what matters most, been the benefits derived from FPSUs
",115
,"Agriculture, Land Reform and Rural Development",National,"Programme 5: Economic Development, Trade and Marketing","Agro-processing, Marketing and Rural Industrial Development ",Quarterly,7.4.1 Number of new agricultural enterprises supported,Non-Standardized,Not  Applicable,"Vibrant, equitable, sustainable rural communities contributing towards food security for all","The Social Protection, Community and Human Development cluster",10,1,28,13,28,1,10,58,76,73,86,"The support
by SEDA
contributed
to additional
enterprises
being
supported",,86,Misalignment of targets  from the PSSC and what it is the APP.,"Arrange a Programme Performance Information Management (PPIM) Workshop with all Provincial Directors and Information Managers, Monitoring and Strategic Planning to deal with coordination issues affecting performance
","Request for financial resources was not approved  to enable implementation under period under review
","Shortcomings in the applications which mostly has to do with 
lack of  proper business plans has been communicated  back to PSSCs and this is been attended to. Matter to be resolved in Q3
","
Inadequate controls in projects management processes leading to late approval of projects
","Strengthen controls by developing SOP that allows projects approval to be aligned to departmental strategic planning processes

","More new enterprises were reported this quarter under review because of availability of validated evidence.
",N/A,115
,"Agriculture, Land Reform and Rural Development",National,"Programme 5: Economic Development, Trade and Marketing","Agro-processing, Marketing and Rural Industrial Development ",Quarterly,7.4.2 Number of new non-agricultural enterprises supported,Non-Standardized,Not  Applicable,"Vibrant, equitable, sustainable rural communities contributing towards food security for all","The Social Protection, Community and Human Development cluster",5,0,10,0,10,0,5,2,30,2,2,"Delays in
implementat
ion led to
some
enterprises
not being
supported
at the end
of the
financial
year, and
therefore,
not being
verified.
",,2,"Misalignment of targets from the PSSC and what is in the APP
","Arrange a Programme Performance Information Management (PPIM) Workshop with all Provincial Directors and Information Managers, Monitoring and Strategic Planning to deal with coordination issues affecting performance
","Request for financial resources was not approved  to enable implementation under period under review
","Shortcomings in the applications which mostly has to do with 
lack of  proper business plans has been communicated  back to PSSCs and this is been attended to. Matter to be resolved in Q3
","
Inadequate controls in projects management processes leading to late approval of projects
","Strengthen controls by developing SOP that allows projects approval to be aligned to departmental strategic planning processes
","Inadequate controls in projects management processes leading to late approval of projects
","Strengthen controls by developing SOP that allows projects approval to be aligned to departmental strategic planning processes
",115
,"Agriculture, Land Reform and Rural Development",National,"Programme 5: Economic Development, Trade and Marketing","Agro-processing, Marketing and Rural Industrial Development ",Quarterly,7.6.1 Number of smallholder producers supported with agricultural marketing capacity building,Non-Standardized,Not  Applicable,"Vibrant, equitable, sustainable rural communities contributing towards food security for all","The Economic Sectors, Employment and Infrastructure Development cluster",30,30,70,86,80,297,20,144,200,557,557,"The training
is demand
driven,
therefore,
more
smallholder
producers
attended
training.",,557,N/A,"N/A
",The training is demand driven and the demand was greater in Q2 with no additional financial implications,N/A,"The training is demand driven and the demand was greater  in Q3 with no additional financial implications
",N/A,"The training is demand driven and the demand was also greater  in Q4 with no additional financial implications
",N/A,115
,"Agriculture, Land Reform and Rural Development",National,"Programme 5: Economic Development, Trade and Marketing",Cooperatives Development,Annually,7.2.1 Percentage  of  AgriBEE Fund applications assessed,Non-Standardized,Not  Applicable,Priority 2: Economic Transformation And Job Creation,"The Economic Sectors, Employment and Infrastructure Development cluster",,,,,,,,,100% of AgriBEE Fund applications assessed,,100% of AgriBEE Fund applications finalized,N/A,N/A,100% of AgriBEE Fund applications finalized,,,,,,,,,115
,"Agriculture, Land Reform and Rural Development",National,"Programme 5: Economic Development, Trade and Marketing",Cooperatives Development,Quarterly,7.1.1 Number of agricultural cooperatives trained,Non-Standardized,Not  Applicable,"Vibrant, equitable, sustainable rural communities contributing towards food security for all","The Social Protection, Community and Human Development cluster",24,24,25,26,25,25,25,25,99,100,100," The plan
was to train
seven
cooperative
s in GP;
however, it
was
discovered
that there
are eight
cooperative
s affiliating
to the
Reitkuil
FPSU and it
was only
logical to
include the
eighth
cooperative
as it was
not going to be possible
to train one
cooperative
at a later
stage.",,100,N/A,N/A,"The plan was to train 7 cooperatives in Gauteng during Q2. However, it was discovered that there are 8 cooperatives affiliating to Reitkuil FPSU and it was only logical to include the 8th cooperative as it was not going to be possible to train one cooperative at a later stage. 
",N/A,N/A,N/A,N/A,N/A,115
,"Agriculture, Land Reform and Rural Development",National,"Programme 5: Economic Development, Trade and Marketing",Development Finance,Quarterly,7.5.1 Number of smallholder producers accessing new MAFISA loan,Non-Standardized,Not  Applicable,"Vibrant, equitable, sustainable rural communities contributing towards food security for all","The Economic Sectors, Employment and Infrastructure Development cluster",10,12,20,0,10,0,10,30,50,42,50,,,50,The demand for the applications of loans are more than expected.,N/A,"The target was not achieved due to the nature of the indicator being demand driven. It is also noted that16 smallholder accessing Mafisa loan were reported however, amounts disbursed on the listings cannot be traced to the provided bank statement","Intermediaries have been advised to review their payment model and effect new model by 1 April 2023

",A total of 8 smallholders accessing new MAFISA loan was achieved however the report indicates zero because the required bank statements were not resolved with SASA and ID copies of members of the cooperatives  to be submitted,"Planned to have a meeting with SASA around February- March 2023 to discuss the issue of bank statement and Identity Documents.
","There were smallholder producers who could not be reported in previous quarters due to evidence being unverifiable however they are now completely verified in the period under review.
",N/A,115
,"Agriculture, Land Reform and Rural Development",National,"Programme 5: Economic Development, Trade and Marketing",International Relations and Trade,Annually,7.7.1 Number of trade agreements implemented,Non-Standardized,Not  Applicable,Priority 2: Economic Transformation And Job Creation,"International Cooperation, Trade and Security cluster",,,,,,,,,6,,6,"

N/A",N/A,6,,,,,,,,,115
,"Agriculture, Land Reform and Rural Development",National,"Programme 5: Economic Development, Trade and Marketing",International Relations and Trade,Annually,7.7.2 Number of trade agreements negotiated,Non-Standardized,Not  Applicable,Priority 2: Economic Transformation And Job Creation,"International Cooperation, Trade and Security cluster",,,,,,,,,5,,5,N/A,N/A,5,,,,,,,,,115
,"Agriculture, Land Reform and Rural Development",National,"Programme 5: Economic Development, Trade and Marketing",International Relations and Trade,Annually,7.8.1 Number of multilateral commitments implemented,Non-Standardized,Not  Applicable,Priority 2: Economic Transformation And Job Creation,"International Cooperation, Trade and Security cluster",,,,,,,,,6,,6,N/A,N/A,6,,,,,,,,,115
,"Agriculture, Land Reform and Rural Development",National,"Programme 5: Economic Development, Trade and Marketing",International Relations and Trade,Annually,7.8.2 Bilateral agreements implemented (a),Non-Standardized,Not  Applicable,Priority 2: Economic Transformation And Job Creation,"The Economic Sectors, Employment and Infrastructure Development cluster",,,,,,,,,Status report on bilateral engagement (South-South and North-South),,Status report on bilateral engagements (South-South and North-South was compiled,N/A,N/A,Status report on bilateral engagements (South-South and North-South was compiled,,,,,,,,,115
,"Agriculture, Land Reform and Rural Development",National,"Programme 5: Economic Development, Trade and Marketing",International Relations and Trade,Annually,7.8.2 Bilateral agreements implemented (b),Non-Standardized,Not  Applicable,Priority 2: Economic Transformation And Job Creation,"The Economic Sectors, Employment and Infrastructure Development cluster",,,,,,,,,Status report on bilateral engagements (Africa),,Status report on bilateral engagements (Africa) was compiled,N/A,N/A,Status report on bilateral engagements (Africa) was compiled,,,,,,,,,115
,"Agriculture, Land Reform and Rural Development",National,Programme 6: Land Administration,Deeds Registration,Quarterly,8.1.1 e-DRS phases completed,Non-Standardized,Not  Applicable,"Priority 5: Spatial Integration, Human Settlements and Local Government","The Social Protection, Community and Human Development cluster","25% completion of e-DRS Phase 1-enhanced information provisioning (Deliverables: Revamped module/portal to Deeds records, refined DOTS, and SMS notifications)",15%,"50% completion of e-DRS Phase 1- (Deliverables: User access management, online billing and payment gateway)","31%

",75% completion of e-DRS Phase 1- (Deliverables: Basic information Capturing Module for Recordals pilot data),60%,"100% 
completion of e-DRS Phase 1-(Deliverables: information provisioning capability for other Recordals)",74%,100% completion of e-DRS Phase 1,-,77%,"SITA
e-DRS could not be completed due to the following delays:

Completing the UAT for Recordals and UAM due to errors discovered during  User Acceptance Testing (UAT).

Delay in the development of the Information provisioning module of Phase 1
"," DG and team
to meet SITA CEO and his
team on 12 JUN 2023 to
discuss poor progress and
the possibility of SITA
bringing a more
experienced partner on
board to assist them.

Change Request for new
target dates for delayed
deliverables and other Phase 2 deliverables has
been submitted by SITA
on 25 APR 2023 for eDRS
Steering committee
consideration approval",77%,Long Contracting and planning process with SITA as development partner,Project prioritization and rapid development approach of portal. Agile methodology,Delays in finalizing docs (URS & BASS) required for Development Commencement. Workstream had to be recomposed.,Finalise the URS and BASS docs in Q3 to avoid further development commencement delays,"Slow development of the Information Provisioning Module from SITA
","Escalated insufficient progress to SITA senior management.  Project Manager (PM) replaced and more resources allocated to project.
",SITA Delay in the development commencement of the information provisioning module of Phase 1,Escalated insufficient progress to SITA senior management. SITA team looking at bringing on board extra resources for their development. DG's intervention requested,115
,"Agriculture, Land Reform and Rural Development",National,Programme 6: Land Administration,National Geomatics Management Services,Quarterly,8.3.1 Average number of working days taken to process cadastral documents for addition to the national dataset of Cadastre; Land parcel boundaries from data of lodgement to date of dispatch,Non-Standardized,Not  Applicable,"Priority 5: Spatial Integration, Human Settlements and Local Government","The Social Protection, Community and Human Development cluster",16 days,15 days,16 days,17 days,16 days,17 days,16 days,21,16 days,-,18 days,Manual examination takes longer due to systems downtime caused mostly by loadshedding,"Continue to fill vacant positions.

",18 days,"Cadastral documents processed and finalised earlier than the set turnaround time 
",N/A,"Target under-achieved by one day. Staff shortage is still a problem. Manual examination takes longer due to systems downtime.
Oracle  database down (3 weeks). Sudden increase in workload during the period under review","Push for filling of vacant positions.
Log call to OCIO for assistance.
","Target under-achieved by 1 day. Manual examination takes longer due to systems downtime. Staff shortage is still a problem.
","Log call to OCIO for assistance. Draft and implement a catch-up plan to cover the backlog. Fast-track the process for filling of vacant positions
","Staff shortage is still an ongoing challenge. Manual examination takes longer due to systems downtime caused mostly by loadshedding. Office closures due to water shortages, prolonged load shedding and union demonstrations
","Continue to fill vacant positions. Log calls to OCIO for assistance where possible. Develop catch up plan to address the backlog at SG: WC & KZN
",115
,"Agriculture, Land Reform and Rural Development",National,Programme 6: Land Administration,National Geomatics Management Services,Quarterly,8.4.1 The average number of working days taken to add new cadastral documents to the cadastral spatial information dataset,Non-Standardized,Not  Applicable,"Priority 5: Spatial Integration, Human Settlements and Local Government","The Social Protection, Community and Human Development cluster",10 days,6 days,10 days,7 days,10 days,8 days,10 days,8 days,10 days,-,8 days,Workload (Load of Batches received) were captured completed earlier than anticipated turn-around time,N/A,8 days,Cadastral documents captured for the quarter under review were fairly managed,N/A,"Target exceeded by 3 days. Workload was manageable in most offices during the period under review.
",N/A,"Target exceeded by 2 days. Workload was manageable in most offices during the period under review.
",N/A,Work plans executed well by the staff who do capturing of spatial information,Maintain and monitor current workflow,115
,"Agriculture, Land Reform and Rural Development",National,Programme 6: Land Administration,National Geomatics Management Services,Quarterly,8.5.1 The percentage of TrigNet's continuously operating reference stations (CORS) Global Navigation Satellite System (GNSS) datasets made available to geospatial data users,Non-Standardized,Not  Applicable,"Priority 5: Spatial Integration, Human Settlements and Local Government","The Social Protection, Community and Human Development cluster",85 %,94 %,85 %,91.5% %,85 %,86% %,85 %,84% %,85 %,94 %,89,"Communication to some stations was established sooner than anticipated, in cases where configuration relating issues is required.",N/A,89,"Less downtimes encountered in the operation of the TrigNet stations for the quarter under review
",N/A,"Target exceeded by 6.5%. There were few non-functional TrigNet stations during the period under review.
",N/A,"Target achieved. An average of about 9 non-functional TrigNet base stations during the period under review with 5 of these (DEAR, DRBA, ERAS, KLEY, KRUG) no longer being serviced by Telkom
","New contract with Telkom in progress. Loadshedding is causing challenges beyond the control of office
",About 8 TrigNet base stations were non-functional during the period under review with 5 of these no longer being serviced by Telkom. Loadshedding and vandalism are among other causes,"The Branch has constantly been trying to get Telkom\BCX to reinstate the lines with technology less prone to vandalism, but have no clear commitment from Telkom\BCX 
",115
,"Agriculture, Land Reform and Rural Development",National,Programme 6: Land Administration,National Geomatics Management Services,Quarterly,8.6.1 Number of maps produced to maintain the currency of the National Map Series dataset,Non-Standardized,Not  Applicable,"Priority 5: Spatial Integration, Human Settlements and Local Government","The Social Protection, Community and Human Development cluster",17,19,25,30,15,17,23,19,80,85,85,"A few more sheet source data was requested and made available

",N/A,85,"The total reviewed maps required few updates with minor complications experienced
",N/A,"Target exceed by 5 maps. The maps produced during the period under review had less features to be updated.
",N/A,"Target exceeded by 2 maps. The maps produced during the period under review had less features to be updated
",N/A,The number of maps produced was constrained by source data as the areas mapped were much more complex and had more changes than anticipated.,Exercise greater vigilance in production monitoring and improve efficiencies in compilation of source data,115
,"Agriculture, Land Reform and Rural Development",National,Programme 6: Land Administration,Spatial Planning and Land Use,Quarterly,8.2.1 National Spatial Development Framework (NSDF)  institutionalised,Non-Standardized,Not  Applicable,"Priority 5: Spatial Integration, Human Settlements and Local Government",Governance and Administration cluster,NSDF consultation,,NSDF launch and engagements conducted,"The NSDF launch could not be held as planned during the period under review. However, in preparation for the launch two engagements were held; 19 August 2022 and 30 August 2022 respectively. The Institutional Arrangement meeting was also held on 27 July 2022
",Governance structures for NSDF established,"The NSDF Governance Structure held  a meeting on 18 October 2022 to assess the Existing Structures across Government to understand how these can be used to operationalise and implement the NSDF . ToRs for new structure  was approved following the meeting held.
",NSDF implementation report developed,"The National Spatial
Development
Framework (NSDF)
implementation
report was
developed with the
aim of providing
progress to work
done during the
period under review",National Spatial Development Framework implementation report developed,-,The National Spatial Development Framework (NSDF) implementation report was developed,N/A,N/A,"NSDF
implement
ation report
was
developed.",,,"A suitable date could not be secured due to unavailability of the Ministry (DALRRD) and the Presidency; work commitments.
Furthermore, the NSDF Launch initiative was presented and approved by EXCO. A submission was approved by the Minister to host the Launch in collaboration with the DPME. A technical team to look at all logistical arrangements was established, and engagements were held. 
","The President proposed that the launch be schedule for 2023
",N/A,N/A,N/A,,115
,"Agriculture, Land Reform and Rural Development",National,Programme 6: Land Administration,Spatial Planning and Land Use,Quarterly,"8.2.2 Number of organs of state supported (professionally and/or technically) to implement the Spatial Data Infrastructure Act No.54, 2003)",Non-Standardized,Not  Applicable,"Priority 5: Spatial Integration, Human Settlements and Local Government",Governance and Administration cluster,"2 organs of state supported (professionally and/or technically) to implement the Spatial Data Infrastructure Act No. 54, 2003
",,"2 organs of state supported (professionally and/or technically) to implement the Spatial Data Infrastructure Act No. 54, 2003
","Two organs of state supported to implement the Spatial Data Infrastructure Act 
(SDI Act), (Act 54 of 2003) . Rand Water, 19 August 2022 and North West Office of the Premier, 14 September 2022 
","2 organs of state supported (professionally and/or technically) to implement the Spatial Data Infrastructure Act No. 54, 2003
","organs of state were supported (professionally and/or technically) to implement 
SDI Act No.54, 2003; Nkangala District Municipality (19 Oct 2022) and Department of Transport (06 Dec 2022) respectively
","2 organs of state supported (professionally and/or technically) to implement the Spatial Data Infrastructure Act No. 54, 2003
","2 organs of state
were supported
(professionally
and/or technically) to
implement
SDI Act No.54, 2003
as follows:
• Rand Water, 27
February 2023
• Department of
Water and
Sanitation, 28
February 2023","8 organs of state supported (professionally and/or technically) to implement the Spatial Data Infrastructure Act No. 54, 2003",-,"10 organs of state
were supported
(professionally
and/or technically) with the aim to
implement
SDI Act No.54, 2003
","2 more organs of state, Govan Mbeki and Msukaligwa local  municipalities were not part of the initial plan but were invited by their  district municipalities",N/A,"10 organs
of state
were
supported
(Profession
ally and/or
technically)
with the
aim of
implementi
ng the
SDIA,
2003 (Act
No.54 of
2003.",,,N/A,N/A,N/A,N/A,N/A,,115
Basic Education,Basic Education,National,Programme 1: Administration,Programme 1: Administration,Annually,1.1.3 Number of capacity building programmes offered to the DBE officials,Not Applicable,Not  Applicable,"Priority 3: Education, Skills And Health","The Social Protection, Community and Human Development cluster",,,,,,,,,14,,24,The deviation is due to the higher demand for training.  Some of the training requests arose from the outcome of performance assessments where skills and training needs were identified.,Not applicable,24,,,,,,,,,115
Basic Education,Basic Education,National,Programme 1: Administration,Programme 1: Administration,Annually,1.2.1 The Annual Performance Plan is approved by 31 March each financial year,Not Applicable,Not  Applicable,"Priority 3: Education, Skills And Health","The Social Protection, Community and Human Development cluster",,,,,,,,,"2023/24 APP approved by March 2023
",,2023/24 APP approved by March 2023,No deviation,Not applicable,2023/24 APP approved by March 2023,,,,,,,,,115
Basic Education,Basic Education,National,Programme 1: Administration,Programme 1: Administration,Quarterly,1.1.1 Percentage of valid invoices paid within 30 days upon receipt by the Department,Not Applicable,Not  Applicable,"Priority 3: Education, Skills And Health","The Social Protection, Community and Human Development cluster",100 %,100 %,100 %,100 %,100 %,100 %,100 %,100 %,100 %,400 %,100,No deviation,Not applicable,100,No deviation,Not applicable ,No deviation,Not applicable,No deviation,Not applicable,No deviation,Not applicable,115
Basic Education,Basic Education,National,Programme 1: Administration,Programme 1: Administration,Quarterly,1.1.2 Number of reports on misconduct cases resolved within 90 days,Not Applicable,Not  Applicable,"Priority 3: Education, Skills And Health","The Social Protection, Community and Human Development cluster",1,1,1,1,1,1,1,1,4,4,4,No deviation,Not applicable,4,No deviation,Not applicable ,No deviation,Not applicable,No deviation,Not applicable,No deviation,Not applicable,115
Basic Education,Basic Education,National,Programme 1: Administration,Programme 1: Administration,Quarterly,"1.1.4 Number of Schedule 4, 5 and 6 Conditional Grants Quarterly Performance Reports submitted to National Treasury (NT) 45 days after the end of each quarter",Not Applicable,Not  Applicable,"Priority 3: Education, Skills And Health","The Social Protection, Community and Human Development cluster",7,6,7,0,7,7,7,7,28,20,20,"The reports were submitted 4 days later than 45 days. Late submission of PEDs reports to DBE affected EIG, and ECD. SIBG report was also delayed for finalisation. ",The DBE has provided all grant managers with a schedule of submission dates. Report writing sessions will be held to ensure that reports are factually accurate and available to DBE on time.,20,"ECD was not part of the Conditional Grants in the 2021/22 financial year, therefore, instead of 7, the DBE reported on 6 Conditional Grants. ","ECD only commenced in April 2022, therefore the Department will start reporting on it in the second quarter.","The 7 reports were submitted 4 days later than 45 days. Late submission of PEDs reports to DBE affected EIG, and ECD. SIBG report was also delayed from the relevant Branch. ","The Directorate has provided all grant managers with a schedule of submission dates to Branch: A. 
Some grants like LSPID have also started hosting report writing sessions with all PEDs to ensure that reports are factually accurate and available to DBE on time.
A workshop for ECD report writing will be hosted virtually in October to build capacity of PED grant managers to write substantive reports that address all the outputs indicated in the ECD reporting template.
",No deviation,Not applicable,No deviation,Not applicable,115
Basic Education,Basic Education,National,Programme 1: Administration,Programme 1: Administration,Quarterly,1.2.2 Number of Quarterly Performance Reports submitted to National Treasury (NT) and the DPME 30 days after the end of each quarter,Not Applicable,Not  Applicable,"Priority 3: Education, Skills And Health","The Social Protection, Community and Human Development cluster",1,1,1,1,1,1,1,1,4,4,4,No deviation,Not applicable,4,No deviation,Not applicable ,No deviation,Not applicable,No deviation,Not applicable,No deviation,Not applicable,115
Basic Education,Basic Education,National,"Programme 2: Curriculum Policy, Support and Monitoring ","Programme 2: Curriculum Policy, Support and Monitoring ",Annually,2.1.3 Number of Children/ Learners with Profound Intellectual Disability (C/LPID) using the Learning Programme for C/LPID. ,Not Applicable,Not  Applicable,"Priority 3: Education, Skills And Health","The Social Protection, Community and Human Development cluster",,,,,,,3927,4381,3927,,4381,The DBE provided PEDs with additional guidance and documents to support the implementation of the Learning Programme for C/LPID and there has since been an increase in the number of learners using the Learning Programme in schools.,Not applicable,4381,,,,,,,,,115
Basic Education,Basic Education,National,"Programme 2: Curriculum Policy, Support and Monitoring ","Programme 2: Curriculum Policy, Support and Monitoring ",Annually,"2.1.4 An Annual National Report is produced on monitoring of the implementation of the Policy on Screening, Identification, Assessment and Support (SIAS) as a mechanism for early identification and intervention.",Not Applicable,Not  Applicable,"Priority 3: Education, Skills And Health","The Social Protection, Community and Human Development cluster",,,,,,,,,"Approved Annual National Report on monitoring of the implementation of the Policy on Screening, Identification, Assessment and Support (SIAS) as a mechanism for early identification and intervention",,"Approved Annual National Report on monitoring of the implementation of the Policy on Screening, Identification, Assessment and Support (SIAS) as a mechanism for early identification and intervention",No deviation,Not applicable,"Draft Annual 
National Report 
on monitoring of 
the implementation 
of the Policy
on Screening, 
Identification, 
Assessment and 
Support (SIAS) as 
a mechanism for 
early identification 
and intervention",,,,,,,,,115
Basic Education,Basic Education,National,"Programme 2: Curriculum Policy, Support and Monitoring ","Programme 2: Curriculum Policy, Support and Monitoring ",Annually,2.1.5 An Annual National Report is produced on the development of a new funding model for ECD. ,Not Applicable,Not  Applicable,"Priority 3: Education, Skills And Health","The Social Protection, Community and Human Development cluster",,,,,,,,,Approved Annual National Report on the review of the subsidy payment mechanism,,Approved Annual National Report on the review of the subsidy payment mechanism,No deviation,Not applicable,"Approved Annual 
National Report on 
the review of the 
subsidy payment 
mechanism",,,,,,,,,115
Basic Education,Basic Education,National,"Programme 2: Curriculum Policy, Support and Monitoring ","Programme 2: Curriculum Policy, Support and Monitoring ",Annually,2.1.6 An Annual National Report is produced on conducting an Early Childhood Development census to inform the integration of ECD into the EMIS.,Not Applicable,Not  Applicable,"Priority 3: Education, Skills And Health","The Social Protection, Community and Human Development cluster",,,,,,,,,Approved Annual National Report on the integration of ECD data into EMIS,,Approved Annual National Report on the integration of ECD data into EMIS,No deviation,Not applicable,"Approved Annual 
National Report 
on the integration 
of ECD data into 
EMIS",,,,,,,,,115
Basic Education,Basic Education,National,"Programme 2: Curriculum Policy, Support and Monitoring ","Programme 2: Curriculum Policy, Support and Monitoring ",Annually,2.1.7 An Annual National Report is produced on developing an Early Childhood Development (ECD) Human Resource Development (HRD) Plan. ,Not Applicable,Not  Applicable,"Priority 3: Education, Skills And Health","The Social Protection, Community and Human Development cluster",,,,,,,,,Approved National Report on the development of a new ECD service delivery model and its workforce implications,,Approved Annual National Report on piloting the new service delivery model and its workforce implications,No deviation,Not applicable,"Approved Annual 
National Report 
on piloting the 
new service 
delivery model 
and its workforce 
implications",,,,,,,,,115
Basic Education,Basic Education,National,"Programme 2: Curriculum Policy, Support and Monitoring ","Programme 2: Curriculum Policy, Support and Monitoring ",Annually,2.1.8 Number of districts monitored on implementation of the National Curriculum Statement (NCS) for Grades 10–12. ,Not Applicable,Not  Applicable,"Priority 3: Education, Skills And Health","The Social Protection, Community and Human Development cluster",,,,,,,8,18,8,,18,"There were more underperforming districts than the 8 anticipated. As a result, the directorate expanded the number to provide support to the additional districts. 
",Not applicable,18,,,,,,,,,115
Basic Education,Basic Education,National,"Programme 2: Curriculum Policy, Support and Monitoring ","Programme 2: Curriculum Policy, Support and Monitoring ",Annually,2.1.9 Number of provinces monitored on extra-support classes to increase the number of learners achieving Bachelor level passes. ,Not Applicable,Not  Applicable,"Priority 3: Education, Skills And Health","The Social Protection, Community and Human Development cluster",,,,,,,,,9,,9,No deviation,Not applicable,9,,,,,,,,,115
Basic Education,Basic Education,National,"Programme 2: Curriculum Policy, Support and Monitoring ","Programme 2: Curriculum Policy, Support and Monitoring ",Annually,2.1.10 Number of schools monitored for implementing compulsory entrepreneurship education. ,Not Applicable,Not  Applicable,"Priority 3: Education, Skills And Health","The Social Protection, Community and Human Development cluster",,,,,,,180,172,180,,180,No deviation,Not applicable,180,,,,,,,,,115
Basic Education,Basic Education,National,"Programme 2: Curriculum Policy, Support and Monitoring ","Programme 2: Curriculum Policy, Support and Monitoring ",Annually,2.1.11 An Annual National Report is produced on the implementation of the General Education Certificate (GEC). ,Not Applicable,Not  Applicable,"Priority 3: Education, Skills And Health","The Social Protection, Community and Human Development cluster",,,,,,,,,Approved Annual National Report on the implementation of the General Education Certificate (GEC),,Approved Annual National Report on the implementation of the General Education Certificate (GEC),No deviation,Not applicable,"Approved Annual 
National Report on 
the implementation 
of the General 
Education 
Certificate (GEC)",,,,,,,,,115
Basic Education,Basic Education,National,"Programme 2: Curriculum Policy, Support and Monitoring ","Programme 2: Curriculum Policy, Support and Monitoring ",Annually,"2.1.12 An Annual Sector Report is produced on schools that pilot and implement the Vocational Stream and Occupational Stream, respectively. ",Not Applicable,Not  Applicable,"Priority 3: Education, Skills And Health","The Social Protection, Community and Human Development cluster",,,,,,,"Approved Annual Sector Report on schools that pilot and implement the Vocational Stream and Occupational Stream, respectively","Approved Annual Sector Report on schools that pilot and implement the Vocational Stream and Occupational Stream, respectively","Approved Annual Sector Report on schools that pilot and implement the Vocational Stream and Occupational Stream, respectively",,"Approved Annual Sector Report on schools that pilot and implement the Vocational Stream and Occupational Stream, respectively",No deviation,Not applicable,"Approved Annual 
Sector Report on 
schools that pilot 
and implement the 
Vocational Stream 
and Occupational 
Stream,
respectively",,,,,,,,,115
Basic Education,Basic Education,National,"Programme 2: Curriculum Policy, Support and Monitoring ","Programme 2: Curriculum Policy, Support and Monitoring ",Annually,2.1.13 Number of schools monitored for piloting the Coding and Robotics curriculum. ,Not Applicable,Not  Applicable,"Priority 3: Education, Skills And Health","The Social Protection, Community and Human Development cluster",,,,,,,18,18,18,,18,No deviation,Not applicable,18,,,,,,,,,115
Basic Education,Basic Education,National,"Programme 2: Curriculum Policy, Support and Monitoring ","Programme 2: Curriculum Policy, Support and Monitoring ",Annually,2.2.1 Number of schools monitored on the implementation of the reading norms. ,Not Applicable,Not  Applicable,"Priority 3: Education, Skills And Health","The Social Protection, Community and Human Development cluster",,,,,,,18,18,18,,18,No deviation,Not applicable,18,,,,,,,,,115
Basic Education,Basic Education,National,"Programme 2: Curriculum Policy, Support and Monitoring ","Programme 2: Curriculum Policy, Support and Monitoring ",Annually,2.2.2 Number of schools monitored on the implementation of the Incremental Introduction to African Languages (IIAL). ,Not Applicable,Not  Applicable,"Priority 3: Education, Skills And Health","The Social Protection, Community and Human Development cluster",,,,,,,18,18,18,,18,No deviation,Not applicable,18,,,,,,,,,115
Basic Education,Basic Education,National,"Programme 2: Curriculum Policy, Support and Monitoring ","Programme 2: Curriculum Policy, Support and Monitoring ",Annually,2.2.3 Number of underperforming schools monitored on the implementation of the Early Grade Reading Assessment (EGRA). ,Not Applicable,Not  Applicable,"Priority 3: Education, Skills And Health","The Social Protection, Community and Human Development cluster",,,,,,,18,18,18,,18,No deviation,Not applicable,18,,,,,,,,,115
Basic Education,Basic Education,National,"Programme 2: Curriculum Policy, Support and Monitoring ","Programme 2: Curriculum Policy, Support and Monitoring ",Annually,2.2.4 Number of schools with multi-grade classes monitored for implementing the multi-grade toolkit. ,Not Applicable,Not  Applicable,"Priority 3: Education, Skills And Health","The Social Protection, Community and Human Development cluster",,,,,,,32,32,32,,32,No deviation,Not applicable,32,,,,,,,,,115
Basic Education,Basic Education,National,"Programme 2: Curriculum Policy, Support and Monitoring ","Programme 2: Curriculum Policy, Support and Monitoring ",Annually,2.2.5 An Annual Sector Report is produced on the implementation of the National Reading Plan. ,Not Applicable,Not  Applicable,"Priority 3: Education, Skills And Health","The Social Protection, Community and Human Development cluster",,,,,,,,,"Approved Annual Sector Report on the implementation of the National Reading Plan
",,"Approved Annual Sector Report on the implementation of the National Reading Plan
",No deviation,Not applicable,"Approved Annual 
Sector Report on 
the implementation 
of the National 
Reading Plan",,,,,,,,,115
Basic Education,Basic Education,National,"Programme 2: Curriculum Policy, Support and Monitoring ","Programme 2: Curriculum Policy, Support and Monitoring ",Annually,2.2.6 An Annual Sector Report is produced on the number of public schools monitored on the availability of readers.,Not Applicable,Not  Applicable,"Priority 3: Education, Skills And Health","The Social Protection, Community and Human Development cluster",,,,,,,Approved Annual Sector Report on the number of public schools monitored on the availability of readers,"Approved Annual Sector Report on the number of public schools monitored on the availability of readers
",Approved Annual Sector Report on the number of public schools monitored on the availability of readers,,Approved Annual Sector Report on the number of public schools monitored on the availability of readers,No deviation,Not applicable,"Approved Annual 
Sector Report on 
the number of 
public schools 
monitored on the 
availability of 
readers",,,,,,,,,115
Basic Education,Basic Education,National,"Programme 2: Curriculum Policy, Support and Monitoring ","Programme 2: Curriculum Policy, Support and Monitoring ",Annually,2.3.1 Number of schools per province monitored for utilisation of Information Communication Technology (ICT)   resources. ,Not Applicable,Not  Applicable,"Priority 3: Education, Skills And Health","The Social Protection, Community and Human Development cluster",,,,,,,,,27,,32,"Northern Cape and North West were selected to monitor five (5) additional schools due to their educational landscape. These provincial education structures did not have the personnel for e-Learning or supporting schools equipped with ICT devices. The increased data collection enables more informed decision-making and targeted interventions by gaining valuable insights into different approaches, best practices, and innovative strategies that can be shared and implemented across schools. 
",Not applicable,32,,,,,,,,,115
Basic Education,Basic Education,National,"Programme 2: Curriculum Policy, Support and Monitoring ","Programme 2: Curriculum Policy, Support and Monitoring ",Annually,"2.3.2 Percentage of public schools with Home Language workbooks for learners in Grades 1 to 6 per year, after having placed an order. ",Not Applicable,Not  Applicable,"Priority 3: Education, Skills And Health","The Social Protection, Community and Human Development cluster",,,,,,,,,100 %,,100.21,Some schools were closed after the orders were placed and removed from the delivery list . New schools that were opened were added to the list for the language workbooks,Not applicable,100.21,,,,,,,,,115
Basic Education,Basic Education,National,"Programme 2: Curriculum Policy, Support and Monitoring ","Programme 2: Curriculum Policy, Support and Monitoring ",Annually,"2.3.3 Percentage of public schools with Mathematics workbooks for learners in Grades 1 to 9 per year, after having placed an order.",Not Applicable,Not  Applicable,"Priority 3: Education, Skills And Health","The Social Protection, Community and Human Development cluster",,,,,,,,,100 %,,99.73,Some schools were closed after the orders were placed and removed from the delivery list ,Not applicable,99.73,,,,,,,,,115
Basic Education,Basic Education,National,"Programme 2: Curriculum Policy, Support and Monitoring ","Programme 2: Curriculum Policy, Support and Monitoring ",Annually,"2.3.4 Percentage of public schools with workbooks for learners in Grades R per year, after having placed an order. ",Not Applicable,Not  Applicable,"Priority 3: Education, Skills And Health","The Social Protection, Community and Human Development cluster",,,,,,,,,100 %,,100.13,Some schools were closed after the orders were placed and removed from the delivery list . New schools that were opened were added the list for the workbooks,Not applicable,100.13,,,,,,,,,115
Basic Education,Basic Education,National,"Programme 2: Curriculum Policy, Support and Monitoring ","Programme 2: Curriculum Policy, Support and Monitoring ",Annually,"2.3.5 An Annual Sector Report is produced on the percentage of learners provided with Mathematics and English   First Additional Language (EFAL) textbooks in Grades 3, 6, 9 and 12.",Not Applicable,Not  Applicable,"Priority 3: Education, Skills And Health","The Social Protection, Community and Human Development cluster",,,,,,,"Approved Annual Sector Report on the percentage of learners provided with Mathematics and English First Additional Language (EFAL) textbooks in Grades 3, 6, 9 and 12
","Approved Annual Sector Report on the percentage of learners provided with Mathematics and English First Additional Language (EFAL) textbooks in Grades 3, 6, 9 and 12","Approved Annual Sector Report on the percentage of learners provided with Mathematics and English First Additional Language (EFAL) textbooks in Grades 3, 6, 9 and 12
",,"Approved Annual Sector Report on the percentage of learners provided with Mathematics and English First Additional Language (EFAL) textbooks in Grades 3, 6, 9 and 12",No deviation,Not applicable,"Approved Annual 
Sector Report on 
the percentage of 
learners provided 
with Mathematics 
and English 
First Additional 
Language (EFAL) 
textbooks in Grades 
3, 6, 9 and 12.",,,,,,,,,115
Basic Education,Basic Education,National,"Programme 2: Curriculum Policy, Support and Monitoring ","Programme 2: Curriculum Policy, Support and Monitoring ",Annually,2.3.6 Number of schools monitored for home languages in which Literacy Grades 1–3 lesson plans have been developed for terms 1–4.,Not Applicable,Not  Applicable,"Priority 3: Education, Skills And Health","The Social Protection, Community and Human Development cluster",,,,,,,,,10,,10,No deviation,Not applicable,10,,,,,,,,,115
Basic Education,Basic Education,National,"Programme 2: Curriculum Policy, Support and Monitoring ","Programme 2: Curriculum Policy, Support and Monitoring ",Annually,2.3.7 Number of special schools with access to electronic devices. ,Not Applicable,Not  Applicable,"Priority 3: Education, Skills And Health","The Social Protection, Community and Human Development cluster",,,,,,,,,70,,49,"49 special schools received ICT equipment, connectivity, and assistive devices, based on the availability of funding from Mobile Network Operators (MNOs). The DBE is the receiving department of a Universal Services Obligations Agreement (USOA) with DCDT and ICASA and the budget does not lie with the DBE.  ","Cell C and MTN have submitted their implementation plans to DBE, ICASA and DCDT. Based on the submitted implementation plans, MTN will completed all their remaining schools in the 2023/24 financial year, while Cell C will provide their remaining school with the solution by the end of 2025/26 financial year.",49,,,,,,,,,115
Basic Education,Basic Education,National,"Programme 2: Curriculum Policy, Support and Monitoring ","Programme 2: Curriculum Policy, Support and Monitoring ",Annually,2.3.8 An Annual Sector Report is produced on the monitoring of procurement and distribution of Information Communication Technology (ICT) devices.,Not Applicable,Not  Applicable,"Priority 3: Education, Skills And Health","The Social Protection, Community and Human Development cluster",,,,,,,,,Approved Annual Sector Report on the monitoring of procurement and distribution of Information Communication Technology (ICT) devices,,Approved Annual Sector Report on the monitoring of procurement and distribution of Information Communication Technology (ICT) devices,No deviation,Not applicable,"Approved Annual 
Sector Report on 
the monitoring 
of procurement 
and distribution 
of Information 
Communication 
Technology (ICT) 
devices",,,,,,,,,115
Basic Education,Basic Education,National,"Programme 2: Curriculum Policy, Support and Monitoring ","Programme 2: Curriculum Policy, Support and Monitoring ",Annually,2.4.1 An Annual Sector Report is produced on the number of teachers trained on inclusion. ,Not Applicable,Not  Applicable,"Priority 3: Education, Skills And Health","The Social Protection, Community and Human Development cluster",,,,,,,Approved Annual Sector Report on the number of teachers trained on inclusion,Approved Annual Sector Report on the number of teachers trained on inclusion,Approved Annual Sector Report on the number of teachers trained on inclusion,,Approved Annual Sector Report on the number of teachers trained on inclusion,No deviation,Not applicable,"Approved Annual 
Sector Report on 
the number of 
teachers trained on 
inclusion",,,,,,,,,115
Basic Education,Basic Education,National,"Programme 2: Curriculum Policy, Support and Monitoring ","Programme 2: Curriculum Policy, Support and Monitoring ",Annually,2.4.2 An Annual Sector Report is produced on the number of learners in public special schools. ,Not Applicable,Not  Applicable,"Priority 3: Education, Skills And Health","The Social Protection, Community and Human Development cluster",,,,,,,Approved Annual Sector Report on the number of learners in public special schools,Approved Annual Sector Report on the number of learners in public special schools,Approved Annual Sector Report on the number of learners in public special schools,,Approved Annual Sector Report on the number of learners in public special schools,No deviation,Not applicable,"Approved Annual 
Sector Report on 
the number of 
learners in public 
special schools",,,,,,,,,115
Basic Education,Basic Education,National,"Programme 2: Curriculum Policy, Support and Monitoring ","Programme 2: Curriculum Policy, Support and Monitoring ",Annually,2.4.3 An Annual Sector Report is produced on the percentage of public special schools serving as resource centres.,Not Applicable,Not  Applicable,"Priority 3: Education, Skills And Health","The Social Protection, Community and Human Development cluster",,,,,,,Approved Annual Sector Report on the percentage of public special schools serving as resource centres,Approved Annual Sector Report on the percentage of public special schools serving as resource centres,Approved Annual Sector Report on the percentage of public special schools serving as resource centres,,Approved Annual Sector Report on the percentage of public special schools serving as resource centres,No deviation,Not applicable,"Approved Annual 
Sector Report on 
the percentage 
of public special 
schools serving as 
resource centres",,,,,,,,,115
Basic Education,Basic Education,National,"Programme 2: Curriculum Policy, Support and Monitoring ","Programme 2: Curriculum Policy, Support and Monitoring ",Annually,2.4.4 An Annual Sector Report is produced on the establishment of focus schools per PED. ,Not Applicable,Not  Applicable,"Priority 3: Education, Skills And Health","The Social Protection, Community and Human Development cluster",,,,,,,,,Approved Annual Sector Report on the establishment of focus schools per PED,,"Approved Annual Sector Report on the establishment of focus schools per PED 
",No deviation,Not applicable,"Approved Annual 
Sector Report on 
the establishment 
of focus schools per 
PED",,,,,,,,,115
Basic Education,Basic Education,National,"Programme 2: Curriculum Policy, Support and Monitoring ","Programme 2: Curriculum Policy, Support and Monitoring ",Quarterly,2.1.1 Number of Technical Schools monitored for implementation of the Curriculum and Assessment Policy Statements (CAPS). ,Not Applicable,Not  Applicable,"Priority 3: Education, Skills And Health","The Social Protection, Community and Human Development cluster",6,6,6,6,0,0,6,6,18,18,18,No deviation,Not applicable,18,No deviation,Not applicable,No deviation,Not applicable,No deviation,No deviation,No deviation,Not applicable,115
Basic Education,Basic Education,National,"Programme 2: Curriculum Policy, Support and Monitoring ","Programme 2: Curriculum Policy, Support and Monitoring ",Quarterly,"2.1.2 Number of learners obtaining subject passes towards an NSC or extended Senior Certificate (SC), including upgraded NSC, through the Second Chance Matric Programme (SCMP). ",Not Applicable,Not  Applicable,"Priority 3: Education, Skills And Health","The Social Protection, Community and Human Development cluster",0,,25000,101507,0,0,25000,50217,50000,151724,71612,The overall improvement in national matric results in the mainstream results in more young learners taking the second chance matric to improve their subject passes.,Not applicable,71612,,,"The programme is gaining more momentum, attracted more partners, offers sponsorship to applicants, which attracts more learners, all of which contributed to a positive deviation.",Not applicable,No deviation,No deviation,"The reason for deviation is that most learners who enrol in the Programme, are upgrading their subjects for higher institutions of learning, i.e. TVET colleges and universities",Not applicable,115
Basic Education,Basic Education,National,"Programme 3: Teachers, Education Human Resources and Institutional ","Programme 3: Teachers, Education Human Resources and Institutional ",Annually,3.1.1 Percentage of School Governing Bodies (SGBs) that meet the minimum criteria in terms of effectiveness. ,Not Applicable,Not  Applicable,"Priority 3: Education, Skills And Health","The Social Protection, Community and Human Development cluster",,,,,,,70 %,94.3 %,70 %,,94.3,The high achievement is attributed to the fact that SGBs are in their second year in office and have therefore begun to perform their roles and responsibilities with understanding.,Not applicable,94.3,,,,,,,,,115
Basic Education,Basic Education,National,"Programme 3: Teachers, Education Human Resources and Institutional ","Programme 3: Teachers, Education Human Resources and Institutional ",Annually,3.1.2 Percentage of schools producing the minimum set of management documents at a required standard. ,Not Applicable,Not  Applicable,"Priority 3: Education, Skills And Health","The Social Protection, Community and Human Development cluster",,,,,,,100 %,100 %,100 %,,100,No deviation,Not applicable,100,,,,,,,,,115
Basic Education,Basic Education,National,"Programme 3: Teachers, Education Human Resources and Institutional ","Programme 3: Teachers, Education Human Resources and Institutional ",Annually,3.1.3 Number of Funza Lushaka bursaries awarded to students enrolled for Initial Teacher Education per year. ,Not Applicable,Not  Applicable,"Priority 3: Education, Skills And Health","The Social Protection, Community and Human Development cluster",,,,,,,11800,11971,11800,,11971,"Funds not utilised in one Higher Education Institutions (HEIs), are reallocated to other HEIs that have applicants. More Postgraudate Certificates in Education increased the number of bursaries. ",Not applicable,11971,,,,,,,,,115
Basic Education,Basic Education,National,"Programme 3: Teachers, Education Human Resources and Institutional ","Programme 3: Teachers, Education Human Resources and Institutional ",Annually,3.1.5 An Annual National Report is produced on the number of qualified teachers aged 30 and below entering the public service as teachers. ,Not Applicable,Not  Applicable,"Priority 3: Education, Skills And Health","The Social Protection, Community and Human Development cluster",,,,,,,,,"Approved Annual National Report on the number of qualified teachers aged 30 and below entering the public service as teachers
",,"Approved Annual National Report on the number of qualified teachers aged 30 and below entering the public service as teachers
",No deviation,Not applicable,"Draft Annual 
National Report 
on the number of 
qualified teachers 
aged 30 and below 
entering the public 
service as teachers",,,,,,,,,115
Basic Education,Basic Education,National,"Programme 3: Teachers, Education Human Resources and Institutional ","Programme 3: Teachers, Education Human Resources and Institutional ",Annually,3.2.1 An Annual Sector Report is produced on monitoring the functionality of Provincial Teachers Development   Institutes and District Teacher Development Centres.,Not Applicable,Not  Applicable,"Priority 3: Education, Skills And Health","The Social Protection, Community and Human Development cluster",,,,,,,,,"Approved Annual Sector Report on monitoring the functionality of Provincial Teacher Development Institutes and
District Teacher Development Centres
",,"Approved Annual Sector Report on monitoring the functionality of Provincial Teacher Development Institutes and District Teacher Development Centres
",No deviation,Not applicable,"Approved Annual 
Sector Report on 
monitoring the 
functionality of 
Provincial Teacher 
Development 
Institutes and District 
Teacher Development 
Centres",,,,,,,,,115
Basic Education,Basic Education,National,"Programme 3: Teachers, Education Human Resources and Institutional ","Programme 3: Teachers, Education Human Resources and Institutional ",Annually,"3.2.2 An Annual Sector Report is produced on monitoring the implementation of Teacher Development Programmes by PEDs with special focus on Language, Mathematics, Physical Science and Accounting. ",Not Applicable,Not  Applicable,"Priority 3: Education, Skills And Health","The Social Protection, Community and Human Development cluster",,,,,,,,,"Approved Annual Sector Report on monitoring the implementation of Teacher Development Programmes by PEDs with special focus on Language, Mathematics, Physical Science and Accounting
",,"Approved Annual Sector Report on monitoring the implementation of Teacher Development Programmes by PEDs with special focus on Language, Mathematics, Physical Science and Accounting
",No deviation,Not applicable,"Approved Annual 
Sector Report on 
monitoring the 
implementation of 
Teacher Development 
Programmes by 
PEDs with special 
focus on Language, 
Mathematics, 
Physical Science and 
Accounting",,,,,,,,,115
Basic Education,Basic Education,National,"Programme 3: Teachers, Education Human Resources and Institutional ","Programme 3: Teachers, Education Human Resources and Institutional ",Annually,3.2.3 Number of PEDs that had their post-provisioning processes assessed for compliance with the post-provisioning norms and standards.  ,Not Applicable,Not  Applicable,"Priority 3: Education, Skills And Health","The Social Protection, Community and Human Development cluster",,,,,,,9,9,9,,9,No deviation,Not applicable,9,,,,,,,,,115
Basic Education,Basic Education,National,"Programme 3: Teachers, Education Human Resources and Institutional ","Programme 3: Teachers, Education Human Resources and Institutional ",Annually,3.2.4 An Annual Sector Report on Grade-R practitioners with NQF level 6 and above qualifications produced. ,Not Applicable,Not  Applicable,"Priority 3: Education, Skills And Health","The Social Protection, Community and Human Development cluster",,,,,,,,,"Approved Annual Sector Report on Grade-R practitioners with NQF level 6 and above qualifications produced
",,"Approved Annual Sector Report on Grade-R practitioners with NQF level 6 and above qualifications produced
",No deviation,Not applicable,"Approved Annual 
Sector Report on 
Grade-R practitioners 
with NQF level 6 and 
above qualifications 
produced",,,,,,,,,115
Basic Education,Basic Education,National,"Programme 3: Teachers, Education Human Resources and Institutional ","Programme 3: Teachers, Education Human Resources and Institutional ",Annually,3.3.1 Number of PEDs monitored on the implementation of the Quality Management System (QMS) for school-based educators.,Not Applicable,Not  Applicable,"Priority 3: Education, Skills And Health","The Social Protection, Community and Human Development cluster",,,,,,,9,9,9,,9,No deviation,Not applicable,9,,,,,,,,,115
Basic Education,Basic Education,National,"Programme 3: Teachers, Education Human Resources and Institutional ","Programme 3: Teachers, Education Human Resources and Institutional ",Annually,3.3.2 Number of PEDs monitored on the implementation of the Education Management Service: Performance   Management and Development System (EMS: PMDS).,Not Applicable,Not  Applicable,"Priority 3: Education, Skills And Health","The Social Protection, Community and Human Development cluster",,,,,,,9,9,9,,9,No deviation,Not applicable,9,,,,,,,,,115
Basic Education,Basic Education,National,"Programme 3: Teachers, Education Human Resources and Institutional ","Programme 3: Teachers, Education Human Resources and Institutional ",Quarterly,3.1.4 Number of quarterly monitoring reports tracking the percentage of Funza Lushaka graduates placed within   six (6) months upon confirmation that the bursar has completed studies. ,Not Applicable,Not  Applicable,"Priority 3: Education, Skills And Health","The Social Protection, Community and Human Development cluster",1,1,1,1,1,1,1,1,4,4,4,No deviation,Not applicable,4,No deviation,Not applicable,No deviation,Not applicable,No deviation,Not applicable,No deviation,Not applicable,115
Basic Education,Basic Education,National,"Programme 4: Planning, Information and Assessment","Programme 4: Planning, Information and Assessment",Annually,4.1.1 Number of new schools built and completed through ASIDI,Not Applicable,Not  Applicable,"Priority 3: Education, Skills And Health","The Social Protection, Community and Human Development cluster",,,,,,,,,30,,27,"One school (Ngozi) was cancelled due to a protracted community dispute regarding the location of the new schools. The Contractor cancelled the contract, and the IA accepted the cancellation in line with the provisions of the contract. Two schools had contractors who defaulted on their contractual obligations which led to delay in the completion of projects. The projects will be completed in the 2023/24 financial year.
",Not applicable,27,,,,,,,,,115
Basic Education,Basic Education,National,"Programme 4: Planning, Information and Assessment","Programme 4: Planning, Information and Assessment",Annually,4.1.2 Number of schools provided with sanitation facilities.,Not Applicable,Not  Applicable,"Priority 3: Education, Skills And Health","The Social Protection, Community and Human Development cluster",,,,,,,,,450,,457,"Some of the contractors completed their projects before practical completion due date as there was intense monitoring which includes site visits by Implementing Agent, Programme Support Unit, The Director-General, DBE Infrastructure Officials and Provincial Works inspectors. ",Not applicable,457,,,,,,,,,115
Basic Education,Basic Education,National,"Programme 4: Planning, Information and Assessment","Programme 4: Planning, Information and Assessment",Annually,4.1.3 Number of schools provided with water facilities through ASIDI,Not Applicable,Not  Applicable,"Priority 3: Education, Skills And Health","The Social Protection, Community and Human Development cluster",,,,,,,,,50,,50,No deviation,Not applicable,50,,,,,,,,,115
Basic Education,Basic Education,National,"Programme 4: Planning, Information and Assessment","Programme 4: Planning, Information and Assessment",Annually,"4.2.1 Number of General Education and Training (GET) test items developed in Language and Mathematics for Grades 3, 6 and 9 ",Not Applicable,Not  Applicable,"Priority 3: Education, Skills And Health","The Social Protection, Community and Human Development cluster",,,,,,,500,500,500,,500,No deviation,Not applicable,500,,,,,,,,,115
Basic Education,Basic Education,National,"Programme 4: Planning, Information and Assessment","Programme 4: Planning, Information and Assessment",Annually,4.2.2 Number of NSC reports produced,Not Applicable,Not  Applicable,"Priority 3: Education, Skills And Health","The Social Protection, Community and Human Development cluster",,,,,,,4,4,4,,4,No deviation,Not applicable,4,,,,,,,,,115
Basic Education,Basic Education,National,"Programme 4: Planning, Information and Assessment","Programme 4: Planning, Information and Assessment",Annually,4.2.3 Number of question papers set for June and November examinations,Not Applicable,Not  Applicable,"Priority 3: Education, Skills And Health","The Social Protection, Community and Human Development cluster",,,,,,,320,320,320,,320,No deviation,Not applicable,320,,,,,,,,,115
Basic Education,Basic Education,National,"Programme 4: Planning, Information and Assessment","Programme 4: Planning, Information and Assessment",Annually,4.2.4 Percentage of public schools using the South African School Administration and Management System (SA-SAMS) for reporting,Not Applicable,Not  Applicable,"Priority 3: Education, Skills And Health","The Social Protection, Community and Human Development cluster",,,,,,,98 %,99.38 %,98 %,,99.38,"SA-SAMS is policy aligned and used for promotion reporting. PED’s are benefitting from the DBE’s investment in SA-SAMS to provide standardised data for the sector e.g. NSC Gr 12 registrations and Curriculum assessment reporting from schools, as well as an administration system that is free of charge for schools.",,99.38,,,,,,,,,115
Basic Education,Basic Education,National,"Programme 4: Planning, Information and Assessment","Programme 4: Planning, Information and Assessment",Annually,4.2.5 An Annual National Report is produced on the number of provinces monitored for implementation of the Learner Unit Record Information and Tracking System (LURITS) and EMIS priorities.,Not Applicable,Not  Applicable,"Priority 3: Education, Skills And Health","The Social Protection, Community and Human Development cluster",,,,,,,"Approved Annual National Report on the number of provinces monitored for implementation of the Learner Unit Record Information and Tracking System (LURITS) and EMIS priorities
",Approved Annual National Report on number of provinces monitored for implementation of the Learner Unit Record Information and Tracking System (LURITS) and EMIS priorities,"Approved Annual National Report on the number of provinces monitored for implementation of the Learner Unit Record Information and Tracking System (LURITS) and EMIS priorities
",,"Approved Annual National Report on the number of provinces monitored for implementation of the Learner Unit Record Information and Tracking System (LURITS) and EMIS priorities
",No deviation,Not applicable,"Approved Annual 
National Report 
on the number 
of provinces 
monitored for 
implementation of 
the Learner Unit 
Record Information 
and Tracking 
System (LURITS) 
and EMIS priorities",,,,,,,,,115
Basic Education,Basic Education,National,"Programme 4: Planning, Information and Assessment","Programme 4: Planning, Information and Assessment",Annually,4.2.6 An Annual National Report is produced on learning outcomes linked to the National Assessment Framework.,Not Applicable,Not  Applicable,"Priority 3: Education, Skills And Health","The Social Protection, Community and Human Development cluster",,,,,,,,,"Approved Annual National Report on learning outcomes linked to the National Assessment Framework
",,"Approved Annual National Report on learning outcomes linked to the National Assessment Framework
",No deviation,Not applicable,"Approved Annual 
National Report 
on learning 
outcomes linked 
to the National 
Assessment 
Framework",,,,,,,,,115
Basic Education,Basic Education,National,"Programme 4: Planning, Information and Assessment","Programme 4: Planning, Information and Assessment",Annually,4.2.7 An Annual National Report is produced on the Early Learning National Assessment to determine school readiness.,Not Applicable,Not  Applicable,"Priority 3: Education, Skills And Health","The Social Protection, Community and Human Development cluster",,,,,,,,,Approved Annual National Report on the Second Early Learning National Assessment,,Approved Annual National Report on the Second Early Learning National Assessment,No deviation,Not applicable,"Approved Annual 
National Report on 
the Second Early 
Learning National 
Assessment",,,,,,,,,115
Basic Education,Basic Education,National,"Programme 4: Planning, Information and Assessment","Programme 4: Planning, Information and Assessment",Annually,4.3.1 Number of officials from districts that achieved below the national benchmark in the NSC participating in a mentoring programme,Not Applicable,Not  Applicable,"Priority 3: Education, Skills And Health","The Social Protection, Community and Human Development cluster",,,,,,,60,60,60,,60,No deviation,Not applicable,60,,,,,,,,,115
Basic Education,Basic Education,National,"Programme 4: Planning, Information and Assessment","Programme 4: Planning, Information and Assessment",Annually,4.3.2 Percentage of school principals rating the support services of districts as being satisfactory,Not Applicable,Not  Applicable,"Priority 3: Education, Skills And Health","The Social Protection, Community and Human Development cluster",,,,,,,75 %,81 %,75 %,,81,Overall support given to schools by districts was increased during and beyond the COVID-19 pandemic period and subsequently led to improved satisfaction rating by school principals. ,Not applicable,87,,,,,,,,,115
Basic Education,Basic Education,National,"Programme 4: Planning, Information and Assessment","Programme 4: Planning, Information and Assessment",Annually,4.3.3 Percentage of District Directors that have undergone competency assessment prior to their appointment. ,Not Applicable,Not  Applicable,"Priority 3: Education, Skills And Health","The Social Protection, Community and Human Development cluster",,,,,,,97 %,75 %,97 %,,75,The appointed official was unfortunately not sent to the competency test timeously due to an administrative error linked to capacity challenges in the provincial department HR Unit. The official had acted for an extended period prior to the post being advertised and filled. Once the mistake was picked up he was ultimately sent for the competency test. The results of the competency test is used as part of the development areas in his Performance Development Plan.,Provincial education departments’ recruitment and selection processes to be strengthened through regular in-year monitoring and support to ensure compliance. ,75,,,,,,,,,115
Basic Education,Basic Education,National,"Programme 4: Planning, Information and Assessment","Programme 4: Planning, Information and Assessment",Annually,4.3.4 Number of underperforming secondary schools monitored at least twice a year by sector officials. ,Not Applicable,Not  Applicable,"Priority 3: Education, Skills And Health","The Social Protection, Community and Human Development cluster",,,,,,,1000,1101,1000,,1101,The department seconded SISCOs from provinces that are performing well to those that have many underperforming schools and had few SISCOs to visit schools. Four SISCOs from Gauteng and two from North West were seconded to Limpopo which had 625 underperforming secondary schools. EC which has only three SISCOs was assisted by two SISCOs from Mpumalanga. DBE based officials augmented the teams in all the provinces.,Not applicable,1101,,,,,,,,,115
Basic Education,Basic Education,National,"Programme 4: Planning, Information and Assessment","Programme 4: Planning, Information and Assessment",Annually,4.3.5. Number of districts in which teacher development has been conducted as per District Improvement Plans.,Not Applicable,Not  Applicable,"Priority 3: Education, Skills And Health","The Social Protection, Community and Human Development cluster",,,,,,,,,65,,65,No deviation,Not applicable,65,,,,,,,,,115
Basic Education,Basic Education,National,"Programme 4: Planning, Information and Assessment","Programme 4: Planning, Information and Assessment",Annually,4.3.6 Number of District Director forums held. ,Not Applicable,Not  Applicable,"Priority 3: Education, Skills And Health","The Social Protection, Community and Human Development cluster",,,,,,,,,3,,3,No deviation,Not applicable,3,,,,,,,,,115
Basic Education,Basic Education,National,Programme 5: Educational Enrichment Services,Programme 5: Educational Enrichment Services,Annually,5.1.1 An Annual Sector Report is produced on the provision of nutritious meals and compliance with feeding requirements.,Not Applicable,Not  Applicable,"Priority 3: Education, Skills And Health","The Social Protection, Community and Human Development cluster",,,,,,,Approved Annual Sector Report on the provision of nutritious meals and compliance with feeding requirements,Annual Sector Report on the provision of nutritious meals and compliance with feeding requirements,Approved Annual Sector Report on the provision of nutritious meals and compliance with feeding requirements,,Approved Annual Sector Report on the provision of nutritious meals and compliance with feeding requirements,No deviation,Not applicable,"Approved Annual 
Sector Report on 
the provision of 
nutritious meals and 
compliance with 
feeding requirements",,,,,,,,,115
Basic Education,Basic Education,National,Programme 5: Educational Enrichment Services,Programme 5: Educational Enrichment Services,Annually,5.1.2 Number of PEDs with approved annual business plans for the HIV/AIDS Life Skills Education Programme.,Not Applicable,Not  Applicable,"Priority 3: Education, Skills And Health","The Social Protection, Community and Human Development cluster",,,,,,,9,9,9,,9,No deviation,Not applicable,9,,,,,,,,,115
Basic Education,Basic Education,National,Programme 5: Educational Enrichment Services,Programme 5: Educational Enrichment Services,Annually,5.1.6. Number of professionals trained in SASCE programmes.,Not Applicable,Not  Applicable,"Priority 3: Education, Skills And Health","The Social Protection, Community and Human Development cluster",,,,,,,,,900,,1001,Free State and Northern Cape decentralised their workshops to accommodate more professionals trained in SASCE programmes.,Not applicable,1001,,,,,,,,,115
Basic Education,Basic Education,National,Programme 5: Educational Enrichment Services,Programme 5: Educational Enrichment Services,Quarterly,"5.1.3 Number of districts monitored in the implementation of the National School Safety Framework (NSSF), Social Cohesion, Sport and Enrichment Programmes.",Not Applicable,Not  Applicable,"Priority 3: Education, Skills And Health","The Social Protection, Community and Human Development cluster",22,10,18,30,20,17,15,15,75,72,75,No deviation,Not applicable,75,The Eastern Cape Province could not be monitored due to the districts hosting the 2022 SASCE competitions at the district and provincial levels of the competition. ,The backlog of 12 districts in the Eastern Cape will be monitored in the second quarter. ,12 districts in Eastern Cape could not be monitored in the 1st quarter due to the districts hosting the SASCE Competitions at a District and Provincial level. ,A decision was taken to monitor the 12 districts in the Eastern Cape in the 2nd quarter. Monitoring took place from 13 to 21 September 2022.,Monitoring tools that had errors were not included in the count,Monitoring tools will be corrected in the next quarter,No deviation,Not applicable,115
Basic Education,Basic Education,National,Programme 5: Educational Enrichment Services,Programme 5: Educational Enrichment Services,Quarterly,"5.1.4 Number of learners, educators, parents, SGBs and other educations stakeholders reached through social cohesion programmes.",Not Applicable,Not  Applicable,"Priority 3: Education, Skills And Health","The Social Protection, Community and Human Development cluster",1000,2172,1000,2204,500,1314,1000,1378,3500,7068,7068,Collaborations with external stakeholders was beneficial in advocating for Social Cohesion and Equity in Education programmes,Not applicable,7068,Collaboration with external Stakeholders was beneficial in advocating for Social Cohesion and Equity programmes.,Not applicable,Collaboration with external Stakeholders was beneficial in advocating for Social Cohesion and Equity programmes.,Not applicable,"Collaboration with external stakeholders was beneficial in
advocating for Social Cohesion and Equity Programmes.
",Not applicable,"Collaboration with external 
stakeholders, was beneficial in advocating for Social Cohesion and Equity programmes.
",Not applicable,115
Basic Education,Basic Education,National,Programme 5: Educational Enrichment Services,Programme 5: Educational Enrichment Services,Quarterly,5.1.5 Number of districts implementing the programme to end school-related gender-based violence.,Not Applicable,Not  Applicable,"Priority 3: Education, Skills And Health","The Social Protection, Community and Human Development cluster",22,10,18,30,20,9,15,15,75,64,75,No deviation,Not applicable,75,The Eastern Cape Province could not be monitored due to the districts hosting the 2022 SASCE competitions at the district and provincial levels of the competition. ,The backlog of 12 districts in the Eastern Cape will be monitored in the second quarter. ,12 districts in Eastern Cape could not be monitored in the 1st quarter due to the districts hosting the SASCE Competitions at a District and Provincial level. ,A decision was taken to monitor the 12 districts in the Eastern Cape in the 2nd quarter. Monitoring took place from 13 to 21 September 2022.,Monitoring tools that had errors were not included in the count,Monitoring tools will be corrected in the next quarter,No deviation,Not applicable,115
