Sector,Institution,Programme,SubProgramme,Location,Frequency,Indicator,Type,SubType,Outcome,Priority,Cluster,Target_Q1,ActualOutput_Q1,Target_Q2,ActualOutput_Q2,Target_Q3,ActualOutput_Q3,Target_Q4,ActualOutput_Q4,AnnualTarget_Summary2,Preliminary_Summary2,PrelimaryAudited_Summary2,ReasonforDeviation_Summary,CorrectiveAction_Summary,ValidatedAudited_Summary2,ReasonforDeviation_Q1,CorrectiveAction_Q1,OTP_Q1,National_Q1,ReasonforDeviation_Q2,CorrectiveAction_Q2,OTP_Q2,National_Q2,ReasonforDeviation_Q3,CorrectiveAction_Q3,OTP_Q3,National_Q3,ReasonforDeviation_Q4,CorrectiveAction_Q4,OTP_Q4,National_Q4,DesiredPerformance,UID
Basic Education,Education,KwaZulu-Natal,Programme 1:  Administration,Corporate Services,Annually,NSOI 1.1: Percentage of women in Senior Management Service.,Non-Standardized,Not  Applicable,"Priority 3: Education, Skills And Health",Education and Skills Development ,"The Social Protection, Community and Human Development cluster",,,,,,,50 %,40 %,50 %,40 %,40,Post can only be filled by females as they become vacant and subject to the availability of suitable female candidates.,Selection Committees are being apprised of the Departments' obligations regarding this prior to  proceeding with the selection process to increase its representation of women in SMS. ,,,,,,,,,,,,,,,,,,,157
Basic Education,Education,KwaZulu-Natal,Programme 1:  Administration,Corporate Services,Annually,NSOI 1.2: Percentage of women school principals.,Non-Standardized,Not  Applicable,"Priority 3: Education, Skills And Health",Education and Skills Development ,"The Social Protection, Community and Human Development cluster",,,,,,,50 %,40 %,50 %,40 %,40,Post can only be filled by females as they become vacant and subject to the availability of suitable female candidates.,"District offices requested to scrutinise nominations and where necessary, return to the Selection Committee for reconsideration in line with the EE goals.",,,,,,,,,,,,,,,,,,,157
Basic Education,Education,KwaZulu-Natal,Programme 1:  Administration,Corporate Services,Quarterly,SOI 102: Number of public schools that can be contacted electronically (e-mail),Standardized,Max,"Priority 3: Education, Skills And Health",Education and Skills Development ,"The Social Protection, Community and Human Development cluster",5860,5831,5860,5827,5860,5827,5860,5812,5860,5831,5812,Non-viable schools have negatively contributed to not achieving the set target.,Target reviewed for the new financial year.,,The deviation is due to schools that are no longer functioning as they have been deemed to be non-viable.,,"The reason for deviation is noted, please provide corrective action.","There is  alignment between the targets in the e-QPR and the 2024/25 APP for all the quarters  of the  2024/25 financial year. The outcome for the 1st quarter of the 2024/25 financial year is 99,5% of the set target.   The variance is -29. The PED has  provided a reason for the attainment of the set target for the quarter under review. 
",Non-viable schools have impacted negatively in achieving the set target.,,"Target not achieved, reason for deviation is noted, kindly provide corrective action."," The outcome for the 2nd quarter of the 2024/25 financial year is 99% of the set target. The variance is -33. The PED has provided a reason for the attainment of the outcome for the quarter under review. The PED is advised to track the impact of the rationalization and whether the resources from the schools have been reallocated and if there are savings thereof.
",Non-viable schools have impacted negatively in achieving the set target.,,Please provide the corrective action ,"The PED has achieved 99% of the set target for the quarter under review. The variance is -33.  The PED has provided a reason for the attainment of the set target.  The PED is advised to track the impact of the rationalisation and whether the resources from the schools have been reallocated and if there are savings thereof.
",The issue of non-viable schools has impacted negatively on achieving the set target.,Target reviewed for the new financial year.,Please provide the corrective action.,"The PED has achieved 99,18%  of the set target for the quarter under review.   The variance is -48. The PED has provided a reason for the attainment  of the quarterly target.  The PED is advised to track the impact of the rationalisation and whether the resources from the schools have been reallocated and if there are savings thereof.
",,157
Basic Education,Education,KwaZulu-Natal,Programme 1:  Administration,Education Management Information System (EMIS),Quarterly,SOI 101: Number of public schools that use the South African School Administration and Management System (SA-SAMS) or any alternative electronic solution to provide data.,Standardized,Max,"Priority 3: Education, Skills And Health",Education and Skills Development ,"The Social Protection, Community and Human Development cluster",5860,5831,5860,5827,5860,5827,5860,5812,5860,5831,5812,The issue of non-viable schools has impacted negatively on achieving the set target.,Target reviewed for the new financial year.,,The deviation is due to the decline in the number of public schools operating in the province.,,The reason for deviation is noted however please provide corrective action.,"There is  alignment between the targets in the e-QPR and the 2024/25 APP for all the quarters  of the  2024/25 financial year. The outcome for the 1st quarter of the 2024/25 financial year is 99,5% of the set target. The variance is -29.   The PED has  provided a reason for the attainment of the set target for the quarter under review. 
","From the 5 831 reported in the last quarter, 4 schools have since been reported as being non-functional.",,"Target not achieved, reason for deviation is noted, kindly provide corrective action "," The outcome for the 2nd  quarter of the 2024/25 financial year is 99% of the set target. The variance is -33. The PED has provided a reason for the attainment of the outcome for the quarter under review. The PED is advised to track the impact of the rationalization and whether the resources from the schools have been reallocated and if there are savings thereof.
",The issue of non viable schools has impacted negatively on achieving the set target. ,,Please provide corrective action.,"The PED has achieved 99% of the set target for the quarter under review. The variance is -33.  The PED has provided a reason for the attainment of the set target.  The PED is advised to track the impact of the rationalisation and whether the resources from the schools have been reallocated and if there are savings thereof.
",The issue of non-viable schools has impacted negatively on achieving the set target.,Target reviewed for the new financial year.,Please provide the corrective action,"The PED has achieved 99,18%  of the set target for the quarter under review.   The variance is -48. The PED has provided a reason for the attainment  of the quarterly target.  The PED is advised to track the impact of the rationalisation and whether the resources from the schools have been reallocated and if there are savings thereof.
",,157
Basic Education,Education,KwaZulu-Natal,Programme 1:  Administration,Financial Management,Annually,SOI 103: Percentage of expenditure going towards non-personnel items.,Standardized,Not  Applicable,"Priority 3: Education, Skills And Health",Education and Skills Development ,"The Social Protection, Community and Human Development cluster",,,,,,,11.72 %,10.26 %,11.72 %,10.26 %,10.26,Enforced cost-cutting due to the non- funding of the wage agreement resulted in pressures on Compensation of Employees,Matter raised with oversight committees and treasuries for more funding.,,,,,,,,,,,,,,,,,,,157
Basic Education,Education,KwaZulu-Natal,Programme 1:  Administration,Financial Management,Quarterly,NSOI 1.3: Percentage of payments with requisite supportive documents made within 30 days. ,Non-Standardized,Not  Applicable,"Priority 3: Education, Skills And Health",Education and Skills Development ,"The Social Protection, Community and Human Development cluster",100 %,0 %,100 %,0 %,100 %,0 %,100 %,0 %,100 %,0 %,10.26,Enforced cost-cutting due to the non- funding of the wage agreement resulted in pressures on Compensation of Employees,Matter raised with oversight committees and treasuries for more funding.,,,,"target for the quarter not achieved, please provide reason for deviation and corrective action statement.","There is  alignment between the targets in the e-QPR and the 2024/25 APP for all the quarters  of the  2024/25 financial year. The outcome for the 1st quarter of the 2024/25 financial year is 0% of the set target.   The PED has not  provided a reason for the attainment of the set target for the quarter under review and is advised to do so. 
",Due to budget cuts and cash flow problems payments cannot be made within 30 days.,The Executive of the Department is in engagements with Provincial Treasury for more funding.,"Target not achieved, reason for deviation and corrective have been noted","The PED has provided a reason for the 0% output. The outcome of the corrective action to be undertaken should be monitored. The PED is further advised to monitor the impact of not paying within the stipulated time.
",Due to budget cuts and cash flow problems payments cannot be made within 30 days.,The Executive of the Department is in engagements with Provincial Treasury for more funding.,Reason for deviation and corrective have noted.,"The PED has achieved 0% of the set target for the quarter under review.  The PED has provided a reason for the attainment of the set target.  
","Due to budget cuts and cash flow problems, payments cannot be made within 30 days. ",The Executive of the Department is in engagements with Provincial Treasury for more funding.,,"The PED has achieved 0% of the set target for the quarter under review.  The PED has provided a reason for the attainment of the set target.  
",,157
Basic Education,Education,KwaZulu-Natal,Programme 2.	Public Ordinary School Education,Human Resource Development,Annually,SOI 204: Number of foundation phase teachers trained in reading methodology.,Standardized,Not  Applicable,"Priority 3: Education, Skills And Health",Education and Skills Development ,"The Social Protection, Community and Human Development cluster",,,,,,,4010,6358,4010,6358,6358,More than anticipated number attended the workshop.,,,,,,,,,,,,,,,,,,,,157
Basic Education,Education,KwaZulu-Natal,Programme 2.	Public Ordinary School Education,Human Resource Development,Annually,SOI 205: Number of foundation phase teachers trained in numeracy content and methodology.,Standardized,Not  Applicable,"Priority 3: Education, Skills And Health",Education and Skills Development ,"The Social Protection, Community and Human Development cluster",,,,,,,4010,6252,4010,6252,6252,More than anticipated number attended the workshop.,,,,,,,,,,,,,,,,,,,,157
Basic Education,Education,KwaZulu-Natal,Programme 2.	Public Ordinary School Education,Human Resource Development,Annually,SOI 206: Number of teachers trained in mathematics content and methodology.,Standardized,Not  Applicable,"Priority 3: Education, Skills And Health",Education and Skills Development ,"The Social Protection, Community and Human Development cluster",,,,,,,7850,18924,7850,18924,18924,More than anticipated number attended the workshop.,,,,,,,,,,,,,,,,,,,,157
Basic Education,Education,KwaZulu-Natal,Programme 2.	Public Ordinary School Education,Human Resource Development,Annually,SOI 207: Number of teachers trained in language content and methodology.,Standardized,Not  Applicable,"Priority 3: Education, Skills And Health",Education and Skills Development ,"The Social Protection, Community and Human Development cluster",,,,,,,15020,25610,15020,25610,25610,More than anticipated number attended the workshop.,,,,,,,,,,,,,,,,,,,,157
Basic Education,Education,KwaZulu-Natal,Programme 2.	Public Ordinary School Education,Public Ordinary Schools,Annually,"NSOI 2.2: Percentage of Core LTSM delivered to public ordinary schools by day one of the school year, as ordered.",Non-Standardized,Not  Applicable,"Priority 3: Education, Skills And Health",Education and Skills Development ,"The Social Protection, Community and Human Development cluster",,,,,,,100,71,100,71,71,The deviation is largely attributed to S21c schools' reluctance to place orders due to transfers not been effected as was envisaged by KZN Circular No 136 of 2024. ,The Department issued KZN Circular No 4 of 2025 to give comfort to schools and service providers that transfers shall be effected within 30 days of submission of proof of deliveries. The delivery process was monitored on a weekly basis to assist in prioritising the release of transfer payments to schools.,,,,,,,,,,,,,,,,,,,157
Basic Education,Education,KwaZulu-Natal,Programme 2.	Public Ordinary School Education,Public Ordinary Schools,Annually,NSOI 2.3: Number of schools provided with dedicated learner transport.,Non-Standardized,Not  Applicable,"Priority 3: Education, Skills And Health",Education and Skills Development ,"The Social Protection, Community and Human Development cluster",,,,,,,420,433,420,433,433,"The reason for the target being exceeded was that there were new schools that became beneficiaries to the learner transport programme during the year. This was as a result of schools of choice being removed from the programme and new 
schools being introduced into the program. Also, there were schools that were benefiting but believed they should not be recorded as such because they thought they were being made a favor by benefiting and principals, which the office discovered and corrected

",,,,,,,,,,,,,,,,,,,,157
Basic Education,Education,KwaZulu-Natal,Programme 2.	Public Ordinary School Education,Public Ordinary Schools,Annually,NSOI 2.4: Number of Learner Support Agents (LSAs) appointed to implement care and support interventions for learners.,Non-Standardized,Not  Applicable,"Priority 3: Education, Skills And Health",Education and Skills Development ,"The Social Protection, Community and Human Development cluster",750,750,,,,,,,750,750,750,The target has been achieved.,,,,,,,,,,,,,,,,,,,,157
Basic Education,Education,KwaZulu-Natal,Programme 2.	Public Ordinary School Education,Public Ordinary Schools,Annually,SOI 201: Number of schools provided with multi-media resources.,Standardized,Not  Applicable,"Priority 3: Education, Skills And Health",Education and Skills Development ,"The Social Protection, Community and Human Development cluster",,,,,,,120,147,120,147,147,The target was exceeded due to the celebration of Literacy month.,,,,,,,,,,,,,,,,,,,,157
Basic Education,Education,KwaZulu-Natal,Programme 2.	Public Ordinary School Education,Public Ordinary Schools,Annually,SOI 202: Number of learners in no fee public ordinary schools in line with the National Norms and Standards for School Funding.,Standardized,Not  Applicable,"Priority 3: Education, Skills And Health",Education and Skills Development ,"The Social Protection, Community and Human Development cluster",,,,,,,2113105,2136976,2113105,2136976,2136976,SNAP data differences and contestations adjustments led to the deviation.,,,,,,,,,,,,,,,,,,,,157
Basic Education,Education,KwaZulu-Natal,Programme 2.	Public Ordinary School Education,Public Ordinary Schools,Annually,SOI 203: Percentage of learners in schools that are funded at a minimum level.,Standardized,Not  Applicable,"Priority 3: Education, Skills And Health",Education and Skills Development ,"The Social Protection, Community and Human Development cluster",,,,,,,100,0,100,0,0,There are insufficient funds for the implementation of this indicator.,The Executive of the Department is in engagements with Provincial Treasury for more funding.,,,,,,,,,,,,,,,,,,,157
Basic Education,Education,KwaZulu-Natal,Programme 2.	Public Ordinary School Education,Public Ordinary Schools,Quarterly,NSOI 2.1. Percentage of learners benefitting from school nutrition programme.,Non-Standardized,Not  Applicable,"Priority 3: Education, Skills And Health",Education and Skills Development ,"The Social Protection, Community and Human Development cluster",83 %,,83 %,,86 %,86 %,86 %,88 %,86 %,88 %,88,The increased percentage of learners apart from the general increased number of beneficiaries that was recorde,"The positive deviation can be largely attributed to the Directorate's audit turnaround strategy that is being implemented. This included training of districts in October 2024 which was subsequently cascaded to schools to improve the completion of feeding registers, reporting thereon as well the verification process of feeding registers and the feeding trackers that were initiated in October 2024.",,,,,,,,,,The target has been achieved. ,,,"The PED has achieved 100% of the set target for the quarter under review.
",The increased percentage of learners apart from the general increased number of beneficiaries that was recorded at the start of 2024/25 financial year led to the target being surpassed.,"The positive deviation can be largely attributed to the Directorate's audit turnaround strategy that is being implemented. This included training of districts in October 2024 which was subsequently cascaded to schools to improve the completion of feeding registers, reporting thereon as well the verification process of feeding registers and the feeding trackers that were initiated in October 2024.",,,To ensure that all learners affected by instances of poverty and hunger benefit from the nutrition programme.,157
Basic Education,Education,KwaZulu-Natal,Programme 2.	Public Ordinary School Education,Public Ordinary Schools,Quarterly,NSOI 2.1: Percentage of learners benefitting from school nutrition programme.,Non-Standardized,Not  Applicable,"Priority 3: Education, Skills And Health",Education and Skills Development ,"The Social Protection, Community and Human Development cluster",83 %,85 %,83 %,87 %,83 %,86 %,83 %,88 %,83 %,88 %,88,The increased percentage of learners apart from the general increased number of beneficiaries that was recorded at the start of 2024/25 financial year led to the target being surpassed.,"The positive deviation can be largely attributed to the Directorate's audit turnaround strategy that is being implemented. This included training of districts in October 2024 which was subsequently cascaded to schools to improve the completion of feeding registers, reporting thereon as well the verification process of feeding registers and the feeding trackers that were initiated in October 2024.",,The target was exceeded due to increased number of learners approved in the 2024/25 financial year.,The Directorate will do an analyis of the actual number of learners benefited against the set target. This will be conducted in line with verification process of monthly performance information collated in the districts subject to approval for Head Office officials to conduct district visits amid current budgetary constraints in the programme.,corrective action statement is noted however please note the information reported on should be verified and validated prior to HOD sign off.,"There is  alignment between the targets in the e-QPR and the 2024/25 APP for all the quarters  of the  2024/25 financial year. The outcome for the 1st quarter of the 2024/25 financial year is 102,4% of the set target.   The PED has  provided a reason for the attainment of the set target for the quarter under review. The PED is advised to monitor the outcome of the corrective action to be taken. monitored. The spending on the National School Nutrition Programme Conditional Grant should be monitored.
","The target has been exceeded due to the increased number of beneficiaries (learners) in the programme in the 2024/25 financial year. Furthermore, it is also attributed to the implementation of the programme's turn-around/improvement strategy which aims amongst other to mitigate under-reporting due to late submission of summary feeding registers and subsequent discrepancies between the reported figure and the actual feeding registers during the audit period. This included a resolution that was taken during the 1st quarter inter-district meeting that where the submission of the summary feeding register was delayed at the time of reporting and where there was no report of non-feeding from the school or field monitors, then districts should report using the NSNP approved enrolment (which is also used for payment of the service provider’s monthly claim) instead of reporting a zero output for the month where the  feeding register is delayed to avoid creating a wrong impression of non-feeding and/or resulting in under-reporting of the beneficiaries.","As part of the improvement/turn-round strategy that is currently being implemented    to enhance the programme's performance and reporting thereof, the Directorate has since revised its target for the  2024/25 financial year to 86% in line with the KZN Circular 100 of 2024, and it is hoped that this will accordingly be reflected in the reporting templates for the remaining two quarters.","Target exceeded, reason for deviation and corrective action are noted."," The outcome for the 2nd  quarter of the 2024/25 financial year is 105% of the set target.  The PED has provided a reason for the attainment of the outcome for the quarter under review. The corrective action to be undertaken should be monitored and the spending in the conditional grant should be tracked.
",,,Please capture the actual output. ,,The increased percentage of learners apart from the general increased number of beneficiaries that was recorded at the start of 2024/25 financial year led to the target being surpassed.,"The positive deviation can be largely attributed to the Directorate's audit turnaround strategy that is being implemented. This included training of districts in October 2024 which was subsequently cascaded to schools to improve the completion of feeding registers, reporting thereon as well the verification process of feeding registers and the feeding trackers that were initiated in October 2024.",,"The PED has achieved 106,02% of the set target for the quarter under review.  The PED has provided a reason for the attainment of the set target.  The  PED is advised to monitor the spending of the NSNP grant during the 2025/26 financial year.
",,157
Basic Education,Education,KwaZulu-Natal,Programme 3: Independent School Subsidies,Independent Schools,Annually,NSOI 3.1: Number of funded independent schools visited for monitoring purposes.,Non-Standardized,Not  Applicable,"Priority 3: Education, Skills And Health",Education and Skills Development ,"The Social Protection, Community and Human Development cluster",,,,,,,121,115,121,115,115,"This is an annual indicator. 
It must be noted that 8 schools were declared non-compliant and as a result have been withdrawn from schools receiving subsidy, while an additional two more schools have been approved to receive subsidy.
",,,,,,,,,,,,,,,,,,,,157
Basic Education,Education,KwaZulu-Natal,Programme 3: Independent School Subsidies,Independent Schools,Annually,NSOI 3.1: Number of funded independent schools visited for monitoring purposes. ,Non-Standardized,Not  Applicable,"Priority 3: Education, Skills And Health",Education and Skills Development ,"The Social Protection, Community and Human Development cluster",,,,,,,115,115,115,115,115,The target was achieved. ,,,,,,,,,,,,,,,,,,,100% subsidized independent schools monitored.,157
Basic Education,Education,KwaZulu-Natal,Programme 3: Independent School Subsidies,Independent Schools,Annually,SOI 301: Percentage of registered independent schools receiving subsidies.,Standardized,Not  Applicable,"Priority 3: Education, Skills And Health",Education and Skills Development ,"The Social Protection, Community and Human Development cluster",,,,,,,38 %,40.5 %,38 %,40.5 %,40.5,An additional two more schools have been approved to receive subsidy. ,,,,,,,,,,,,,,,,,,,,157
Basic Education,Education,KwaZulu-Natal,Programme 3: Independent School Subsidies,Independent Schools,Annually,SOI 301: Percentage of registered independent schools receiving subsidies.,Standardized,Not  Applicable,"Priority 3: Education, Skills And Health",Education and Skills Development ,"The Social Protection, Community and Human Development cluster",,,,,,,40.4 %,40.5 %,40.4 %,40.5 %,40.5,The target was achieved,,,,,,,,,,,,,,,,,,,"All qualifying independent schools to be subsidised. Subsidised independent schools must adhere to minimum standards for regulating independent
schools.",157
Basic Education,Education,KwaZulu-Natal,Programme 3: Independent School Subsidies,Independent Schools,Annually,SOI 302: Number of learners subsidised at registered independent schools.,Standardized,Not  Applicable,"Priority 3: Education, Skills And Health",Education and Skills Development ,"The Social Protection, Community and Human Development cluster",,,,,,,29624,29624,29624,29624,29624,The addition of two more schools that have been approved to receive subsidy contributed to the target being exceeded.,,,,,,,,,,,,,,,,,,,,157
Basic Education,Education,KwaZulu-Natal,Programme 4:  Public Special School Education,Schools,Annually,NSOI 4.1: Number of teachers trained on SIAS Policy.,Non-Standardized,Not  Applicable,"Priority 3: Education, Skills And Health",Education and Skills Development ,"The Social Protection, Community and Human Development cluster",,,,,,,2500,2957,2500,2957,2957,On-site training sessions led to the target being surpassed.,,,,,,,,,,,,,,,,,,,,157
Basic Education,Education,KwaZulu-Natal,Programme 4:  Public Special School Education,Schools,Annually,NSOI 4.2: Number of educators employed in public special schools. ,Non-Standardized,Not  Applicable,"Priority 3: Education, Skills And Health",Education and Skills Development ,"The Social Protection, Community and Human Development cluster",,,,,1916,2058,,,1916,2058,2030,The target has been exceeded due to the employment of specialist staff.,,,,,,,,,,,,,,,,,,,,157
Basic Education,Education,KwaZulu-Natal,Programme 4:  Public Special School Education,Schools,Annually,SOI 401: Number of learners in public special schools. ,Standardized,Not  Applicable,"Priority 3: Education, Skills And Health",Education and Skills Development ,"The Social Protection, Community and Human Development cluster",,,,,,,21400,22593,21400,22593,22593,The increased number of special schools in the province as well as the employment of support staff in special schools and the placement of learners in boarding facilities have contributed to the target being exceeded.,,,,,,,,,,,,,,,,,,,,157
Basic Education,Education,KwaZulu-Natal,Programme 4:  Public Special School Education,Schools,Annually,SOI 401: Number of learners in public special schools. ,Standardized,Not  Applicable,"Priority 3: Education, Skills And Health",Education and Skills Development ,"The Social Protection, Community and Human Development cluster",,,,,,,21600,22593,21600,22593,22593,The increased number of special schools in the province as well as the employment of support staff in special schools and the placement of learners in boarding facilities have contributed to the target being exceeded.,,,,,,,,,,,,,,,,,,,"All learners with physical, intellectual, sensory disabilities attend public special schools.",157
Basic Education,Education,KwaZulu-Natal,Programme 4:  Public Special School Education,Schools,Quarterly,SOI 402: Number of therapists/ specialist staff in public special schools.,Standardized,Not  Applicable,"Priority 3: Education, Skills And Health",Education and Skills Development ,"The Social Protection, Community and Human Development cluster",192,172,192,170,192,169,192,171,192,171,171,The target has not been met due to attrition.,Department to appoint educators if the budget permits. ,,The target has not been achieved due to attrition.,Department to appoint educators if the budget permits.,,"There is no  alignment between the targets in the e-QPR and the 2024/25 APP for all the quarters  of the  2024/25 financial year. The outcome for the 1st quarter of the 2024/25 financial year is 89,6% of the set target.  The variance is -20.  The PED has  provided a reason for the attainment of the set target for the quarter under review. The PED is advised to monitor the outcome of the corrective action to be taken. monitored.
",The target has not been achieved due to attrition. Budgetary constraints mitigate against the filling of vacancies.,,"Target not achieved, reason for deviation is noted however please provide corrective action."," The outcome for the 2nd  quarter of the 2024/25 financial year is 89% of the set target. The variance is -22.  The PED has provided a reason for the attainment of the outcome for the quarter under review. The corrective action to be undertaken should be monitored and the spending thereof.
",The target has not been achieved due to attrition. Budgetary constraints mitigate against the filling of vacancies.,,Kindly provide corrective action,"The PED has achieved 88% of the set target for the quarter under review. The variance is -22.  The PED has provided a reason for the attainment of the set target.  
",The target has not been met due to attrition. ,Department to appoint educators if the budget permits. ,,"The PED has achieved 89,06% of the set target for the quarter under review. The variance is -21.  The PED has provided a reason for the attainment of the set target.  
",,157
Basic Education,Education,KwaZulu-Natal,Programme 5:  Early Childhood Development,Grade R in Early Childhood Development Centres ,Annually,NSOI 5.2: Number of fully registered ECD centers.,Non-Standardized,Not  Applicable,"Priority 3: Education, Skills And Health",Education and Skills Development ,"The Social Protection, Community and Human Development cluster",,,,,,,2150,2140,2150,2140,2140,"The number of fully registered ECD centres has decreased due to some ECD centres being changed to conditionally registered during the renewal of registration. Furthermore, some fully registered ECD centres are no longer in operation. ",To review target in 2025/2026 financial year,,,,,,,,,,,,,,,,,,,157
Basic Education,Education,KwaZulu-Natal,Programme 5:  Early Childhood Development,Grade R in Early Childhood Development Centres ,Annually,NSOI 5.3: Number of conditionally registered ECD Centres.,Non-Standardized,Not  Applicable,"Priority 3: Education, Skills And Health",Education and Skills Development ,"The Social Protection, Community and Human Development cluster",,,,,,,1250,1259,1250,1259,1259,The number of conditionally registered ECD centres has increased due to some centres being changed from full to conditional registration during the renewal of registration process. ,To review target in 2025/2026 financial year,,,,,,,,,,,,,,,,,,,157
Basic Education,Education,KwaZulu-Natal,Programme 5:  Early Childhood Development,Grade R in Early Childhood Development Centres ,Annually,SOI 502: Number of children accessing registered ECD programmes. ,Standardized,Not  Applicable,"Priority 3: Education, Skills And Health",Education and Skills Development ,"The Social Protection, Community and Human Development cluster",,,,,,,145200,175001,145200,175001,175001,More children enrolled in registered ECD centers for the 2024/25 Financial year. ,To review target in 2025/2026 financial year. ,,,,,,,,,,,,,,,,,,,157
Basic Education,Education,KwaZulu-Natal,Programme 5:  Early Childhood Development,Grade R in public schools,Annually,NSOI 5.1: Number of Grade R practitioners employed in public ordinary schools. ,Non-Standardized,Not  Applicable,"Priority 3: Education, Skills And Health",Education and Skills Development ,"The Social Protection, Community and Human Development cluster",,,,,,,5274,5227,5274,5227,5227,"The PPN is considered when Practioners are being employed. 
When learner numbers decrease, fewer practitioners are employed and when learner numbers increase more practitioners / teachers are employed.
",If the learner numbers drop no practitioner is employed. If learner numbers increase more practitioners are employed.,,,,,,,,,,,,,,,,,,,157
Basic Education,Education,KwaZulu-Natal,Programme 5:  Early Childhood Development,Grade R in public schools,Annually,SOI 501: Number of public schools that offer Grade R. ,Standardized,Not  Applicable,"Priority 3: Education, Skills And Health",Education and Skills Development ,"The Social Protection, Community and Human Development cluster",,,,,,,4082,4045,4082,4045,4045,Schools in the Province have been merged due to the closing of non-viable schools. This has led to the decrease in the number of schools offering Grade R. ,,,,,,,,,,,,,,,,,,,,157
Basic Education,Education,KwaZulu-Natal,Programme 6:  Infrastructure Development,Infrastructure Development,Annually,NSOI 6.1: Number of women benefitting from EPWP programmes.,Non-Standardized,Not  Applicable,"Priority 3: Education, Skills And Health",Education and Skills Development ,"The Social Protection, Community and Human Development cluster",,,,,,,120,120,120,120,120,The target was achieved,,,,,,,,,,,,,,,,,,,,157
Basic Education,Education,KwaZulu-Natal,Programme 6:  Infrastructure Development,Infrastructure Development,Annually,NSOI 6.2: Number of youth benefitting from infrastructure projects.,Non-Standardized,Not  Applicable,"Priority 3: Education, Skills And Health",Education and Skills Development ,"The Social Protection, Community and Human Development cluster",,,,,,,80,80,80,80,80,The target was achieved,,,,,,,,,,,,,,,,,,,,157
Basic Education,Education,KwaZulu-Natal,Programme 6:  Infrastructure Development,Infrastructure Development,Annually,NSOI 6.3: Number of disabled people benefitting from EPWP programmes.,Non-Standardized,Not  Applicable,"Priority 3: Education, Skills And Health",Education and Skills Development ,"The Social Protection, Community and Human Development cluster",,,,,,,2,2,2,2,2,The target was achieved,,,,,,,,,,,,,,,,,,,,157
Basic Education,Education,KwaZulu-Natal,Programme 6:  Infrastructure Development,Infrastructure Development,Annually,NSOI 6.4: Number of infrastructure programmes targeted to empower WYPD.,Non-Standardized,Not  Applicable,"Priority 3: Education, Skills And Health",Education and Skills Development ,"The Social Protection, Community and Human Development cluster",,,,,,,50,50,50,50,50,The target was achieved,,,,,,,,,,,,,,,,,,,,157
Basic Education,Education,KwaZulu-Natal,Programme 6:  Infrastructure Development,Infrastructure Development,Annually,SOI 601: Number of public schools provided with water infrastructure.,Standardized,Not  Applicable,"Priority 3: Education, Skills And Health",Education and Skills Development ,"The Social Protection, Community and Human Development cluster",,,,,,,150,40,150,40,40,"A number of projects had snags; Implementing Agents were informed to request contractors to go back to site and rectify the snags; however, IA's cited issues of non-payment of contractors, therefore target will not be achieved.",,,,,,,,,,,,,,,,,,,,157
Basic Education,Education,KwaZulu-Natal,Programme 6:  Infrastructure Development,Infrastructure Development,Annually,SOI 602: Number of public schools provided with electricity infrastructure.,Standardized,Not  Applicable,"Priority 3: Education, Skills And Health",Education and Skills Development ,"The Social Protection, Community and Human Development cluster",,,,,,,10,11,10,11,11,The target was achieved,,,,,,,,,,,,,,,,,,,,157
Basic Education,Education,KwaZulu-Natal,Programme 6:  Infrastructure Development,Infrastructure Development,Annually,SOI 603: Number of public schools supplied with sanitation facilities.,Standardized,Not  Applicable,"Priority 3: Education, Skills And Health",Education and Skills Development ,"The Social Protection, Community and Human Development cluster",,,,,,,150,88,150,88,88,"A number of projects had snags; Implementing Agents were informed to request contractors to go back to site and rectify the snags; however, IA's cited issues of non-payment of contractors, therefore target will not be achieved.",Department to ensure invoices are paid on time so that contractors can be able to go back to complete snags.,,,,,,,,,,,,,,,,,,,157
Basic Education,Education,KwaZulu-Natal,Programme 6:  Infrastructure Development,Infrastructure Development,Annually,SOI 604: Number of schools provided with new or additional boarding facilities. ,Standardized,Not  Applicable,"Priority 3: Education, Skills And Health",Education and Skills Development ,"The Social Protection, Community and Human Development cluster",,,,,,,1,1,1,1,1,The target was achieved,,,,,,,,,,,,,,,,,,,,157
Basic Education,Education,KwaZulu-Natal,Programme 6:  Infrastructure Development,Infrastructure Development,Annually,SOI 605: Number of schools where scheduled maintenance projects were completed. ,Standardized,Not  Applicable,"Priority 3: Education, Skills And Health",Education and Skills Development ,"The Social Protection, Community and Human Development cluster",,,,,,,500,356,500,356,356,"A number of projects had snags; Implementing Agents were informed to request contractors to go back to site and rectify the snags; however, IA's cited issues of non-payment of contractors, therefore target will not be achieved.

",Department to ensure invoices are paid on time so that contractors can be able to go back to complete snags.,,,,,,,,,,,,,,,,,,,157
Basic Education,Education,KwaZulu-Natal,Programme 7: Examination and Education Related Services,Examination and Education Related Services,Annually,NSOI 7.1: Number of schools with an NSC pass rate below 60%,Non-Standardized,Not  Applicable,"Priority 3: Education, Skills And Health",Education and Skills Development ,"The Social Protection, Community and Human Development cluster",,,,,,,76,54,76,54,54,,,,,,,,,,,,,,,,,,,,,157
Basic Education,Education,KwaZulu-Natal,Programme 7: Examination and Education Related Services,Examination and Education Related Services,Annually,SOI 701: Percentage of learners who passed the National Senior Certificate (NSC) Examination ,Standardized,Not  Applicable,"Priority 3: Education, Skills And Health",Education and Skills Development ,"The Social Protection, Community and Human Development cluster",,,,,,,89 %,89.5 %,89 %,89.5 %,89.5,The target was achieved,Development of support documents for teachers and learners across all subjects. Printed learner support documents in high enrolment subjects for Winter Classes and Last Push Programme.,,,,,,,,,,,,,,,,,,,157
Basic Education,Education,KwaZulu-Natal,Programme 7: Examination and Education Related Services,Examination and Education Related Services,Annually,SOI 702: Percentage of Grade 12 learners passing at Bachelor Pass level.,Standardized,Not  Applicable,"Priority 3: Education, Skills And Health",Education and Skills Development ,"The Social Protection, Community and Human Development cluster",,,,,,,48 %,52 %,48 %,52 %,52,The target was achieved,"Development of support documents  for teachers and learners across all subjects. Printed learner support documents in high enrolment subjects for Winter Classes and Last Push Programme. 
The documents accommodated learners performing at different levels namely: below average, average and above average learners.
",,,,,,,,,,,,,,,,,,,157
Basic Education,Education,KwaZulu-Natal,Programme 7: Examination and Education Related Services,Examination and Education Related Services,Annually,SOI 703: Percentage of Grade 12 learners achieving 60% and above in Mathematics,Standardized,Not  Applicable,"Priority 3: Education, Skills And Health",Education and Skills Development ,"The Social Protection, Community and Human Development cluster",,,,,,,16 %,17.6 %,16 %,17.6 %,17.6,The target was achieved,"Learner 'revision support' documents covering all levels of cognitive demand and difficulty levels were developed, printed and distributed to all schools for Winter Classes and the Last push programme.",,,,,,,,,,,,,,,,,,,157
Basic Education,Education,KwaZulu-Natal,Programme 7: Examination and Education Related Services,Examination and Education Related Services,Annually,SOI 704: Percentage of Grade 12 learners achieving 60% or more in Physical Sciences,Standardized,Not  Applicable,"Priority 3: Education, Skills And Health",Education and Skills Development ,"The Social Protection, Community and Human Development cluster",,,,,,,20 %,15 %,20 %,15 %,15,Examiners changed the style of questioning which then put off most candidates as teachers over rely on previous question papers.,"Workshop for novice teachers and teachers of schools that performed at 40% and below in the 2024 NSC Physical Sciences results will be conducted. 
Spring Camps will be conducted for struggling learners in Physical Sciences.
Learner revision support documents covering all levels of cognitive demand and difficulty levels will be developed for Winter Classes and the Last Push Programme.
",,,,,,,,,,,,,,,,,,,157
Basic Education,Education,KwaZulu-Natal,Programme 7: Examination and Education Related Services,Examination and Education Related Services,Annually,SOI 705: Number of secondary schools with National Senior Certificate (NSC) pass rate of 60% and above,Standardized,Not  Applicable,"Priority 3: Education, Skills And Health",Education and Skills Development ,"The Social Protection, Community and Human Development cluster",,,,,,,1684,1707,1684,1707,1707,Target Achieved,"Development of support documents for teachers and learners across all subjects. Printed learner support documents in high enrolment subjects for Winter Classes and the Last Push Programme. 
The documents accommodated learners performing at different levels namely: below average, average and above average learners.
",,,,,,,,,,,,,,,,,,,157
Environmental Affairs,Environmental Affairs,KwaZulu-Natal,Programme 1:  Administration ,Human Resource Management ,Quarterly, Number  of Health & Wellness Initiatives Implemented,Non-Standardized,Max,"Priority 1: A Capable, Ethical and Developmental State",Build a caring and incorruptible government,"Governance, State Capacity and Institutional Development cluster",4,4,4,4,4,4,4,4,16,4,16,"Target achieved 
",,,Target achieved. ,,"target for the quarter not met, please provide reason for deviation and corrective action statement.",,"
Target achieved.
",,,,,,Kindly provide reason for deviation and corrective action statement,,Target not achieved,,,,,157
Environmental Affairs,Environmental Affairs,KwaZulu-Natal,Programme 1:  Administration ,Human Resource Management ,Quarterly,Percentage of females recruited at SMS level ,Non-Standardized,Max,"Priority 1: A Capable, Ethical and Developmental State",Build a caring and incorruptible government,"Governance, State Capacity and Institutional Development cluster",50 %,39 %,50 %,40 %,50 %,41 %,50 %,41 %,50 %,41 %,41,"Target underachieved.
","Ring fenced post for SMS and committees to recruit females at SMS. 
",,"Target not achieved. EXCO has re-affirmed the decision towards recruitment of women to SMS positions, this includes explicit advertisement on the target groups.",Committees to recruit females at SMS,"target for the quarter not met, kindly provide reason for deviation from set target and correct action statement.",,Target not achieved. There is challenge around the amount of  applications by the targeted group for SMS posts.  ,Departmental EXCO reaffirm decision on filling SMS posts strictly with the targeted group.,,,Lack of females applications for SMS post ,Ring fenced post for SMS and committees to recruit females at SMS. ,,,Target not achieved. The process for the recruitment of vacant senior management posts approved as critical is underway. These posts are targeted to be filled by female professionals.,,,,,157
Environmental Affairs,Environmental Affairs,KwaZulu-Natal,Programme 1:  Administration ,Human Resource Management ,Quarterly,Percentage of mandatory compliance reporting ,Non-Standardized,Max,"Priority 1: A Capable, Ethical and Developmental State",Build a caring and incorruptible government,"Governance, State Capacity and Institutional Development cluster",100 %,100 %,100 %,100 %,100 %,100 %,100 %,100 %,100 %,100 %,100,Target achieved ,,,Target achieved ,,,,Target achieved ,,,,,,,,"
Target achieved
",,,,,157
Environmental Affairs,Environmental Affairs,KwaZulu-Natal,Programme 1:  Administration ,Human Resource Management ,Quarterly,Percentage of persons with disability recruited ,Non-Standardized,Max,"Priority 1: A Capable, Ethical and Developmental State",Build a caring and incorruptible government,"Governance, State Capacity and Institutional Development cluster",2 %,3 %,2 %,3 %,2 %,3 %,2 %,3 %,2 %,3 %,3,"Target overachieved. PWDs pots were ringfenced 
",,,Target overachieved. PWD's post were ring fenced ,,positive variance is noted.,,Target overachieved. PWD's post were ring fenced ,,,,PWDs posts were ringfenced ,,Kindly provide reason for deviation and corrective action statement. ,,Target overachieved. PWDs posts were ringfenced ,,,,,157
Environmental Affairs,Environmental Affairs,KwaZulu-Natal,Programme 1:  Administration ,Human Resource Management ,Quarterly,Percentage of signed performance agreements submitted,Non-Standardized,Max,"Priority 1: A Capable, Ethical and Developmental State",Build a caring and incorruptible government,"Governance, State Capacity and Institutional Development cluster",100 %,100 %,100 %,100 %,100 %,100 %,100 %,100 %,100 %,100 %,100,"Target achieved 
",,,Target achieved. ,,,,"Target achieved.
","reminders sent to employees that are due to submit
",,,,,,,Target achieved.,,,,,157
Environmental Affairs,Environmental Affairs,KwaZulu-Natal,Programme 1:  Administration ,Human Resource Management ,Quarterly,Percentage of Vacancy Rate ,Non-Standardized,Max,"Priority 1: A Capable, Ethical and Developmental State",Build a caring and incorruptible government,"Governance, State Capacity and Institutional Development cluster",10 %,10 %,10 %,2 %,10 %,3 %,10 %,2 %,10 %,10 %,10,"Target overachieved. posts were ringfenced and advertised 
",,,Target achieved ,,,,"Target achieved. Many post were frozen due to cost 
",,,,posts were ringfenced and advertised ,,Kindly provide reason for deviation and corrective action statement,,"Target overachieved, Vacant posts are filled
",,,,,157
Environmental Affairs,Environmental Affairs,KwaZulu-Natal,Programme 1:  Administration ,Office of the CFO,Quarterly,% compliance when processing invoices,Non-Standardized,Max,"Priority 1: A Capable, Ethical and Developmental State",Build a caring and incorruptible government,"Governance, State Capacity and Institutional Development cluster",100 %,98.4 %,100 %,100 %,100 %,100 %,100 %,100 %,100 %,100 %,100,"Target achieved
",,,Target not achieved. Inactive banking details on BAS accounts for the payment of the invoices over 30 days and is the direct consequence of the suppliers failing to update their information on the CSD and falls outside of the control of the department. ,,,,Target achieved ,,,,,,,,"Target achieved.
",,,,,157
Environmental Affairs,Environmental Affairs,KwaZulu-Natal,Programme 1:  Administration ,Office of the CFO,Quarterly,% compliance when procuring goods and services,Non-Standardized,Max,"Priority 1: A Capable, Ethical and Developmental State",Build a caring and incorruptible government,"Governance, State Capacity and Institutional Development cluster",100 %,67.44 %,100 %,100 %,100 %,100 %,100 %,100 %,100 %,100 %,100,"Target achieved
",,,"Target not achieved. In Q1 the shortfall in spending towards designated categories such as SMMEs, Cooperatives, Women, Youth and PWD.",,,,Target achieved ,,,,,,,,"Target achieved.
",,,,,157
Environmental Affairs,Environmental Affairs,KwaZulu-Natal,Programme 1:  Administration ,Office of the CFO,Quarterly,Percentage  of transfer payments budget paid over,Non-Standardized,Not  Applicable,"Priority 1: A Capable, Ethical and Developmental State",Build a caring and incorruptible government,"Governance, State Capacity and Institutional Development cluster",25 %,23 %,50 %,47 %,75 %,71 %,100 %,100 %,100 %,241 %,100,"Target achieved
",,,Target not achieved. Transfers paid according to tranche dates as per the concluded contracts/MOU. The full year projection remains at 100%,,,,Target not achieved. Transfers are paid according to the dates contained in the signed MOUs and not all tranches are spilt equally through the year. ,,,,"This is due transfers payments for IDFC , Growth Fund Trust, Ezemvelo KZN Wildlife  and Dube Trade Port being lower than the 75% bench mark but are anticipated to be fully spent by year end.
",,,,"Target achieved.
",,,,,157
Environmental Affairs,Environmental Affairs,KwaZulu-Natal,Programme 1:  Administration ,Programme 1:  Administration ,Annually,default,Not Applicable,Not  Applicable,Not Applicable,-,Not Applicable,,,,,,,,,,,,,,,,,,,,,,,,,,,,,,,,157
Environmental Affairs,Environmental Affairs,KwaZulu-Natal,Programme 1:  Administration ,Programme 1:  Administration ,Quarterly,default,Not Applicable,Not  Applicable,Not Applicable,-,Not Applicable,,,,,,,,,,,,,,,,,,,,,,,,,,,,,,,,157
Environmental Affairs,Environmental Affairs,KwaZulu-Natal,Programme 1:  Administration ,Sub-Programme 1.1: Office of the MEC,Annually,default,Not Applicable,Not  Applicable,Not Applicable,-,Not Applicable,,,,,,,,,,,,,,,,,,,,,,,,,,,,,,,,157
Environmental Affairs,Environmental Affairs,KwaZulu-Natal,Programme 1:  Administration ,Sub-Programme 1.1: Office of the MEC,Quarterly,default,Not Applicable,Not  Applicable,Not Applicable,-,Not Applicable,,,,,,,,,,,,,,,,,,,,,,,,,,,,,,,,157
Environmental Affairs,Environmental Affairs,KwaZulu-Natal,Programme 1:  Administration ,Sub-Programme 1.2: Senior Management (HOD),Annually,default,Not Applicable,Not  Applicable,Not Applicable,-,Not Applicable,,,,,,,,,,,,,,,,,,,,,,,,,,,,,,,,157
Environmental Affairs,Environmental Affairs,KwaZulu-Natal,Programme 1:  Administration ,Sub-Programme 1.2: Senior Management (HOD),Quarterly,default,Not Applicable,Not  Applicable,Not Applicable,-,Not Applicable,,,,,,,,,,,,,,,,,,,,,,,,,,,,,,,,157
Environmental Affairs,Environmental Affairs,KwaZulu-Natal,Programme 1:  Administration ,Sub-Programme 1.3: Corporate Services,Annually,default,Not Applicable,Not  Applicable,Not Applicable,-,Not Applicable,,,,,,,,,,,,,,,,,,,,,,,,,,,,,,,,157
Environmental Affairs,Environmental Affairs,KwaZulu-Natal,Programme 1:  Administration ,Sub-Programme 1.3: Corporate Services,Quarterly,default,Not Applicable,Not  Applicable,Not Applicable,-,Not Applicable,,,,,,,,,,,,,,,,,,,,,,,,,,,,,,,,157
Environmental Affairs,Environmental Affairs,KwaZulu-Natal,Programme 1:  Administration ,Sub-Programme 1.4: Financial Management,Annually,default,Not Applicable,Not  Applicable,Not Applicable,-,Not Applicable,,,,,,,,,,,,,,,,,,,,,,,,,,,,,,,,157
Environmental Affairs,Environmental Affairs,KwaZulu-Natal,Programme 1:  Administration ,Sub-Programme 1.4: Financial Management,Quarterly,default,Not Applicable,Not  Applicable,Not Applicable,-,Not Applicable,,,,,,,,,,,,,,,,,,,,,,,,,,,,,,,,157
Environmental Affairs,Environmental Affairs,KwaZulu-Natal,Programme 1:  Administration ,Sub-Programme 1.5: Sector Skills Development and Training,Annually,default,Not Applicable,Not  Applicable,Not Applicable,-,Not Applicable,,,,,,,,,,,,,,,,,,,,,,,,,,,,,,,,157
Environmental Affairs,Environmental Affairs,KwaZulu-Natal,Programme 1:  Administration ,Sub-Programme 1.5: Sector Skills Development and Training,Quarterly,default,Not Applicable,Not  Applicable,Not Applicable,-,Not Applicable,,,,,,,,,,,,,,,,,,,,,,,,,,,,,,,,157
Environmental Affairs,Environmental Affairs,KwaZulu-Natal,Programme 2:  Intergrated Economic Development Services and Business Regulations (IEDS-BR),Consumer Protection Services ,Quarterly,Number of businesses enrolled on the compliance programmes in the province,Non-Standardized,Not  Applicable,"Priority 1: A Capable, Ethical and Developmental State",Growing SMMEs and Cooperative,"The Economic Sectors, Employment and Infrastructure Development cluster",6,,6,,6,6,6,6,24,12,12,Target achieved ,,,,,,,,,,,,,,,Target achieved,,,,,157
Environmental Affairs,Environmental Affairs,KwaZulu-Natal,Programme 2:  Intergrated Economic Development Services and Business Regulations (IEDS-BR),Consumer Protection Services ,Quarterly,Number of consumer awareness programmes conducted,Non-Standardized,Not  Applicable,Priority 2: Economic Transformation And Job Creation,Growing SMMEs and Cooperative,"Governance, State Capacity and Institutional Development cluster",350,,350,,350,343,350,363,1400,706,706,"Target overachieved. The November 2024 Provincial cost-cutting measures placed a limit on the official trips which resulted in the team having to revise plans for November and December. However, the overall annual target was achieved during quarters 1 & 2.
",,,,,,,,,,,Did not achieve due to circular reducing kilometers of travel and also due to December festive holidays and shortage of f but our overall annual has been achieved due to quarter 1 & 2,,Kindly provide reason for deviation and corrective action statement,,"Target overachieved. Additional awareness activities were conducted due to invitations from stakeholders
",,,,,157
Environmental Affairs,Environmental Affairs,KwaZulu-Natal,Programme 2:  Intergrated Economic Development Services and Business Regulations (IEDS-BR),Consumer Protection Services ,Quarterly,Number of interventions implemented to protect consumer right ,Non-Standardized,Max,Priority 2: Economic Transformation And Job Creation,Growing the Economy,"The Economic Sectors, Employment and Infrastructure Development cluster",1,1,1,1,2,0,1,Revised ,5,1,2,Target achieved,,,Target achieved ,,,,Target achieved ,,,,Revised APP,,,,,,,,,157
Environmental Affairs,Environmental Affairs,KwaZulu-Natal,Programme 2:  Intergrated Economic Development Services and Business Regulations (IEDS-BR),Economic Empowerment ,Quarterly, Number of B-BBEE enforcement partnerships established,Non-Standardized,Not  Applicable,Priority 2: Economic Transformation And Job Creation,Growing SMMEs and Cooperative,"The Economic Sectors, Employment and Infrastructure Development cluster",0,,0,,1,0,1,0,2,0,0,Target underachieved. ,,,,,,,,,,,To be finalised in Q4,,,,Target not achieved. The target is new since October 2024 and the current engagements with the relevant enforcement authorities would take longer to conclude. The BEE Compliance unit has started the engagements.,,,,,157
Environmental Affairs,Environmental Affairs,KwaZulu-Natal,Programme 2:  Intergrated Economic Development Services and Business Regulations (IEDS-BR),Economic Empowerment ,Quarterly,Number of black industrialists’ companies provided with business operational support,Non-Standardized,Not  Applicable,Priority 2: Economic Transformation And Job Creation,Growing SMMEs and Cooperative,"The Economic Sectors, Employment and Infrastructure Development cluster",0,,0,,2,15,2,10,4,25,25,Target overachieved. The overachievement is due to the projects that were committed by the department previously.,,,,,,,,,,,"Target overachieved. The overachievement is due to the projects that were committed by the department previously.
",,,,"Target overachieved. The Black Industrialist unit formed a partnership with Productivity, SA and other institutions to support the BI businesses.",,"Target not achieved, please provide the reason for deviation and corrective action.",,,157
Environmental Affairs,Environmental Affairs,KwaZulu-Natal,Programme 2:  Intergrated Economic Development Services and Business Regulations (IEDS-BR),Economic Empowerment ,Quarterly,Number of businesses supported to access funding and investment opportunities,Non-Standardized,Not  Applicable,Priority 2: Economic Transformation And Job Creation,Growing SMMEs and Cooperative,"The Economic Sectors, Employment and Infrastructure Development cluster",20,,20,,20,18,20,27,80,45,45,Target overachieved ,,,,,,,,,,,Target underachieved. The target was not achieved due to portfolio of evidence that could not be verified from the beneficiaries who accessed funding opportunities in Q3.  ,,,,"Target overachieved. Several direct funding partnerships and platforms were created. The EE Unit utilised the Umyezane Conference in the fourth quarter to directly fund carefully selected, most performing Black owned businesses.",,,,,157
Environmental Affairs,Environmental Affairs,KwaZulu-Natal,Programme 2:  Intergrated Economic Development Services and Business Regulations (IEDS-BR),Economic Empowerment ,Quarterly,Number of businesses supported to graduate to Black Industrialists programme,Non-Standardized,Not  Applicable,Priority 2: Economic Transformation And Job Creation,Growing SMMEs and Cooperative,"The Economic Sectors, Employment and Infrastructure Development cluster",0,,0,,1,0,1,10,2,10,10,Target overachieved ,,,,,,,,,,,"Indicator is a new performance indicator, intervention to be reported in the last quarter. ",,,,"Target overachieved. The Black Industrial unit initiated a unique graduation model that started with profiling several BI businesses, and the model gave the results.",,,,,157
Environmental Affairs,Environmental Affairs,KwaZulu-Natal,Programme 2:  Intergrated Economic Development Services and Business Regulations (IEDS-BR),Economic Empowerment ,Quarterly,Number of Economic Transformation initiatives for the targeted group,Non-Standardized,Not  Applicable,Priority 2: Economic Transformation And Job Creation,Growing SMMEs and Cooperative,"The Economic Sectors, Employment and Infrastructure Development cluster",0,11,5,18,5,0,5,Revised ,15,0,29,Target overachieved ,,,Target overachieved. Youth directorate received many stakeholder request to commemorate youth month. The directorate received many economic transformation request from various stakeholders. BBBEE compliance operate on the needs basis and received request from stakeholders.,,There is no set target for the quarter however 2 was achieved. Kindly provide reason for deviation statement.,,"Target overachieved, due to the partnership with stakeholders. 
",,,,Revised APP,,,,,,,,,157
Environmental Affairs,Environmental Affairs,KwaZulu-Natal,Programme 2:  Intergrated Economic Development Services and Business Regulations (IEDS-BR),Economic Empowerment ,Quarterly,Number of empowerment initiatives facilitated in priority sectors,Non-Standardized,Not  Applicable,Priority 2: Economic Transformation And Job Creation,Growing SMMEs and Cooperative,"The Economic Sectors, Employment and Infrastructure Development cluster",2,,2,,2,4,2,12,8,16,16,Target overachieved. The overachievement is due to infrastructures completed earlier than anticipated.,,,,,,,,,,,"The target was overachieved due to a partnership with a stakeholders to implement some of the initiatives. 
",,,,"Target overachieved. Most of the units under EE, mainly Women and People with Disability, Youth Economic Empowerment and Township and Rural Revitalisation created a number of public and private partnerships to be able to do more. Specific implementation agreements were signed with public entities such as Moses Kotane and the Tourism and Film Authority for priority sectors.",,,,,157
Environmental Affairs,Environmental Affairs,KwaZulu-Natal,Programme 2:  Intergrated Economic Development Services and Business Regulations (IEDS-BR),Economic Empowerment ,Quarterly,Number of empowerment opportunities facilitated for businesses in rural and township areas,Non-Standardized,Not  Applicable,Priority 2: Economic Transformation And Job Creation,Growing the Economy,"The Economic Sectors, Employment and Infrastructure Development cluster",0,,0,,2,3,2,3,4,6,6,"Target overachieved. The overachievement is due to Increased demand from small enterprises.
",,,,,,,,,,,"Target overachieved. Stakeholder partnerships contribution towards fast tracking implementations 
",,,,"Target overachieved: 
The Township and Rural Revitalisation unit under EE signed a partnership with KZN Ezemvelo, which allowed for more to be achieved.
",,,,,157
Environmental Affairs,Environmental Affairs,KwaZulu-Natal,Programme 2:  Intergrated Economic Development Services and Business Regulations (IEDS-BR),Economic Empowerment ,Quarterly,Number of jobs facilitated for the trained priority groups individuals,Non-Standardized,Not  Applicable,Priority 2: Economic Transformation And Job Creation,Growing the Economy,"The Economic Sectors, Employment and Infrastructure Development cluster",0,,300,,100,658,100,106,500,764,764,Target overachieved. Overachievement is due to real estate programme which started in Q3.  ,,,,,,,,,,,"Target overachieved. Overachievement is due to real estate programme which started in Q3.
",,Please provide the reason for deviation and corrective action.,,"Target overachieved: The Economic Empowerment unit signed a funding partnership agreement with the Property Practitioners and Regulatory Authority (PPRA) & Services SETA, allowing more budget and numbers to be trained and placed.
",,,,,157
Environmental Affairs,Environmental Affairs,KwaZulu-Natal,Programme 2:  Intergrated Economic Development Services and Business Regulations (IEDS-BR),Economic Empowerment ,Quarterly,Number of platforms provided for B-BBEE compliance engagements and analysis,Non-Standardized,Not  Applicable,Priority 2: Economic Transformation And Job Creation,Growing SMMEs and Cooperative,"The Economic Sectors, Employment and Infrastructure Development cluster",1,,1,,1,3,1,4,4,7,7,Target overachieved. Overachievement is due to the availability of the stakeholders to implement the engagements. ,,,,,,,,,,,Target overachieved. Overachievement is due to the availability of the stakeholders to implement the engagements. ,,,,Target overachieved. The BEE Compliance and BEE Operations units created several engagements platforms working with different Municipalities to support local SMMES on specific Supply Chain Management issues. The targeted and benefiting Municipalities were more than initially planned.,,,,,157
Environmental Affairs,Environmental Affairs,KwaZulu-Natal,Programme 2:  Intergrated Economic Development Services and Business Regulations (IEDS-BR),Enterprise Development,Quarterly,Number of business infrastructure provided for small enterprises,Non-Standardized,Not  Applicable,Priority 2: Economic Transformation And Job Creation,Growing SMMEs and Cooperative,"The Economic Sectors, Employment and Infrastructure Development cluster",1,,0,,0,5,2,8,3,13,13,Target overachieved. The overachievement is due to infrastructures completed earlier than anticipated.,,,,,,,,,,,Variance is due to infrastructures completed earlier than anticipated.,,Kindly provide reason for deviation and corrective action statement,,Target overachieved. Variance is due to infrastructures completed earlier than anticipated,,,,,157
Environmental Affairs,Environmental Affairs,KwaZulu-Natal,Programme 2:  Intergrated Economic Development Services and Business Regulations (IEDS-BR),Enterprise Development,Quarterly,Number of cooperatives supported ,Non-Standardized,Not  Applicable,Priority 2: Economic Transformation And Job Creation,Growing SMMEs and Cooperative,"The Economic Sectors, Employment and Infrastructure Development cluster",444,488,445,712,444,0,444,Revised ,1777,1200,1200,Target overachieved,,,"Target overachieved. Variance is due to continuous requests by Cooperatives for business 
support services; the implementation of the OVF post disbursement support and opening 
of OVF Window 2 applications increased the number of enterprises who sought support 
from the Department.",,"Target not met, kindly provide reason for deviation from set target",,"Target overachieved. The variance is due to continuous requests by cooperatives and the implementation of the OVF post-disbursement support. The opening of the OVF Window 2 application increased the number of enterprises that sought support from the department
",,,,Revised APP,,"If the indicator or target was revised, the output should be captured on the new indicator, not on the old indicator. Kindly review the reason for deviation and provide corrective action.",,,,,,,157
Environmental Affairs,Environmental Affairs,KwaZulu-Natal,Programme 2:  Intergrated Economic Development Services and Business Regulations (IEDS-BR),Enterprise Development,Quarterly,Number of market access opportunities facilitated for small enterprises in priority commodities,Not Applicable,Not  Applicable,Priority 2: Economic Transformation And Job Creation,Growing the Economy,"The Economic Sectors, Employment and Infrastructure Development cluster",0,,2,,3,23,3,15,8,38,38,Target overachieved. The overachievement is due to Increased demand from small enterprises.,,,,,,,,,,,Variance is due to Increased demand from small enterprises.,,Kindly provide reason for deviation and corrective action statement,,"Target overachieved: due to Increased demand from small enterprises.
",,,,,157
Environmental Affairs,Environmental Affairs,KwaZulu-Natal,Programme 2:  Intergrated Economic Development Services and Business Regulations (IEDS-BR),Enterprise Development,Quarterly,Number of small enterprises incubated in priority sectors,Non-Standardized,Not  Applicable,Priority 2: Economic Transformation And Job Creation,Growing SMMEs and Cooperative,"The Economic Sectors, Employment and Infrastructure Development cluster",20,,20,,20,32,20,114,80,146,146,Target overachieved. The overachievement is due to Increased demand from small enterprises.,,,,,,,,,,,Variance is due to Increased demand from small enterprises.,,,,Target overachieved. Variance is due to Increased demand from small enterprises.,,,,,157
Environmental Affairs,Environmental Affairs,KwaZulu-Natal,Programme 2:  Intergrated Economic Development Services and Business Regulations (IEDS-BR),Enterprise Development,Quarterly,Number of SMMEs Supported ,Non-Standardized,Not  Applicable,Priority 2: Economic Transformation And Job Creation,Growing SMMEs and Cooperative,"The Economic Sectors, Employment and Infrastructure Development cluster",444,1345,445,1606,444,0,444,Revised ,1777,2951,2951,Target overachieved ,,,"Target overachieved. Variance is due to continuous requests by SMMEs for business support 
services; the implementation of the OVF post disbursement support and opening of OVF 
Window 2 applications increased the number of enterprises who sought support from the 
Department.",,"Target exceeded, kindly provide reason for deviation from set target.",,"
Target overachieved. Variance is due to continuous requests by SMMEs for business support and the implementation of the OVF post-disbursement support. The opening of the OVF Window 2 application increased the number of enterprises that sought support from the department",,kindly provide the reason for the deviation and corrective action.,,Revised APP,,"If the indicator or target was revised, the output should be captured on the new indicator, not on the old indicator. Kindly review the reason for the deviation.",,,,,,,157
Environmental Affairs,Environmental Affairs,KwaZulu-Natal,Programme 2:  Intergrated Economic Development Services and Business Regulations (IEDS-BR),Regional and Local Economic Development,Quarterly,Number  of RLED initiatives to support local municipalities ,Non-Standardized,Max,Priority 2: Economic Transformation And Job Creation,Growing the Economy,"The Economic Sectors, Employment and Infrastructure Development cluster",6,6,5,9,15,0,8,Revised ,34,9,15,Target overachieved ,,,Target overachieved. ,,,,"Target over-achieved. The targets was overachieved to align and in preparation for APP revision. 
",,,,Revised APP,,,,,,,,,157
Environmental Affairs,Environmental Affairs,KwaZulu-Natal,Programme 2:  Intergrated Economic Development Services and Business Regulations (IEDS-BR),Regional and Local Economic Development,Quarterly,Number of municipal employment initiatives (MEI) funded,Non-Standardized,Not  Applicable,Priority 2: Economic Transformation And Job Creation,Growing the Economy,"The Economic Sectors, Employment and Infrastructure Development cluster",0,,9,,2,2,5,5,16,7,7,"Target achieved. 
",,,,,,,,,,,,,,,Target archieved,,,,,157
Environmental Affairs,Environmental Affairs,KwaZulu-Natal,Programme 2:  Intergrated Economic Development Services and Business Regulations (IEDS-BR),Regional and Local Economic Development,Quarterly,Number of municipal informal infrastructure projects funded ,Non-Standardized,Not  Applicable,Priority 2: Economic Transformation And Job Creation,Growing SMMEs and Cooperative,"The Economic Sectors, Employment and Infrastructure Development cluster",0,,5,,5,5,9,9,19,14,14,Target achieved ,,,,,,,,,,,,,,,Target achieved,,,,,157
Environmental Affairs,Environmental Affairs,KwaZulu-Natal,Programme 2:  Intergrated Economic Development Services and Business Regulations (IEDS-BR),Regional and Local Economic Development,Quarterly,Number of social and informal entrepreneurs capacitated,Non-Standardized,Not  Applicable,Priority 2: Economic Transformation And Job Creation,Growing SMMEs and Cooperative,"The Economic Sectors, Employment and Infrastructure Development cluster",0,,0,,60,234,70,206,130,440,440,Target overachieved. Quarter three had an increased in demand for the trainings.,,,,,,,,,,,There was an increased in demand for the trainings ,,Please provide the corrective action.,,"Target overachieved, 22 Social Entrepreneur's were recruited on training on the new UKZN contract. 85 informal traders were trained in quarter four for financial management. 99 informal traders were trained on digital skills through Nemisa. 
",,,,,157
Environmental Affairs,Environmental Affairs,KwaZulu-Natal,Programme 2:  Intergrated Economic Development Services and Business Regulations (IEDS-BR),Regulations Services,Quarterly,Number of business inspections conducted,Non-Standardized,Not  Applicable,"Priority 1: A Capable, Ethical and Developmental State",Growing SMMEs and Cooperative,"The Economic Sectors, Employment and Infrastructure Development cluster",250,,250,,250,469,250,264,1000,733,733,"Target overachieved. The country experienced a foodborne illnesses crisis from goods purchased at Spaza Shops which demanded an increase in inspections.   
",,,,,,,,,,,The country experienced a food borne illnesses crisis from goods purchased at Spaza Shops which demanded an increase in inspection of these businesses,,Kindly provide reason for deviation and corrective action statement,,"Target overarched, Spaza Shop registrations resulted in the focus on spaza shops inspections, which constituted most of the business inspections conducted this quarter
",,,,,157
Environmental Affairs,Environmental Affairs,KwaZulu-Natal,Programme 2:  Intergrated Economic Development Services and Business Regulations (IEDS-BR),Regulations Services,Quarterly,Number of catalytic initiatives implemented,Non-Standardized,Not  Applicable,Priority 2: Economic Transformation And Job Creation,Growing SMMEs and Cooperative,"Governance, State Capacity and Institutional Development cluster",2,,2,,2,2,1,1,7,3,3,Target Achieved ,,,,,,,,,,,,,,,"Target achieved: The sub-unit took over regulatory functions from the erstwhile KZNGBB since it merged with the erstwhile KZNLA to KZNERA in June 2024, which resulted in additional legislative frameworks reviewed in line with this indicator.
",,,,,157
Environmental Affairs,Environmental Affairs,KwaZulu-Natal,Programme 2:  Intergrated Economic Development Services and Business Regulations (IEDS-BR),Regulations Services,Quarterly,Number of interventions implemented to ensure business compliance,Non-Standardized,Max,Priority 2: Economic Transformation And Job Creation,Growing the Economy,"Governance, State Capacity and Institutional Development cluster",2,2,2,2,2,0,2,Revised ,8,2,4,"Target Achieved 
",,,Target achieved ,,,,"Target achieved 
",,,,Revised APP,,,,,,,,,157
Environmental Affairs,Environmental Affairs,KwaZulu-Natal,Programme 2:  Intergrated Economic Development Services and Business Regulations (IEDS-BR),Regulations Services,Quarterly,Number of municipalities assisted with digital technology to facilitate business licences and informal trader permits,Non-Standardized,Not  Applicable,"Priority 1: A Capable, Ethical and Developmental State",Growing SMMEs and Cooperative,"Governance, State Capacity and Institutional Development cluster",10,,11,,11,12,10,10,42,22,22,Target overachieved. An additional municipality that is not currently utilising the automated System was engaged in this quarter to revive the implementation of the system.,,,,,,,,,,,"An additional municipality who is not currently utilising the automated System was engaged in this quarter to revive
the implementation of the system",,Kindly provide reason for deviation and corrective action statement,,Target achieved. ,,,,,157
Environmental Affairs,Environmental Affairs,KwaZulu-Natal,Programme 2:  Intergrated Economic Development Services and Business Regulations (IEDS-BR),Regulations Services,Quarterly,Number of programmes facilitated to support informal economy,Non-Standardized,Not  Applicable,Priority 2: Economic Transformation And Job Creation,Growing SMMEs and Cooperative,"The Economic Sectors, Employment and Infrastructure Development cluster",3,,4,,4,7,4,4,15,11,11,"Target overachieved. There was a demand to facilitate programmes to Regulate Spaza Shops and to address illegal liquor trade during this period to address non-compliance in these sectors.
",,,,,,,,,,,"There was a demand to facilitate programmes to Regulate Spaza Shops and to address illegal liquor trade during this
period to address non-compliance in these sectors",,Kindly provide reason for deviation and corrective action statement,,Target achieved,,,,,157
Environmental Affairs,Environmental Affairs,KwaZulu-Natal,Programme 2:  Intergrated Economic Development Services and Business Regulations (IEDS-BR),Regulations Services,Quarterly,Percentage of regulatory gaming and liquor appeals finalised,Non-Standardized,Not  Applicable,"Priority 1: A Capable, Ethical and Developmental State",Growing the Economy,"Governance, State Capacity and Institutional Development cluster",90 %,,90 %,,90 %,63 %,90 %,110 %,90 %,173 %,110,"Target underachieved. This indicator is dependent on appeals being processed by the sub-unit and submitted to the Ministry's office for the MEC's signature. As a result, there were brought forward appeals from previous quarters which were not finalised due to a change of administration and delays in acquiring signatures. There was also a merging of KZNLA and KZNGBB which added to the workload of the sub-unit with limited",,,,,,,,,,,"This indicator is dependent on appeals being processed by
the sub-unit and submitted to the Ministry's office for the
MEC's signature. As a result, there were brought forward appeals from previous quarters which were not finalised
due to change of administration and delays in acquiring signatures. There was also merging of KZNLA and KZNGBB
which added to the workload of the sub-unit with limited",The sub-unit will do its best to ensure processing and signing of all brought forward Appeals by end of the financial year to allow focus only on finalisation of Appeals,Kindly provide reason for deviation and corrective action statement,,"Target overachieved. This target was exceeded for this quarter as the unit processed a total of 14 appeals, out of a total of 11 appeals received for this reporting quarter. ",,,,,157
Environmental Affairs,Environmental Affairs,KwaZulu-Natal,Programme 2: Intergrated Economic Development Services and Business Regulations (IEDS-BR),Regional and Local Economic Development,Annually,Number of municipal red tape interventions implemented,Non-Standardized,Not  Applicable,Priority 2: Economic Transformation And Job Creation,Growing the Economy,"The Economic Sectors, Employment and Infrastructure Development cluster",,,,,,,6,6,6,6,6,Target achieved ,,,,,,,,,,,,,,,,,,,,157
Environmental Affairs,Environmental Affairs,KwaZulu-Natal,Programme 3:  Trade and Industry Development,Sector Development,Quarterly,Number of industry cluster projects supported ,Non-Standardized,Not  Applicable,Priority 2: Economic Transformation And Job Creation,Growing the Economy,"The Economic Sectors, Employment and Infrastructure Development cluster",0,0,1,1,0,0,0,"No target for this quarter 
",1,1,1,"Target Achieved 
",,,,,,,"Target achieved 
",,,,Revised APP,,,,,,Please capture the actual output even if the target is zero.,,,157
Environmental Affairs,Environmental Affairs,KwaZulu-Natal,Programme 3:  Trade and Industry Development,Sector Development,Quarterly,Number of strategic interventions implemented in economic sectors ,Non-Standardized,Not  Applicable,Priority 2: Economic Transformation And Job Creation,Growing the Economy,"The Economic Sectors, Employment and Infrastructure Development cluster",0,0,1,0,2,0,2,Revised ,5,0,0,Target not achieved ,,,,,,,"Target not achieved: Three (3) phases of an 8-phased project were completed. However, the unforeseen delays in phase 3 affected the full completion of the project in Q2. 
","The establishment of a Shared Cannabis/hemp Processing Facility in Bergville will be report in Q3-Q4.
",,,Revised APP,,,,,,,,,157
Environmental Affairs,Environmental Affairs,KwaZulu-Natal,Programme 3:  Trade and Industry Development,Sector Development ,Annually,Number of cannabis SMME processors provided with equipment.,Non-Standardized,Not  Applicable,Priority 2: Economic Transformation And Job Creation,Growing the Economy,"The Economic Sectors, Employment and Infrastructure Development cluster",,,,,,,3,4,3,4,4,"Target Overachieved
",,,,,,,,,,,,,,,,,,,,157
Environmental Affairs,Environmental Affairs,KwaZulu-Natal,Programme 3:  Trade and Industry Development,Sector Development ,Annually,Number of clusters funded to enhance sectoral competitiveness,Non-Standardized,Not  Applicable,Priority 2: Economic Transformation And Job Creation,Growing the Economy,"The Economic Sectors, Employment and Infrastructure Development cluster",,,,,1,1,,,1,1,1,"Target achieved
",,,,,,,,,,,,,,,,,,,,157
Environmental Affairs,Environmental Affairs,KwaZulu-Natal,Programme 3:  Trade and Industry Development,Strategic Industrial Interventions,Quarterly, Number of strategic industrial interventions facilitated/implemented ,Non-Standardized,Not  Applicable,Priority 2: Economic Transformation And Job Creation,Growing the Economy,"The Economic Sectors, Employment and Infrastructure Development cluster",0,0,4,1,0,0,0,,4,0,1,"Target underachieved
",,,,,,,"Target not achieved: The four planned interventions are still in progress and are due for completion in 4th quarter.
",,,,Revised APP,,,,,,Please capture the actual output even if the target is zero.,,,157
Environmental Affairs,Environmental Affairs,KwaZulu-Natal,Programme 3:  Trade and Industry Development,Strategic Industrial Interventions,Quarterly,Number of infrastructural projects funded to stimulate job creation,Non-Standardized,Not  Applicable,Priority 2: Economic Transformation And Job Creation,Growing the Economy,"The Economic Sectors, Employment and Infrastructure Development cluster",0,,0,,1,1,2,2,3,3,3,"Target achieved
",,,,,,,,,,,,,,,Target achieved. ,,,,,157
Environmental Affairs,Environmental Affairs,KwaZulu-Natal,Programme 3:  Trade and Industry Development,Strategic Industrial Interventions,Quarterly,Number of jobs created,Non-Standardized,Not  Applicable,Priority 2: Economic Transformation And Job Creation,Growing the Economy,"The Economic Sectors, Employment and Infrastructure Development cluster",10,98,11,23,4,0,0,,25,121,121,"Target Overachieved
",,,"Target overachieved. More jobs opportunities were created due to all air ports having appointed service providers earlier than anticipated - PMB, Ulundi, Newcastle, Margate & uMkhuze as well as the industrial economic hubs ",,,,"Target overachieved. Continuation of installation of security fence with additional opportunities presented at Margate Airport, continued works at Ulundi Airport on other electrical and plumbing works leading to new opportunities and repairing wiring on illumination of fence following securing the poles with concrete.   
",,,,Revised APP,,,,,,Please capture the actual output even if the target is zero.,,,157
Environmental Affairs,Environmental Affairs,KwaZulu-Natal,Programme 3:  Trade and Industry Development,Strategic Industrial Interventions,Quarterly,Number of projects funded to drive sectoral transformation,Non-Standardized,Not  Applicable,Priority 2: Economic Transformation And Job Creation,Growing the Economy,"The Economic Sectors, Employment and Infrastructure Development cluster",0,,1,,4,3,0,1,5,4,4,"Target achieved
",,,,,,,,,,,Aquaculture Development: there were delays in the procurement of the fingerlings for the uTshwayelo Fish Farm at uMhlabuyalingana. ,The tender will be advertised in the second week of January 2025 and the target will be achieved by 4th quarter of 2024/25 FY. ,,,"The aquaculture projects development that could not be achieved in Q3, according to the APP, was achieved in Q4.

",,Please capture the actual output even if the target is zero.,,,157
Environmental Affairs,Environmental Affairs,KwaZulu-Natal,Programme 3:  Trade and Industry Development,Strategic Industrial Interventions ,Annually,Number of strategic interventions frameworks developed,Non-Standardized,Not  Applicable,Priority 2: Economic Transformation And Job Creation,Growing the Economy,"The Economic Sectors, Employment and Infrastructure Development cluster",,,,,,,3,3,3,3,3,"Target achieved. 
 
",,,,,,,,,,,,,,,,,,,,157
Environmental Affairs,Environmental Affairs,KwaZulu-Natal,Programme 3:  Trade and Industry Development,Tourism Growth & Development ,Annually,Number of tourism attractions and products implemented ,Non-Standardized,Not  Applicable,Priority 2: Economic Transformation And Job Creation,Growing the Economy,"The Economic Sectors, Employment and Infrastructure Development cluster",,,,,,,5,,5,,0,Revised annual target ,,,,,,,,,,,,,,,,,,,,157
Environmental Affairs,Environmental Affairs,KwaZulu-Natal,Programme 3:  Trade and Industry Development,Tourism Growth & Development ,Annually,Number of tourism products supported,Non-Standardized,Not  Applicable,Priority 2: Economic Transformation And Job Creation,Growing the Economy,"The Economic Sectors, Employment and Infrastructure Development cluster",,,,,,,5,5,5,5,5,Target achieved ,,,,,,,,,,,,,,,,,,,,157
Environmental Affairs,Environmental Affairs,KwaZulu-Natal,Programme 3:  Trade and Industry Development,Tourism Growth and Development ,Quarterly,Number of interventions implemented to support Tourism Sector Compliance.,Non-Standardized,Not  Applicable,Priority 2: Economic Transformation And Job Creation,Growing the Economy,"The Economic Sectors, Employment and Infrastructure Development cluster",4,,4,,4,4,4,4,16,8,8,"Target achieved
",,,,,,,,,,,,,,,Target achieved ,,,,,157
Environmental Affairs,Environmental Affairs,KwaZulu-Natal,Programme 3:  Trade and Industry Development,Tourism Planning ,Annually, Number of Tourism Frameworks Developed,Non-Standardized,Not  Applicable,Priority 2: Economic Transformation And Job Creation,Growing the Economy,"The Economic Sectors, Employment and Infrastructure Development cluster",,,,,,,3,3,3,3,3,"Target achieved 
",,,,,,,,,,,,,,,,,,,,157
Environmental Affairs,Environmental Affairs,KwaZulu-Natal,Programme 3:  Trade and Industry Development,Tourism Planning ,Quarterly,Number of interventions implemented to support tourism sector compliance,Non-Standardized,Not  Applicable,Priority 2: Economic Transformation And Job Creation,Growing the Economy,"Governance, State Capacity and Institutional Development cluster",6,6,6,6,6,0,9,Revised ,27,12,12,Target achieved ,,,,,,,Target achieved ,,,,Revised APP,,,,,,,,,157
Environmental Affairs,Environmental Affairs,KwaZulu-Natal,Programme 3:  Trade and Industry Development,Tourism Planning ,Quarterly,Number of Tourism Structures Supported,Non-Standardized,Not  Applicable,Priority 2: Economic Transformation And Job Creation,Growing the Economy,"The Economic Sectors, Employment and Infrastructure Development cluster",2,,4,,3,3,3,3,12,6,6,Target achieved ,,,,,,,,,,,,,,,Target achieved ,,,,,157
Environmental Affairs,Environmental Affairs,KwaZulu-Natal,Programme 3:  Trade and Industry Development,Tourism Sector Transformation,Quarterly,Number of initiatives implemented to support Tourism Enterprises,Non-Standardized,Not  Applicable,Priority 2: Economic Transformation And Job Creation,Growing the Economy,"The Economic Sectors, Employment and Infrastructure Development cluster",0,,1,,1,1,2,2,4,3,3,"Target achieved
",,,,,,,,,,,,,,,Target achieved ,,,,,157
Environmental Affairs,Environmental Affairs,KwaZulu-Natal,Programme 3:  Trade and Industry Development,Tourism Sector Transformation,Quarterly,Number of Tourism Empowerment initiatives Implemented,Non-Standardized,Not  Applicable,Priority 2: Economic Transformation And Job Creation,Growing the Economy,"The Economic Sectors, Employment and Infrastructure Development cluster",2,,2,,2,2,3,3,9,5,5,"Target achieved
",,,,,,,,,,,,,,,Target achieved,,,,,157
Environmental Affairs,Environmental Affairs,KwaZulu-Natal,Programme 3:  Trade and Industry Development,Tourism Sector Transformation,Quarterly,Number of tourism sector transformation initiatives implemented ,Non-Standardized,Not  Applicable,Priority 2: Economic Transformation And Job Creation,Growing the Economy,"The Economic Sectors, Employment and Infrastructure Development cluster",2,2,1,1,2,0,4,Revised ,9,3,3,"Target achieved
",,,Target achieved ,,,,Target achieved ,,n/a ,,Revised APP,,,,,,,,,157
Environmental Affairs,Environmental Affairs,KwaZulu-Natal,Programme 3:  Trade and Industry Development,Trade and Investment Promotion,Quarterly,Number of Inward Missions supported,Non-Standardized,Not  Applicable,Priority 2: Economic Transformation And Job Creation,Growing the Economy,"The Economic Sectors, Employment and Infrastructure Development cluster",0,,0,,1,2,1,0,2,2,2,"Target achieved
",,,,,,,,,,,"Overachievement in the 3rd quarter of 2 inward missions supported over and above the quarterly target of 1, was due to the collaboration with strategic provincial stakeholders with aligned objectives leading to the achievement of the annual target in quarter 3",missions will be planned for achievement in their respective quarters in the next financial year. ,,,"The annual target for this indicator was achieved in the third quarter. 
",,,,,157
Environmental Affairs,Environmental Affairs,KwaZulu-Natal,Programme 3:  Trade and Industry Development,Trade and Investment Promotion ,Annually, Number of partnerships established for trade and investment,Non-Standardized,Not  Applicable,Priority 2: Economic Transformation And Job Creation,Growing the Economy,"The Economic Sectors, Employment and Infrastructure Development cluster",,,,,,,4,,4,,0,Annual target ,,,,,,,,,,,,,,,,,,,,157
Environmental Affairs,Environmental Affairs,KwaZulu-Natal,Programme 3:  Trade and Industry Development,Trade and Investment Promotion ,Annually,Number of Business Environment Index Studies Conducted,Non-Standardized,Not  Applicable,Priority 2: Economic Transformation And Job Creation,Growing the Economy,"The Economic Sectors, Employment and Infrastructure Development cluster",,,,,,,1,1,1,1,1,Target achieved,,,,,,,,,,,,,,,,,,,,157
Environmental Affairs,Environmental Affairs,KwaZulu-Natal,Programme 3:  Trade and Industry Development,Trade and Investment Promotion ,Annually,Number of companies supported for exports,Non-Standardized,Not  Applicable,Priority 2: Economic Transformation And Job Creation,Growing the Economy,"The Economic Sectors, Employment and Infrastructure Development cluster",,,,,,,15,58,15,58,58,"Target overachieved.
The Department collaborated with the Pietermaritzburg Chamber, which allowed for the programme to be expanded to include additional companies. 
",,,,,,,,,,,,,,,,,,,,157
Environmental Affairs,Environmental Affairs,KwaZulu-Natal,Programme 3:  Trade and Industry Development,Trade and Investment Promotion ,Annually,Number of District One Stop Shops Funded,Non-Standardized,Not  Applicable,Priority 2: Economic Transformation And Job Creation,Growing the Economy,"The Economic Sectors, Employment and Infrastructure Development cluster",,,,,,,2,1,2,1,1,Target not achieved: The Alfred Duma One Stop Shop (OSS) could not be finalised during quarter 4 due to the challenges in securing a location for the OSS. The District is finalising the location of OSS.,,,,,,,,,,,,,,,,,,,,157
Environmental Affairs,Environmental Affairs,KwaZulu-Natal,Programme 3:  Trade and Industry Development,Trade and Investment Promotion ,Annually,Number of trade and investment co ordinating structures funded,Non-Standardized,Not  Applicable,Priority 2: Economic Transformation And Job Creation,Growing the Economy,"The Economic Sectors, Employment and Infrastructure Development cluster",,,,,,,2,2,2,2,2,Target achieved,,,,,,,,,,,,,,,,,,,,157
Environmental Affairs,Environmental Affairs,KwaZulu-Natal,"Programme 4:  Economic Research, Strategy and Planning ", Infrastructure Research ,Annually,Number of spatial Economic development plans formulated. ,Non-Standardized,Not  Applicable,Priority 2: Economic Transformation And Job Creation,Growing the Economy,"The Economic Sectors, Employment and Infrastructure Development cluster",,,,,,,1,,1,,0,Annual target ,,,,,,,,,,,,,,,,,,,,157
Environmental Affairs,Environmental Affairs,KwaZulu-Natal,"Programme 4:  Economic Research, Strategy and Planning ", Infrastructure Research ,Annually,Number of special infrastructure projects supported,Non-Standardized,Not  Applicable,Priority 2: Economic Transformation And Job Creation,Growing the Economy,"The Economic Sectors, Employment and Infrastructure Development cluster",,,,,,,2,,2,,0,Annual target ,,,,,,,,,,,,,,,,,,,,157
Environmental Affairs,Environmental Affairs,KwaZulu-Natal,"Programme 4:  Economic Research, Strategy and Planning ", Policy and Planning ,Annually,Number of strategies formulated (for economic development),Non-Standardized,Not  Applicable,Priority 2: Economic Transformation And Job Creation,Growing the Economy,"The Economic Sectors, Employment and Infrastructure Development cluster",,,,,,,3,,3,,0,Annual target  ,,,,,,,,,,,,,,,,,,,,157
Environmental Affairs,Environmental Affairs,KwaZulu-Natal,"Programme 4:  Economic Research, Strategy and Planning ", Policy and Planning ,Annually,Number of strategies formulated for Economic Development,Non-Standardized,Not  Applicable,Priority 2: Economic Transformation And Job Creation,Growing the Economy,"The Economic Sectors, Employment and Infrastructure Development cluster",,,,,,,1,1,1,1,1,Target achieved,,,,,,,,,,,,,,,,,,,,157
Environmental Affairs,Environmental Affairs,KwaZulu-Natal,"Programme 4:  Economic Research, Strategy and Planning ",District Operation Management ,Quarterly,Number of districts reports issued in line with the district development model,Non-Standardized,Not  Applicable,Priority 2: Economic Transformation And Job Creation,Growing the Economy,"The Economic Sectors, Employment and Infrastructure Development cluster",1,,1,,1,1,1,1,4,2,2,"Target achieved
",,,,,,,,,,,,,,,Target achieved,,,,,157
Environmental Affairs,Environmental Affairs,KwaZulu-Natal,"Programme 4:  Economic Research, Strategy and Planning ",District Operation Management ,Quarterly,Number of funding capacity building sessions conducted ,Non-Standardized,Not  Applicable,Priority 2: Economic Transformation And Job Creation,Growing the Economy,"The Economic Sectors, Employment and Infrastructure Development cluster",1,1,1,1,1,0,1,Revised ,4,2,2,"Target achieved
",,,,,,,Target achieved ,,,,Revised APP,,,,,,,,,157
Environmental Affairs,Environmental Affairs,KwaZulu-Natal,"Programme 4:  Economic Research, Strategy and Planning ",Research and Modelling ,Quarterly,Number of economic research projects funded,Non-Standardized,Not  Applicable,Priority 2: Economic Transformation And Job Creation,Growing the Economy,"The Economic Sectors, Employment and Infrastructure Development cluster",0,,0,,1,1,1,1,2,2,2,"Target achieved
",,,,,,,,,,,,,,,Target achieved,,,,,157
Environmental Affairs,Environmental Affairs,KwaZulu-Natal,"Programme 4:  Economic Research, Strategy and Planning ",Research and Modelling ,Quarterly,Number of infrastructure research reports produced,Non-Standardized,Not  Applicable,Priority 2: Economic Transformation And Job Creation,Growing the Economy,"The Economic Sectors, Employment and Infrastructure Development cluster",0,,0,,1,1,1,1,2,2,2,"Target achieved
",,,,,,,,,,,,,,,Target achieved,,,,,157
Environmental Affairs,Environmental Affairs,KwaZulu-Natal,"Programme 4:  Economic Research, Strategy and Planning ",Statistics and Knowledge Management,Annually,Number of businesses supported through special funding programmes.,Non-Standardized,Not  Applicable,Priority 2: Economic Transformation And Job Creation,Growing the Economy,"The Economic Sectors, Employment and Infrastructure Development cluster",,,,,,,1200,,1200,,0,Revised annual target ,,,,,,,,,,,,,,,,,,,,157
Environmental Affairs,Environmental Affairs,KwaZulu-Natal,"Programme 4:  Economic Research, Strategy and Planning ",Statistics and Knowledge Management,Annually,Number of Jobs created (through departmental interventions),Non-Standardized,Not  Applicable,Priority 2: Economic Transformation And Job Creation,Growing the Economy,"The Economic Sectors, Employment and Infrastructure Development cluster",,,,,,,8273,,8273,,0,Revised annual target ,,,,,,,,,,,,,,,,,,,,157
Environmental Affairs,Environmental Affairs,KwaZulu-Natal,"Programme 4:  Economic Research, Strategy and Planning ",Statistics and Knowledge Management,Annually,Number of maintained project management database,Non-Standardized,Not  Applicable,Priority 2: Economic Transformation And Job Creation,Growing the Economy,"The Economic Sectors, Employment and Infrastructure Development cluster",,,,,,,1,1,1,1,1,Target achieved,,,,,,,,,,,,,,,,,,,,157
Environmental Affairs,Environmental Affairs,KwaZulu-Natal,"Programme 4:  Economic Research, Strategy and Planning ",Statistics and Knowledge Management,Annually,Number of Social Accounting Metric for the Province,Non-Standardized,Not  Applicable,Priority 2: Economic Transformation And Job Creation,Growing the Economy,"The Economic Sectors, Employment and Infrastructure Development cluster",,,,,,,1,1,1,1,1,Target achieved,,,,,,,,,,,,,,,,,,,,157
Environmental Affairs,Environmental Affairs,KwaZulu-Natal,"Programme 4:  Economic Research, Strategy and Planning ",Statistics and Knowledge Management ,Quarterly, Number of quarterly economic publications issued,Non-Standardized,Not  Applicable,Priority 2: Economic Transformation And Job Creation,Growing the Economy,"The Economic Sectors, Employment and Infrastructure Development cluster",1,,1,,1,1,1,1,4,2,2,"Target achieved
",,,,,,,,,,,,,,,Target achieved,,,,,157
Environmental Affairs,Environmental Affairs,KwaZulu-Natal,"Programme 4:  Economic Research, Strategy and Planning ",Strategy and Governance ,Quarterly,Number of integrated service delivery platforms coordinated,Non-Standardized,Not  Applicable,Priority 2: Economic Transformation And Job Creation,Growing the Economy,"The Economic Sectors, Employment and Infrastructure Development cluster",1,,1,,1,1,1,1,4,2,2,"Target achieved
",,,,,,,,,,,,,,,Target achieved,,,,,157
Environmental Affairs,Environmental Affairs,KwaZulu-Natal,Programme 5: Environmental Management,Costal and Biodiversity Management ,Annually,Number of estuarine management plans developed ,Standardized,Not  Applicable,Not Applicable,Basic Services,Not Applicable,,,,,,,1,1,1,1,1,Target achieved ,,,,,,,,,,,,,,,,,,,,157
Environmental Affairs,Environmental Affairs,KwaZulu-Natal,Programme 5: Environmental Management,Costal and Biodiversity Management ,Annually,Number of fulltime equivalents/created (FTE's),Standardized,Not  Applicable,Not Applicable,Basic Services,Not Applicable,,,,,,,2183,2234,2183,2234,2234,"Target overachieved. The APP target has been surpassed by 51 FTEs. The achievement of additional FTEs can be attributed to the extra jobs created throughout the programme.
",,,,,,,,,,,,,,,,,,,,157
Environmental Affairs,Environmental Affairs,KwaZulu-Natal,Programme 5: Environmental Management,Costal and Biodiversity Management ,Quarterly,Number of beneficiaries trained on IASP eradication ,Standardized,Not  Applicable,Not Applicable,Basic Services,"Governance, State Capacity and Institutional Development cluster",250,203,250,0,250,621,250,298,1000,1122,1122,"Target overachieved. The overachievement is part of the catching up on the shortfall experienced during quarter 1&2. 
",,,Target not achieved Procurement of service provider for the second training could not be finalised due to SCM non-compliance issues and had to be re-advertised.,,,,"Target not achieved. Procurement of service providers for planned three training projects could not be finalised due to potential service providers failing SCM compliance requirements. The projects has been re-advertised. 
","The mitigation plans has been developed to ensure achievement of all planned targets.
",,,"Q3 target was revised to include shortfall from Q1 (47) and Q2 (250), hence the revised 
Q3 target is 547. A total of 621 EPWP participants have received accredited training 
during Q3 hence the revised target was met and surpassed by 74. This positive 
variance/surplus will contribute to Q4 training targets.
",,"If the Q3 target was revised, the department should have captured a new indicator with the revised target. The output should be captured on the new indicator, not on the old indicator.",,"Target overachieved. The target has been met and exceeded by an additional 48 participants who received accredited training. The increased number of individuals recruited into the programme created a higher demand for training , hence an extra 48 participants received accredited training. A few other accredited training sessions were completed by the end of  March 2025, however, the programme has not yet received the associated POE( Portfolio of Evidence). As a result. these statistics have been omitted from this adjusted SDR report. 
",,,,,157
Environmental Affairs,Environmental Affairs,KwaZulu-Natal,Programme 5: Environmental Management,Costal and Biodiversity Management ,Quarterly,Number of Hectares cleared of invasive alien species,Standardized,Not  Applicable,Not Applicable,Basic Services,"Governance, State Capacity and Institutional Development cluster",1000,624,19000,1584,50000,59006,30000,113152,100000,174366,174384,Target overachieved. The overachievement is part of the catching up on the shortfall experienced during quarter 1&2. ,,,Target not achieved. Many of the project teams have not started with operations owing to pending administrative processes. Two projects (Msunduzi & uMzumbe) contributed to the reported hectares.,,,,"Target not achieved. The delay was a result of a review of the EPWP Policy which triggered inputs from various stakeholders including Treasury. The policy has been approved and at least 90% of the projects have commenced.
","The policy has been approved and at least 90% of the projects have commenced.
",,,"Q3 Target was revised to include shortfall from Q2 (17 416), and the revised Q3 target is 
67 416. A total of 9 477 ha were cleared in October, 22 302 ha were cleared in 
November and 27 227 ha were cleared in December. Hence a total of 59 006 hectares 
were cleared during Q3. The revised target (67 416) was not met (with a shortfall of 8 
410). The revised target was not met due to delays to resumption of operations involving 
two projects (iLanga Libalele and Big Five Hlabisa projects)",,"If the Q3 target was revised, the department should have captured a new indicator with the revised target. The output should be captured on the new indicator, not on the old indicator.",progress captured for sector report,"Target overachieved. The Q4 target was adjusted to account for the shortfall of 8410 hectares from Q3, bringing the revised target to 38 410 hectares. Not only was this target met, but it was surpassed by 74 742  hectares. Budget savings and interest earned within the EKZNW Programme were reallocated to clearing operations. Which facilitated the recruitment of additional workers, enabling the programme to clear the extra hectares  . Furthermore due to high rainfall.
",,,,,157
Environmental Affairs,Environmental Affairs,KwaZulu-Natal,Programme 5: Environmental Management,Costal and Biodiversity Management ,Quarterly,Number of work opportunities created through environmental programmes (IASP),Standardized,Not  Applicable,Not Applicable,Basic Services,"Governance, State Capacity and Institutional Development cluster",600,621,2490,1005,3090,6588,1545,803,7725,9017,9017,"Target overachieved. The overachievement is part of the catching up on the shortfall experienced during quarter 2. 
",,,Target overachieved. More jobs were created as a result of participants that were involved in First Aid training.,,,"The province is on target for Q1 and has achieved the target for the quarter
","Target not achieved. The delay was a result of a review of the EPWP Policy which triggered inputs from various stakeholders including Treasury. The policy has been approved and at least 90% of the projects have commenced.
","The policy has been approved and at least 90% of the projects have commenced.
",,,"Q3 Target was revised to include shortfall from Q2 (1485), hence the revised Q3 target is 
4575. A total of 4744 jobs were created in October, 916 jobs were created in November 
and 918 jobs were created in December. Hence a total of 6578 jobs were created during 
Q3. The revised target was surpassed by 2003 and this variance/surplus will account for 
job creation which is scheduled to be undertaken in Q4. Recruitment process scheduled 
for Q4 was intentional undertaken earlier to enable the programme to catch-up on 
hectares that need to be cleared before the end of the financial year. ",,"If the Q3 target was revised, the department should have captured a new indicator with the revised target. The output should be captured on the new indicator, not on the old indicator.","The province is above Q3 target and has achieved by exceeding the target for the quarter. 

The province is requested to amend the expression of the indicator on the KZN - EDTEA 2025/26 draft APP as per the DPME guidelines for standardisation. The indicator must be expressed as ""Number of work opportunities created through environment sector public employment programmes"" for it to reflect correctly on the EQPRS.  

 
","Target underachieved.  An additional 2003 jobs were created during Q3 to help the programme to catch up on hectares that needed to be cleared before the end of the financial year. The jobs reported in Q4 surpass the target. These jobs were specifically created in projects that had not yet begun clearing work, either due to administrative delays or other factors.
",,,"The province is on target for Q4 and has achieved the annual target.

The indicator is not expressed correctly. As a standardised indicator the expression of the indicator is ""Number of work opportunities created through environment sector public employment programmes"". 
    
",,157
Environmental Affairs,Environmental Affairs,KwaZulu-Natal,Programme 5: Environmental Management,Environmental Compliance Monitoring and Enforcement ,Quarterly, Number of completed criminal investigation handed to NPA for prosecutions,Standardized,Not  Applicable,Not Applicable,Basic Services,Not Applicable,0,0,0,,1,2,1,1,2,3,3,"Target overachieved. There were more investigations finalised and to be handed over to NPA for decision which led to the exceedance of the target.
",,,,,,The province did not plan to perform on the indicator for quarter one,,,,"The province did not plan to perform on the indicator for quarter two
",more investigation wee finalised and to be handed over to NPA for decision which led ton the exceedance of the target,,The reason for deviation is noted. ,"The province is above Q3 target and has achieved by exceeding the target for the quarter 
",Target achieved ,,,"The province is on target for Q4 and has achieved the annual target  
",,157
Environmental Affairs,Environmental Affairs,KwaZulu-Natal,Programme 5: Environmental Management,Environmental Compliance Monitoring and Enforcement ,Quarterly, Number of permitted landfill sites monitored for compliance ,Standardized,Not  Applicable,Not Applicable,Basic Services,Not Applicable,2,2,3,4,2,2,3,3,10,11,11,Target Overachieved ,,,Target achieved ,,,,"Target overachieved. Additional to the planned inspections, one follow-up inspection was conducted. As a result the target was then exceeded. 
",,,,,,,,Target achieved ,,,,,157
Environmental Affairs,Environmental Affairs,KwaZulu-Natal,Programme 5: Environmental Management,Environmental Compliance Monitoring and Enforcement ,Quarterly,Number of Administrative enforcement notices issued for non-compliance with environmental legislation ,Standardized,Not  Applicable,Not Applicable,Basic Services,Not Applicable,25,60,50,56,20,51,30,43,125,210,210,"Target overachieved. More offences concerning waste management and spillages were discovered. Hence, as a result, more notices had to be issued to enforce compliance with environmental legislation which led to the exceedance of the target.
",,,"Target overachieved. More complaints in relation to unlawful environmental related activities were received. As a result, more notices had to be issued to enforce compliance with environmental legislations which led to the exceedance of the target.",,,"The province is on target for Q1 and has achieved the target for the quarter
","Target overachieved. More offences in relation towaste management and spilages were discovered. As a result, more notices had to be issued to enforce compliance with environmental legislations which led to the exceedance of the target.
",,,"The province is on target for Q2 and has achieved the target for the quarter
","More offences in relation to waste management and spillages were discovered. as a result, more notices had to be issued to enforce compliance with environmental legislations which led to the exceedance of the target. ",,The reason for deviation is noted.,"The province is above Q3 target and has achieved by exceeding the target for the quarter 
","Target overachieved. More complaints in relation to unlawful environmental related activities were received. As a result, more notices had to be issued to enforce compliance with environmental legislations which led to the exceedance of the target.
",,,"The province is on target for Q4 and has achieved the annual target  
",,157
Environmental Affairs,Environmental Affairs,KwaZulu-Natal,Programme 5: Environmental Management,Environmental Compliance Monitoring and Enforcement ,Quarterly,Number of compliance inspection conducted ,Standardized,Not  Applicable,Not Applicable,Basic Services,Not Applicable,180,211,180,222,90,146,150,180,600,759,759,"Target overachieved. The overachievement was due to reactive inspections emanating from complaints concerning environmental issues including emergency incidents conducted to monitor compliance with the environment.
",,,"Target overachieved. Over and above planned inspections, a number of reactive inspections were conducted to monitor compliance with environmental legislations. As a result, the target was then exceeded",,,"The province is on target for Q1 and has achieved the target for the quarter
","Target overachieved. Over and above planned inspections, a number of reactive inspections emanating from compliant in relation to environmental related issued, including emergence incidents were conducted to monitor compliance with the environmental.  
",,,"The province is on target for Q2 and has achieved the target for the quarter
",over and above planned inspections a number of reactive inspection emanating from complaints in relation to environmental issues including emergence incidents were conducted to monitor compliance with the environmental. ,,,"The province is above Q3 target and has achieved by exceeding the target for the quarter 
","Target overachieved. Over and above planned inspections, a number of reactive inspections emanating from complaint's in relation to environmental related issued including emergence incidents were conducted to monitor compliance with the environmental legislations. As a result, the target was then exceeded.
",,,"The province is on target for Q4 and has achieved the annual target  
",,157
Environmental Affairs,Environmental Affairs,KwaZulu-Natal,Programme 5: Environmental Management,Environmental Empowerment Management Services,Quarterly,Number of environmental awareness activities conducted ,Standardized,Not  Applicable,Not Applicable,Basic Services,Not Applicable,250,379,250,374,250,309,250,360,1000,1422,1422,Target overachieved. Partnership with stakeholders and requests from communities,,,Target overachieved. Partnership with stakeholders ,,,"The province is on target for Q1 and has achieved the target for the quarter
","Target overachieved. Partnership with stakeholders 
",,,"The province is on target for Q2 and has achieved the target for the quarter
",Partnership with stakeholders and requests from communities,,Kindly provide a reason for deviation.,"The province is above Q3 target and has achieved by exceeding the target for the quarter 
","Target overachieved. Understanding and interest of communities and stakeholders on environmental issues
",,,"The province is on target for Q4 and has achieved the annual target  
",,157
Environmental Affairs,Environmental Affairs,KwaZulu-Natal,Programme 5: Environmental Management,Environmental Empowerment Management Services,Quarterly,Number of environmental capacity building activities conducted ,Standardized,Not  Applicable,Not Applicable,Basic Services,Not Applicable,15,21,15,23,15,20,15,16,60,80,80,"Target overachieved. Interest in environmental issues and partnership with stakeholders. 
",,,Target overachieved. Interest on environmental issues,,,"The province is on target for Q1 and has achieved the target for the quarter
","Target overachieved. Interest on environmental issues
",,,"The province is on target for Q2 and has achieved the target for the quarter
",Interest on environmental issues and partnership with stakeholders,,Kindly provide a reason for deviation.,"The province is above Q3 target and has achieved by exceeding the target for the quarter 
","Target overachieved. Interest on environmental issues. 
",,,"The province is on target for Q4 and has achieved the annual target  
",,157
Environmental Affairs,Environmental Affairs,KwaZulu-Natal,Programme 5: Environmental Management,"Environmental Governance, Planning and Climate Change",Annually,Number of environmental research projects completed,Standardized,Not  Applicable,Priority 7: A better Africa and the World,Basic Services,"The Economic Sectors, Employment and Infrastructure Development cluster",,,,,,,1,1,1,1,1,Target achieved,,,,,,,,,,,,,,,,,,,,157
Environmental Affairs,Environmental Affairs,KwaZulu-Natal,Programme 5: Environmental Management,"Environmental Governance, Planning and Climate Change",Annually,Number of functional environmental information management systems maintained ,Standardized,Not  Applicable,Priority 7: A better Africa and the World,Basic Services,"The Economic Sectors, Employment and Infrastructure Development cluster",,,,,,,1,1,1,1,1,Target achieved,,,,,,,,,,,,,,,,,,,,157
Environmental Affairs,Environmental Affairs,KwaZulu-Natal,Programme 5: Environmental Management,"Environmental Governance, Planning and Climate Change",Annually,Number of intergovernmental sector programmes implemented ,Standardized,Not  Applicable,Priority 7: A better Africa and the World,Basic Services,"The Economic Sectors, Employment and Infrastructure Development cluster",,,,,,,1,1,1,1,1,Target achieved,,,,,,,,,,,,,,,,,,,,157
Environmental Affairs,Environmental Affairs,KwaZulu-Natal,Programme 5: Environmental Management,"Environmental Governance, Planning and Climate Change",Annually,Number of legislated tools developed ,Standardized,Not  Applicable,Priority 7: A better Africa and the World,Basic Services,"The Economic Sectors, Employment and Infrastructure Development cluster",,,,,,,2,2,2,2,2,Target achieved,,,,,,,,,,,,,,,,,,,,157
Environmental Affairs,Environmental Affairs,KwaZulu-Natal,Programme 5: Environmental Management,"Environmental Governance, Planning and Climate Change ",Quarterly,Number of climate change interventions implemented,Non-Standardized,Not  Applicable,Priority 7: A better Africa and the World,Human Settlement and sustainable livelihood  ,"The Economic Sectors, Employment and Infrastructure Development cluster",2,,2,,0,,1,4,5,4,4,Target achieved,,,,,,,,,,,,,Please capture the actual output even if the target is zero,Revised APP noted. DFFE would like to humbly request for the errata  letter on the amended ,"Target overachieved.  The additional climate change initiatives are part of the provincial government's commitment to addressing climate change. 

",,,,,157
Environmental Affairs,Environmental Affairs,KwaZulu-Natal,Programme 5: Environmental Management,"Environmental Governance, Planning and Climate Change ",Quarterly,Number of climate change interventions implemented,Standardized,Max,Not Applicable,Basic Services,"Governance, State Capacity and Institutional Development cluster",2,2,2,2,2,0,4,Revised ,10,2,4,Target achieved ,,,Target achieved ,,,The province is on target for Q1 and has achieved the target for the quarter. Please note that the Calculation Type for the indicator is non-cumulative and the reporting cycle is annually reported as per TID.   ,Target achieved ,,,"The province is on target for Q2 and has achieved the target for the quarter
",Revised APP,,,"Revised APP noted. DFFE would like to humbly request for the errata  letter on the amended targets.  
",,,,"The province is on target for Q4 and has achieved the annual target. 
Revised annual target from 10 to 4. 
",,157
Environmental Affairs,Environmental Affairs,KwaZulu-Natal,Programme 5: Environmental Management,Environmental Quality Management ,Quarterly, Percentage of complete air emissions licences (AELs) applications finalized within legislated timeframes.,Standardized,Not  Applicable,Not Applicable,Basic Services,Not Applicable,100 %,0 %,100 %,100 %,100 %,0 %,100 %,Revised  %,100 %,100 %,100,Target achieved ,,,No Application Received ,,,"The province is on target for Q1 and has achieved the target for the quarter
",Target achieved ,,,"The province is on target for Q2 and has achieved the target for the quarter
",Revised APP,,,,,,,,,157
Environmental Affairs,Environmental Affairs,KwaZulu-Natal,Programme 5: Environmental Management,Environmental Quality Management ,Quarterly,Percentage of complete Air Emissions Licences (AELs) applications finalized within legislated timeframes,Non-Standardized,Max,"Priority 1: A Capable, Ethical and Developmental State",Human Settlement and sustainable livelihood  ,"Governance, State Capacity and Institutional Development cluster",95 %,,95 %,,95 %,NAR %,95 %,NAR %,95 %,95 %,0,No Application Received ,,,,,,,,,,,"No Application Received, for this quarter.  ",,,"The province is on target for Q3 and has achieved the target for the quarter. DFFE would like to humbly request for the errata letter on the amended target(s).    
",No Applications Received ,,,The province is on target for Q4,,157
Environmental Affairs,Environmental Affairs,KwaZulu-Natal,Programme 5: Environmental Management,Environmental Quality Management ,Quarterly,Percentage of complete waste licences applications finalized within legislated timeframes.,Standardized,Not  Applicable,Not Applicable,Basic Services,Not Applicable,100 %,100 %,100 %,100 %,100 %,100 %,100 %,100 %,100 %,400 %,100,Target achieved ,,,Target achieved ,,,"The province is on target for Q1 and has achieved the target for the quarter
",Target achieved ,,,"The province is on target for Q2 and has achieved the target for the quarter
","2 applications received and 
2 applications finalized

2/2X100= 100% waste licences applications finalised. ",,,"The province is on target for Q3 and has achieved the target for the quarter
","Target achieved. Received 1. Finalized 1 X100 = 100%
",,,"The province is on target for Q4 and has achieved the annual target  
",,157
Environmental Affairs,Environmental Affairs,KwaZulu-Natal,Programme 5: Environmental Management,Environmental Quality Management ,Quarterly,Percentange of complete environmental impact assessment (EIA) applications finalized within legislated timeframes.,Standardized,Not  Applicable,Not Applicable,Basic Services,Not Applicable,100 %,100 %,100 %,100 %,100 %,100 %,100 %,100 %,100 %,400 %,100,Target achieved ,,,Target achieved ,,,"The province is on target for Q1 and has achieved the target for the quarter
",Target achieved ,,,"The province is on target for Q2 and has achieved the target for the quarter
","34 applications received and 
34 applications finalized 

34/34X100= 100% EIA finalized",,,"The province is on target for Q3 and has achieved the target for the quarter
","Target achieved. Received 29. Finalized 29 X100 = 100%
",,,"The province is on target for Q4 and has achieved the annual target  
",,157
