Sector,Institution,Programme,SubProgramme,Location,Frequency,Indicator,Type,SubType,Outcome,Cluster,Target_Q1,ActualOutput_Q1,ReasonforDeviation_Q1,CorrectiveAction_Q1,Target_Q2,ActualOutput_Q2,ReasonforDeviation_Q2,CorrectiveAction_Q2,Target_Q3,ActualOutput_Q3,ReasonforDeviation_Q3,CorrectiveAction_Q3,Target_Q4,ActualOutput_Q4,ReasonforDeviation_Q4,CorrectiveAction_Q4,AnnualTarget_Summary2,Preliminary_Summary2,PrelimaryAudited_Summary2,ReasonforDeviation_Summary,CorrectiveAction_Summary,ValidatedAudited_Summary2,UID
,Mineral Resources and Energy,National,Programme 1: Administration,Programme 1: Administration,Quarterly,% Reduction of irregular expenditure compared to prior year,Non-Standardized,Not  Applicable,Priority 2: Economic Transformation And Job Creation,"The Economic Sectors, Employment and Infrastructure Development cluster",No incidences of irregular expenditure and reporting of identified cases requiring investigation,Achieved,N/A,N/A,No incidences of irregular expenditure and reporting of identified cases requiring investigation,"Achieved 
",None ,None,"No incidences of irregular expenditure and reporting of identified cases requiring investigation


No new incidents of irregular expenditure, reporting of identified cases requiring investigation per annum (Revised)",Achieved,N/A,N/A,"70% reduction of irregular expenditure compared to prior year


No new incidents of irregular expenditure, reporting of identified cases requiring investigation per annum (Revised).",Achieved,N/A,N/A,70% reduction of irregular expenditure compared to prior year,-,Achieved. No new cases of irregular expenditure identified for the year under review. ,N/A,N/A,"Achieved
No new cases of irregular expenditure identified for the year under review.",207
,Mineral Resources and Energy,National,Programme 1: Administration,Programme 1: Administration,Quarterly,% Reduction of Wasteful and fruitless expenditure compared to prior year,Non-Standardized,Not  Applicable,Priority 2: Economic Transformation And Job Creation,"The Economic Sectors, Employment and Infrastructure Development cluster","No incidents of wasteful and fruitless expenditure, reporting of identified cases requiring investigation",Achieved,N/A,N/A,"No incidents of wasteful and fruitless expenditure, reporting of identified cases requiring investigation","Achieved 
",None ,None ,"No incidents of wasteful and fruitless expenditure, reporting of identified cases requiring investigation



No new incidents of fruitless and wasteful expenditure, reporting of identified cases requiring investigation per annum (Revised)",Not achieved. 1 new incident was reported in November 2023.,A payment was made to Solar Primeg for the storage of Solar Water Heater units in relation to the SWH  project.,Payments for SWH storage are in relation to contracts concluded in prior years.,"70% Reduction of Wasteful and fruitless expenditure compared to prior year


No new incidents of fruitless and wasteful expenditure, reporting of identified cases requiring investigation per annum (Revised)",Achieved,N/A,N/A,70% Reduction of Wasteful and fruitless expenditure compared to prior year,-,"Achieved:
100% of the fruitless and wasteful expenditure incurred in the year under review stems from historical transactions concluded in previous years.
",N/A,N/A,"Achieved
100% of the fruitless and wasteful expenditure incurred in the year under review stems from historical transactions concluded in previous years.

",207
,Mineral Resources and Energy,National,Programme 1: Administration,Programme 1: Administration,Quarterly,% Resolution of reported incidents of corruption,Non-Standardized,Not  Applicable,Priority 2: Economic Transformation And Job Creation,"The Economic Sectors, Employment and Infrastructure Development cluster",Implement the integrated Anti-fraud and Corruption Strategy and policy,Achieved,N/A,N/A,Implement the integrated Anti-fraud and Corruption Strategy and policy,"Achieved:               No fraud and corruption cases reported in Q2.                   
",None ,None ,Implement the integrated Anti-fraud and Corruption Strategy and policy,Achieved:               No fraud and corruption cases reported in Q3.                   ,N/A,N/A,95% resolution of reported incidents of corruption,"Achieved 

No incidents and alleged cases of corruption reported in Q4.
",N/A,N/A,95% resolution of reported incidents of corruption,-,Achieved: No reported incidents of corruption,N/A,N/A,"Achieved: No reported incidents of corruption
",207
,Mineral Resources and Energy,National,Programme 1: Administration,Programme 1: Administration,Quarterly,New Mining cadastre system procured,Non-Standardized,Not  Applicable,Priority 2: Economic Transformation And Job Creation,"The Economic Sectors, Employment and Infrastructure Development cluster",,,,,,,,,"Appointment and contracting the service provider.

Service Provider assess the DMRE Environment
",Not Achieved,"SITA still finalizing their audit processes.
","Intensify follow up with SITA to speed up the process to ensure appointment and contracting the service provider before end of Q4
","Service provider concludes assessment of the DMRE Environment

Service Provider start with the Design of the mining licensing system.
",Not Achieved,The recommended bidder was only communicated in Q4 by SITA and the milestones could not be implemented until such time an SLA is signed with the service provider. ,The process of signing the SLA is anticipated to be concluded in April 2024.,New Mining cadastre system procured,-,"Achieved
",N/A,N/A,Achieved,207
,Mineral Resources and Energy,National,Programme 1: Administration,Programme 1: Administration,Quarterly,Number of approved Schedule 3A SOE Annual Performance Plans tabled in Parliament,Non-Standardized,Not  Applicable,Priority 2: Economic Transformation And Job Creation,"The Economic Sectors, Employment and Infrastructure Development cluster",N/A,N/A,N/A,N/A,,None ,None ,None ,,N/A,N/A,N/A,7 Approved SOE Annual Performance Plans  tabled in Parliament,Achieved: 7 Approved SOEs Annual Performance Plan tabled in Parliament ,N/A,N/A,7 Approved Schedule 3A SOE’s Annual Performance Plans tabled in Parliament  ,-,Achieved,N/A,N/A,Achieved,207
,Mineral Resources and Energy,National,Programme 1: Administration,Programme 1: Administration,Quarterly,Number of approved Shareholder compacts and Corporate Plans of Schedule 2 SOEs,Non-Standardized,Not  Applicable,Priority 2: Economic Transformation And Job Creation,"The Economic Sectors, Employment and Infrastructure Development cluster",N/A,N/A,N/A,N/A,N/A,None ,None ,None ,N/A,N/A,N/A,N/A,"4 approved Shareholder compacts and Corporate Plans of Schedule
2 SOEs 
",Achieved: 4 approved Shareholder Compacts and Corporate Plans of Schedule 2 SOEs,N/A,N/A,"4 approved Shareholder compacts and Corporate Plans of Schedule
2 SOEs 
",-,Achieved,N/A,N/A,Achieved,207
,Mineral Resources and Energy,National,Programme 1: Administration,Programme 1: Administration,Quarterly,Number of SOEs Annual Reports tabled in Parliament,Non-Standardized,Not  Applicable,Priority 2: Economic Transformation And Job Creation,"The Economic Sectors, Employment and Infrastructure Development cluster",N/A,N/A,N/A,N/A,11 SOEs Annual Reports tabled in Parliament,"Not achieved
","10 SOE Annual Reports were tabled except for CEF Annual Report. 
","CEF AR will be tabled when its audit is finalized by the 20 October 2023. 
",N/A,N/A,N/A,N/A,N/A,N/A,,,11 SOEs Annual Reports tabled in Parliament,-,Achieved,N/A,N/A,Achieved,207
,Mineral Resources and Energy,National,Programme 1: Administration,Programme 1: Administration,Quarterly,"Number of SOEs Quarterly performance Reports reviewed, and Ministerial submissions produced ",Non-Standardized,Not  Applicable,Priority 2: Economic Transformation And Job Creation,"The Economic Sectors, Employment and Infrastructure Development cluster","11 SOEs Quarterly performance Reports reviewed, and Ministerial submissions produce



















ed  ",Not achieved:  Nine (9) Quarterly reports were submitted.,MHSC and SANEDI Q4 performance reports were not submitted and extension for late for submission was granted by the Minister. ,MHSC and SANEDI reports will be reviewed and submitted in the Q2.,"11 SOEs Quarterly performance Reports reviewed, and Ministerial submissions produced  ","Achieved: All 11 quarterly performance report were received, reviewed and Ministerial submission were prepared and send to the Minister for noting and approval.
",None ,None ,"11 SOEs Quarterly performance Reports reviewed, and Ministerial submissions produced  ","Achieved: All 11 quarterly performance report were received, reviewed and Ministerial submission were prepared and submitted to the DG/Minister for noting and approval.",N/A,N/A,"11 SOEs Quarterly performance Reports reviewed, and Ministerial submissions produced  ",Achieved: 11 SOEs Quarterly Performance Reports reviewed and Ministerial submission produced for approval,N/A,N/A,"44 SOEs Quarterly performance Reports reviewed, and Ministerial submissions produced  ",-,Achieved,N/A,N/A,Achieved,207
,Mineral Resources and Energy,National,Programme 1: Administration,Programme 1: Administration,Quarterly,Percentage of approved invoices from service providers paid within 30 days of receipt,Non-Standardized,Not  Applicable,Priority 2: Economic Transformation And Job Creation,"The Economic Sectors, Employment and Infrastructure Development cluster",100% approved invoices from service providers paid within 30 days of receipt,Achieved,N/A,N/A,100% approved invoices from service vice providers paid within 30 days of receipt,"Achieved 
",None ,None ,100% approved invoices from service vice providers paid within 30 days of receipt,"349 (100%) approved invoices from service providers were received and paid within 30 days of receipt. 
",N/A,N/A,100% approved invoices from service providers paid within 30 days of receipt,Achieved,N/A,N/A,100% approved invoices from service providers paid within 30 days of receipt,-,Achieved,N/A,N/A,Achieved,207
,Mineral Resources and Energy,National,Programme 1: Administration,Programme 1: Administration,Quarterly,Unqualified audit opinion,Non-Standardized,Not  Applicable,Priority 2: Economic Transformation And Job Creation,"The Economic Sectors, Employment and Infrastructure Development cluster",N/A,N/A,N/A,N/A,Unqualified audit opinion ,"Achieved 
",None ,None ,N/A,N/A,N/A,N/A,N/A,N/A,,,Unqualified audit opinion ,-,"To be updated  upon completion of the audit process on 31 July 2024
",N/A,N/A,Achieved,207
,Mineral Resources and Energy,National,Programme 2: Minerals and Petroleum Regulation (MPR),Programme 2: Minerals and Petroleum Regulation (MPR),Quarterly,Licensing backlog Eliminated (New Indicator),Non-Standardized,Not  Applicable,Priority 2: Economic Transformation And Job Creation,"The Economic Sectors, Employment and Infrastructure Development cluster",617,,,,617,,,,617,"Achieved: 674 applications were finalised 
","Overachieved by 57. The focus was on eliminate backlog 
",N/A,619,Achieved: 803 applications were processed and finalised in the quarter,Processing of applications for prospecting and mining rights were prioritised to eradicate the licensing backlog during the period under review.,N/A, 2 470 ,-,"Achieved: 2955 applications were processed and finalised in this financial year.
","Elimination of licensing backlog was approached as the most pressing priority in this financial year.
 
",N/A,"Achieved: 2955 applications were processed and finalised in this financial year
",207
,Mineral Resources and Energy,National,Programme 2: Minerals and Petroleum Regulation (MPR),Programme 2: Minerals and Petroleum Regulation (MPR),Quarterly,Number of Audit reports on fuel price adjustments (external auditors) (New Indicator),Non-Standardized,Not  Applicable,Priority 2: Economic Transformation And Job Creation,"The Economic Sectors, Employment and Infrastructure Development cluster",3,,,,3,,,,3,Achieved,N/A,N/A,3,Achieved,N/A,N/A,12 ,-,"Achieved

",N/A,N/A,Achieved,207
,Mineral Resources and Energy,National,Programme 2: Minerals and Petroleum Regulation (MPR),Programme 2: Minerals and Petroleum Regulation (MPR),Quarterly,Number of Environmental Inspections conducted,Non-Standardized,Not  Applicable,Priority 2: Economic Transformation And Job Creation,"The Economic Sectors, Employment and Infrastructure Development cluster",343,Not Achieved: 335 Environmental inspections were conducted. ,8 inspections were not conducted due to prioritisation of processing applications to prospecting and mining rights to eradicate the licensing backlog during the period under review.,Remaining target (08) will be spread amongst the remaining quarters. ,344,418 Environmental inspections were conducted. ,Catch up plans for under performance in first quarter inspections.  ,None,344,Achieved: 363 Environmental inspections were conducted in this quarter. ,Overachievement was due to receiving a huge number of closure and renewal applications which warrant site inspections before finalization.,N/A,343,"
Achieved: 354 Environmental inspections were conducted",This is due to increased complaints which require unplanned inspections,N/A,1 374 ,-,"Achieved: 1487 Environmental inspections were conducted.
","The additional inspections are mainly due to increased complaints 
which require unplanned inspections and follow ups on compliance notices previously issued to particular operations.
",N/A,Achieved: 1487 Environmental inspections were conducted,207
,Mineral Resources and Energy,National,Programme 2: Minerals and Petroleum Regulation (MPR),Programme 2: Minerals and Petroleum Regulation (MPR),Quarterly,Number of fuel samples Tested ,Non-Standardized,Not  Applicable,Priority 2: Economic Transformation And Job Creation,"The Economic Sectors, Employment and Infrastructure Development cluster",270,Achieved: 297 ,The target was overachieved by 27. More fuel samples were collected in Mpumalanga due to filling of vacant position. ,N/A,270,Not Achieved: 244 fuel samples were tested. ,More samples could not be collected as they would have exceeded the number of contracted samples (540) with the service provider within the period of six months.  More (26) samples had been collected in the previous quarter.  ,"The total number of samples collected for the first two quarters is now in alignment with expectation of 540, which is 50% of the annual target.",270,Achieved: 271 Fuel samples were tested in this quarter. ,The target was overachieved by 01 address the shortfall in the previous quarter,N/A,270,Achieved: 270 Fuel samples were tested,N/A,N/A,1 080 ,-,"Achieved: 
",N/A,N/A,Achieved,207
,Mineral Resources and Energy,National,Programme 2: Minerals and Petroleum Regulation (MPR),Programme 2: Minerals and Petroleum Regulation (MPR),Quarterly,Number of jobs to be enabled through the issuing of mining rights ,Non-Standardized,Not  Applicable,Priority 2: Economic Transformation And Job Creation,"The Economic Sectors, Employment and Infrastructure Development cluster",2 000,Not Achieved: 394 Jobs were enabled through the issuing of mining rights. ,"Clients did not submit documents for issuing of mining rights during the period under review. 

Delays by some of the clients in submitting documents for execution of mining rights.
",More invitations will be sent to rights holders to come and execute their mining rights.,2 000,Not Achieved: 590 jobs will be enabled through the issuing of mining rights,Delays by companies to submit execution documents and prevailing high interest rates which impacted several major projects.  ,The department will actively encourage the granted mining right holders to enable them to execute their granted rights . ,2 000,Achieved: 4645 jobs will be enabled through the issuing of mining rights in this quarter. ,Priority was given to the issuing of mining rights. companies responded positively on the invitation to come and execute. ,N/A,2 000,Achieved: 2372 were enabled through the issuing of mining rights,Positive response by right holders to the Department’s invitation for execution. There is no mandatory provision for execution.,N/A,8 000 ,-,"8012 jobs were enabled 
through the issuing of mining rights.
 ","Mining companies responded positively to the invitation to come forward for the execution of their mining rights

",N/A,"Achieved: 8012 jobs were enabled through the issuing of mining rights
",207
,Mineral Resources and Energy,National,Programme 2: Minerals and Petroleum Regulation (MPR),Programme 2: Minerals and Petroleum Regulation (MPR),Quarterly,Number of legal compliance inspections (mineral laws-MLA) conducted ,Non-Standardized,Not  Applicable,Priority 2: Economic Transformation And Job Creation,"The Economic Sectors, Employment and Infrastructure Development cluster",37,Not Achieved: 25 Legal compliance inspections were conducted. ,12 compliance inspections were not conducted due to prioritisation of processing applications to prospecting and mining rights to eradicate the licensing backlog during the period under review.,Remaining target (12) will be spread amongst the remaining quarters. ,38,Achieved: 40 Legal compliance inspections were conducted. ,Catch up plans for under performance in first quarter inspections.  ,None,38,Achieved: 42 Legal compliance inspections were conducted this quarter. ,More inspections were conducted to address the shortfall from quarter one. ,N/A,37,Achieved: 44 Legal compliance inspections were conducted ,More inspections were conducted in response to complaints. ,N/A,150,-,"Achieved: 151 Legal 
compliance inspections were conducted. 
","N/A
",N/A,"Achieved: 151 Legal compliance inspections were conducted 
",207
,Mineral Resources and Energy,National,Programme 2: Minerals and Petroleum Regulation (MPR),Programme 2: Minerals and Petroleum Regulation (MPR),Quarterly,Number of Mining Economics (MWP/PWP) inspections conducted,Non-Standardized,Not  Applicable,Priority 2: Economic Transformation And Job Creation,"The Economic Sectors, Employment and Infrastructure Development cluster",125,Not Achieved: 110 Mine Economics inspections were conducted. ,15 inspections were not conducted due to prioritisation of processing applications to prospecting and mining rights to eradicate the licensing backlog during the period under review.,Remaining target (15) will be spread amongst the remaining quarters. ,125,Achieved: 134 Mine Economics inspections were conducted. ,Some right holders that had two or more rights near the same area.,None,125,Achieved: 136 Mine Economics inspections were conducted this quarter. ,Inspections were prioritised and accelerated to address the expected shortfall in the fourth quarter when mines reopen after the seasonal closure.,N/A,125,Not Achieved:  103 Mine Economics inspections were conducted,Incorrect interpretation of cost containment by one Region led to non-achievement,Improve internal communication on alternatives once budgets are exhausted. ,500,-,"Not Achieved: 484 Mine Economics inspections were conducted
 
","Operational challenges in one region.  Cost containment measures led to reduced number of inspections being finalised


","Improve internal communication on alternatives once bud
gets are exhausted. 
","Not Achieved: 484 Mine Economics inspections were conducted 
",207
,Mineral Resources and Energy,National,Programme 2: Minerals and Petroleum Regulation (MPR),Programme 2: Minerals and Petroleum Regulation (MPR),Quarterly,Number of petroleum retail and wholesale site compliance inspections conducted (Revised),Non-Standardized,Not  Applicable,Priority 2: Economic Transformation And Job Creation,"The Economic Sectors, Employment and Infrastructure Development cluster",375,,,,375,,,,375,Achieved: 402 retail site inspections were conducted in this quarter.,"The target was overachieved by 27. The branch had a deficit of 29 in quarter one, and this is part of catching up. ",N/A,375,Achieved: 412 retail site inspections were conducted,This is due to increased complaints which require unplanned inspections,N/A,1 500 ,-,"Achieved: 1570 retail site inspections were conducted
","This is due to increased complaints by retailers against wholesalers who are engaged in illegal retailing activities, which required unplanned inspections

",N/A,Achieved: 1567 retail and wholesale site inspections were conducted,207
,Mineral Resources and Energy,National,Programme 2: Minerals and Petroleum Regulation (MPR),Programme 2: Minerals and Petroleum Regulation (MPR),Quarterly,Number of petroleum retail site compliance inspections conducted ,Non-Standardized,Not  Applicable,Priority 2: Economic Transformation And Job Creation,"The Economic Sectors, Employment and Infrastructure Development cluster",375,Not Achieved: 346 retail site compliance inspections were conducted.  ,Remaining 29 will be spread amongst the remaining quarters. ,,375,Achieved: 410 retail site compliance inspections were conducted. ,Catch up plans for under performance in first quarter inspections.  ,None,375,Revised,,,375,Indicator revised,N/A,N/A,1 500 ,-,Revised,,,Revised,207
,Mineral Resources and Energy,National,Programme 2: Minerals and Petroleum Regulation (MPR),Programme 2: Minerals and Petroleum Regulation (MPR),Quarterly,Number of rights and permits issued to HDSA controlled entities and Individuals.,Non-Standardized,Not  Applicable,Priority 2: Economic Transformation And Job Creation,"The Economic Sectors, Employment and Infrastructure Development cluster",N/A,N/A,,,N/A,,,,N/A,Revised,,,N/A,N/A,M/A,N/A,N/A,-,Revised,,,Revised,207
,Mineral Resources and Energy,National,Programme 2: Minerals and Petroleum Regulation (MPR),Programme 2: Minerals and Petroleum Regulation (MPR),Quarterly,Number of rights and permits issued to HDSA controlled entities and Individuals. (Revised),Non-Standardized,Not  Applicable,Priority 2: Economic Transformation And Job Creation,"The Economic Sectors, Employment and Infrastructure Development cluster",50,,,,50,,,,50,Achieved: 77 rights and permits were issued to the HDSA controlled entities and individuals.,Companies responded positively on the invitation to come and execute.,N/A,50,Achieved: 90 rights and permits were issued to HDSA controlled entities and individuals,Positive response by right holders to the Department’s invitation for execution,N/A,200,-,"Achieved: 290 rights and permits were issued. 
","The target was exceeded due to the reality that most applications are lodged by HDSA compliant controlled entities

",N/A,Achieved: 290 rights and permits were issued,207
,Mineral Resources and Energy,National,Programme 2: Minerals and Petroleum Regulation (MPR),Programme 2: Minerals and Petroleum Regulation (MPR),Quarterly,Number of rights issued to HDSA controlled entities,Non-Standardized,Not  Applicable,Priority 2: Economic Transformation And Job Creation,"The Economic Sectors, Employment and Infrastructure Development cluster",50,Achieved: 66 ,More companies responded positively on invitation to come and execute their rights..,N/A,50,Achieved: 79 rights were issued to HDSA controlled entities,Companies responded positively on invitation to come and execute. ,None,50,Revised,,,50, Indicator revised,N/A,N/A,200,-,Revised,,,Revised,207
,Mineral Resources and Energy,National,Programme 2: Minerals and Petroleum Regulation (MPR),Programme 2: Minerals and Petroleum Regulation (MPR),Quarterly,Number of SLP development projects completed,Non-Standardized,Not  Applicable,Priority 2: Economic Transformation And Job Creation,"The Economic Sectors, Employment and Infrastructure Development cluster",33,Achieved: 41 ,8 More SLP development projects were completed due to companies holding more than one right which led to overachievement. ,N/A,33,24 SLP development projects were completed,Delays from municipalities to support implementation because of difference with the communities.,The Department will intensify efforts to engage municipalities and where necessary the Department of Cooperative Governance and Traditional Affairs. The Annual Target is still not at risk at this point.,33,Achieved: 38 SLP development projects were completed in this quarter. ,Additional inspections were conducted to address the shortfall in the previous quarter. ,N/A,33,Achieved,There were only 30 inspections remaining to reached the annual target of 132. The target was overachieved by 2 in the 4th quarter,N/A,132 ,-,"Achieved: 134 SLP 
development projects were completed 
","More projects were completed than 
planned due to constant monitoring.
",N/A,"Achieved: 134 SLP development projects were completed 
",207
,Mineral Resources and Energy,National,Programme 2: Minerals and Petroleum Regulation (MPR),Programme 2: Minerals and Petroleum Regulation (MPR),Quarterly,Number of SLP inspections conducted,Non-Standardized,Not  Applicable,Priority 2: Economic Transformation And Job Creation,"The Economic Sectors, Employment and Infrastructure Development cluster",53,Achieved: 62 ,"The target was overachieved by 9, due to unplanned verification inspections, and one company inspected holding three mining rights and inspection was conducted on each right.", N/A,53,89 SLP inspections were conducted. ,Due to some operations having more than one right in the same district. ,None,53,Achieved: 67 SLP inspections were conducted in this quarter.,Additional inspections were conducted due to the number of completed projects in the quarter under review.  ,N/A,53,Achieved,The annual target had already been reached by quarter 3. There was a greater focus on the SLP compliance.,N/A,212,-,"Achieved: 261 SLP 
inspections were conducted
","Additional inspections wer
e in response to complaints by stakeholders and others inspections were prompted by the review of SLP in terms of section 102 and Regulation 44.
",N/A,"Achieved: 261 SLP inspections were conducted
",207
,Mineral Resources and Energy,National,"Programme 3: Mining, Minerals and Energy Policy Development (MMEPD)","Programme 3: Mining, Minerals and Energy Policy Development (MMEPD)",Quarterly,Critical Minerals Strategy for South Africa developed (New indicator),Non-Standardized,Not  Applicable,Priority 2: Economic Transformation And Job Creation,"The Economic Sectors, Employment and Infrastructure Development cluster",N/A,,,,"Exploration Fund MOA with IDC, ToRs and fund management committee structure drafted ",,,,Exploration Fund Establishment MOA with IDC signed,Not Achieved,"The IDC Board postponed the meeting of November 2023 where the MOA was to be finalised.
","The meeting will be convened on 26 January 2024.
",Exploration fund established ,Achieved,N/A,N/A,Exploration Fund Established,-,Achieved,N/A,N/A,Achieved,207
,Mineral Resources and Energy,National,"Programme 3: Mining, Minerals and Energy Policy Development (MMEPD)","Programme 3: Mining, Minerals and Energy Policy Development (MMEPD)",Quarterly,Diamonds Amendment Bill completed ,Non-Standardized,Not  Applicable,Priority 2: Economic Transformation And Job Creation,"The Economic Sectors, Employment and Infrastructure Development cluster",Diamonds Amendment Bill submitted to Economic Cluster ,Not Achieved,"Consultations on the Draft Bill with stakeholders were completed late. The Bill is being reviewed in line with the comments provided by stakeholders
",The Bill will be submitted to the Economic Cluster in Q3,Diamonds Amendment Bill presented to Cabinet for approval to gazette for public comments,Not Achieved,SEIAS finalisation delayed internally,Fast track finalisation of SEIAS,Consolidation of public comments,(Removed),,,Diamonds Amendment Bill completed ,Removed,N/A,N/A,Diamonds Amendment Bill completed ,-,Removed,N/A,N/A,N/A,207
,Mineral Resources and Energy,National,"Programme 3: Mining, Minerals and Energy Policy Development (MMEPD)","Programme 3: Mining, Minerals and Energy Policy Development (MMEPD)",Quarterly,Draft SANPC Bill completed ,Non-Standardized,Not  Applicable,Priority 2: Economic Transformation And Job Creation,"The Economic Sectors, Employment and Infrastructure Development cluster",SANPC Bill submitted to the Economic Cluster ,Not Achieved,"The Department received the SLA pre-certification legal opinion on 15 June 2023 which attributed to the delay to submit the SANPC Bill to the Economic Cluster
",The SANPC Bill will be submitted to the Economic Cluster in Q2 2023,SANPC Bill presented to Cabinet for approval to gazette for public comments,Achieved,None,None,Consolidation of public comments,(Revised),N/A,N/A,Draft SANPC Bill completed ,Achieved,N/A,N/A,Draft SANPC Bill completed ,-,Revised,N/A,N/A,N/A,207
,Mineral Resources and Energy,National,"Programme 3: Mining, Minerals and Energy Policy Development (MMEPD)","Programme 3: Mining, Minerals and Energy Policy Development (MMEPD)",Quarterly,Electricity Regulation Act Regulations drafted  (Revised),Non-Standardized,Not  Applicable,Priority 2: Economic Transformation And Job Creation,"The Economic Sectors, Employment and Infrastructure Development cluster",N/A,,,,Draft Electricity Regulation Act Regulations ,,,,Undertake stakeholder consultation on the draft regulations consultation,Achieved: Undertake stakeholder consultation on the draft regulations consultation,N/A,N/A,Final Draft Electricity Regulation Act Regulations submitted to EXCO ,Not Achieved ,Unavailability of  key stakeholder to finalize the process for implementation,Fast tracking discussion with stakeholder,Electricity Regulation Act Regulations drafted ,-,Achieved,N/A,N/A,Achieved,207
,Mineral Resources and Energy,National,"Programme 3: Mining, Minerals and Energy Policy Development (MMEPD)","Programme 3: Mining, Minerals and Energy Policy Development (MMEPD)",Quarterly,Electricity Regulation Act Regulations Gazetted ,Non-Standardized,Not  Applicable,Priority 2: Economic Transformation And Job Creation,"The Economic Sectors, Employment and Infrastructure Development cluster",Identify and develop Regulations,Not achieved,There were delays in receiving inputs from NERSA,Engage in emergency consultations to deliver on the outstanding inputs.,Electricity Regulation Act Regulations Gazetted for Public comments,Not achieved,Delay in receiving legal opinion from State Law Advisor.,Fast-track the legal opinion by State Law Advisor,Stakeholder Consultations ,(Revised)  ,,,Electricity Regulation Act Regulations approved and Gazetted ,"Revised, see below. ",N/A,N/A,Electricity Regulation Act Regulations Gazetted ,-,Revised,N/A,N/A,N/A,207
,Mineral Resources and Energy,National,"Programme 3: Mining, Minerals and Energy Policy Development (MMEPD)","Programme 3: Mining, Minerals and Energy Policy Development (MMEPD)",Quarterly,Exploration Fund Established (New indicator),Non-Standardized,Not  Applicable,Priority 2: Economic Transformation And Job Creation,"The Economic Sectors, Employment and Infrastructure Development cluster",N/A,,,,Critical Minerals Strategy Approach drafted and submitted to EXCO ,,,,Critical Minerals Strategy consulted with stakeholders and presented to EISEID Cluster ,Not Achieved,"A modelling exercise to provide a scientific basis for identification and ranking of critical minerals has to be completed before finalization and presentation of the strategy to Cluster. 
","The modelling work will be fast tracked to ensure completion by 31 March 2024
",Critical Minerals Strategy for South Africa submitted to cabinet for approval,Not Achieved,The strategy has not been finalised. A model for defining South Africa’s critical minerals and metals list was developed in Q4,The Strategy will be submitted to Cabinet in the next financial year for approval,Critical Minerals Strategy for South Africa submitted to cabinet for approval,-,Not Achieved,The strategy has not been finalised due to the late appointment of a service provider to do modelling for a scientific basis for identification and ranking of critical mineral,The Strategy will be submitted to Cabinet in the next financial year for approval,Not Achieved,207
,Mineral Resources and Energy,National,"Programme 3: Mining, Minerals and Energy Policy Development (MMEPD)","Programme 3: Mining, Minerals and Energy Policy Development (MMEPD)",Quarterly,Gas Amendment Bill submitted to cabinet for public consultation,Non-Standardized,Not  Applicable,Priority 2: Economic Transformation And Job Creation,"The Economic Sectors, Employment and Infrastructure Development cluster",Certification request ,,,,Ministerial submission to request Cabinet approval to publish the Bill for public comments. ,,,,Gas Amendment Bill submitted to Cabinet for public consultation ,"Achieved:
Gas Amendment Bill submitted to Cabinet for public consultation",N/A,N/A,"Consolidation of stakeholder inputs.
Bill submitted to State Law Advisor for certification
",Not achieved. ,Consolidation of inputs took place after public consultation period closed on 29 February 2024. There was insufficient time to make amendments to the Bill for submission of the revised Bill to OCSLA for certification. ,Finalization of consolidation will be done as per 2024/25 F/Y Q1 targets. ,"Gas Amendment Bill submitted to Cabinet for public consultation

(Revised)",-,Achieved,N/A,N/A,Achieved,207
,Mineral Resources and Energy,National,"Programme 3: Mining, Minerals and Energy Policy Development (MMEPD)","Programme 3: Mining, Minerals and Energy Policy Development (MMEPD)",Quarterly,Gas Master Plan submitted to Cabinet for approval (New target),Non-Standardized,Not  Applicable,Priority 2: Economic Transformation And Job Creation,"The Economic Sectors, Employment and Infrastructure Development cluster",Draft Gas Master Plan,,,,ESIEID Cluster and Departmental Consultations,,,,Gas Master Plan gazetted for public comments,Not Achieved,"The Cabinet memo seeking approval to gazette Gas Masterplan for public comments was withdrawn due to concerns raised about the structure of the GMP report
","The concerns raised will be addressed and Cabinet memo will be resubmitted in Q4.
",Gas Master Plan submitted to Cabinet for approval,Achieved,N/A,N/A,Gas Master Plan submitted to Cabinet for approval,-,Achieved,N/A,N/A,Achieved,207
,Mineral Resources and Energy,National,"Programme 3: Mining, Minerals and Energy Policy Development (MMEPD)","Programme 3: Mining, Minerals and Energy Policy Development (MMEPD)",Quarterly,Jewellery Fabrication Masterplan & Battery Minerals Masterplan presented to National Masterplans Steerco,Non-Standardized,Not  Applicable,Priority 2: Economic Transformation And Job Creation,"The Economic Sectors, Employment and Infrastructure Development cluster",N/A,,,,N/A,,,,Final Stakeholder consultation on the Battery Minerals Masterplan,"Achieved:
Final Stakeholder consultation on the Battery Minerals Masterplan",N/A,N/A,Jewellery Fabrication Masterplan & Battery Minerals Masterplan presented to National Masterplans Steerco,Not Achieved,There were delays in receiving the requested data from stakeholders which delayed finalisation of the Masterplans and presentation to StreerCo.,The outstanding work will be finalised in Q1 of 2023/24 for presentation to National Masterplan Steerco.,"Jewellery Fabrication Masterplan & Battery Minerals Masterplan presented to National Masterplans Steerco

(Revised)",-,Not Achieved,"There were delays in receiving the requested data from stakeholders which affected finalisation of the Masterplans and presentation to Steering Committee.
",The outstanding work will be finalised in Q1 of 2024/25 for presentation to National Masterplan Steerco.,Not Achieved,207
,Mineral Resources and Energy,National,"Programme 3: Mining, Minerals and Energy Policy Development (MMEPD)","Programme 3: Mining, Minerals and Energy Policy Development (MMEPD)",Quarterly,MHSA Bill submitted to Cabinet for approval to publish for public comments,Non-Standardized,Not  Applicable,Priority 2: Economic Transformation And Job Creation,"The Economic Sectors, Employment and Infrastructure Development cluster",Submission of Mine Health and Safety Bill to OCSLA,,,,Consolidation of comments from OCSLA on Mine Health and Safety Bill,,,,N/A,,,,MHSA Bill submitted to Cabinet for approval to publish for public comments,Not achieved,"The ESIEID Cluster meetings were postponed twice in  December 2023 and 29 February 2024, and  the Bill was only presented  on 11  March 2024 at the first meeting of the Cluster in 2024. The Bill was approved for submission to Cabinet, but Cabinet had closed by then and was not accepting any new submissions. ",The Bill will be submitted to Cabinet during the next financial year.,"MHSA Bill submitted to Cabinet for approval to publish for public comments

(Revised)",-,Achieved,N/A,N/A,Not Achieved,207
,Mineral Resources and Energy,National,"Programme 3: Mining, Minerals and Energy Policy Development (MMEPD)","Programme 3: Mining, Minerals and Energy Policy Development (MMEPD)",Quarterly,MHSA Bill submitted to Cabinet for approval to table in Parliament,Non-Standardized,Not  Applicable,Priority 2: Economic Transformation And Job Creation,"The Economic Sectors, Employment and Infrastructure Development cluster",Mine Health and Safety Bill presented to the Economic Cluster,Not Achieved,The NEDLAC report received on   the 26th of June 2023 which attributed to a delay to transmit same to the cluster,The Bill will be presented to Cluster in Q2 2023,Mine Health and Safety Bill submitted to Cabinet for approval to table in Parliament,Not Achieved,Submission of Bill to Cabinet depends on obtaining a legal opinion from OCSLA. Delays were experienced from OCSLA,Meetings to fastrack the finalisation of the legal opinion have been held  with OCSLA and agreements on finalisation has been reached,MHSA Bill submitted to Parliament,"(Revised)
",,,N/A,Achieved,N/A,N/A,MHSA Bill submitted to Cabinet for approval to table in Parliament,-,Revised,N/A,N/A,N/A,207
,Mineral Resources and Energy,National,"Programme 3: Mining, Minerals and Energy Policy Development (MMEPD)","Programme 3: Mining, Minerals and Energy Policy Development (MMEPD)",Quarterly,Number of Annual energy statistics reports published,Non-Standardized,Not  Applicable,Priority 2: Economic Transformation And Job Creation,"The Economic Sectors, Employment and Infrastructure Development cluster",Data Collection,Not Achieved,Report with the approval authority for review and recommendation for improvement,Engagement with approval authority to finalise the review of the report,Compilation of commodity Flows,Achieved,None,None ,Consolidation and peer review,Achieved,N/A,N/A,4 Annual energy statistics reports published,Not achieved                                                                                                                                                                                                                                                                                                                                  ,"The Energy Price, Energy Balance and Energy Sector reports have been published with the exception of the Energy Trade which was delayed for approvals",The Energy Trade report will be published in Q1 of the next financial year,"4  Annual energy statistics reports published
(Energy Price, balance, Trade & Statistics booklet)
",-,"Not Achieved. The Energy Price, Energy Balance and Energy Sector reports have been published.
",The Energy Trade was finalised late and therefore delayed for approvals,The Energy Trade report will be published in Q1 of the next financial year,"Not Achieved.
2 reports were
published, i.e
The Energy Price
and Energy
Balance have
been published",207
,Mineral Resources and Energy,National,"Programme 3: Mining, Minerals and Energy Policy Development (MMEPD)","Programme 3: Mining, Minerals and Energy Policy Development (MMEPD)",Quarterly,Number of approved and registered carbon offsets projects,Non-Standardized,Not  Applicable,Priority 2: Economic Transformation And Job Creation,"The Economic Sectors, Employment and Infrastructure Development cluster",1 Project Approved,Achieved,N/A,N/A,1 Project Approved,Achieved Enviroserv Chloorkop Landfill Gas Recovery Project was approved. ,None,None,1 Project Approved,Achieved,N/A,N/A,1 Project Approved,Achieved       ,N/A,N/A,4 Approved and registered carbon offsets projects,-,Achieved,N/A,N/A,Achieved,207
,Mineral Resources and Energy,National,"Programme 3: Mining, Minerals and Energy Policy Development (MMEPD)","Programme 3: Mining, Minerals and Energy Policy Development (MMEPD)",Quarterly,Number of Investment Promotion events hosted or partnered in to attract investments in the sector,Non-Standardized,Not  Applicable,Priority 2: Economic Transformation And Job Creation,"The Economic Sectors, Employment and Infrastructure Development cluster",N/A,N/A,N/A,N/A,2,Achieved 4,"The Critical Minerals Summit was unplanned, and the Northern Cape Conference was delivered earlier than planned.",None,3,"Achieved: 4 Africa Energy Forum, Critical Minerals Summit, Australia Down Under, Northern Cape Investment Conference.",The Critical Minerals Summit was unplanned. ,N/A,3,"Achieved: 1. Investing in African Mining Indaba
2. Africa Energy Indaba
3. Prospectors & Developers  Association of Canada (PDAC) 4.  Future Minerals’ Forum
",N/A,N/A,8 investment  promotion events hosted or partnered in to attract investments in the sector,-,Achieved,N/A,N/A,"Achieved
12 Investment
promotion
events were
hosted and
partnered in.",207
,Mineral Resources and Energy,National,"Programme 3: Mining, Minerals and Energy Policy Development (MMEPD)","Programme 3: Mining, Minerals and Energy Policy Development (MMEPD)",Quarterly,Number of New Agreements Concluded,Non-Standardized,Not  Applicable,Priority 2: Economic Transformation And Job Creation,"The Economic Sectors, Employment and Infrastructure Development cluster",N/A,N/A,N/A,N/A,N/A,,,,N/A,Removed,,,1,N/A,N/A,N/A,"1
(Removed)",-,Removed,N/A,N/A,N/A,207
,Mineral Resources and Energy,National,"Programme 3: Mining, Minerals and Energy Policy Development (MMEPD)","Programme 3: Mining, Minerals and Energy Policy Development (MMEPD)",Quarterly,Number of Progress reports on agreed areas of collaboration and cooperation implemented,Non-Standardized,Not  Applicable,Priority 2: Economic Transformation And Job Creation,"The Economic Sectors, Employment and Infrastructure Development cluster",8,Achieved,N/A,N/A,8,"Achieved 
Iran, Ghana, Lesotho, South Korea, DRC, Australia, Mozambique, South Sudan
",None,None,"8
5 Revised","Achieved: 5  Joint Technical Committee on Grand Inga Project convened

South Sudan MOU submitted to DIRCO and State Law Advisor for certification

Mozambique MOU signed

Namibia MOU submitted to DIRCO and State Law Advisor for certification

Jet fuel Trade Agreement with PetroCi drafted

(Revised)",N/A,N/A,"8
5 Revised",Achieved,N/A,N/A,"8

5

Grand Inga Hydropower scheme treaty renewed and signed.

MOU with the Ministry of Mines in South Sudan signed


MOU with the Ministry of Hydrocarbons Republic of Mozambique in the field of energy signed.

MOU in the fields of mining and energy with the Ministry of Mines and Energy of Namibia signed.


Trade Agreement on the supply of jet fuel between CEF and PetroCi in Cote d’Ivoire signed.

(Revised)",-,Achieved,N/A,N/A,Achieved,207
,Mineral Resources and Energy,National,"Programme 3: Mining, Minerals and Energy Policy Development (MMEPD)","Programme 3: Mining, Minerals and Energy Policy Development (MMEPD)",Quarterly,Number of progress reports on multilateral strategic partnerships,Non-Standardized,Not  Applicable,Priority 2: Economic Transformation And Job Creation,"The Economic Sectors, Employment and Infrastructure Development cluster",10,Achieved,N/A,N/A,10,"Achieved 
BRICS, G20, CEM, IEA, APPO, ADPA Council of Ministers, ADPA Council of Experts, KP, EITI, AIEA
", None,None,"10


5
(Revised)","Achieved: 5
(APP revised)",N/A,N/A,"10


5
(Revised)",Achieved,N/A,N/A,"10

5
(Revised)",-,Achieved,N/A,N/A,Not Achieved,207
,Mineral Resources and Energy,National,"Programme 3: Mining, Minerals and Energy Policy Development (MMEPD)","Programme 3: Mining, Minerals and Energy Policy Development (MMEPD)",Quarterly,Number of quality mineral publications published,Non-Standardized,Not  Applicable,Priority 2: Economic Transformation And Job Creation,"The Economic Sectors, Employment and Infrastructure Development cluster",1,Not Achieved,Supply Chain Management Processes took longer than anticipated.,The department is in the process of fast-tracking procurement processes and will be finalized in Q2.,1,Achieved,None,None ,"2

1
(Revised)","1



(Revised)",N/A,N/A,3,Not achieved: 1 Report ,Not all planned publications were completed due to delays in finding relevant service providers for the research subscriptions that are required for drafting publications,Procurement of the subscriptions will commence in the next financial year.,"7

6
(Revised)",-,Not Achieved,"Not all planned publications were completed due to delays in finding relevant service providers for the research subscriptions that are required for drafting publications
","Procurement of the subscriptions will commence in the next financial year.
",Not Achieved,207
,Mineral Resources and Energy,National,"Programme 3: Mining, Minerals and Energy Policy Development (MMEPD)","Programme 3: Mining, Minerals and Energy Policy Development (MMEPD)",Quarterly,Number of Reports developed on  Beneficiation Master plan initiatives implemented,Non-Standardized,Not  Applicable,Priority 2: Economic Transformation And Job Creation,"The Economic Sectors, Employment and Infrastructure Development cluster",2,2,N/A,N/A,2,Not achieved,The implementation process has been hindered by delays in the approval of the Framework and the two Master plans.,Expedite the approval process of the Framework and the two Masterplan documents.,2,(Revised),,,2,Not Achieved,There were delays in receiving the requested data from stakeholders which delayed finalization of the Masterplans and presentation to StreerCo.,The outstanding work will be finalized in Q1 of 2023/24 for presentation to National Masterplan Steerco.,8  Reports developed on  Beneficiation Master plan initiatives implemented ,-,Removed,N/A,N/A,N/A,207
,Mineral Resources and Energy,National,"Programme 3: Mining, Minerals and Energy Policy Development (MMEPD)","Programme 3: Mining, Minerals and Energy Policy Development (MMEPD)",Quarterly,Petroleum Products Bill submitted to Cabinet for approval to publish for public comments,Non-Standardized,Not  Applicable,Priority 2: Economic Transformation And Job Creation,"The Economic Sectors, Employment and Infrastructure Development cluster",,,,,Consolidation of public comments,,,,Pre-certification of the Bill,Achieved: Pre-certification of the Bill ,N/A,N/A,Petroleum Products Bill submitted to Cabinet for approval to publish for comments,Not achieved ,"The ESIEID Cluster meetings were postponed twice in  December 2023 and 29 February 2024, and  the Bill was only presented  on 11  March 2024 at the first meeting of the Cluster in 2024. The Bill was approved for submission to Cabinet, but Cabinet had closed by then and was not accepting any new submissions. ",The Bill will be submitted to Cabinet during the next financial year.,"Petroleum Products Bill submitted to Cabinet for approval to publish for comments

(Revised)

















",-,Not Achieved,"The ESIEID Cluster meetings were postponed twice (in December 2023 and February 2024), and the Bill was only presented on 11 March 2024 at the first meeting of the Cluster in 2024. The Bill could therefore not be submitted in time to Cabinet. ",The Bill will be submitted to Cabinet during the next financial year.,Not Achieved,207
,Mineral Resources and Energy,National,"Programme 3: Mining, Minerals and Energy Policy Development (MMEPD)","Programme 3: Mining, Minerals and Energy Policy Development (MMEPD)",Quarterly,Petroleum Products Bill submitted to Cabinet for approval to table in Parliament,Non-Standardized,Not  Applicable,Priority 2: Economic Transformation And Job Creation,"The Economic Sectors, Employment and Infrastructure Development cluster",N/A,N/A,,,Consolidation of public comments,Not achieved,"Publishing to obtain comments depends on obtaining a legal opinion from OCSLA


",Meetings to fastrack the legal opining have been held  with OCSLA and  will be finalised followed by publication for comments.,"Sector and government Stakeholder Consultations
completed
",(Revised),,,Petroleum Products Bill submitted to Cabinet for approval to table in Parliament,"Revised, see below.  ", N/A,N/A,Petroleum Products Bill submitted to Cabinet for approval to table in Parliament,-,Revised,N/A,N/A,N/A,207
,Mineral Resources and Energy,National,"Programme 3: Mining, Minerals and Energy Policy Development (MMEPD)","Programme 3: Mining, Minerals and Energy Policy Development (MMEPD)",Quarterly,Radioactive Waste Management Disposal Institute Act Regulations drafted (Revised),Non-Standardized,Not  Applicable,Priority 2: Economic Transformation And Job Creation,"The Economic Sectors, Employment and Infrastructure Development cluster",Identify and develop Regulations,,,,Gazette for public comments,,,,Gazette for Public comments and Stakeholder Consultations ,"Achieved:
Stakeholder consultation report
",N/A,N/A,"Radioactive Waste
Management Disposal Institute Act Regulations drafted
",Achieved. ,N/A,N/A,"Radioactive Waste
Management Disposal Institute Act Regulations drafted
",-,Achieved,N/A,N/A,Achieved,207
,Mineral Resources and Energy,National,"Programme 3: Mining, Minerals and Energy Policy Development (MMEPD)","Programme 3: Mining, Minerals and Energy Policy Development (MMEPD)",Quarterly,Radioactive Waste Management Disposal Institute Act Regulations Gazetted ,Non-Standardized,Not  Applicable,Priority 2: Economic Transformation And Job Creation,"The Economic Sectors, Employment and Infrastructure Development cluster",Identify and develop Regulations,Achieved,N/A,N/A,Gazette for Public comments,Not achieved,Delay in obtaining legal pre-certification of the Regulations from State Law Adviser.,Fast-track the processing of the gazetting submission.,Stakeholder Consultations ,(Revised),,,"Radioactive Waste
Management Disposal Institute
Act Regulations Gazetted 
","See below, revised. ",N/A,N/A,"Radioactive Waste
Management Disposal Institute Act Regulations Gazetted
",-,Revised,N/A,N/A,N/A,207
,Mineral Resources and Energy,National,"Programme 3: Mining, Minerals and Energy Policy Development (MMEPD)","Programme 3: Mining, Minerals and Energy Policy Development (MMEPD)",Quarterly,Radioactive Waste Management Fund Bill submitted to the State Law Advisor for final certification,Non-Standardized,Not  Applicable,Priority 2: Economic Transformation And Job Creation,"The Economic Sectors, Employment and Infrastructure Development cluster",RWM Fund Bill submitted for initial certification,,,,N/A,,,,Stakeholder consultation report,"Achieved: 
Stakeholder consultation report
",N/A,N/A,Radioactive Waste Management Fund Bill submitted to the State Law Advisor for final certification,Achieved,N/A,N/A,"Radioactive Waste Management Fund Bill submitted to the State Law Advisor for final certification

(Revised)",-,Achieved,N/A,N/A,Achieved,207
,Mineral Resources and Energy,National,"Programme 3: Mining, Minerals and Energy Policy Development (MMEPD)","Programme 3: Mining, Minerals and Energy Policy Development (MMEPD)",Quarterly,Report on economic viability of shale gas exploration in SA produced,Non-Standardized,Not  Applicable,Priority 2: Economic Transformation And Job Creation,"The Economic Sectors, Employment and Infrastructure Development cluster",Progress Report for Phase I for the KDD project,Achieved,N/A,N/A,Report on appointment of service providers,Achieved,None,None,Report on finalisation of tender processes,Achieved,N/A,"N/A
",Report on outcomes of environmental impact assessment and data acquisition for shale gas exploration  in SA,Not Achieved,There was a delay in the tender processes for appointing a service provider due to cancellation by the Board as the process was flawed.,The tender process  for a service provider to do an EIA and acquire geophysical data as part of Phase 2 of the shale gas project will be restarted at the beginning of 2024/25 financial year,Report on outcomes of environmental impact assessment and data acquisition for  shale gas exploration  in SA,-,"
Not Achieved","Delays on this project were due to concerns with the procurement process and recommendations that the process be restarted to avoid irregularities. 

","The tender process for a service provider to do an EIA and acquire geophysical data as part of Phase 2 of the shale gas project will be restarted at the beginning of 2024/25 financial year
",N/A,207
,Mineral Resources and Energy,National,"Programme 3: Mining, Minerals and Energy Policy Development (MMEPD)","Programme 3: Mining, Minerals and Energy Policy Development (MMEPD)",Quarterly,Revised Gas Amendment Bill approved by Cabinet for tabling in Parliament,Non-Standardized,Not  Applicable,Priority 2: Economic Transformation And Job Creation,"The Economic Sectors, Employment and Infrastructure Development cluster",Gazette the revised Gas Amendment Bill  for public comments ,Not achieved: There were consultations on the revised Bill with NERSA and Competition Commission. Bill submitted to Legal Services for vetting,"Outstanding Legal Opinion, precertification from OCSLA. Outstanding SEIAS sign-off from DPME","Engage in emergency consultations to deliver on the outstanding inputs
",Stakeholder Consultations,Not achieved,Internal delays in gazetting the Bill for public comments,The Bill will be submitted to Cabinet to seek approval to publish the Bill for public comment in the 3rd Quarter.,Revised Gas Amendment Bill approved by Cluster,(Revised),,,Revised Gas Amendment Bill approved by Cabinet for tabling in Parliament,"Revised, see below. ",N/A,N/A,Revised Gas Amendment Bill approved by Cabinet for tabling in Parliament,-,Revised,N/A,N/A,N/A,207
,Mineral Resources and Energy,National,"Programme 3: Mining, Minerals and Energy Policy Development (MMEPD)","Programme 3: Mining, Minerals and Energy Policy Development (MMEPD)",Quarterly,Revised Integrated Resource Plan 2023 submitted to Cabinet,Non-Standardized,Not  Applicable,Priority 2: Economic Transformation And Job Creation,"The Economic Sectors, Employment and Infrastructure Development cluster",Revised Integrated Resource Plan 2023 submitted to Cabinet,Not Achieved: Modelling work for Phase I of the project has commenced,There was a delay in receiving data from stakeholders and accessing the IRP modelling system ,The Revised IRP will be submitted to Cabinet in Q3,N/A,,,,N/A,(Revised),,,N/A,"Revised, see below. ",N/A,N/A,Revised Integrated Resource Plan 2023 submitted to Cabinet,-,Revised,N/A,N/A,N/A,207
,Mineral Resources and Energy,National,"Programme 3: Mining, Minerals and Energy Policy Development (MMEPD)","Programme 3: Mining, Minerals and Energy Policy Development (MMEPD)",Quarterly,Revised Integrated Resource Plan 2023 submitted to Cabinet for public comments (Revised),Non-Standardized,Not  Applicable,Priority 2: Economic Transformation And Job Creation,"The Economic Sectors, Employment and Infrastructure Development cluster",N/A,,,,N/A,,,,Revised Integrated Resource Plan 2023 submitted to Cabinet for public comments,Achieved,N/A,N/A,Revised Integrated Resource Plan 2023 submitted to Cabinet for approval,Not Achieved,There was a delay in submitting to Cabinet due to stakeholders' request for an extension on the period for public comments.,The revised IRP will be submitted to Cabinet in the next financial year for approval,Revised Integrated Resource Plan 2023 submitted to Cabinet for public comments,-,Achieved,N/A,N/A,Achieved,207
,Mineral Resources and Energy,National,"Programme 3: Mining, Minerals and Energy Policy Development (MMEPD)","Programme 3: Mining, Minerals and Energy Policy Development (MMEPD)",Quarterly,Revised RWM Fund Bill submitted to Cabinet for tabling in Parliament,Non-Standardized,Not  Applicable,Priority 2: Economic Transformation And Job Creation,"The Economic Sectors, Employment and Infrastructure Development cluster",RWMF Bill submitted for certification,Achieved,N/A,N/A,Revised RWM Fund Bill submitted to Cabinet for tabling in Parliament,Not achieved, Delays in Nedlac consultations which negatively impacted on finalising the Bill to allow submission to Cabinet.,Fast-tracked consultations at Nedlac have been agreed with set meeting schedule in place and being implemented. ,N/A,(Revised),,,N/A,"See below, revised. ",N/A,N/A,Revised RWM Fund Bill submitted to Cabinet for tabling in Parliament,-,Revised,N/A,N/A,N/A,207
,Mineral Resources and Energy,National,"Programme 3: Mining, Minerals and Energy Policy Development (MMEPD)","Programme 3: Mining, Minerals and Energy Policy Development (MMEPD)",Quarterly,South African National Petroleum Company Bill submitted to Cabinet for approval to publish for public comments,Non-Standardized,Not  Applicable,Priority 2: Economic Transformation And Job Creation,"The Economic Sectors, Employment and Infrastructure Development cluster",SANPC Draft Bill submitted to OCSLA,,,,SANPC Draft Bill presented to DG cluster,,,,SANPC Draft Bill presented to Cabinet Committee,"Achieved: 
SANPC Draft Bill presented to Cabinet Committee",N/A,N/A,South African National Petroleum Company Bill submitted to Cabinet for approval to publish   for public comments,Achieved,N/A,N/A,"South African National Petroleum Company Bill submitted to Cabinet for approval to publish   for public comments

(Revised)",-,Achieved,N/A,N/A,Not Achieved,207
,Mineral Resources and Energy,National,Programme 4: Mine Health and Safety Inspectorate (MHSI) ,Programme 4: Mine Health and Safety Inspectorate (MHSI) ,Quarterly,% Adherence to prescribed timeframes for Chief Inspector of Mines appeals,Non-Standardized,Not  Applicable,Priority 2: Economic Transformation And Job Creation,"The Economic Sectors, Employment and Infrastructure Development cluster",100%,Achieved: No CIOM's appeals received in the 1st quarter. ,N/A,N/A,100%,Achieved: There were no CIOM's appeals received in the 2nd quarter. ,None,None,100%,Achieved: All statutory instructions to deal with unsafe working conditions or to order compliance in terms section 54 and 55 instructions issued by Inspectors during the period under review did not attract appeals. Hence there were no CIOM's appeals received in the 3rd quarter. ,N/A,N/A,100%,Achieved: All statutory instructions to deal with unsafe working conditions or to order compliance in terms  section 54 and 55 instructions issued by Inspectors during the period under review did not attract appeals. Hence there were no CIOM's appeals received in the 4th quarter. ,N/A,N/A,100%,-,"Achieved: All statutory 
instructions to deal with unsafe working conditions or to order compliance in terms of section 54 and 55 instructions issued by Inspectors during the period under review did not attract appeals. Hence there were no CIOM's appeals received in the 4th quarter. 
",N/A,N/A,Achieved: All statutory instructions to deal with unsafe working conditions or to order compliance in terms of section 54 and 55 instructions issued by Inspectors during the period under review did not attract appeals. Hence there were no CIOM's appeals received in the 4th quarter. ,207
,Mineral Resources and Energy,National,Programme 4: Mine Health and Safety Inspectorate (MHSI) ,Programme 4: Mine Health and Safety Inspectorate (MHSI) ,Quarterly,% Adherence to prescribed timeframes for medical appeals,Non-Standardized,Not  Applicable,Priority 2: Economic Transformation And Job Creation,"The Economic Sectors, Employment and Infrastructure Development cluster",80%,Not achieved: 24 appeals were received and 19 were completed.   Calculation: (19/24)*100= 79.2%,"Some of the medical appeal cases were referred for 2nd opinion to specialists. 
 
Occupational Medical Persons (OMPs) did not attach all required medical reports
","1. Regions which do not have specialists, appellant will be referred to other regions where specialists are available.
2. Prioritise cases that might not require referral to ensure more appeals are completed.
3. Ensure OMPs submit necessary medical reports within the prescribed timeline
",80%,Achieved: 60 appeals received and 55 were completed.  (55/60) *100= 92%. ,"Reason for over achievement is that outstanding reports form OMPs and specialists were received, thus more appeals could be completed.",None,80%,Achieved: 89 appeals were received and 74 were completed.  (74/89) *100= 83%. ,Reason for performing above target of 80% is that we received reports from OMPs in time.,N/A,80%,Achieved: 112 appeals were received and 103 were completed.  (103/112) *100= 92%. ,N/A,N/A,80%,-,"Achieved: 112 appeals received and 103 were completed.  (103/112) *100= 92%.
 ","The reason for performing above target of 80%
is that we received reports from OMPs in time.",N/A,Achieved: 112 appeals received and 103 were completed.  (103/112) *100= 92%,207
,Mineral Resources and Energy,National,Programme 4: Mine Health and Safety Inspectorate (MHSI) ,Programme 4: Mine Health and Safety Inspectorate (MHSI) ,Quarterly,% Adherence to prescribed timeframes for MPRDA applications,Non-Standardized,Not  Applicable,Priority 2: Economic Transformation And Job Creation,"The Economic Sectors, Employment and Infrastructure Development cluster",80%,Achieved:  364 (99%) ,Applications received met all the requirements and there were no challenges,N/A,80%,Achieved: There were 858 applications received and 851 were completed. (851/858) *100=99%.  ,Applications received met all the requirements and there were no challenges.,None,80%,Achieved: There were 1338 applications received and 1335 were completed. (1335/1338) *100=100%.  ,Applications received met all the requirements and there were no challenges.,N/A,80%,Achieved: There were 1815 applications received and 1816 were completed. (1816/1815) *100=103%.  ,N/A,N/A,80%,-,Achieved: There were 1815 applications received and 1816 were completed. (1816/1815) *100=103%.  ,"Application        received met all the requirements and were finalised timely.

One application received from the previous financial year was completed in 2023/24 financial year, which is the reason the branch completed more applications than what was received. 

",N/A,"Achieved: There were 1815 applications received and 1816 were completed. (1816/1815) *100=103% 
",207
,Mineral Resources and Energy,National,Programme 4: Mine Health and Safety Inspectorate (MHSI) ,Programme 4: Mine Health and Safety Inspectorate (MHSI) ,Quarterly,% of administration of Government Certificate of Competency (GCC) exams policy. ,Non-Standardized,Not  Applicable,Priority 2: Economic Transformation And Job Creation,"The Economic Sectors, Employment and Infrastructure Development cluster",100%,Achieved.  100%,N/A,N/A,100%,Achieved: 5/5*100=100%,None,None,100%,Achieved: 5/5*100=100%.,N/A,N/A,100%,Achieved: 5/5*100=100%,N/A,N/A,100%,-,"Achieved: There were 
1815 applications received and 1816 were completed. (1816/1815) *100=103%.  
",There were more applications received and more competency examination completed.,N/A,"Achieved: 5/5*100=100%
",207
,Mineral Resources and Energy,National,Programme 4: Mine Health and Safety Inspectorate (MHSI) ,Programme 4: Mine Health and Safety Inspectorate (MHSI) ,Quarterly,% of identified necessary SLAs entered into to improve health and safety in mining,Non-Standardized,Not  Applicable,Priority 2: Economic Transformation And Job Creation,"The Economic Sectors, Employment and Infrastructure Development cluster",100%,Achieved:  No services rendered by MRS as no incidents of illegal miners required emergency rescue service,N/A,N/A,100%,"Achieved: During the period under review, there were no services rendered by MRS as no incidents of illegal miners required emergency rescue service. ",None,None,100%,Achieved: The Branch involved at the Launch of the Rescue Borehole at Mines Rescue Services on 15 November 2023 at Evander Rescue Station.,N/A,N/A,100%,Achieved: No event requiring the implementation of the SLA,N/A,N/A,100%,-,"Achieved: The Branch was involved at the Launch of the Rescue Borehole at Mines Rescue Services on 15 November 2023 at Evander Rescue Station
",N/A,N/A,Achieved: The Branch was involved at the Launch of the Rescue Borehole at Mines Rescue Services on 15 November 2023 at Evander Rescue Station,207
,Mineral Resources and Energy,National,Programme 4: Mine Health and Safety Inspectorate (MHSI) ,Programme 4: Mine Health and Safety Inspectorate (MHSI) ,Quarterly,% of occupational fatalities inquiries completed (Initiated v/s completed),Non-Standardized,Not  Applicable,Priority 2: Economic Transformation And Job Creation,"The Economic Sectors, Employment and Infrastructure Development cluster",80%,Not Achieved: A total of 13 accident initiated inquiries and 8 were completed from April 2023 to June 2023.  Calculation (13/8)*100 = 62%,A number of witnesses and legal representatives were not timeously available for completion of inquiries,More focus will be provided to outstanding inquiries during the 2nd quarter to ensure improvement on completion of inquiries,80%,Achieved. A total of 20 accident-initiated inquiries and 16 were completed from April 2023 to September 2023. (16/20)*100 = 80%,None,None,80%,Achieved: A total of 28 accident-initiated inquiries and 27 were completed from April 2023 to December 2023. (27/28)*100 = 96%.,N/A,N/A,80%,Achieved: A total of 37 accident-initiated inquiries and 41 were completed from April 2023 to March 2024. (41/37)*100 = 111%,N/A,N/A,80%,-,"Achieved: A total of 37 accident-initiated inquiries and 41 were completed from April 2023 to March 2024. (41/37)*100 = 111%

","
Availability of witnesses and strictly monitoring of accident files allocated to inspectors and ensuring investigations are completed timely.

",N/A,Achieved: A total of 37 accident-initiated inquiries and 41 were completed from April 2023 to March 2024. (41/37)*100 = 111%,207
,Mineral Resources and Energy,National,Programme 4: Mine Health and Safety Inspectorate (MHSI) ,Programme 4: Mine Health and Safety Inspectorate (MHSI) ,Quarterly,% of occupational injuries investigations completed (Initiated vs Completed) ,Non-Standardized,Not  Applicable,Priority 2: Economic Transformation And Job Creation,"The Economic Sectors, Employment and Infrastructure Development cluster",80%,Achieved:  (144/151)*100 = 105%,Strictly monitoring of accident files allocated to inspectors and ensuring investigations are completed timely,N/A,80%,Achieved: A total of 312 accident initiated investigations and 320 were completed from April 2023 to September 2023. (320/312)*100 = 103%,Strictly monitoring of accident files allocated to inspectors and ensuring investigations are completed timely. ,None,80%,Achieved: A total of 468 accident-initiated investigations and  438 were completed from April 2023 to December 2023. (438/468)*100 = 94,Availability of witnesses and strictly monitoring of accident files allocated to inspectors and ensuring investigations are completed timely. ,N/A,80%,Achieved: A total of 633 accident-initiated investigations and 637 were completed from April 2023 to March 2024. (637/633)*100 = 101%,Availability of witnesses and strictly monitoring of accident files allocated to inspectors and ensuring investigations are completed timely. ,N/A,80%,-,"Achieved: A total of 633 accident-initiated investigations and  637 were completed from April 2023 to March 2024. (637/633)*100 = 101%
","Availability of witnesses and strictly monitoring of accident files allocated to inspectors and ensuring investigations are completed timely.
",N/A,Achieved: A total of 633 accident-initiated investigations and  637 were completed from April 2023 to March 2024. (637/633)*100 = 101%,207
,Mineral Resources and Energy,National,Programme 4: Mine Health and Safety Inspectorate (MHSI) ,Programme 4: Mine Health and Safety Inspectorate (MHSI) ,Quarterly,% Reduction in occupational diseases (Including TB) compared to prior year,Non-Standardized,Not  Applicable,Priority 2: Economic Transformation And Job Creation,"The Economic Sectors, Employment and Infrastructure Development cluster",10%,"Not Achieved: During April -June 2023, a total of 357 occupational diseases were reported compared to 298 cases reported during the same period in 2022/23.                  Calculation: (357 - 298) / 298 x 100 = 20%",There was an increase in the total number of occupational diseases in Q1 of the current financial year which could be related to more employees screened during their medical surveillance,2023/2024 improvement strategy for occupational medicine will be implemented towards the elimination of occupational lung diseases and noise induced hearing loss,10%,"Not Achieved: During April 2023-September 2023, a total of 763 occupational diseases were reported compared to 723 cases reported during the same period in 2022/23. (763 -723) / 723 x 100 = 6%","There was an increase in the total number of occupational diseases Q2 of the current financial year which could be related to more employees screened during their medical surveillance. Diseases were mainly due to Noise induced hearing loss, TB, Silicosis.",2023/2024 improvement strategy for occupational medicine will be implemented towards the elimination of occupational lung diseases and noise induced hearing loss.  The Chief Inspector also issued a directive to all mines urging them to be vigilant on health and safety as we approaching festive season.,10%,"Not Achieved: During April 2023-December 2023, a total of 1219 occupational diseases were reported compared to 1185 cases reported during the same period in 2022/23. (1219 -1185) / 1185 x 100 = 3%.","There was an increase in the total number of occupational diseases Q3 of the current financial year which could be related to more employees screened during their medical surveillance. Diseases were mainly due to Noise induced hearing loss, TB, Silicosis.",2023/2024 improvement strategy for occupational medicine will be implemented towards the elimination of occupational lung diseases and noise induced hearing loss.  The Chief Inspector also issued a directive to all mines urging them to be vigilant on health and safety.,10%,"Not Achieved: During April 2023-March 2024, a total of 1456 occupational diseases were reported compared to 1592 cases reported during the same period in 2022/23. (1456-1592) / 1592 x 100 =-9%","There was an increase in the total number of occupational diseases Q4 of the current financial year which could be related to more employees screened during their medical surveillance. Diseases were mainly due to Noise induced
 hearing loss, TB, Silicosis.",2023/2024 improvement strategy for occupational medicine will be implemented towards the elimination of occupational lung diseases and noise induced hearing loss.  The Chief Inspector also issued a directive to all mines urging them to be vigilant on health and safety.,10%,-,"Not Achieved: During April 2023-March 2024, a total of 1456 occupational diseases were reported compared to 1592 cases reported during the same period in 2022/23. (1456-1592) / 1592 x 100 =-9%
","There was an increase in the total number of occupational diseases Q4 of the current financial year which could be related to more employees screened during their medical surveillance. Diseases were mainly due to Noise induced hearing loss, TB, Silicosis.","2023/2024 improvement strategy for occupational medicine will be implemented towards the elimination of occupational lung diseases and noise induced hearing loss.  The Chief Inspector also issued a directive to all mines urging them to be vigilant on health and safety.
","Not Achieved: During April 2023-March 2024, a total of 1456 occupational diseases were reported compared to 1592 cases reported during the same period in 2022/23. (1456-1592) / 1592 x 100 =-9%



",207
,Mineral Resources and Energy,National,Programme 4: Mine Health and Safety Inspectorate (MHSI) ,Programme 4: Mine Health and Safety Inspectorate (MHSI) ,Quarterly,% Reduction in occupational fatalities compared to prior year,Non-Standardized,Not  Applicable,Priority 2: Economic Transformation And Job Creation,"The Economic Sectors, Employment and Infrastructure Development cluster",10%, Achieved:  -10%. ,N/A,N/A,10%,Not Achieved: There were 23 fatalities from April to September 2023 compared to 25 fatalities in the same period of the previous financial year. (23– 25)/25) x100% = -8%. ,"There were 14 fatal accidents that occurred during the second quarter versus 15 in same period last year due to falls of ground, transport and mining, machinery accidents. ",More focus will be given to inspections and audits in Q 3 to ensure compliance to health and safety rules.  The Chief Inspector also issued a directive to all mines urging them to be vigilant on health and safety as we approaching festive season.,10%,Not Achieved: There were 44 fatalities from April to December 2023 compared to 38 fatalities in the same period of the previous financial year. (44– 38)/38) x100% = 16%. ,"A major disaster accident leading to multiple deaths and serious injuries occurred  on 27 November 2023 at Impala Platinum Mines, Rustenburg. A total of 86 mineworkers were inside a personnel conveyance cage hoisting them to the surface of the mine when the accident occurred. The conveyance unexpectedly reversed direction and began descending through the shaft and crashed at the bottom of the shaft. The accident killed 13 and injured 73 miners. ","More focus will be given to inspections and audits in the 4th quarter to ensure compliance to health and safety rules.                 Chief Inspector issued a letter of instruction to all mines on 27 September 2023. All employers and employees were reminded of their legislative mandate regarding health and safety issues in the workplace, while remaining alert to the increased number of mine fatalities and injuries reported so far during the year 2023. A further Chief Inspector directive was also issued to all mines urging them to be vigilant of disaster type of accidents including Rockfalls/ Rockhurst, fires, explosions, shafts and winders.",10%,Not Achieved: There were 53 fatalities from April 2023 to March 2024 compared to 47 fatalities in the same period of the previous financial year. (53– 47)/47) x100% = 13%. ," A major disaster accident leading to multiple deaths and serious injuries occurred  on 27 November 2023 at Impala Platinum Mines, Rustenburg. A total of 86 mineworkers were inside a personnel conveyance cage hoisting them to the surface of the mine when the accident occurred. The conveyance unexpectedly reversed direction and began descending through the shaft and crashed at the bottom of the shaft. The accident killed 13 and injured 73 miners. ","More focus will be given to inspections and audits in the new financial year to ensure compliance to health and safety rules. Chief Inspector  issued a health and safety directive to all  mines in March 2024. All employers and employees were reminded of their legislative mandate regarding health and safety issues in the workplace, while remaining alert to the increased number of mine fatalities and injuries reported so far during the year 2023. This directive was issued to urge all mines to be vigilant of disaster type of accidents including Rockfalls/ Rockburst, fires, explosions, shafts and winders . ",10%,-,"Not Achieved: There were 53 fatalities from April 2023 to March 2024 compared to 47 fatalities in the same period of the previous financial year. (53– 47)/47) x100% = 13%. 
"," A major disaster accident leading to multiple deaths and serious injuries occurred on 27 November 2023 at Impala Platinum Mines, Rustenburg. A total of 86 mineworkers were inside a personnel conveyance cage hoisting them to the surface of the mine when the accident occurred. The conveyance unexpectedly reversed direction and began descending through the shaft and crashed at the bottom of the shaft. The accident killed 13 and injured 73 miners. 
","More focus will be given to inspections and audits in the new financial year to ensure compliance to health and safety rules. Chief Inspector issued a health and safety directive to all mines in March 2024. All employers and employees were reminded of their legislative mandate regarding health and safety issues in the workplace, while remaining alert to the increased number of mine fatalities and injuries reported so far during the year 2023. This directive was issued to urge all mines to be vigilant of disaster type of accidents including Rockfalls/ Rock burst, fires, explosions, shafts, and winders. 
",Not Achieved: There were 53 fatalities from April 2023 to March 2024 compared to 47 fatalities in the same period of the previous financial year. (53– 47)/47) x100% = 13% ,207
,Mineral Resources and Energy,National,Programme 4: Mine Health and Safety Inspectorate (MHSI) ,Programme 4: Mine Health and Safety Inspectorate (MHSI) ,Quarterly,% Reduction in occupational injuries compared to prior year,Non-Standardized,Not  Applicable,Priority 2: Economic Transformation And Job Creation,"The Economic Sectors, Employment and Infrastructure Development cluster",5%,Not Achieved: There were 501 injuries from April to June 2023 compared to 474 injuries in the same period of the previous financial year.     Calculation: (501 – 474)/474) x 100% = 6%,More accidents occurring in the first quarter. Historically public holidays are associated with an increase in accidents due to production pressures and unavailability of critical skills to enforce compliance to health and safety rules,More focus will be given to inspections and audits in the 2nd quarter to ensure compliance to health and safety rules,5%,"Not Achieved: During April 2023-September 2023, a total of 1078 occupational injuries were reported  compared to 1024 injuries reported during the same period in 2022/23.  (1078 – 1024)/1024 x 100% = 5%","There were 721 injury accidents that occurred during the second quarter versus 726 in same period last year due to machinery accidents, conveyance accidents, fires, explosives, electricity accidents and fall of grounds. ",More focus will be given to inspections and audits in  Q 3  to ensure compliance to health and safety rules.  The Chief Inspector also issued a directive to all mines urging them to be vigilant on health and safety as we approaching festive season.,5%,"Not Achieved: During April 2023-December 2023, a total of 1644 occupational injuries were reported  compared to 1571 injuries reported during the same period in 2022/23.  (1644 – 1571)/1571 x 100% = 5%.","There were 1644 injury accidents that occurred during the third quarter versus 1571 in same period last year due to machinery accidents, conveyance accidents, fires, explosives, electricity accidents and of grounds and conveyor belt. ",More focus will be given to inspections and audits in Q 4 to ensure compliance to health and safety rules. The above-mentioned letter of instruction and directive by Chief Inspector are also applicable to reduction of occupational injuries to mineworkers.,5%,"Not Achieved: During April 2023- March 2024, a total of 2155 occupational injuries were reported compared to  2099 injuries reported during the same period in 2022/23.  (2155 – 2099)/2099 x 100% = 3%","There were 2155 injury accidents that occurred during the 4th quarter versus 2099 in same period last year due to machinery accidents, conveyance accidents, fires, explosives, electricity accidents and of grounds and conveyor belt. ",The branch will continue to monitor and ensuring compliance with MHSA in the mining sector.                                                                                                                                                                                                                       ,5%,-,"Not Achieved: During April 2023- March 2024, a total of 2155 occupational injuries were reported compared to 2099 injuries reported during the same period in 2022/23.  (2155 – 2099)/2099 x 100% = 3%
"," A major disaster accident leading to multiple deaths and serious injuries occurred on 27 November 2023 at Impala Platinum Mines, Rustenburg. A total of 86 mineworkers were inside a personnel conveyance cage hoisting them to the surface of the mine when the accident occurred. The conveyance unexpectedly reversed direction and began descending through the shaft and crashed at the bottom of the shaft. The accident killed 13 and injured 73 miners. 
","The branch will continue to monitor and ensuring compliance with MHSA in the mining sector.   
                                                                                                                                                                                                                    ","Not Achieved: During April 2023- March 2024, a total of  2155 occupational injuries were reported  compared to  2099 injuries reported during the same period in 2022/23.  (2155 – 2099)/2099 x 100% = 3%





",207
,Mineral Resources and Energy,National,Programme 4: Mine Health and Safety Inspectorate (MHSI) ,Programme 4: Mine Health and Safety Inspectorate (MHSI) ,Quarterly,Number of MHS Annual Report submitted to Parliament,Non-Standardized,Not  Applicable,Priority 2: Economic Transformation And Job Creation,"The Economic Sectors, Employment and Infrastructure Development cluster",N/A,N/A,N/A,N/A,N/A,,,,1,Achieved:1 Annual report was submitted to Parliament. ,N/A,N/A,N/A,1 Annual report was submitted to Parliament timely,N/A,N/A,1,-,"Achieved
",N/A,N/A,Achieved,207
,Mineral Resources and Energy,National,Programme 4: Mine Health and Safety Inspectorate (MHSI) ,Programme 4: Mine Health and Safety Inspectorate (MHSI) ,Quarterly,"Number of qualitative inspections conducted (cumulative, including individual and group audits) ",Non-Standardized,Not  Applicable,Priority 2: Economic Transformation And Job Creation,"The Economic Sectors, Employment and Infrastructure Development cluster",2000,Achieved: 2180 ,More inspections and audits were conducted during the period under review,N/A,2000,Achieved: 4489 inspections and audits were conducted in the first quarter instead of 4000,More inspections and audits were conducted during the period under review to ensure compliance with MHSA and improvement on health and safety at the mines.,None,2000,Achieved: 6384 inspections and audits were conducted in the third quarter instead of 6000.,More inspections and audits were conducted during the period under review to ensure compliance with MHSA and improvement on health and safety at the mines.,N/A,2000,Achieved: A cumulative 8865 inspections and audits were conducted by the fourth quarter 2023-24 quarter instead of 8000,More inspections and audits were conducted during the period under review to ensure compliance with MHSA and improvement on health and safety at the mines.,N/A,8000,-,"Achieved: 8865 inspections and audits were conducted in the third quarter instead of 8000
","More inspections and audits were conducted during the period under review to ensure
 compliance with MHSA and improvement on health and safety at the mines.
",N/A,Achieved: 8865 ,207
,Mineral Resources and Energy,National,Programme 5: Mineral and Energy Resources Programmes and Projects,Programme 5: Mineral and Energy Resources Programmes and Projects,Quarterly,Approved Renewable Energy Sector Master Plan  ,Non-Standardized,Not  Applicable,Priority 2: Economic Transformation And Job Creation,"The Economic Sectors, Employment and Infrastructure Development cluster",Renewable Energy Sector Masterplan Approved ,"Not Achieved: 
Internal consultation on the revised SAREM final draft document was concluded on 31 May 2023 for final comments by the Project Steering Committee (PSC) after which consultation with the Task Teams commenced",Delays of inputs /comments from the Project Steering Committee,"The revised SAREM will be concluded in Q2.
",Progress Report on Implementation renewable energy Masterplan,Not achieved,"The masterplan could not be implemented due to the masterplan awaiting consultation with stakeholders.

The draft document was released to the public for public comments in July 2023. Most institutions requested for extension on the deadline for submission of comments. This shifted comment window to mid-August 2023.

",Expedite the negotiation process with stakeholders to obtain consensus and buy-in for the development of the strategy. ,Progress Report on Implementation renewable energy Masterplan,"(Achieved:
Stakeholder engagement
(APP Revised)
",N/A,N/A,Progress Report on Implementation renewable energy Masterplan,Not Achieved                ,The draft SAREM is still undergoing internal approval processes.,The SAREM will be taken through the approval processes when the consultation processes are complete.,Approved Renewable Energy Sector Master Plan ,-,Not Achieved,"Prolonged consultation with external stakeholders, eg Industry players, organised labour
","The SAREM will be taken through the approval processes when the consultation processes are complete
",Not Achieved,207
,Mineral Resources and Energy,National,Programme 5: Mineral and Energy Resources Programmes and Projects,Programme 5: Mineral and Energy Resources Programmes and Projects,Quarterly,Draft Mining Sector Women Empowerment and Gender Equality Strategy and implementation plan,Non-Standardized,Not  Applicable,Priority 2: Economic Transformation And Job Creation,"The Economic Sectors, Employment and Infrastructure Development cluster","Development of 1st Draft on Mining Sector Women Empowerment and Gender Equality



",Achieved,N/A,N/A,Stakeholder Consultation on Mining Sector Women Empowerment and Gender Equality Strategy (Discussion document),"Not Achieved: 
","
Consultation with a large number of stakeholders for provisioning of inputs and buy- in from stakeholders for  the adoption/approval  of the strategy.","The draft strategy is in place and that consultation process for  the buy-in by   stakeholders will be expedited
","Reviewed and Consolidated Mining Sector Women Empowerment and Gender Equality Strategy (2nd Draft)

","Achieved:
Finalised draft document ready for submission to Minister to initiate consultations. 
",N/A,N/A,"Mining Sector Women Empowerment and Gender Equality Strategy and Implementation plan approved and launched 

Draft Mining Sector Women Empowerment and Gender Equality Strategy and Implementation plan finalised for consultation (Revised target)
",Achieved:                                 Draft strategy completed and  approved.,N/A,N/A,"Mining Sector Women Empowerment and Gender Equality Strategy and Implementation plan approved and launched 

Draft Mining Sector Women Empowerment and Gender Equality Strategy and Implementation plan finalised for consultation (Revised target)",-,Achieved,N/A,N/A,Achieved,207
,Mineral Resources and Energy,National,Programme 5: Mineral and Energy Resources Programmes and Projects,Programme 5: Mineral and Energy Resources Programmes and Projects,Quarterly,Draft Mining Sector Youth Empowerment Strategy Framework developed,Non-Standardized,Not  Applicable,Priority 2: Economic Transformation And Job Creation,"The Economic Sectors, Employment and Infrastructure Development cluster","1st Draft Mining Sector Youth Strategy and Implementation Plan produced

",,,,"Stakeholder Consultation on Mining Sector Youth Strategy and Implementation Plan (Discussion document)

",,,,Youth in Mining Sector Strategy & Implementation Plan (2nd Draft) reviewed,Not Achieved,"The discussion document on Yim Sector strategy and implementation plan 
requires more time to consult with stakeholders","Expedite and finalise  the consultation process with internal and external stakehold
ers in Q4.","Draft Mining Sector Youth Empowerment Strategy Framework developed
(Revised)
",Achieved:                                Draft strategy developed.,N/A,N/A,"Draft Mining Sector Youth Empowerment Strategy Framework developed

(Revised)",-,"Achieved
",N/A,N/A,Achieved,207
,Mineral Resources and Energy,National,Programme 5: Mineral and Energy Resources Programmes and Projects,Programme 5: Mineral and Energy Resources Programmes and Projects,Quarterly,Mining Sector Youth Empowerment Strategy and implementation Plan ,Non-Standardized,Not  Applicable,Priority 2: Economic Transformation And Job Creation,"The Economic Sectors, Employment and Infrastructure Development cluster","1st Draft Mining Sector Youth Strategy and Implementation Plan produced

",Achieved,N/A,N/A,Stakeholder Consultation on Mining Sector Youth Strategy and Implementation Plan (Discussion document),"Not achieved 
","The discussion document on Yim Sector strategy and implementation plan needs more time to consult with stakeholders 
","Given the amount of time required to finalise the  consultations with stakeholders, this target will be removed from the APP and cascaded to the AOP
",Youth in Mining Sector Strategy & Implementation Plan (2nd Draft) reviewed,(Revised),,,Mining Sector Youth Empowerment Strategy and implementation Plan approved and launched,See below,N/A,N/A,Mining Sector Youth Empowerment Strategy and implementation Plan approved and launched ,-,Revised,N/A,N/A,N/A,207
,Mineral Resources and Energy,National,Programme 5: Mineral and Energy Resources Programmes and Projects,Programme 5: Mineral and Energy Resources Programmes and Projects,Quarterly,Number of Acid Mine Drainage (AMD) ingress control measures implemented,Non-Standardized,Not  Applicable,Priority 2: Economic Transformation And Job Creation,"The Economic Sectors, Employment and Infrastructure Development cluster",,,,,,,,,,Revised,,,,,,,,-,-N/A,N/A,N/A,N/A,207
,Mineral Resources and Energy,National,Programme 5: Mineral and Energy Resources Programmes and Projects,Programme 5: Mineral and Energy Resources Programmes and Projects,Quarterly,Number of Acid Mine Drainage (AMD) ingress control measures implemented (Revised),Non-Standardized,Not  Applicable,Priority 2: Economic Transformation And Job Creation,"The Economic Sectors, Employment and Infrastructure Development cluster",Progress Report on the performance monitoring of passive treatment ,,,,Progress Report on the performance monitoring of passive treatment ,,,,Progress Report on the performance monitoring of passive treatment,Achieved,N/A,N/A,1 Acid Mine Drainage (AMD) ingress control measures implemented,Achieved:                  Report detailing progress on the implementation of maintenance and repair of the canalisation of Van Ryn canal to prevent ingress of water entering underground mine workings has been produced. ,N/A,N/A,1 Acid Mine Drainage (AMD) ingress control measures implemented,-,Achieved,N/A,N/A,Achieved,207
,Mineral Resources and Energy,National,Programme 5: Mineral and Energy Resources Programmes and Projects,Programme 5: Mineral and Energy Resources Programmes and Projects,Quarterly,Number of derelict and ownerless mine sites rehabilitated,Non-Standardized,Not  Applicable,Priority 2: Economic Transformation And Job Creation,"The Economic Sectors, Employment and Infrastructure Development cluster","Progress Report on Site investigation & designs per site, Stakeholder engagement and Procurement processes",Achieved          ,N/A,N/A,Progress Report on Stakeholder engagement and Appointment processes of service providers,"Achieved: Quarter 2 progress report outline the following: (a) Project steering Committees for the 3 projects - viz Maritain, Trendelenburg and Drinko Asbestos mine.
",None ,None ,1 Derelict and ownerless mines rehabilitated,"Not Achieved
","
Persistent community unrests which posed as high security risk for all officials.  This had a significant impact on the progress of the project as work had to be suspended on numerous occasions.","A multi-stakeholder task team comprising of DMRE, Mintek, Local Municipality and PSC are engaging to resolve the challenges.",2 Derelict and ownerless mines rehabilitated,Not Achieved                      ,1  derelict and ownerless mine site was not completed ,"Number of derelict and ownerless mine sites rehabilitated	3 derelict and ownerless mine sites rehabilitated	10. 2 Derelict and ownerless mines rehabilitated	Not Achieved                      

                                	1  derelict and ownerless mine site was not completed due community unrest.	The DMREdmre, SAPS, MINTEK, mMunicipalities and other stakeholders entered into MOU in March 2024 to address the issue of community unrests.	N/A	
",3 derelict and ownerless mine sites rehabilitated,-,"Not Achieved:            2 D&O mines sites rehabilitated.                                
","1 incomplete due to 
community unrest. The DMRE, SAPS, MINTEK, Municipality and other relevant stakeholders entered into MOU in March 2024 to address the issue of community unrests. 
","The DMRE, SAPS, MINTEK, Municipalities and other stakeholders entered MOU in March 2024 to address the issue of community unrests.
","Not Achieved
1 D&O
mine site
rehabilitated",207
,Mineral Resources and Energy,National,Programme 5: Mineral and Energy Resources Programmes and Projects,Programme 5: Mineral and Energy Resources Programmes and Projects,Quarterly,Number of Electrification  Masterplans developed ,Non-Standardized,Not  Applicable,Priority 2: Economic Transformation And Job Creation,"The Economic Sectors, Employment and Infrastructure Development cluster","Inception Phase reports for Western Cape, Northern Cape and Free State",Not Achieved,No funding allocated for this project in 2023/24 FY,Repriorisation of funding within the Branch,"Status Quo reports for Western Cape, Northern Cape and Free State provinces","Not Achieved
","    Lack of funding for the implementation of the project.

NT declined our request for  rollover to fund the project.
            ","Target is unfunded and has been removed from the APP. 
","Future Demand, Needs, Analysis & Modelling reports Western Cape, Northern Cape and Free State provinces ",Removed,,,"Electrification Master Plan reports for Western Cape, Northern Cape and Free State provinces",Removed,N/A,N/A,"3 Electrification Masterplans developed for Western Cape, Northern Cape and Free State",-,Removed,N/A,N/A,N/A,207
,Mineral Resources and Energy,National,Programme 5: Mineral and Energy Resources Programmes and Projects,Programme 5: Mineral and Energy Resources Programmes and Projects,Quarterly,Number of energy savings (TWh) realised and verified from Energy Efficiency Demand Side Management (EEDSM) projects,Non-Standardized,Not  Applicable,Priority 2: Economic Transformation And Job Creation,"The Economic Sectors, Employment and Infrastructure Development cluster","Report on the
number of EEDSM
projects identified
in industry, buildings
or residential sector
that contribute 0.5
TWh savings 
","Achieved                                             Report with a list of EEDSM programmes/projects indicating 0.238 TWh, against a target of 0.5TWh.",N/A,N/A,"Report on the energy consumption baselines and EEDSM project plans in industry, buildings or residential sector ","Achieved.               Report indicating the energy consumption baselines and EEDSM project plans developed with energy savings of 0.439 TWh/a reported. 
",None ,None ,"Report on the implementation of the identified EEDSM projects in industry, buildings or residential sector to achieve 0.5 TWh savings ",(Revised),,,"Report on the achievement of 0.5 TWh savings from EEDSM projects in industry, buildings, or residential sector",Achieved:            Quarterly Report prepared indicating 0.840 TWh savings for the year mainly from industry and municipalities.  ,N/A,N/A,"0.5 TWh savings- Quarterly reports on the planning, implementation and monitoring of EEDSM projects in industry, buildings or residential sector 
0.5 TWh savings- Quarterly reports on the planning, implementation and monitoring of EEDSM projects in industry, buildings or residential sector 

",-,"Achieved
",N/A,N/A,Achieved,207
,Mineral Resources and Energy,National,Programme 5: Mineral and Energy Resources Programmes and Projects,Programme 5: Mineral and Energy Resources Programmes and Projects,Quarterly,Number of energy savings (TWh) realised and verified from Energy Efficiency Demand Side Management (EEDSM) projects,Non-Standardized,Not  Applicable,Priority 2: Economic Transformation And Job Creation,"The Economic Sectors, Employment and Infrastructure Development cluster","Report on the
energy consumption
baselines and
EEDSM project
plans submitted by
municipalities
",Not Achieved ,Pending approval of agreements between the municipalities and the DMRE for the 2023/24 EEDSM programme,Expedite approval of the agreement between DMRE and municipalities for implementation of EEDSM programme,Report on the consultation with municipalities on their submitted energy consumption baselines and EEDSM project plans,"Achieved.                 Report indicating consultation with municipalities and energy consumption baselines based on EEDSM project plans from municipalities. 
",None ,None ,Report on the monitoring and implementation of the EEDSM projects by municipalities,(Revised),,,"0.0196 TWh -Quarterly reports on the planning, implementation, monitoring, and achievement of savings by EEDSM grant participating municipalities ",Achieved:                Quarterly Report prepared indicating 0.008 TWh savings from participating EEDSM grant municipalities.  ,N/A,N/A,"0.0196 TWh -Quarterly reports on the planning, implementation, monitoring, and achievement of savings by EEDSM grant participating municipalities",-,Revised,N/A,N/A,N/A,207
,Mineral Resources and Energy,National,Programme 5: Mineral and Energy Resources Programmes and Projects,Programme 5: Mineral and Energy Resources Programmes and Projects,Quarterly,Number of households electrified through non-grid technology,Non-Standardized,Not  Applicable,Priority 2: Economic Transformation And Job Creation,"The Economic Sectors, Employment and Infrastructure Development cluster",Conclude allocations and contracting with service providers in line with the allocated budget,Not Achieved,The  tender closed in June 2023,The appointment of Non-Grid Service Providers will be  concluded by Q2,2 000 additional households electrified through non -grid technology,"Additional 36 445 households connected to grid for July to September connections
",None ,None ,5 000 additional households electrified through non -grid-technology ,Not Achieved,The procurement process for the appointment of non-grid service provider has been finalised in December 2023.,The remainder of the financial year (Q4) will be to prepare and conclude the appointments of service providers. Implementation will only commence in the new year.,8 000 additional households electrified through non- grid technology,Not achieved,"Number of households electrified through non-grid technology. 	15 000 additional households electrified through non - grid technology	6. 8 000 additional households electrified through non- grid technology	Not achieved	The procurement process for the appointment of non-grid service providers was finalised late in January 2024. The delays were due to deficiencies in planning and project management.	No implementation has been done for quarter 4, implementation will start in the 2024/25 financial year due to late appointment of non-grid service providers. Improvement in project planning and management with dedicated resources will be implemented.	N/A	","No implementation has been done for quarter 4, implementation will start in the 2024/25 financial year due to late appointment of non-grid service providers. Improvement in project planning and management with dedicated resources will be implemented.",15 000 additional households electrified through non - grid technology,-,"Not achieved:              Only 7780 households were connected from rollover connections in the 2022/23 financial year plans.
","The procurement process for the appointment of non-grid service providers was finalised late in January 2024.
DMRE has applied for a roll-over of funds to complete the outstanding connections.


","No implementation has been done for quarter 4, implementation will start in the 2024/25 financial year due to late appointment of non-grid service providers. Improvement in project planning and management with dedicated resources will be implemented.
","Not Achieved
Only 7780
households
were
connected
from rollover
connections
in the 2022/23
financial year
plans",207
,Mineral Resources and Energy,National,Programme 5: Mineral and Energy Resources Programmes and Projects,Programme 5: Mineral and Energy Resources Programmes and Projects,Quarterly,Number of ingress control measures implemented,Non-Standardized,Not  Applicable,Priority 2: Economic Transformation And Job Creation,"The Economic Sectors, Employment and Infrastructure Development cluster",Progress Report on the performance monitoring of passive treatment ,Achieved          ,N/A,N/A,Progress Report on the performance monitoring of passive treatment ,"Achieved: Quarter 2 Progress report on the passive treatment.
",None ,None ,Progress Report on the performance monitoring of passive treatment ,"(Revised)
",N/A,N/A,1 Ingress control measure implemented ,Achieved:                  Report detailing progress on the implementation of maintenance and repair of the canalisation of Van Ryn canal to prevent ingress of water entering underground mine workings has been produced. ,N/A,N/A,1 Ingress control measure implemented ,-,Revised,N/A,N/A,N/A,207
,Mineral Resources and Energy,National,Programme 5: Mineral and Energy Resources Programmes and Projects,Programme 5: Mineral and Energy Resources Programmes and Projects,Quarterly,Number of mine water/wastewater management plans implemented,Non-Standardized,Not  Applicable,Priority 2: Economic Transformation And Job Creation,"The Economic Sectors, Employment and Infrastructure Development cluster",Conceptual Framework Report,Achieved          ,N/A,N/A,Data Collection and Analysis Report,"Achieved
",None ,None ,Draft Mine water management plan,Achieved,N/A,N/A,One (1) mine water management plan developed for implementation,Achieved:                    Active mine water long term solution is under implementation by Council for Geosciences.  ,N/A,N/A,One (1) mine water management plan developed for implementation,-,Achieved,N/A,N/A,Achieved,207
,Mineral Resources and Energy,National,Programme 5: Mineral and Energy Resources Programmes and Projects,Programme 5: Mineral and Energy Resources Programmes and Projects,Quarterly,Number of Quarterly Reports on  energy savings (TWh) realised and verified from Energy Efficiency Demand Side Management (EEDSM) projects,Non-Standardized,Not  Applicable,Priority 2: Economic Transformation And Job Creation,"The Economic Sectors, Employment and Infrastructure Development cluster",Quarterly report detailing the energy savings from participating municipalities,,,,Quarterly report detailing the energy savings from participating municipalities.,,,,Quarterly report detailing the energy savings from participating municipalities.,"Achieved:
Quarterly report detailing the energy savings from participating municipalities.",N/A,N/A,Quarterly report detailing the energy savings from participating municipalities.,Achieved:                Quarterly Report prepared indicating 0.008 TWh savings from participating EEDSM grant municipalities.  ,N/A,N/A,4 Quarterly reports detailing the energy savings from participating municipalities.,-,Achieved,N/A,N/A,Achieved,207
,Mineral Resources and Energy,National,Programme 5: Mineral and Energy Resources Programmes and Projects,Programme 5: Mineral and Energy Resources Programmes and Projects,Quarterly,Number of Quarterly Reports on  energy savings (TWh) realised and verified from Energy Efficiency Demand Side Management (EEDSM) projects (Revised),Non-Standardized,Not  Applicable,Priority 2: Economic Transformation And Job Creation,"The Economic Sectors, Employment and Infrastructure Development cluster","4 Quarterly reports detailing the energy savings from industry, buildings or residential.",,,,"Quarterly report detailing the energy savings from industry, buildings or residential.",,,,"Quarterly report detailing the energy savings from industry, buildings or residential.","Achieved:
Quarterly report detailing the energy savings from industry, buildings or residential.",N/A,N/A,"Quarterly report detailing the energy savings from industry, buildings or residential.",  Achieved:            Quarterly Report prepared indicating 0.840 TWh savings for the year mainly from industry and municipalities.  ,N/A,N/A,"Number of Quarterly Reports on 
energy savings
(TWh) realised
and verified
from Energy
Efficiency
Demand Side
Management
(EEDSM) projects
",-,Revised,N/A,N/A,N/A,207
,Mineral Resources and Energy,National,Programme 5: Mineral and Energy Resources Programmes and Projects,Programme 5: Mineral and Energy Resources Programmes and Projects,Quarterly,Number of Quarterly reports on implementation of Energy Sector Empowerment and Gender Equality Strategy and Gender Frameworks,Non-Standardized,Not  Applicable,Priority 2: Economic Transformation And Job Creation,"The Economic Sectors, Employment and Infrastructure Development cluster","Quarterly report on implementation of Energy Sector Women Empowerment and Gender Equality Strategy and Gender Frameworks

",Not achieved,Delays in receiving all reports from  stakeholders,Engage stakeholders to submit outstanding reports,"Quarterly report on implementation of Energy Sector Women Empowerment and Gender Equality Strategy and Gender Frameworks

",Achieved    ,None ,None,"Quarterly report on implementation of Energy Sector Women Empowerment and Gender Equality Strategy and Gender Frameworks

","Target moved to AOP
(APP revised)",,,"Quarterly report on implementation of Energy Sector Women Empowerment and Gender Equality Strategy and Gender Frameworks

","Revised, see below. ",N/A,N/A,4 Quarterly reports on implementation of Energy Sector Empowerment and Gender Equality Strategy and Gender Frameworks,-,Removed,N/A,N/A,N/A,207
,Mineral Resources and Energy,National,Programme 5: Mineral and Energy Resources Programmes and Projects,Programme 5: Mineral and Energy Resources Programmes and Projects,Quarterly,"Number of quarterly reports on the planning, funding, implementation, monitoring and verification of grid electrification of households towards the national commitment in the MTSF",Non-Standardized,Not  Applicable,Priority 2: Economic Transformation And Job Creation,"The Economic Sectors, Employment and Infrastructure Development cluster","Report on the monitoring and verification of the implementation of the grid electrification of additional 40 000 households by Eskom and contracted municipalities
Report on the monitoring and verification of the implementation of the grid electrification of additional 40 000 households by Eskom and contracted municipalities


",Achieved                                             Report produced  ,N/A,N/A,Report on the monitoring and verification of the implementation of the grid electrification of additional 50 000 households by Eskom and contracted municipalities ,"Achieved.                Additional 36 445 households connected to grid for July and August. September 2023 report will be available by end of October 2023
",None ,None ,Report on the monitoring and verification of the implementation of the grid electrification of additional 65 000 households by Eskom and contracted municipalities,"Achieved:
1 Report from municipality and 1 Reports from Eskom produced indicating that Eskom and Municipalities have connected 33 776 additional households
                                                                
(APP revised)",N/A,N/A,Report on the monitoring and verification of the implementation of the grid electrification of additional 65 000 households by Eskom and contracted municipalities ,"
Not Achieved:
59 413 additional households were connected  during the period of Jan-Feb 2024.
Eskom: 49 934
Municipality: 9 479
","There is a lag in the reporting cycle. Therefore, reports will only be available produced 45 days after the end of the  quarter as per DORA 
 requirements.
",N/A,4 Reports on the monitoring and verification of the implementation of the grid electrification of additional 220 000 households by Eskom and contracted municipalities ,-,Achieved,N/A,N/A,Achieved,207
,Mineral Resources and Energy,National,Programme 5: Mineral and Energy Resources Programmes and Projects,Programme 5: Mineral and Energy Resources Programmes and Projects,Quarterly,Number of Small-scale miners financially supported (Revised),Non-Standardized,Not  Applicable,Priority 2: Economic Transformation And Job Creation,"The Economic Sectors, Employment and Infrastructure Development cluster",0,,,,1,,,,1,Not Achieved,"The approach was amended hence the process took longer than anticipated
.","The process for the approval and finalisation of the advert to call new applications for funding will be expedited.
",1,"Achieved:                               
Funding allocations have been approved following successful calls for applications. Due diligence on the 21 shortlisted beneficiaries has commenced upon which agreements will be signed followed by disbursement of funds. 
",N/A,N/A,3 Small scale miners financially supported,-,"Achieved:                               
Funding 
allocations have been approved following successful calls for applications. Due diligence on the 21 shortlisted beneficiaries has commenced upon which agreements will be signed followed by disbursement of funds.

",N/A,N/A,Not Achieved:,207
,Mineral Resources and Energy,National,Programme 5: Mineral and Energy Resources Programmes and Projects,Programme 5: Mineral and Energy Resources Programmes and Projects,Quarterly,Number of small-scale miners supported ,Non-Standardized,Not  Applicable,Priority 2: Economic Transformation And Job Creation,"The Economic Sectors, Employment and Infrastructure Development cluster",0,N/A,N/A,N/A,1,Not achieved," Adjudication of the initial bids was concluded. However, none of the applicants met the requirement of the RFP. "," A new process with the revised ToRs is underway. The process will be accelerated for the issuing of the RFP
",1,(Revised),,,1,"Revised, see below. ",N/A,N/A,"3 small scale miners supported

",-,"Revised
",N/A,N/A,N/A,207
,Mineral Resources and Energy,National,Programme 5: Mineral and Energy Resources Programmes and Projects,Programme 5: Mineral and Energy Resources Programmes and Projects,Quarterly,Number of unsafe mine shafts sealed off,Non-Standardized,Not  Applicable,Priority 2: Economic Transformation And Job Creation,"The Economic Sectors, Employment and Infrastructure Development cluster","Progress Report  on Site investigation & designs per site, Stakeholder engagement, Procurement processes and appointment processes of service providers",Achieved          ,N/A,N/A,10 unsafe mine shafts sealed off,Not achieved,Reprioritisation of mine holing due to illegal mining ,Target will be achieved in Q 3 . ,15 unsafe mine shafts sealed off,"Achieved:                     
42 Shafts have been sealed off.
","Mine openings in the proximity of the prioritise unsafe mine shafts were also sealed off.
",N/A,15 unsafe mine shafts sealed off,Achieved:                                 45 unsafe mine shafts sealed off.                       ,N/A,N/A,40 unsafe mine shafts sealed off,-,"Achieved:                   45 unsafe mine shafts sealed off.  

                     
","Mine openings in the proximity of the prioritise unsafe mine shafts were also sealed off. 
",N/A,"Achieved
45 unsafe
mine shafts
sealed off",207
,Mineral Resources and Energy,National,Programme 5: Mineral and Energy Resources Programmes and Projects,Programme 5: Mineral and Energy Resources Programmes and Projects,Quarterly,Number of Women Small Scale Miners financially Supported (Revised),Non-Standardized,Not  Applicable,Priority 2: Economic Transformation And Job Creation,"The Economic Sectors, Employment and Infrastructure Development cluster",0,,,,3,,,,3,Not Achieved,The approach was amended hence the process took longer than anticipated.   ,The process for the approval and finalisation of the advert to call new applications for funding will be expedited.,4,"Achieved:                               
Funding allocations have been approved following successful calls for applications. Due diligence on the 21 shortlisted beneficiaries has commenced upon which agreements will be signed followed by disbursement of funds. 
",N/A,N/A,10 Women Small scale miners financially supported ,-,"Not Achieved:                               
                              
Funding allocations have been approved following successful calls for applications and adjudication. Due diligence on shortlisted beneficiaries has commenced upon which agreements will be signed followed by disbursement of funds.
","Following open nationwide calls for applications, the market responded with less than anticipated number of potential women owned projects/business.
",N/A,Not Achieved:,207
,Mineral Resources and Energy,National,Programme 5: Mineral and Energy Resources Programmes and Projects,Programme 5: Mineral and Energy Resources Programmes and Projects,Quarterly,Number of Women Small Scale Miners Supported  ,Non-Standardized,Not  Applicable,Priority 2: Economic Transformation And Job Creation,"The Economic Sectors, Employment and Infrastructure Development cluster",0,N/A,N/A,N/A,3,Not achieved,Adjudication of the initial bids was concluded. However none of the applicants met the requirement of the RFP. , A new process with the revised ToRs is underway. The process will be accelerated for the issuing of the RFP,3,(Revised,,,4,"Revised, see below. ",N/A,N/A,10 Women Small scale miners supported ,-,"
Revised

",N/A,N/A,N/A,207
,Mineral Resources and Energy,National,Programme 5: Mineral and Energy Resources Programmes and Projects,Programme 5: Mineral and Energy Resources Programmes and Projects,Quarterly,"Percentage of Preferential procurement to qualifying Women, Youth and PWDs owned businesses/entities from allocated projects budgets of INEP",Non-Standardized,Not  Applicable,Priority 2: Economic Transformation And Job Creation,"The Economic Sectors, Employment and Infrastructure Development cluster","Quarterly report on 30%  of  Preferential procurement to qualifying Women, Youth and PWDs owned businesses/entities from allocated projects budgets of INEP ",Not Achieved ,Delays in receiving all reports from  stakeholders,Engage stakeholders to submit outstanding reports,"Quarterly report on 30%  of  Preferential procurement to qualifying Women, Youth and PWDs owned businesses/entities from allocated projects budgets of INEP ","Not Achieved  
","The Constitutional 
court 
judgement issued in January 2023 
 found the preferential procurement criteria to be unconstitutional and ordered that it should be repealed.  

","Based on the court ruling, this target will be removed from APP. Target will be removed from APP.
","Quarterly report on 30%  of  Preferential procurement to qualifying Women, Youth and PWDs owned businesses/entities from allocated projects budgets of INEP",Target moved to AOP (APP revised),,,"Quarterly report on 30%  of  Preferential procurement to qualifying Women, Youth and PWDs owned businesses/entities from allocated projects budgets of INEP",Removed. ,N/A,N/A,"30% of  Preferential procurement to qualifying Women, Youth and PWDs owned businesses/entities from allocated projects budgets of INEP",-,Removed,N/A,N/A,N/A,207
,Mineral Resources and Energy,National,Programme 5: Mineral and Energy Resources Programmes and Projects,Programme 5: Mineral and Energy Resources Programmes and Projects,Quarterly,Request for Proposals (RFP) to Procure additional capacity from renewable energy Issued,Non-Standardized,Not  Applicable,Priority 2: Economic Transformation And Job Creation,"The Economic Sectors, Employment and Infrastructure Development cluster",N/A,N/A,N/A,N/A,N/A,,,,Issue Request for Proposals (RFP) for 615 MW from Storage ,No target for the quarter (APP revised),,,N/A,Achieved,N/A,N/A,Issue Request for Proposals (RFP) for 615 MW from Storage,-,"Achieved 


",N/A,N/A,Achieved ,207
,Mineral Resources and Energy,National,Programme 5: Mineral and Energy Resources Programmes and Projects,Programme 5: Mineral and Energy Resources Programmes and Projects,Quarterly,Request for Proposals (RFP) to Procure additional capacity from renewable energy Issued,Non-Standardized,Not  Applicable,Priority 2: Economic Transformation And Job Creation,"The Economic Sectors, Employment and Infrastructure Development cluster",Issue Request for Proposals (RFP) 5000 MW (BW 7) from Renewable Energy,"Not Achieved: Concept has been approved and revision of the draft RFP is underway to accommodate the prevailing grid constraints

",The grid constraints were not resolved in time by the Grid Operator,"The  department will issue the RFP  with a spatial component  indicating areas that have grid availability. Further, the Grid Queuing Rules and an optimal level of generation Curtailment are being finalised",N/A,,,,N/A,,,,N/A,N/A,N/A,N/A,Issue Request for Proposals (RFP) 5000 MW (BW 7) from Renewable Energy ,-,"Achieved               
",N/A,N/A,Achieved  ,207
,Mineral Resources and Energy,National,Programme 5: Mineral and Energy Resources Programmes and Projects,Programme 5: Mineral and Energy Resources Programmes and Projects,Quarterly,Request for Proposals (RFP) to Procure additional capacity from renewable energy Issued,Non-Standardized,Not  Applicable,Priority 2: Economic Transformation And Job Creation,"The Economic Sectors, Employment and Infrastructure Development cluster",N/A,N/A,N/A,N/A,N/A,,,,N/A,,,,Issue Request for Proposals (RFP) 5000 MW (BW 8) from Renewable Energy,Not achieved,"Request for Proposals (RFP) for 5 000 MW (BW 8) from Renewable Energy was not issued due to grid capacity constraints, application of IGCAR rules and Eskom’s proposed Gated approach ",Postpone the release date for BW8 RFP to a date by which grid related challenges would have been resolved.,Issue Request for Proposals (RFP) 5000 MW (BW 8) from Renewable Energy,-,"Not Achieved
","Request for Proposals (RFP) for 5 000 MW (BW 8) from Renewable Energy 
was not issued due to grid capacity constraints.","Various stakeholders, such as Eskom, Nersa, IPPO, and Presidency continued to find workable solutions to the persistent grid capacity challenges.
Postponed the release date for BW8 RFP to a date by which grid related challenges would have been resolved. ",Not Achieved                 ,207
,Mineral Resources and Energy,National,Programme 5: Mineral and Energy Resources Programmes and Projects,Programme 5: Mineral and Energy Resources Programmes and Projects,Quarterly,Request for Proposals (RFP) to Procure additional capacity from renewable energy Issued,Non-Standardized,Not  Applicable,Priority 2: Economic Transformation And Job Creation,"The Economic Sectors, Employment and Infrastructure Development cluster",Issue Request for Proposals (RFP) for 1 000 MW from gas, Not Achieved: Concept has been approved and drafting of RFP is underway ,"
RFP drafting is awaiting input from the Upstream level of the gas value chain","In Q2, the department will organise an information session with stakeholders which will support the development and the release of RFP",N/A,,,,N/A,,,,N/A,Not Achieved,"RFP for 2 000 MW of gas-to-power gas was issued in December 2023. However, interdependencies involving other entities like CEF, TNPA, SFF, CDC and Eskom have delayed the release of the RFP for the remaining 1 000 MW of gas-to-power. ",Continuous Eengagementsing with the relevant entities (i.e. CEF/SFF/CDC/TNPA) to obtain the required information to complete the RFQ and RFP.,Issue Request for Proposals (RFP) for 1000 MW from gas,-,"Not Achieved
(Revised target 3000MW)","RFP for 2 000 MW of gas-to-power was issued in December 2023. However, the 1 000 MW RFP, has experienced delays emanating from a complex project structure which is being reviewed to ensure synchronisation to ease project implementation (i.e. New LNG Terminal Infrastructure and Gas to power plant).

","Continuous engagements with the relevant entities (i.e. CEF/SFF/CDC/TNPA) to obtain the required information to complete the RFP.
",Achieved,207
,Mineral Resources and Energy,National,Programme 5: Mineral and Energy Resources Programmes and Projects,Programme 5: Mineral and Energy Resources Programmes and Projects,Quarterly,Youth Energy Sector Strategy and implementation plan ,Non-Standardized,Not  Applicable,Priority 2: Economic Transformation And Job Creation,"The Economic Sectors, Employment and Infrastructure Development cluster","1st Draft Youth in Energy Sector Strategy & Implementation plan produced

Removed",Achieved,N/A,N/A ,"Stakeholder Consultation on Youth in Energy Sector Strategy & Implementation Plan (Discussion document)

Removed","Achieved: The Strategy and the Implementation Plan is to be launched by Q4. 
",None ,None ,Youth in Energy Sector Strategy & Implementation Plan (2nd Draft) reviewed,Target moved to AOP (APP revised),,,Youth in Energy Sector Strategy and implementation plan launched ,See below,N/A,N/A,"Youth in Energy Sector Strategy and implementation plan launched 

Removed",-,Removed,N/A,N/A,N/A,207
,Mineral Resources and Energy,National,Programme 6: Nuclear Energy Regulation and Management,Programme 6: Nuclear Energy Regulation and Management,Quarterly,% of authorisation applications processed within the 8-week time period.,Non-Standardized,Not  Applicable,Priority 2: Economic Transformation And Job Creation,"The Economic Sectors, Employment and Infrastructure Development cluster",70% of authorisation applications processed within the 8-week time period,"Achieved: 19 (79%) 
",N/A,N/A,70% of authorisation applications processed within the 8-week time period,Achieved,None ,None ,70% of authorisation applications processed within the 8-week time period,Achieved,Authorisations were prioritized and available human resource focus in ensuring that companies receive their authorisations in order to continue with their businesses to avoid loss of revenue because authorisations are valid from January to December.,N/A,70% of authorisation applications processed within the 8-week time period,Achieved,N/A,N/A,70% of authorisation applications processed within the 8-week time period,-,"Achieved
107 were received and processed, 93 (87%) met turn around time.

","Authorisations are prioritized and available human resource focus in ensuring that companies receive their authorisations in order to continue with their businesses to avoid loss of revenue because authorisations are valid from January to December.
",N/A,"Achieved
107 were received and processed, 93 (87%) met turn around time

",207
,Mineral Resources and Energy,National,Programme 6: Nuclear Energy Regulation and Management,Programme 6: Nuclear Energy Regulation and Management,Quarterly,Feasibility study for Central Interim Storage Facility (CISF) completed,Non-Standardized,Not  Applicable,Priority 2: Economic Transformation And Job Creation,"The Economic Sectors, Employment and Infrastructure Development cluster",Phase 1 of the Gateway Review for the feasibility study for the CISF completed,Achieved,N/A,N/A,Addressing of findings and comments from Phase 1 of Gateway Review by NRWDI facilitated through the Steering Committee on CISF,"Not achieved
",Amendment of Feasibility report on CISF that addresses the findings from Phase 1 of Gateway Review has not been completed due to limitations that still needs to be addressed by NRWDI and Eskom.,NRWDI in collaboration  with Eskom are addressing  the identified limitations in the feasibility report.,Phase 2 of the Gateway Review for the feasibility study for the CISF completed,(Revised),,,Gateway Review for the Feasibility study for CISF completed and final Feasibility Report submitted to Cabinet for approval,Not Achieved,The submission of the Final Feasibility Report is dependent on the completion of the Initial Gateway Review process. The Initial Gateway Review of the Feasibility Study has not been completed due to the need to address the Independent Service Provider comments and related processes.,The Initial Gateway Review and related activities is envisaged to be completed  in 2024/25 financial year once the necessary approval has been obtained to enable the Finalisation of the Feasibility Report.,Gateway Review for the Feasibility study for Central Interim Storage Facility (CISF) completed and final Feasibility Report submitted to Cabinet for approval ,-,Revised,,,Revised,207
,Mineral Resources and Energy,National,Programme 6: Nuclear Energy Regulation and Management,Programme 6: Nuclear Energy Regulation and Management,Quarterly,IAEA 2024-2029 Country Programme Framework ,Non-Standardized,Not  Applicable,Priority 2: Economic Transformation And Job Creation,"The Economic Sectors, Employment and Infrastructure Development cluster","Submit Draft 2024-29 CPF to IAEA for 
review
",Not Achieved,Draft was submitted outside the reporting period.,N/A,Consultation of inputs and comments on draft CPF,Achieved,None ,None ,"Submit Final Draft 2024-29 CPF to IAEA 

Submit Final Draft 2024-29 CPF to DG (Revised)",Not achieved,The 1st Draft CPF was submitted to IAEA in November 2023 for review. The review of the draft CPF was received from the IAEA on 17 January 2024.,Fast track finilisation of the document once the IAEA has provided a response on 17 January 2024. The Team has started addressing the comments and will engage the stakeholders to finalise the document to meet the annual target.,IAEA 2024-2029 Country Programme Framework (CPF) completed  ,Not achieved,The finalisation of the CPF is dependent on the approval by key stakeholders that process has not been completed,The CPF will be finalised once key stakeholder approval has been received  in 2024/25 financial year,IAEA 2024-2029 Country Programme Framework (CPF) completed  ,-,Not Achieved,The finalisation of the CPF is dependent on the approval by key stakeholders that process has not been completed,"The CPF will be finalised once key stakeholder approval has been received in 2024/25 financial year

",Not achieved,207
,Mineral Resources and Energy,National,Programme 6: Nuclear Energy Regulation and Management,Programme 6: Nuclear Energy Regulation and Management,Quarterly,IAEA Monitoring report on Technical Cooperation Programme ,Non-Standardized,Not  Applicable,Priority 2: Economic Transformation And Job Creation,"The Economic Sectors, Employment and Infrastructure Development cluster",Report on Implementation of National Technical Cooperation projects,Achieved,N/A,N/A,IAEA General Conference activities overseen,"Achieved 
",None ,None ,Report on the implementation of Technical Cooperation projects,Achieved,N/A,N/A,IAEA Annual report on Technical Cooperation Programme produced,Achieved,N/A,N/A,IAEA Annual report on Technical Cooperation Programme produced,-,Achieved,N/A,N/A,Achieved,207
,Mineral Resources and Energy,National,Programme 6: Nuclear Energy Regulation and Management,Programme 6: Nuclear Energy Regulation and Management,Quarterly,Monitoring report on AFRA Programme ,Non-Standardized,Not  Applicable,Priority 2: Economic Transformation And Job Creation,"The Economic Sectors, Employment and Infrastructure Development cluster",Report on implementation of  AFRA projects,Achieved,N/A,N/A,Report on AFRA Regional Designated Centres produced,Achieved,None ,None ,4 Site Visits conducted to  AFRA regional projects ,Achieved,N/A,N/A,"Monitoring report on AFRA Programme produced

Annual Country report on AFRA Programme produced (Revised)",Achieved,N/A,N/A,"Monitoring report on AFRA Programme produced

Annual Country report on AFRA Programme produced (Revised)
",-,Achieved,N/A,N/A,"Achieved
",207
,Mineral Resources and Energy,National,Programme 6: Nuclear Energy Regulation and Management,Programme 6: Nuclear Energy Regulation and Management,Quarterly,Number of nuclear Safeguards compliance inspections reports submitted to the DG for approval ,Non-Standardized,Not  Applicable,Priority 2: Economic Transformation And Job Creation,"The Economic Sectors, Employment and Infrastructure Development cluster",10 Nuclear Safeguards compliance inspections report submitted to the DG for approval ,Achieved ,N/A,N/A,10 Nuclear Safeguards compliance inspections report submitted to the DG for approval ,"Achieved: 10 Nuclear Safeguards Compliance inspections were conducted. 
",None ,None ,10 Nuclear Safeguards compliance inspections report submitted to the DG for approval ,Achieved,N/A,N/A,10 Nuclear Safeguards compliance inspections report submitted to the DG for approval ,Achieved,N/A,N/A,40 Nuclear Safeguards compliance inspections reports submitted to the DG for approval,-,Achieved,N/A,N/A,Achieved,207
,Mineral Resources and Energy,National,Programme 6: Nuclear Energy Regulation and Management,Programme 6: Nuclear Energy Regulation and Management,Quarterly,Number of Nuclear Security compliance inspections Reports submitted to the DG for approval,Non-Standardized,Not  Applicable,Priority 2: Economic Transformation And Job Creation,"The Economic Sectors, Employment and Infrastructure Development cluster",5 Nuclear Security compliance inspections submitted to the DG for approval reports ,Achieved ,N/A,N/A,5 Nuclear Security compliance submitted to the DG for approval inspections reports ,"Achieved: 5 Nuclear Security compliance inspections were conducted. 
",None ,None ,5 Nuclear Security compliance inspections reports submitted to the DG for approval ,Achieved,N/A,N/A,5 Nuclear Security compliance inspections reports submitted to the DG for approval ,Achieved,N/A,N/A,20 Nuclear Security compliance inspections reports submitted to the DG for approval,-,Achieved,N/A,N/A,Achieved,207
,Mineral Resources and Energy,National,Programme 6: Nuclear Energy Regulation and Management,Programme 6: Nuclear Energy Regulation and Management,Quarterly,Number of quarterly monitoring reports on Koeberg Nuclear Power Plant Long Tern Operation  Programme (LTO),Non-Standardized,Not  Applicable,Priority 2: Economic Transformation And Job Creation,"The Economic Sectors, Employment and Infrastructure Development cluster",Report on the monitoring of Koeberg Nuclear Power Plant Long Tern Operation  Programme (LTO),Achieved,N/A,N/A,Report on the monitoring of Koeberg Nuclear Power Plant Long Term Operation Programme Long Tern Operation Programme (LTO),"Achieved
",None,None ,Report on the monitoring of Koeberg Nuclear Power Plant Long Term Operation Programme Long Tern Operation Programme (LTO),Achieved ,N/A,N/A,Report on the monitoring of Koeberg Nuclear Power Plant Long Term Operation Programme Long Tern Operation Programme (LTO),Achieved,N/A,N/A,4 quarterly monitoring reports on Koeberg Nuclear Power Plant Long Tern Operation  Programme (LTO),-,Achieved,N/A,N/A,Achieved,207
,Mineral Resources and Energy,National,Programme 6: Nuclear Energy Regulation and Management,Programme 6: Nuclear Energy Regulation and Management,Quarterly,Procured 2500MW Nuclear programme  ,Non-Standardized,Not  Applicable,Priority 2: Economic Transformation And Job Creation,"The Economic Sectors, Employment and Infrastructure Development cluster",N/A,N/A,N/A,N/A,Evaluation of responses from Vendors on RFP ,Not achieved,DMRE needed to address NERSA suspensive conditions prior to the  issuing of the  RFP.,"
Suspensive conditions have  been addressed and DMRE was granted approval to proceed with the procurement of the 2500 MW only on 18 September 2023. ",Vendor Selected and contracting process commenced.,(Revised),,,Procured 2500MW Nuclear  programme  ,"Revised, see below. ",The issuance of Request for Proposal (RFP) for procurement of 2500MW nuclear programme is dependent on agreement of key stakeholders on Procurement Framework and the Ministerial Section 34 determination. The Departmental consultation on the Procurement Framework with key stakeholders has not been concluded. The High Court application to set aside the Section 34 Determination and RFP has also caused the delay on issuance of  RFP. ,RFP is envisaged to be drafted and issued once the consultation with key stakeholders on Procurement Framework has been concluded. The Department is still taking legal advice on the High Court application on the Section 34 Ministerial Determination for the procurement of 2500MW nuclear programme.,"Procured 2500MW Nuclear programme  
 
",-,Revised,,,Revised,207
,Mineral Resources and Energy,National,Programme 6: Nuclear Energy Regulation and Management,Programme 6: Nuclear Energy Regulation and Management,Quarterly,Procured 2500MW Nuclear programme  ,Non-Standardized,Not  Applicable,Priority 2: Economic Transformation And Job Creation,"The Economic Sectors, Employment and Infrastructure Development cluster",,,,,,,,,"Cabinet memorandum produced to recommend Cabinet to consider on optimal ownership structure for implementation of nuclear new build programme

(Revised)",Achieved,N/A,N/A,"Request for Proposal for the procurement of 2500MW Nuclear programme  Issued
 
(Revised)",The issuance of Request for Proposal (RFP) for procurement of 2500MW nuclear programme is dependent on agreement of key stakeholders on Procurement Framework and the Ministerial Section 34 determination. The Departmental consultation on the Procurement Framework with key stakeholders has not been concluded. The High Court application to set aside the Section 34 Determination and RFP has also caused the delay on issuance of  RFP. ,RFP is envisaged to be drafted and issued once the consultation with key stakeholders on Procurement Framework has been concluded. The Department is still taking legal advice on the High Court application on the Section 34 Ministerial Determination for the procurement of 2500MW nuclear programme.,N/A,"Request for Proposal for procurement of 2500MW Nuclear programme  Issued

(Revised)",-,Not Achieved,"The Department needed to consult on the Procurement Framework with key stakeholders (National Treasury and Eskom) as this is key and these consultations are taking longer than it was anticipated
",The Department is engaging stakeholders to finalise Procurement Framework that is necessary before RFP can developed and released to the market,Not Achieved,207
,Mineral Resources and Energy,National,Programme 6: Nuclear Energy Regulation and Management,Programme 6: Nuclear Energy Regulation and Management,Quarterly,Request for Proposals issued to market on Procurement of the Multi Purpose Reactor (MPR),Non-Standardized,Not  Applicable,Priority 2: Economic Transformation And Job Creation,"The Economic Sectors, Employment and Infrastructure Development cluster",Initial Gateway Review of Feasibility Report Completed,Not achieved,Feasibility Report was only signed off by the Board on 27 June 2023. ,The Gateway Review service provider will be appointed in Q2.,Updated Feasibility Report submitted for final Gateway Review,Not achieved,"Gateway Review of Feasibility Report commenced on 22 August 2023, 4-5 months later than planned. 
",Feasibility Report has been subjected  to the Gateway Review that commenced in August 2023.,Final Gateway Review of Feasibility Report Completed and related Cabinet Memorandum submitted to Minister,Not achieved: ,"The Gateway Review of Feasibility Report commenced 5 months later than planned and this had an impact on project activities including the completion of the initial Gateway Review which was completed in October 2023. 
This led to insufficient time to complete the Action Plan by December 2023 as the discussions on the findings with the Gateway Reviewers were still ongoing.

","The Gateway Review of Feasibility Report commenced 5 months later than planned and this had an impact on project activities including the completion of the initial Gateway Review which was completed in October 2023. 
This led to insufficient time to complete the Action Plan by December 2023 as the discussions on the findings with the Gateway Reviewers were still ongoing",Request for Proposals issued to market on Procurement of the Multi Purpose Reactor (MPR),"Revised, see below. ",N/A,N/A,Request for Proposals issued to market on Procurement of the Multi Purpose Reactor (MPR),-,Achieved,N/A,N/A,Achieved,207
,Mineral Resources and Energy,National,Programme 6: Nuclear Energy Regulation and Management,Programme 6: Nuclear Energy Regulation and Management,Quarterly,Revised Feasibility Report for final Gateway Review Submitted,Non-Standardized,Not  Applicable,Priority 2: Economic Transformation And Job Creation,"The Economic Sectors, Employment and Infrastructure Development cluster",Draft Feasibility Report submitted for Gateway Review,,,,Initial Review of Draft Feasibility Report completed,,,,Completed Action Plan for resolution of findings on Initial Gateway Review of Draft Feasibility  ,Not Achieved,Delays from NRWDI in submitting the updated Feasibility Report. ,"Following the request by the Ministerial committee, NRWDI has submitted the updated Action Plan to address the Gateway Review findings. NRWDI will submit the recently updated feasibility report once the Gateway Review project commencement/extension has been approved by the Director-General. To expedite the request for approval of the Gateway Review project commencement/extension.",Revised Feasibility Report submitted for final Gateway Review,Achieved ,N/A,N/A,Revised Feasibility Report submitted for final Gateway Review (Revised),-,Not Achieved,"The submission of the Final Feasibility Report is dependent on the completion of the Initial Gateway Review process. The Initial Gateway Review of the Feasibility Study has not been completed due to the need to address the Independent Service Provider comments and 
related processes.
","The Initial Gateway Review and related activities is envisaged to be completed in 2024/25 financial year once the 
necessary approval have been obtained to enable the Finalisation of the Feasibility Report.",Not Achieved,207
Military Veterans,Military Veterans,National,PROGRAMME 1: ADMINISTRATION,PROGRAMME 1: ADMINISTRATION,Annually,Number of IDMS Modules implemented,Not Applicable,Not  Applicable,Not Applicable,Not Applicable,,,,,,,,,,,,,,,,,4,,0,There were problems with the contractor that SITA assigned to develop the solution.,A new service provider has been contracted to finalise the outstanding work and implement the system.,,207
Military Veterans,Military Veterans,National,PROGRAMME 1: ADMINISTRATION,PROGRAMME 1: ADMINISTRATION,Annually,Percentage of legitimate invoices paid within 30 days,Not Applicable,Not  Applicable,Not Applicable,Not Applicable,,,,,,,,,,,,,,,,,100 %,,66,"The deviation was mainly related to the clearance of a backlog on travel management claims. As at 31 March 2024, there was still a few outstanding claims with queries awaiting resolution by the service provider. ",Management will ensure that this backlog is cleared by 31 May 2024,,207
Military Veterans,Military Veterans,National,PROGRAMME 1: ADMINISTRATION,PROGRAMME 1: ADMINISTRATION,Annually,Audit Outcome,Not Applicable,Not  Applicable,Not Applicable,Not Applicable,,,,,Unqualified,Qualified,,,,,,,,,,,Unqualified,,To be updated after auditing,N/A,N/A,,207
Military Veterans,Military Veterans,National,PROGRAMME 1: ADMINISTRATION,PROGRAMME 1: ADMINISTRATION,Annually,Percentage representation of persons with disability,Not Applicable,Not  Applicable,Not Applicable,Not Applicable,,,,,,,,,,,,,2 %,1.6 %,,,2 %,,1.6,The cost austerity measures introduced by National Treasury had a negative impact on the recruitment within the department. ,Recruit people with disabilities.,,207
Military Veterans,Military Veterans,National,PROGRAMME 1: ADMINISTRATION,PROGRAMME 1: ADMINISTRATION,Annually,Percentage of representation of women at SMS level,Not Applicable,Not  Applicable,Not Applicable,Not Applicable,,,,,,,,,,,,,50 %,59.1 %,,,50 %,,59.1,The department will continue to attract and recruit women at all levels of the establishment.,Maintain the status quo.,,207
Military Veterans,Military Veterans,National,PROGRAMME 1: ADMINISTRATION,PROGRAMME 1: ADMINISTRATION,Annually,Number of liberation struggle history research outputs,Not Applicable,Not  Applicable,Not Applicable,Not Applicable,,,,,,,,,,,,,6,7,,,6,,7,The department received more requests for support from Military Veterans and the partnership with HSRC increased their support towards the project hence the overachievement,N/A,,207
Military Veterans,Military Veterans,National,PROGRAMME 1: ADMINISTRATION,PROGRAMME 1: ADMINISTRATION,Quarterly,Percentage  of legitimate  invoices paid  within 30 days,Non-Standardized,Not  Applicable,Not Applicable,Not Applicable,100 %,32.9 %,The non-compliance is caused by old invoices that could not be processed in the previous financial year ,Follow-up on distributed invoices to ensure payment within 30 days.,100 %,87 %,"-The non-compliance on benefits payment is mainly caused by the backlog competing priorities between the AGSA process and normal finance activities. We will put more hours to clear the backlog. 
- There is still a backlog on travel management invoices dating back to the previous financial year/s. The non-compliance on the payment of suppliers will persist until this backlog is cleared. Extra hours will be added to clear the backlog.",Management will fast-track the clearance of the long outstanding travel invoices dating back to previous financial year/s. This will be done through a special project involving supply chain management and travel management officials. The plan is to clear the backlog by December 2023,100 %,69.6 %,The non-compliance was mainly related to the clearing of the backlog of invoices related to a travel management service provider.,The plan is well in motion to have this account cleared by the end of the financial year.,100 %,75 %,"The deviation was mainly related to the clearance of a backlog on travel management claims. As at 31 March 2024, there was still a few outstanding claims with queries awaiting resolution by the service provider. ",Management will ensure that this backlog is cleared by 31 May 2024,100 %,0 %,66,"The deviation was mainly related to the clearance of a backlog on travel management claims. 
As at 31 March 2024, there was still a few outstanding claims with queries awaiting resolution by the service provider",Management will ensure that this backlog is cleared by 31 May 2024,,207
Military Veterans,Military Veterans,National,PROGRAMME 1: ADMINISTRATION,PROGRAMME 1: ADMINISTRATION,Quarterly,Number of IDMS modules implemented ,Not Applicable,Not  Applicable,Not Applicable,Not Applicable,0,0,Not planned for Q3 & Q4,N/A,0,0,Planned for Q4,N/A,2,0,"•	The developers are now in the process of fixing User acceptance Testing (UAT) defects and integration with other modules.
•	SITA also had challenges with the appointment of a service provider to complete the development and implementation of the IDMS solution.
","•	SITA is at the stage of appointing the service provider since it has resolved all the audit queries it had regarding their supply chain processes. The process will now be fast tracked. 
•	6 modules have been developed. 
•	The development of the modules is to be improved by final UAT results. The development of the health module to be finalised by end of March 2024.
",2,0,There were problems with the contractor that SITA assigned to develop the solution,A new service provider has been contracted to finalise the outstanding work and implement the system,4,0,0,There were problems with the contractor that SITA assigned to develop the solution,A new service provider has been contracted to finalise the outstanding work and implement the system,,207
Military Veterans,Military Veterans,National,PROGRAMME 2: SOCIO-ECONOMIC SUPPORT,PROGRAMME 2: SOCIO-ECONOMIC SUPPORT,Annually,Number of military veterans provided with newly built houses per year,Not Applicable,Not  Applicable,Not Applicable,Not Applicable,,,,,,,,,,,,,480,,,,480,,133,"-Slow delivery of houses in provinces due to a variety of challenges.
-Lack of infrastructure (sites, and bulk services)","Review 2012 MoU between DHS & DMV)
-Request recovery plan on how DHS will fast track delivery of houses.
- Review Regulations on housing including top up funding
-Strengthen housing project monitoring  for all provinces",,207
Military Veterans,Military Veterans,National,PROGRAMME 2: SOCIO-ECONOMIC SUPPORT,PROGRAMME 2: SOCIO-ECONOMIC SUPPORT,Annually,Number of Military Veterans and dependants provided with dedicated counselling services and treatment,Not Applicable,Not  Applicable,Not Applicable,Not Applicable,,,,,,,,,,,,,,,,,600,,602,The Target was exceeded slightly because of the increased demand for the benefit.,Continuous monitoring,,207
Military Veterans,Military Veterans,National,PROGRAMME 2: SOCIO-ECONOMIC SUPPORT,PROGRAMME 2: SOCIO-ECONOMIC SUPPORT,Quarterly,Number of Military Veterans and dependants provided with dedicated counselling services and treatment,Not Applicable,Not  Applicable,Not Applicable,Not Applicable,0,0,N/A,Not planned for Q1,0,0,Planned for Q4,N/A,0,0,Not planned for Q3,N/A,600,"602

Women: 8%

Youth:1,5%

Disabled:1,5%",N/A,N/A,600,0,602,The Target was exceeded slightly because of the increased demand for the benefit.,Continuous monitoring,,207
Military Veterans,Military Veterans,National,PROGRAMME 2: SOCIO-ECONOMIC SUPPORT,PROGRAMME 2: SOCIO-ECONOMIC SUPPORT,Quarterly,Number of Military veterans provided newly built houses per year,Not Applicable,Not  Applicable,Not Applicable,Not Applicable,0,0,N/A,Not planned for Q1,0,0,Planned for Q4,N/A,0,0,Not planned for Q3,N/A,480,133,"-Slow delivery of houses in provinces due to a variety of challenges.
-Lack of infrastructure (sites, and bulk services)
-Inadequate funding by the DMV (Insufficient top-up funding) leading to reluctance by contractors to participate in military veterans housing projects)","Review 2012 MoU between DHS & DMV)
-Request recovery plan on how DHS will fast track delivery of houses.
- Review Regulations on housing including top up funding
-Strengthen housing project monitoring  for all provinces",480,133,133,"-Slow delivery of houses in provinces due to a variety of challenges.
-Lack of infrastructure (sites, and bulk services)","Review 2012 MoU between DHS & DMV)
-Request recovery plan on how DHS will fast track delivery of houses.
- Review Regulations on housing including top up funding
-Strengthen housing project monitoring  for all provinces",,207
Military Veterans,Military Veterans,National,PROGRAMME 2: SOCIO-ECONOMIC SUPPORT,PROGRAMME 2: SOCIO-ECONOMIC SUPPORT,Quarterly,Number of confirmed Military veterans registered in the database per year,Not Applicable,Not  Applicable,Not Applicable,Not Applicable,350,360,High volume of application received,N/A,350,352,High value of applications received,N/A,350,352,More than usual applications received due to pension benefit applications.,N/A,350,353,High volumes of database registration applications received,N/A,1400,353,1417,"The department has improved systems and administrative processes for bond management, hence the applications could assessed timeously ",N/A,,207
Military Veterans,Military Veterans,National,PROGRAMME 2: SOCIO-ECONOMIC SUPPORT,PROGRAMME 2: SOCIO-ECONOMIC SUPPORT,Quarterly,Number of Military Veterans approved for the compensation benefit per annum,Not Applicable,Not  Applicable,Not Applicable,Not Applicable,0,0,N/A,Not planned for Q1,0,0,Planned for Q3 and Q4,N/A,50,114,Target overachieved due to earlier interventions agreed upon with SAMHS and processing of all outstanding applications from previous years.,"Of the 371 applications, 213 met criteria to undergo medical assessments. A total amount of R12M has been set aside, of which R7, 1M has been paid to 114MVs. Going forward, all applications will be attended timeously to avoid any backlog.",50,"126


Women: 12 %

Disabled:100%",Target overachieved due to earlier interventions agreed upon with SAMHS and processing of all outstanding applications from previous years,"About 266 military veterans were approved to be compensated of which 242 were paid a total amount of R14, 9M. 
24 cases are pending payments due to incomplete payment documents. Their payment will be finalized during Q1 of 2024/25.",100,114,242,The target was overachieved due to interventions agreed upon with SAMHS to process all outstanding applications from previous years which could not be processed due to the unavailability of the medical panel at that time.,All applications will be processed as and when received to avoid backlog and the related overachievement,,207
Military Veterans,Military Veterans,National,PROGRAMME 2: SOCIO-ECONOMIC SUPPORT,PROGRAMME 2: SOCIO-ECONOMIC SUPPORT,Quarterly,Total number  of military  veterans  and their  dependants  receiving  pension  benefit ,Not Applicable,Not  Applicable,Not Applicable,Not Applicable,3000,0,Pension benefit not rolled out yet pending finalisation of administrative processes,Fast track outstanding administrative processes,3250,0,The benefit could not be dispensed without approved regulations and signed governance documents between DMV and GPAA,The final pension regulation was published on the 06 October 2023. The administrative agreement and service level agreement between DMV and GPAA were signed. Regulations have been published to allow GPAA to start dispensing,3500,0,There is 133 reported payments but the evidence in that regard still has to be forwarded.,Follow-up with GPAA to provide the requested POE as per source data.,4000,615,Disbursement commenced after Oct 2023 when Pension Regulations were signed off.,"Develop recovery plan with GPAA to clear the backlog.

Convene SLA meetings.",4000,615,615,Delays caused by administrative processes to approve the pension regulations led to commencement of the pension payment to October 2023. Disbursement commenced after Oct 2023 when Pension Regulations were signed off,"Develop recovery plan with GPAA to clear the backlog.

Convene SLA meetings",,207
Military Veterans,Military Veterans,National,PROGRAMME 2: SOCIO-ECONOMIC SUPPORT,PROGRAMME 2: SOCIO-ECONOMIC SUPPORT,Quarterly,Draft Strategy on subsidized public transport ,Not Applicable,Not  Applicable,Not Applicable,Not Applicable,Consultation process,0,Consultative processes not commenced with relevant stakeholders,Commence engagements with relevant stakeholders,Consultation process,Consultation processes are ongoing. ,Subsidized transport benefit infrastructure is not yet ready for the benefit. The minster was checking the legal opinion to either replace the benefit or remove it completely,Consultation on this benefit is ongoing. Critical to the consultation is the feasibility of the implementation of the benefit due to challenges that have been identified on the established infrastructure in the country. The strategy will still be developed by the end of this financial year which will reflect on challenges and recommendations,Consultation process,No consultations conducted,Unavailability of relevant stakeholders,Escalate the meeting requests to  senior management,Draft Strategy on subsidized public transport,No consultations conducted,Inability to make a headway to have consultations with relevant stakeholders.,"Consider appropriate options on how best the roll out of the benefit can be approached.
Convene SLA meetings to monitor progress.
",Draft Strategy on subsidized public transport,-,The planned strategy was not approved as planned ,Inability to make a headway to have consultations with relevant stakeholders.,"Consider appropriate options on how best the roll out of the benefit can be approached.
Convene SLA meetings to monitor progress",,207
Military Veterans,Military Veterans,National,PROGRAMME 2: SOCIO-ECONOMIC SUPPORT,PROGRAMME 2: SOCIO-ECONOMIC SUPPORT,Quarterly,Total number of military veterans approved to access health care services,Not Applicable,Not  Applicable,Not Applicable,Not Applicable,0,0,N/A,Not planned for Q1,0,0,Planned for Q4,N/A,0,0,Not planned for Q3,N/A,500,363,"For 2023/24, A total of 789 applications were received. 426 did not meet criteria to qualify for the benefit.",MTEF targets have been adjusted in consideration to attrition and less number of eligible applications received.,500,363,363,"The cumulative number of military veterans provided with Access to healthcare is decreasing, At the end of 2023/2024 financial year, the Unit had       2 509 deceased military veterans who were provided with healthcare. 

Implementation of policies has also contributed to the non-achievement of the annual target as many applicants did not meet the qualifying criteria.

For 2023/24 financial year, A total of 789 applications were received. 426 did not meet criteria to qualify for the benefit.",MTEF targets have been adjusted in consideration to members who pass on and less number of eligible applications received.,,207
Military Veterans,Military Veterans,National,PROGRAMME 2: SOCIO-ECONOMIC SUPPORT,PROGRAMME 2: SOCIO-ECONOMIC SUPPORT,Quarterly,Number of Military veterans approved for mortgage bond subsidy per year,Not Applicable,Not  Applicable,Not Applicable,Not Applicable,5,0,Applicant did not meet qualifying criteria,Continue to adjudicate applications in line with qualifying requirements,10,18,There’s been improvement in the administration of the mortgage settlement and these improvements have shortened the decision-making process. ,Maintain the administrative efficiencies,5,8,More applicants met the qualifying criteria than expected.,Continue to communicate and approve all those that meet the criteria in addition monitor the budget. ,5,1,Improved systems for bond management.,Maintain the improved system for bond management.,25,1,27,"The department has improved systems and administrative processes for bond management, hence the applications could assessed timeously",Maintain the improved system for bond management,,207
Military Veterans,Military Veterans,National,PROGRAMME 3: EMPOWERMENT AND STAKEHOLDER MANAGEMENT,PROGRAMME 3: EMPOWERMENT AND STAKEHOLDER MANAGEMENT,Annually,Number of bursaries provided to Military Veterans and their dependants per year,Not Applicable,Not  Applicable,Not Applicable,Not Applicable,,,,,,,,,,,,,3500,,,,3500,,3690,Annual target exceeded as a result of over-subscription from the 2022/2023 financial year.,,,207
Military Veterans,Military Veterans,National,PROGRAMME 3: EMPOWERMENT AND STAKEHOLDER MANAGEMENT,PROGRAMME 3: EMPOWERMENT AND STAKEHOLDER MANAGEMENT,Annually,Number of Military Veterans memorial sites facilitated per year,Not Applicable,Not  Applicable,Not Applicable,Not Applicable,,,,,,,,,,,,,3,,,,3,,0,This activity is entirely dependent on DSAC’s budget and control.  The department will review this indicator in future plans such that the department commits on activities under its own control and budget.,More effort is needed in engaging with external stakeholders. ,,207
Military Veterans,Military Veterans,National,PROGRAMME 3: EMPOWERMENT AND STAKEHOLDER MANAGEMENT,PROGRAMME 3: EMPOWERMENT AND STAKEHOLDER MANAGEMENT,Quarterly,Number of memorial lectures coordinated for Military Veterans,Not Applicable,Not  Applicable,Not Applicable,Not Applicable,1,0,Q1 is used for consultation with stakeholders,Consultations with stakeholders to confirm memorial lectures for the year,1,0,There are ongoing consultations with stakeholders but no decisions are being taken.,Facilitation process is required to broker decision making and prioritization of competing demands.,1,1,Achieved as planned ,N/A,1,2,"Contrary to initial plans, it was possible to do two lectures in one quarter.",N/A,4,2,3,"The planned memorial lecture did not take place as it did not meet the requirements as outlined in the SOP. 
The other limitation is that the MOA with Freedom Park is still under review.",MOA with Freedom Park is still under review.,,207
Military Veterans,Military Veterans,National,PROGRAMME 3: EMPOWERMENT AND STAKEHOLDER MANAGEMENT,PROGRAMME 3: EMPOWERMENT AND STAKEHOLDER MANAGEMENT,Quarterly,Percentage of approved burial claims paid within 30 days,Not Applicable,Not  Applicable,Not Applicable,Not Applicable,100 %,53 %,Payment system experienced major technical glitches between February and May 2023,Payment system has since stabilised and is now reliable,100 %,97 %,The deviation was due to backlogs and implementing mechanisms to stabilise the processes.,Payment system has since stabilized and is now reliable.,100 %,100 %,achieved as planned ,N/A,100 %,100 %,N/A,N/A,100 %,100 %,83,The department had administrative challenges in processing invoices due to a large number of travel invoices that were being processed at the time under review.,,,207
Military Veterans,Military Veterans,National,PROGRAMME 3: EMPOWERMENT AND STAKEHOLDER MANAGEMENT,PROGRAMME 3: EMPOWERMENT AND STAKEHOLDER MANAGEMENT,Quarterly,Number of Military Veterans and their  dependants approved for skills development  programmes,Not Applicable,Not  Applicable,Not Applicable,Not Applicable,100,22,There was a change of approach which necessitated a focus on payments amounting to R2.1m. ,"In future, a balanced approach focussing on both payments and approvals will be sought.",300,297,The skills programme had to undertake a process of reviewing and cleaning the past programmes that impacted on the skills programme budget. ,N/A,300,210,The Department’s reactive approach in processing skills applications was not adequate. ,The Department will embark on a proactive approach by conducting outreach programmes in the provinces. ,300,484,The Skills Team Outreach Programme assisted in meeting the annual target. ,The annual target was met. There is no corrective action needed. ,1000,484,1013,The Skills Team Outreach Programme assisted in meeting the annual target.,,,207
Military Veterans,Military Veterans,National,PROGRAMME 3: EMPOWERMENT AND STAKEHOLDER MANAGEMENT,PROGRAMME 3: EMPOWERMENT AND STAKEHOLDER MANAGEMENT,Quarterly, Number of Military Veterans businesses provided with access to business facilitation programmes ,Not Applicable,Not  Applicable,Not Applicable,Not Applicable,30,16,Lack of travel agency services have affected implementation of skills programmes. ,Travel agency matter is being addressed.,40,39,There was a 2.5% deviation and the programme is planning to achieve more in the quarter 3.,N/A,70,89,The Department responded to a demand which exceeded numbers planned for the quarter. ,N/A,110,168,"The target was exceeded. 

Department received more responses than had been anticipated.",N/A,110,168,167,"The target was exceeded. 

Department received more responses than had been anticipated.",,,207
Military Veterans,Military Veterans,National,PROGRAMME 3: EMPOWERMENT AND STAKEHOLDER MANAGEMENT,PROGRAMME 3: EMPOWERMENT AND STAKEHOLDER MANAGEMENT,Quarterly,Number of Military Veterans provided with access to employment placement opportunities,Not Applicable,Not  Applicable,Not Applicable,Not Applicable,0,0,N/A,No target planned Q1,10,0,Consultations with stakeholders have not yielded results yet.,Consultations to be intensified during Q3 and Q4. The OTPs for Gauteng and KZN to be targeted. ,10,0,Consultations with stakeholders have not yielded results yet.,Consultations to be intensified during Q4. The OTPs for Gauteng and KZN to be targeted. ,10,0,Difficult SA economy. Consultations with stakeholders have not yielded results.,Consultations to be intensified with external stakeholders.,30,0,0,Difficult SA economy. Consultations with stakeholders have not yielded results.,Consultations to be intensified with external stakeholders.,,207
Military Veterans,Military Veterans,National,PROGRAMME 3: EMPOWERMENT AND STAKEHOLDER MANAGEMENT,PROGRAMME 3: EMPOWERMENT AND STAKEHOLDER MANAGEMENT,Quarterly,Number of Public Private Partnerships in agreement with the Department,Not Applicable,Not  Applicable,Not Applicable,Not Applicable,0,0,N/A,No target planned,0,0,Planned for Q3 and Q4,N/A,1,2,This target has been exceeded. The signing of the MoUs by Accounting Officers was quicker than anticipated.,N/A,3,0,"Draft MoUs were compiled. However, delays were experienced with securing signatures.",More effort is needed in engaging with external stakeholders.,4,0,3,"Draft MoUs were compiled. However, delays were experienced with securing signatures.",More effort is needed in engaging with external stakeholders. ,,207
National School of Government,National School of Government,National,Programme 1 Administration,Programme 1 Administration,Quarterly,Number of ICT projects enabling NSG operations implemented,Non-Standardized,Not  Applicable,"Priority 1: A Capable, Ethical and Developmental State",Governance and Administration cluster,"1 ICT project enabling NSG
operations implemented",2 ICT projects enabling NSG operations implemented,The second project was implemented retrospectively as the project was initially activated during COVID outbreak. ,None ,"3 ICT projects enabling NSG
operations implemented
(cumulative)",5 ICT projects enabling NSG operations implemented,"TE Desktop project implemented retrospectively, project activated during covid outbreak ",None,"4 ICT projects enabling NSG
operations implemented
(cumulative)","""6 ICT projects enabling NSG operations implemented

- Data Line Upgrade with SITA.
- TE Desktop Software for Private         Conferencing Solution 
- DPSA Cloud Compliance Business Case
- The Training Room Online scope extension (TTRO Addendum)
- Microsoft Education Licencing Solution (open value) subscription
- Windows Server Upgrade from 2012 to 2019 ""
","""TE Desktop project implemented retrospectively, project activated during covid outbreak 

Additional projects are ad hoc requirements from process owners requiring assistance from IT. ""
",None,"6 ICT projects enabling NSG
operations implemented","""7 ICT projects enabling NSG operations implemented
?	TE Desktop Software for Private Conferencing Solution 
?	Data Line Upgrade with SITA.
?	DPSA Cloud Compliance Business Case
?	The Training Room Online scope extension (TTRO Addendum) 
-	Microsoft Education Licencing Solution 
(open value) subscription
-	Windows Server Upgrade from 2012 to 2019
-	LAN Upgrade Project
""
","TE Desktop project implemented retrospectively, project activated during covid outbreak.  
",None ,"6 ICT projects enabling NSG
operations implemented",-,7 ICT projects enabling NSG operations implemented,One solution was implemented retrospectively as it was delivered during COVID-19 outbreak,None ,,207
National School of Government,National School of Government,National,Programme 1 Administration,Programme 1 Administration,Quarterly,Number of mapped business processes in line with operations management plan implemented,Non-Standardized,Not  Applicable,"Priority 1: A Capable, Ethical and Developmental State",Governance and Administration cluster,No target ,None ,None  ,None ,"1 business process in line with
operations management plan",No business process developed in the quarter under review ,The deviation is result of capacity challenges within the unit as the post is vacant and no designated manager,To fill the vacancy for the position. The recruitment process has commenced and it is anticipated the post will be filled in the third quarter. ,"3 business process in line with
operations management plan
(cumulative)","No business process developed in the quarter under review 
","Capacity challenges remain 
","Finalise the capacity needs by the end of financial year 
","4 business process in line with
operations management plan","4 business process in line with operations management plan
",None ,None ,"4 mapped business processes
in line with operations
management plan implemented",-,4 mapped business process in line with operations management plan implemented ,None ,None ,,207
National School of Government,National School of Government,National,Programme 1 Administration,Programme 1 Administration,Quarterly,Percentage of material audit findings resolved by the end of financial year,Non-Standardized,Not  Applicable,"Priority 1: A Capable, Ethical and Developmental State",Governance and Administration cluster,No target ,None ,None ,None ,"Development of the
management improvement
plan based on previous audit
outcome",Management Improvement Plan based on the previous audit outcome developed ,None,None,"50% of the management
improvement plan based
on previous audit outcome
to ensure reduction of audit
findings implemented","78% of the management improvement plan based on previous audit outcome implemented
","Most findings belong to 1 manager making it simpler to track progress and monitor  
",None,"100% of the management
improvement plan based
on previous audit outcome
to ensure reduction of audit
findings implemented","88% of the audit recommendations have been completed/ implemented
","There are policies still under review and the WISENet system has not been implemented.
",The remaining audits will be finalised in the new financial year ,"100% of material audit findings
resolved by the end of the
financial year",-,No material findings were identified in the audit process for 22/23 FY and therefore no material findings to resolve by the end of the financial year,None ,None,,207
National School of Government,National School of Government,National,Programme 1 Administration,Programme 1 Administration,Quarterly,Percentage of NSG brand and marketing strategy implemented,Non-Standardized,Not  Applicable,"Priority 1: A Capable, Ethical and Developmental State",Governance and Administration cluster,"25% of the NSG brand
and marketing strategy
implemented",50% (2 objectives) of the NSG brand strategy implemented,NSG has to continuously promote the brand and its service offering,None ,"50% of the NSG brand
and marketing strategy
implemented (cumulative)",50% (2 objectives) of the NSG brand strategy implemented  ,None,None,"75% of the NSG brand
and marketing strategy
implemented (cumulative)","75% of the NSG  brand and marketing implemented
",None,None,"75% of the NSG brand
and marketing strategy
implemented","75% of the NSG brand and marketing strategy implemented 
",None ,None,"75% of the NSG brand
and marketing strategy
implemented",-,"75% of the NSG brand and marketing strategy implemented 

Implementation covers the three objectives per branding strategy: 
-	Develop and maintain NSG brand identity
-	 Enhance brand awareness
-	Make NSG staff brand ambassadors 
",None ,None ,,207
National School of Government,National School of Government,National,Programme 1 Administration,Programme 1 Administration,Quarterly,Percentage of total quality management plan implemented,Non-Standardized,Not  Applicable,"Priority 1: A Capable, Ethical and Developmental State",Governance and Administration cluster,No target ,None ,None,None ,"Status Report on the
implementation of the total
quality management plan",Status report developed on the implementation of the total quality management plan,None,None,No target ,,,,100% of the total quality management plan implemented,"100% of the total quality management plan was not implemented as planned 
","The function had a vacancy that significantly affected the implementation of the TQM plan 
","Interviews were held in April 2024, and the department anticipates appointment to be finalised soon and work to commence 
","100% of total quality
management plan implemented",-,"Total quality
management plan not implemented in the financial year 
 
",Capacity constraints impacted progress on the delivery of the TQM plan ,"Interviews were held and an appointment was made in April, the incumbent is to occupy the post on the 21 May 2024",,207
National School of Government,National School of Government,National,Programme 2 Public Sector Organisational and Staff Development,Programme 2 Public Sector Organisational and Staff Development,Quarterly,Amount of revenue generated and other funding sources in TTA,Non-Standardized,Not  Applicable,"Priority 1: A Capable, Ethical and Developmental State","Governance, State Capacity and Institutional Development cluster","R 24m in revenue and other
funding sources generated",R19 903 522 in revenue and other funding sources generated,Low revenue generated due to low training uptake,Market NSG courses and ensure implementation of signed MoAs to raise revenue ,"R 31m in revenue and other
funding sources generated
(cumulative)",R32.8  in revenue and other funding sources generated (cumulative),None,None,"R44m in revenue and other
funding sources generated
(cumulative)","""R71 807 150
in revenue and other funding sources generated ""
","Implementation of signed MOAs  and advertising of NSG courses 
",None,"R101m in revenue and other
funding sources generated","R124 076 613  in revenue and other funding sources generated
","Strict project management and implementation  of signed MOAs, along with continued marketing and advertising of NSG courses on various platforms
",None ,"R101m in revenue and other
funding sources generated in
TTA",-,"R103 585 606
in revenue and other funding sources generated in TTA 
",,,,207
National School of Government,National School of Government,National,Programme 2 Public Sector Organisational and Staff Development,Programme 2 Public Sector Organisational and Staff Development,Quarterly,Percentage of business development interventions resulting in the uptake of the ETD offerings,Non-Standardized,Not  Applicable,"Priority 1: A Capable, Ethical and Developmental State","Governance, State Capacity and Institutional Development cluster",No target ,None ,None ,None ,"Report on the business
development interventions
resulting in the uptake of ETD
offerings",Report on the business development intervention resulting in the uptake of ETD offerings,None,None,No target ,,,,"60% of business development
interventions resulting in the
uptake of the ETD offerings","83% (107/129) business development  interventions resulting in the uptake of the ETD offerings
","A project management approach was undertaken to ensure integrative and collaborative partnerships between clients and the NSG 

",None ,"60% of business development
interventions resulting in the
uptake of the ETD offerings",-,79% (111/141)  business development  interventions resulting in the uptake of the ETD offerings,"A project management approach was undertaken to ensure integrative and collaborative partnerships between clients and the NSG 
	
",None ,,207
National School of Government,National School of Government,National,Programme 2 Public Sector Organisational and Staff Development,Programme 2 Public Sector Organisational and Staff Development,Quarterly,Number of research projects informing ETD interventions developed,Non-Standardized,Not  Applicable,"Priority 1: A Capable, Ethical and Developmental State",Governance and Administration cluster,No target ,None ,None,None ,"2 research reports informing
ETD interventions developed",2 research reports informing ETD interventions developed,None,None,"4 research reports informing
ETD interventions developed
(cumulative)","4 research reports informing ETD interventions developed
",None,None,"6 research reports informing
ETD interventions developed","6 research reports informing ETD interventions developed
",None ,None ,"6 research reports informing
ETD interventions developed",-,6 research reports informing ETD interventions developed,None,None ,,207
National School of Government,National School of Government,National,Programme 2 Public Sector Organisational and Staff Development,Programme 2 Public Sector Organisational and Staff Development,Quarterly,Number of skills assessment reports on specific departments or public sector on training needs for relevant ETD interventions completed,Non-Standardized,Not  Applicable,"Priority 1: A Capable, Ethical and Developmental State","Governance, State Capacity and Institutional Development cluster","1 skills assessment report on
specific departments or public
sector on training needs for
relevant ETD interventions
completed","3  TNA Reports developed for the North West Development Corporation (NWDC)
- Legal, 
- Information Technology and  
- The Convention Centre ",Request for additional skills assessment by client department,None,"2 skills assessment reports on
specific departments or public
sector on training needs for
relevant ETD interventions
completed (cumulative)",4 skills assessment reports on specific departments or public sector on training needs for relevant ETD interventions completed,Request for additional skills assessment by client department (NWDC) in the previous quarter.  ,None,"4 skills assessment reports on
specific departments or public
sector on training needs for
relevant ETD interventions
completed (cumulative)","5 skills assessment reports on specific departments or public sector on training needs for relevant ETD interventions completed
","Request for additional skills assessment by client department (NWDC) in the previous quarters.  
",None,"6 skills assessment reports on
specific departments or public
sector on training needs for
relevant ETD interventions
completed","6 skills assessment reports on specific departments or public sector on training needs for relevant ETD interventions completed
",None ,None ,"6 skills assessment reports on
specific departments or public
sector on training needs for
relevant ETD interventions
completed",-,6 skills assessment reports on specific departments or public sector on training needs for relevant ETD interventions completed,None ,None,,207
National School of Government,National School of Government,National,Programme 2 Public Sector Organisational and Staff Development,Programme 2 Public Sector Organisational and Staff Development,Quarterly,Number of courses/programmes/interventions responsive to identified skills gaps developed/reviewed,Non-Standardized,Not  Applicable,"Priority 1: A Capable, Ethical and Developmental State",Governance and Administration cluster,No target ,None ,None ,None ,"Stakeholder consultation and
conceptual outline of courses/
programmes/ interventions
completed","Programme strategy and stakeholder consultation completed for the following courses
1.SCM for public service
2.Bid Committees MFMA & PFMA
3.Finance for non-Finance Managers
4.Avoiding Irregular Expenditure PFMA
5.Introduction to Monitoring and Evaluation in the Public Service
6.Avoiding Irregular and Fruitless Expenditure MFMA
7.Disaster management
8.Foresight and scenario-based anticipatory planning in public institutions
",None,None,"8 draft courses/ programmes/
interventions developed/
reviewed","""The following 8 Draft courses have been completed:
1. SCM for public service
2. Bid Committees MFMA & PFMA
3. Finance for non-Finance Managers
4. voiding Irregular Expenditure PFMA
5. Introduction to Monitoring and Evaluation in the Public Service
6. Avoiding Irregular and Fruitless expenditure MFMA
7. Disaster management
8. Foresight and scenario-based anticipatory planning in public institutions ""
",None,None,"8 courses/ programmes/
interventions responsive
to identified skills gaps
developed/ reviewed","8 courses/ programmes/ interventions responsive to identified skills gaps developed/ reviewed 
",None ,None ,"8 courses/ programmes/
interventions responsive
to identified skills gaps
developed/ reviewed",-,8 courses/ programmes/ interventions responsive to identified skills gaps developed/ reviewed ,None,None,,207
National School of Government,National School of Government,National,Programme 2 Public Sector Organisational and Staff Development,Programme 2 Public Sector Organisational and Staff Development,Quarterly,Number of impact evaluation studies conducted ,Non-Standardized,Not  Applicable,"Priority 1: A Capable, Ethical and Developmental State",Governance and Administration cluster,No target,None,None ,None ,No target,None,None,None,No target,,,,"6 impact evaluation studies
conducted","6 impact evaluation studies conducted
",None ,None ,"6 impact evaluation studies
conducted",-,6 impact evaluation studies conducted,None,None ,,207
National School of Government,National School of Government,National,Programme 2 Public Sector Organisational and Staff Development,Programme 2 Public Sector Organisational and Staff Development,Quarterly,Number of partnerships established with professional bodies on functional areas for professionalisation,Non-Standardized,Not  Applicable,"Priority 1: A Capable, Ethical and Developmental State","Governance, State Capacity and Institutional Development cluster","Identify two professional bodies
and conduct consultative
sessions","Two professional bodies identified and consultative sessions conducted
 
Meeting with the Association of Certified Fraud Examiners (ACEFA)

Meeting with the Professional Board of Child and Youth Care Workers ",None ,None ,"Area/s of collaboration on
professionalisation finalized","Areas of collaboration identified in the draft MOAs for the two institutions namely:  
•Association for Certified Fraud Examiners
•Professional Board of Child and Youth Care workers
",None,None,"MoU on professionalisation
signed with professional bodies","""No MoU signed in the quarter 

Negotiations have not concluded for the signing with  Professional Board of Child and Youth Care workers. ""
","""Association for Certified Fraud Examiners

(ACFE) will no longer be signed by the NSG as the institution is not recognised by SAQA.  ""
","Continue implementation of signed MOAs to ensure implementation of professionalisation 
","First phase of implementation of
the MOU","First phase implementation of MoU could not happen as envisaged. The following MOAs were signed:
 
1.	SACSSP (PBCYC, Social Workers) 
2.	ICITP and
3.	ACFE  ","""The PBCYC MOA was elevated to the South African Council for Social Service Professions as the Council is the higher authority 

Due to the MOA signing taking place almost at the end of the quarter there was no time to commence implementation""
","""Implementation plans with ACFE and ICITP will be developed in the new financial year

Action plans for uptake of free eLearning interventions were agreed upon with SACSSP.""
","2 partnerships established
with professional bodies
on functional areas for
professionalisation",-,"3 partnerships established
with professional bodies on functional areas for professionalisation

1. SACSSP 
2. ICITP and
3. ACFE  
",Enthusiasm of professional institutions to partner with the NSG to help public service achieve its professionalisation objectives ,None,,207
National School of Government,National School of Government,National,Programme 2 Public Sector Organisational and Staff Development,Programme 2 Public Sector Organisational and Staff Development,Quarterly,Status report on the accreditation of the postgraduate qualification developed,Non-Standardized,Not  Applicable,"Priority 1: A Capable, Ethical and Developmental State","Governance, State Capacity and Institutional Development cluster",No target,None ,None ,None ,No target,None,None,None,No target,,,,"Status report on the
accreditation of the
Postgraduate qualification
developed",Status report on the accreditation of the Postgraduate qualification developed,None,None ,"Status report on accreditation of
the postgraduate qualification
developed",-,"Status report on accreditation of
the postgraduate qualification
developed
",None ,None ,,207
National School of Government,National School of Government,National,Programme 2 Public Sector Organisational and Staff Development,Programme 2 Public Sector Organisational and Staff Development,Quarterly,Number of skills audit for public service departments conducted,Non-Standardized,Not  Applicable,"Priority 1: A Capable, Ethical and Developmental State","Governance, State Capacity and Institutional Development cluster",Project plan developed,Proposal including the project plan to undertake a skills audit for infrastructure and front-line service delivery departments developed,None,None ,"Stakeholder engagements and
development of skills audit tools","""Project inception meetings started in July, a report developed with revised timelines submitted by HSRC. 

Data collation and review from participating departments is ongoing. The tools will be informed by the findings of the documentary review. ""
","Skills audit tool development will be informed by the documentary review and upcoming Theory of Change reconstitution which will define the dimensions and indicators for assessing the skills needs in the public sector.  
","Skills audit tool (s) will be developed by end of financial year per the revised project timelines
","Skills audit for 1 public service
departments conducted","""Skills audit not conducted, progress thus far:
- review of departmental documentation completed. 
- Theory of Change workshop conducted""
","The skills audit survey needs to be preceded by the document review process which will yield situational analysis reports per department. This is as per the DPSA's Public Service Skills Audit Methodology Framework.
","The skills audit survey will be conducted in the 2024/2025 FY.
","Skills audit for 2 public service
departments conducted","""Skills audit for 2 public service departments not conducted

The current FY focused on the desktop analysis, which yielded a Situational Analysis Report for each of the 6 departments involved","The project plan was developed with revised timelines and deliverables after consultation with key stakeholder, HSRC.",The skills audit survey will be conducted in the 2024/25 FY,"Skills audit for 2 public service
departments conducted",-,Skills audit for 2 public service departments not conducted,"The current FY focused on the desktop analysis, which yielded situational analysis reports for each of the 6 departments involved",,,207
National School of Government,National School of Government,National,Programme 2 Public Sector Organisational and Staff Development,Programme 2 Public Sector Organisational and Staff Development,Quarterly,Number of advocacy sessions conducted on the implementation of the National Framework towards the Professionalisation of the public sector,Non-Standardized,Not  Applicable,"Priority 1: A Capable, Ethical and Developmental State","Governance, State Capacity and Institutional Development cluster","2 Advocacy sessions conducted
on the implementation
of the Framework on
Professionalisation","8 Advocacy sessions conducted:
Webinars hosted by NSG:
Finance & Audit Occupation; SCM Occupation; NSG Staff; CPUT.  
By invitation:
DPSA& SAAPAM with  Academic Heads of Public Admin; Limpopo Provincial SMS Summit; NC 
GSCID Cluster; COGTA: National  Capacity Building  Forum",Increased advocacy is due to heighten interest in the subject matter for the public service,None ,"4 Advocacy sessions conducted
on the implementation
of the Framework on
Professionalisation (cumulative)","19 advocacy sessions and (1) two-day workshop conducted on the implementation of the framework towards the professionalisation of the public sector.  
","External institutions invite the NSG to present the framework at their events. 

Some responded positively to our requests to present the framework to their stakeholders.
",None,"5 Advocacy sessions conducted
on the implementation
of the Framework on
Professionalisation (cumulative)","""6 advocacy sessions conducted in the quarter under review 

Cumulatively 33 advocacy sessions with 1 workshop conducted on the implementation of the Framework on Professionalisation""
","Combination of requests and invitations for the NSG to present the framework   
",None,"6 Advocacy sessions conducted
on the implementation
of the Framework on
Professionalisation","""5 advocacy sessions conducted in the quarter under review 

Cumulatively 44 advocacy sessions including a  workshop on the implementation of the Framework on Professionalisation by key stakeholders ""

","All organisations with vested interest in the public sector invite the NSG to present the framework whilst others respond positively to our request to present it to their stakeholders

","None 
","6 Advocacy sessions conducted
on the implementation of the
National Framework towards the
Professionalisation of the public
sector",-,"44 Advocacy sessions conducted
on the implementation of the National Framework towards the Professionalisation of the public
sector
",Organisations with vested interest in the public sector invite the NSG to present the framework whilst others respond positively to the NSG’s request to present the framework,,,207
National School of Government,National School of Government,National,Programme 2 Public Sector Organisational and Staff Development,Programme 2 Public Sector Organisational and Staff Development,Quarterly,Nyukela programme for Middle Management Services developed,Non-Standardized,Not  Applicable,"Priority 1: A Capable, Ethical and Developmental State","Governance, State Capacity and Institutional Development cluster",No target ,None ,None,None ,"Stakeholder consultation and
conceptual outline of the
programme completed","Course strategy developed in the previous quarter. 
 
The first draft developed online and consultation session/s hosted with representatives from different departments
",None,None,"Draft programme interventions
developed","The first draft developed in the previous quarter 
",None,None,"Nyukela programme for
Middle Management Services
developed",Nyukela programme for Middle Management Services developed,None ,None ,"Nyukela programme for
Middle Management Services
developed",-,"Nyukela programme for
Middle Management Services developed
",None ,None,,207
National School of Government,National School of Government,National,Programme 2 Public Sector Organisational and Staff Development,Programme 2 Public Sector Organisational and Staff Development,Quarterly,Percentage of partnerships and collaborations facilitated to support ETD interventions,Non-Standardized,Not  Applicable,"Priority 1: A Capable, Ethical and Developmental State",Governance and Administration cluster,No target ,None ,None,None ,"10% of partnerships and
collaborations facilitated to
support ETD interventions",10% of partnerships and collaborations facilitated to support ETD interventions,None ,None ,No target ,,,,"25% of partnerships and
collaborations facilitated to
support ETD interventions","83.5% of partnerships and collaborations facilitated to support ETD interventions
","Integrated project management approach employed for local partnership improved  collaborations with partners 
",None ,"25% of partnerships and
collaborations facilitated to
support ETD interventions",-,"79% (116/146) of partnerships and collaborations facilitated to support ETD interventions

This includes 5 international and 111 local partners 
",Integrated project management approach used for local partnership improved  collaborations with partners ,,,207
National School of Government,National School of Government,National,Programme 2 Public Sector Organisational and Staff Development,Programme 2 Public Sector Organisational and Staff Development,Quarterly,Performance management system for ETD practitioners piloted and implemented,Non-Standardized,Not  Applicable,"Priority 1: A Capable, Ethical and Developmental State","Governance, State Capacity and Institutional Development cluster","Performance Management
System piloting process for ETD
Practitioners completed",Performance Management system  piloting process for ETD Practitioners completed ,None ,None ,"Performance Management
System for ETD practitioners
implemented","Performance management system for ETD Practitioners implemented 
",None,None,"Performance Management
System for ETD practitioners
implemented","""Performance management system for ETD Practitioners implemented

1. Submitted the Digital Art of Facilitation programme (DAOF) moderated assessment results to facilitate ETDPSETA verification and certification
2. Facilitated approval for orientation and deployment of ETD practitioners that successfully completed the DAOF programme i.e onboarding.
3. Effected changes on the DAOF programme according to the pilot inputs.
4. Conducted research for benchmarking with ETD practices of other institutions for the continuous development of the ETD practitioner SOP ""
",None,None,"Performance Management
System for ETD practitioners
implemented","Performance management system for ETD Practitioners implemented 
",None ,None ,"Performance management
system for ETD Practitioners
piloted and implemented",-,"Performance management system for ETD Practitioners implemented 
Performance management system for ETD Practitioners implemented 
",None,None ,,207
National School of Government,National School of Government,National,Programme 2 Public Sector Organisational and Staff Development,Programme 2 Public Sector Organisational and Staff Development,Quarterly,Approved NSG accreditation status by accrediting bodies,Non-Standardized,Not  Applicable,"Priority 1: A Capable, Ethical and Developmental State",Governance and Administration cluster,"Facilitation of various
accreditation process as
required by the accrediting
bodies","Extension of accreditation with LGSETA, Service SETA, SASSETA and ETDP SETA –

-	Received the letter of extension of accreditation from SASSETA
until 30 June 2024.
-	Completed application forms for ETDPSETA. (Accreditation expired 31 March 2023).
-	Completed online application for LGSETA (accreditation expired: 31 March 2023).
-	Services SETA advised the NSG to apply for full qualifications (accreditation expired 30 June 2023) 
","The NQF landscape has undergone change which has implications for the NSG offerings.  The  QCTO has designed Occupational qualifications and part-qualifications which replaced most of the historical qualifications and unit standards which the NSG is accredited to offer. 

On 30 June 2023 SAQA de-registered all historical qualifications in terms of the Ministerial Determination  of the Qualifications Sub-Frameworks, no 44031. The NSG can only register the last cohort  of learners until 30 June 2024 where it has received extension of accreditation by the various SETAs. Therefore, the NSG must  apply for accreditation","The NSG has submitted applications for extension of accreditation to the various SETAs. The department is also working on the development of learning materials for occupational qualifications  to apply for accreditation by 31 March 2024. 

The NSG is engaged in checking the NQF for relevant qualifications that can replace the credit bearing unit standards","Facilitation of various
accreditation process as
required by the accrediting
bodies","""Reaccreditation of NSG facilitated  with various SETAs: 

-ETDP SETA for unit standard 244600: Disability Management in the Public Service.  (Phase A &B forms completed)
- Extension of scope approved by ETDPSETA.
- LGSETA re-accreditation renewed until 2024 ""
",None,None,"Facilitation of various
accreditation process as
required by the accrediting
bodies","""Facilitated accreditation process for the NSG to offer higher education qualification - The NSG received a letter granting approval and further pursuing accreditation with the Council on Higher Education.

Reaccreditation outcome letter from ETDPSETA for unit standard 244600""
",None,None,"Facilitation of various
accreditation process as
required by the accrediting
bodies","""The following progress was noted for the quarter under review:  
-	Prepared a report for Executive Management to guide the NSG on the QCTO accreditation requirements and timelines for the 4 qualifications to be considered for accreditation.  
Completed an application for accreditation of the NSG on the QCTO online application
-To ensure compliance with the Accrediting bodies'  requirements, the NSG prepared a letter notifying all NSG clients of the programmes' expiry dates and the registration dates for new learners. 
-	NSG attended the Skills Development Provider’s Accreditation Open Day Support in preparation for the accreditation of new programmes. ""
",None ,None ,"Accreditation processes
facilitated and managed to
maintain the status of the NSG
as an accredited training
provider",-,"Accreditation processes
facilitated and managed to
maintain the status of the NSG
as an accredited training provider
",None,None ,,207
National School of Government,National School of Government,National,Programme 2 Public Sector Organisational and Staff Development,Programme 2 Public Sector Organisational and Staff Development,Quarterly,Approved NSG accreditation status by accrediting bodies,Non-Standardized,Not  Applicable,"Priority 1: A Capable, Ethical and Developmental State",Governance and Administration cluster,"Manage various accreditation
process as required by the
accrediting bodies","To maintain  the accreditation of the NSG as an assessment centre, the NSG must demonstrate capacity to conduct EISA for  Occupational Certificate: Office Administrator:
Public Service Administrator ID 91994: 
The NSG coordinated the site verification visit conducted by the QCTO to  establish if the NSG has capacity and complies to its policies before EISA can be administered
",None ,None ,"Manage various accreditation
process as required by the
accrediting bodies","To maintain the accreditation status of NSG as an Assessment Centre:         

1.Meetings held with PSETA  to discuss the EISA project plan:  July  & August 2023
2.Review the blueprint for EISA & finalised the blueprint.
3.Scoping meeting for the design of labour """,None,None,"Manage various accreditation
process as required by the
accrediting bodies","Developed a report detailing how the expiring unit standards can be replaced with occupation qualifications and skills programs registered on the OQSF  
",None,None,"Manage various accreditation
process as required by the
accrediting bodies","""Notification for PSETA to conduct EISA at the NSG as an accredited assessment centre was received

Number of learners to sit for the EISA examination confirmed  ""
",None ,None ,"Accreditation processes
facilitated and managed to
maintain the status of the NSG
as an accredited training
provider",-,"Accreditation processes
facilitated and managed to
maintain the status of the NSG
as an accredited training provider
",None ,None ,,207
National School of Government,National School of Government,National,Programme 2 Public Sector Organisational and Staff Development,Programme 2 Public Sector Organisational and Staff Development,Quarterly,Number of programmes/ courses quality assured by the NSG Quality Assurance Committee,Non-Standardized,Not  Applicable,"Priority 1: A Capable, Ethical and Developmental State","Governance, State Capacity and Institutional Development cluster","2 programmes/courses quality
assured by the NSG Quality
Assurance Committee",No programmes/ courses quality assured by the NSG Quality Assurance Committee,"Two courses received for quality assurance did not meet the compliance requirements and were  returned to the Curriculum Chief Directorate for amendments.

The SOP requires the Directorate QA to check if the material is ready for quality assurance. In the case is not, material must be returned to the project manager outlining the gaps  identified for compliance","Written feedback was sent to the Curriculum  project manager

Follow up will be made to receive the complete submissions for quality assurance.","2 programmes/courses quality
assured by the NSG Quality
Assurance Committee","No programmes quality assured by the NSG Quality Assurance Committee
","Late submission of 3 courses/programmes in September
","The received courses will be processed in the next quarter 
","2 programmes/courses quality
assured by the NSG Quality
Assurance Committee","2 programmes/courses quality assured by the NSG Quality Assurance Committee
",None,None,"2 programmes/courses quality
assured by the NSG Quality
Assurance Committee","""6 programmes/ courses quality assured by the NSG Quality Assurance Committee

Cumulative 8 programmes are quality assured ""
","Most of the programmes were submitted for approval during the last quarter. 
",None ,"8 programmes/courses quality
assured by the NSG Quality
Assurance Committee",-,8 programmes/ courses quality assured by the NSG Quality Assurance Committee,None,None ,,207
National School of Government,National School of Government,National,Programme 2 Public Sector Organisational and Staff Development,Programme 2 Public Sector Organisational and Staff Development,Quarterly,Number of compulsory courses/programmes implemented,Non-Standardized,Not  Applicable,"Priority 1: A Capable, Ethical and Developmental State","Governance, State Capacity and Institutional Development cluster",No target ,None ,None ,None ,"4 compulsory courses/
programmes implemented","5 compulsory courses/ programmes implemented
","Demand and uptake of compulsory courses by departments
",None,No target,,,,"8 compulsory courses/
programmes implemented",8 compulsory courses/ programmes implemented,None ,None ,"8 compulsory courses/
programmes implemented",-,"8 compulsory courses/
programmes  implemented
",None ,None,,207
National School of Government,National School of Government,National,Programme 2 Public Sector Organisational and Staff Development,Programme 2 Public Sector Organisational and Staff Development,Quarterly,Number of learners trained on compulsory and demand-led ETD interventions ,Non-Standardized,Not  Applicable,"Priority 1: A Capable, Ethical and Developmental State",Governance and Administration cluster,"12 751 learners trained on
compulsory and demand- led
ETD interventions",8 439 learners trained on compulsory and demand- led ETD interventions,"Low uptake due to the start of the financial year, projected to improve in the subsequent quarters ",Market NSG courses to improve uptake in the subsequent quarters,"16 632 learners trained on
compulsory and demand- led
ETD interventions (cumulative)","15 090 learners trained on compulsory and demand-led ETD interventions
","There has been a challenge regarding a shortage of facilitators. Loadshedding has also had an impact on training which causes delays. The deviation was 9%  from the estimated target. 
","There will be a focus on increasing internal training capacity. The DPSA directive on compulsory training will play a role in increasing uptake that will contribute towards the improvement of training.
","23 582 learners trained on
compulsory and demand- led
ETD interventions (cumulative)","43 335 learners trained on compulsory and demand- led ETD interventions 
","The NSG experienced greater uptake of free courses amounting to 47% 
",None,"46 480 learners trained on
compulsory and demand- led
ETD interventions","85 690 learners trained on compulsory and demand- led ETD interventions
","There has been a large uptake of free courses in the financial year which resulted in high training numbers. 

These numbers are however preliminary pending financial reconciliation to be concluded in May 2024 
","Publish final training numbers in May to be audited by AG. 
","46 480 learners trained on
compulsory and demand- led
ETD interventions",-,"84 443 learners trained on
compulsory and demand-led
ETD interventions
",,,,207
National School of Government,National School of Government,National,Programme 2 Public Sector Organisational and Staff Development,Programme 2 Public Sector Organisational and Staff Development,Quarterly,Percentage increase of public servants in the public sector trained on how to deal with all forms of discrimination,Non-Standardized,Not  Applicable,"Priority 1: A Capable, Ethical and Developmental State","Governance, State Capacity and Institutional Development cluster",No target ,None ,None ,None ,"Status report of public servants
in the public sector trained on
how to deal with all forms of
discrimination","Status report developed of public servants in the public sector on how to deal with all forms of discrimination
",None,None,No target ,,,,"10% increase of public servant
in the public sector trained on
how to deal with all forms of
discrimination","""10% increase of public servants in the public sector trained on how to deal with all forms of discrimination not achieved 

Only 43% (27/62) of the SMS baseline was trained this financial year.""
","A  new baseline that consists of all public servants will only be published in the AR to be used in the next financial year 
","All training figures will be accounted for once we have revised baseline 
","10% increase of public servants
in the public sector trained on
how to deal with all forms of
discrimination",-,"10% increase of public servants in the public sector trained on how to deal with all forms of discrimination not attained 

Only 43% (27/62) of the SMS baseline was trained this financial year

In total, 886/1929 public servants trained on how to deal with all forms of discrimination 
",A new baseline consisting of all public servants will be used in the next financial year ,None ,,207
National School of Government,National School of Government,National,Programme 2 Public Sector Organisational and Staff Development,Programme 2 Public Sector Organisational and Staff Development,Quarterly,Number of ODeL courses/programmes/interventions responsive to identified skills gaps developed/reviewed,Non-Standardized,Not  Applicable,"Priority 1: A Capable, Ethical and Developmental State",Governance and Administration cluster,"A course development plan for
the identified online courses to
be developed/ reviewed",Course development plan for the 8 identified online courses for development in collaboration with Curriculum Support and Trainer Professionalisation,None ,None ,"2 of the 8 identified courses
developed/reviewed in line with
the course development plan","3 of 8 courses developed /reviewed courses in line with the course development plan:
1.Promoting economic growth through the District Development Model 
2.Executive Induction Programme 
3.Nyukela for MMS
",None,None,"5 of the 8 identified courses
developed/reviewed in line with
the course development plan
(cumulative)","""5 of the 8 identified courses developed/ reviewed in line with the course development plan

1. Promoting economic growth through the District Development Model 
2. Executive Induction Programme  
3. Nyukela for MMS
4. Nyukela for SMS (13-14)
5. Introduction to Financial Management and Budgeting     ""
",None,None,"8 identified courses developed/
reviewed in line with the course
development plan","8 identified courses developed/ reviewed in line with the course development plan
",None ,None ,"8 ODeL courses / programmes
/ interventions responsive
to identified skills gaps
developed/reviewed by 2023",-,8 identified courses developed/ reviewed in line with the course development plan,None ,None ,,207
National Treasury,National Treasury,National,Programme 1: Administration,Programme 1: Administration,Annually,1.1.2 Audit Opinion obtained,Not Applicable,Not  Applicable,Not Applicable,Not Applicable,,,,,,,,,,,,,"Unqualified audit opinion
with 15% fewer findings
than 2022/23 on financial
performance information

Unqualified audit opinion
with no audit findings on
non-financial performance
information",This information will only be available upon finalisation of the 2023/24 audit of financial and non financial performance information,,,"Unqualified audit opinion
with 15% fewer findings
than 2022/23 on financial
performance information

Unqualified audit opinion
with no audit findings on
non-financial performance
information",,,N/A,N/A,,207
National Treasury,National Treasury,National,Programme 1: Administration,Programme 1: Administration,Annually,1.1.3 Risk Management Maturity Assessment level achieved,Not Applicable,Not  Applicable,Not Applicable,Not Applicable,,,,,,,,,,,,,5,5,,,5,,5,N/A,N/A,,207
National Treasury,National Treasury,National,Programme 1: Administration,Programme 1: Administration,Quarterly,1.1.1 Percentage of ICT service delivery standards met,Not Applicable,Not  Applicable,Not Applicable,Not Applicable,93 %,93 %,N/A,N/A,93 %,93 %,N/A,N/A,93 %,95 %,Over-performance is attributed to the backup test restores that were conducted as part of business continuity. The backup success rate and the restore success rate improved the disaster recovery readiness performance.,N/A,93 %,94 %,Over-performance is attributed to the backup test restores that were conducted as part of business continuity. The backup success rate and the restore success rate improved the disaster recovery readiness performance.,N/A,93 %,94 %,94,Over-performance is attributed to the backup test restores that were conducted as part of business continuity. The backup success rate and the restore success rate improved the disaster recovery readiness performance.,N/A,,207
National Treasury,National Treasury,National,Programme 1: Administration,Programme 1: Administration,Quarterly,1.1.4 Percentage spend of training and development budget,Not Applicable,Not  Applicable,Not Applicable,Not Applicable,10 %,9.59 %,Under-performance is attributed to low demand for training in Quarter 1. ,The unit will continue marketing different training interventions across all targeted groups.,21 %,27 %,Over-performance is attributed to additional training programmes being delivered. ,N/A,21 %,40 %,Over-performance is attributed to additional programmes being delivered as part of training and development.,N/A,18 %,25 %,Over-performance is attributed to individual coaching for SMS members that took place during this period.,N/A,70 %,0 %,96,Over-performance is attributed to individual coaching for SMS members that took place during this period.,N/A,,207
National Treasury,National Treasury,National,Programme 1: Administration,Programme 1: Administration,Quarterly,1.1.5 Number of quarterly reports on the implementation of the action plan on gender mainstreaming produced,Not Applicable,Not  Applicable,Create a better South Africa and contribute to a better Africa and a better world,Governance and Administration cluster,1,1,N/A,N/A,1,1,N/A,N/A,1,1,N/A,N/A,1,1,N/A,N/A,4,1,4,,N/A,,207
National Treasury,National Treasury,National,"Programme 2: Economic Policy, Tax, Financial Regulation and Research","Programme 2: Economic Policy, Tax, Financial Regulation and Research",Annually,2.1.1 Number of research papers completed,Not Applicable,Not  Applicable,Priority 2: Economic Transformation And Job Creation,"The Economic Sectors, Employment and Infrastructure Development cluster",,,,,,,,,,,,,30,30,,,30,,30,N/A,N/A,,207
National Treasury,National Treasury,National,"Programme 2: Economic Policy, Tax, Financial Regulation and Research","Programme 2: Economic Policy, Tax, Financial Regulation and Research",Annually,2.1.2 Financial sector legislation drafted,Not Applicable,Not  Applicable,Not Applicable,Not Applicable,,,,,,,,,,,,,"Financial sector
legislation submitted
to Cabinet","Financial sector
legislation submitted to Cabinet
",,,"Financial sector
legislation submitted
to Cabinet",,"Financial
sector
legislation
submitted to
Cabinet",N/A,N/A,,207
National Treasury,National Treasury,National,"Programme 2: Economic Policy, Tax, Financial Regulation and Research","Programme 2: Economic Policy, Tax, Financial Regulation and Research",Quarterly,2.1.3 Legislation to give effect to tax proposals from the Budget drafted,Not Applicable,Not  Applicable,Not Applicable,Not Applicable,N/A,N/A,N/A,N/A,"Draft tax legislation
published","Draft tax legislation
published
",N/A,N/A,"Tax legislation
submitted for
tabling in
Parliament","Tax legislation
submitted for
tabling in
Parliament
",N/A,N/A,N/A,N/A,N/A,N/A,"Tax legislation
submitted for
tabling in Parliament",-,"Tax legislation submitted for tabling in
Parliament
",N/A,N/A,,207
National Treasury,National Treasury,National,"Programme 2: Economic Policy, Tax, Financial Regulation and Research","Programme 2: Economic Policy, Tax, Financial Regulation and Research",Quarterly,2.1.4 Number of economic forecasts developed,Not Applicable,Not  Applicable,Not Applicable,Not Applicable,1,1,N/A,N/A,1,1,N/A,N/A,1,1,N/A,N/A,1,1,N/A,N/A,4,1,4,N/A,N/A,,207
National Treasury,National Treasury,National,"Programme 2: Economic Policy, Tax, Financial Regulation and Research","Programme 2: Economic Policy, Tax, Financial Regulation and Research",Quarterly,2.1.5 Number of macro and microeconomic policy analysis and advice reports produced,Not Applicable,Not  Applicable,"Priority 1: A Capable, Ethical and Developmental State","The Economic Sectors, Employment and Infrastructure Development cluster",2,2,N/A,N/A,2,2,N/A,N/A,2,2,N/A,N/A,2,2,N/A,N/A,8,2,9,Over-performance is attributed to an increase in requests for macro and microeconomic policy analysis and advice reports.,N/A,,207
National Treasury,National Treasury,National,Programme 3: Public Finance and Budget Management,Programme 3: Public Finance and Budget Management,Annually,"3.1.11 Number of technical advisors placed at National Treasury, provincial treasuries and municipalities through the Municipal Finance Improvement Programme (MFIP)",Not Applicable,Not  Applicable,Not Applicable,Not Applicable,,,,,,,,,,,,,,,,,80,,75,Under-performance is attributed to the resignations received during the reporting period.,The MFIP PMU is in the process of procuring a panel from which rapid TA procurement and replacements can be sourced. The TAs will commence in Q1 of the 2024/25 FY.,,207
National Treasury,National Treasury,National,Programme 3: Public Finance and Budget Management,Programme 3: Public Finance and Budget Management,Annually,3.1.12 Value of grant funding disbursed (cumulative across the term of project),Not Applicable,Not  Applicable,Create a better South Africa and contribute to a better Africa and a better world,Governance and Administration cluster,,,,,,,,,,,,,7350000000,7190000000,,,7350000000,,719000000,Under-performance is attributed to Jobs Fund disbursements being impacted by lower economic growth and logistical disruptions to agricultural value chains. Catastrophic flooding during the latter part of the financial year had a material impact on the regionally based agricultural projects.,"The Jobs Fund has a performance monitoring and tracking framework in place. This includes conducting project site visits and quarterly project implementation review meetings. Disbursement of funds is stringently managed, and funds are only released when performance targets and project conditions are met.",,207
National Treasury,National Treasury,National,Programme 3: Public Finance and Budget Management,Programme 3: Public Finance and Budget Management,Annually,3.1.3 Number of reforms introduced to enhance provincial and local government fiscal frameworks,Not Applicable,Not  Applicable,Not Applicable,Not Applicable,,,,,,,,,,,,,3,3,,,3,,3,N/A,N/A,,207
National Treasury,National Treasury,National,Programme 3: Public Finance and Budget Management,Programme 3: Public Finance and Budget Management,Annually,3.1.4 Number of progress reports on the implementation of the township economic development strategies produced,Not Applicable,Not  Applicable,"Priority 1: A Capable, Ethical and Developmental State","The Economic Sectors, Employment and Infrastructure Development cluster",,,,,,,,,,,,,1,1,,,1,,1,N/A,N/A,,207
National Treasury,National Treasury,National,Programme 3: Public Finance and Budget Management,Programme 3: Public Finance and Budget Management,Annually,3.1.5 Percentage of infrastructure plans assessment reports reviewed,Not Applicable,Not  Applicable,"Priority 1: A Capable, Ethical and Developmental State","The Economic Sectors, Employment and Infrastructure Development cluster",,,,,,,,,100 %,100 %,,,,,,,100 %,,100,N/A,N/A,,207
National Treasury,National Treasury,National,Programme 3: Public Finance and Budget Management,Programme 3: Public Finance and Budget Management,Quarterly,3.1.1 Published budget legislation and documentation,Not Applicable,Not  Applicable,Not Applicable,Not Applicable,N/A,N/A,N/A,N/A,N/A,N/A,N/A,N/A,"Adjustments
Appropriation Bill,
AENE and MTBPS
published","Adjustments
Appropriation Bill,
AENE and MTBPS
published
",N/A,N/A,"Appropriation Bill, ENE
and Budget Review
published","Appropriation Bill, ENE
and Budget Review
published
",N/A,N/A,"Appropriation Bill,
ENE and Budget
Review published

Adjustments
Appropriation Bill,
AENE and MTBPS
published",-,"Appropriation Bill, ENE and
Budget Review published
Adjustments
Appropriation
Bill, AENE
and MTBPS
published
",N/A,N/A,,207
National Treasury,National Treasury,National,Programme 3: Public Finance and Budget Management,Programme 3: Public Finance and Budget Management,Quarterly,3.1.10 Number of quarterly expenditure reports submitted to the Standing Committee on Appropriations,Not Applicable,Not  Applicable,Not Applicable,Not Applicable,1,1,N/A,N/A,1,1,N/A,N/A,1,1,N/A,N/A,1,1,N/A,N/A,4,1,4,N/A,N/A,,207
National Treasury,National Treasury,National,Programme 3: Public Finance and Budget Management,Programme 3: Public Finance and Budget Management,Quarterly,3.1.2 Number of Division of Revenue and Division of Revenue Amendment Bills published annually,Not Applicable,Not  Applicable,Not Applicable,Not Applicable,0,0,N/A,N/A,0,0,N/A,N/A,1,1,N/A,N/A,1,1,N/A,N/A,2,1,2,N/A,N/A,,207
National Treasury,National Treasury,National,Programme 3: Public Finance and Budget Management,Programme 3: Public Finance and Budget Management,Quarterly,"3.1.6 Number of catalytic projects approved in spatially targeted areas within metropolitan cities, secondary cities and rural towns",Not Applicable,Not  Applicable,Not Applicable,Not Applicable,8,0,Underperformance is attributed to delays in preparation and submission by municipalities of implementation ready projects from the pipelines,Project selection and prioritisation process has been conducted with a select number of municipalities. Submissions of project proposals by the identified municipalities is expected from end August.,9,11,Over-performance is attributed to more implementation ready projects received for approval from municipalities.,N/A,9,0,Under performance is attributed to insufficient project information submitted by the municipalities for approval by the NDPP. The submitted projects were referred back to municipalities for further review. ,The division has engaged with the identified municipalities in order to improve the quality of submissions for Quarter 4.,9,29,N/A,N/A,35,29,40,Overperformance is attributed to more than originally anticipated implementation ready projects received from municipalities for approval.,N/A,,207
National Treasury,National Treasury,National,Programme 3: Public Finance and Budget Management,Programme 3: Public Finance and Budget Management,Quarterly,3.1.7 Number of quarterly financial reports published,Not Applicable,Not  Applicable,Not Applicable,Not Applicable,2,2,N/A,N/A,2,2,N/A,N/A,2,2,N/A,N/A,2,2,N/A,N/A,8,2,8,N/A,N/A,,207
National Treasury,National Treasury,National,Programme 3: Public Finance and Budget Management,Programme 3: Public Finance and Budget Management,Quarterly,3.1.8 Percentage of requests to draft mandatory financial recovery plans responded to within 90 days of receipt,Not Applicable,Not  Applicable,"Priority 1: A Capable, Ethical and Developmental State","The Economic Sectors, Employment and Infrastructure Development cluster",100 %,100 %,N/A,N/A,100 %,100 %,N/A,N/A,100 %,100 %,N/A,N/A,100 %,100 %,N/A,N/A,100 %,100 %,33.33,"Under-performance is attributed to the delays in the finalisation of the FRPs due to the following:
-	Cancellations and postponement of consultative meetings due to unavailability of relevant stakeholders including Councils;
-	Delays in submission of information required to finalise the FRPs; and
-	Delays in the publication of draft FRPs into the local newspapers due to budget constraints experienced by municipalities.
",All the FRPs were finalised subsequent to the 90 day period.,,207
National Treasury,National Treasury,National,Programme 3: Public Finance and Budget Management,Programme 3: Public Finance and Budget Management,Quarterly,3.1.9 Percentage of Cabinet memos received commented on,Not Applicable,Not  Applicable,Not Applicable,Not Applicable,100 %,100 %,N/A,N/A,100 %,100 %,N/A,N/A,100 %,99 %,Underperformance is attributed to  one cabinet memorandum not been timeously comment on due to delays in processing.,The divisional monitoring system has been further strengthen with additional levels of controls ,100 %,100 %,N/A,N/A,100 %,100 %,99.5,Underperformance is attributed to one cabinet memorandum not been timeously comment on due to delays in processing.,The divisional monitoring system has been further strengthened with additional levels of control.,,207
National Treasury,National Treasury,National,Programme 4: Asset and Liability Management,Programme 4: Asset and Liability Management,Quarterly,4.1.1 Percentage of complete corporate plans received from Schedule 2 and 3B public entities reviewed,Not Applicable,Not  Applicable,"Priority 1: A Capable, Ethical and Developmental State","The Economic Sectors, Employment and Infrastructure Development cluster",100 %,100 %,N/A,N/A,100 %,100 %,N/A,N/A,100 %,100 %,N/A,N/A,100 %,100 %,N/A,N/A,100 %,100 %,100,N/A,N/A,,207
National Treasury,National Treasury,National,Programme 4: Asset and Liability Management,Programme 4: Asset and Liability Management,Quarterly,4.1.2 Percentage of annual reports received from Schedule 2 and 3B public entities reviewed,Not Applicable,Not  Applicable,"Priority 1: A Capable, Ethical and Developmental State","The Economic Sectors, Employment and Infrastructure Development cluster",100 %,100 %,N/A,N/A,100 %,100 %,N/A,N/A,100 %,100 %,N/A,N/A,100 %,100 %,N/A,N/A,100 %,100 %,100,N/A,N/A,,207
National Treasury,National Treasury,National,Programme 4: Asset and Liability Management,Programme 4: Asset and Liability Management,Quarterly,"4.1.3 Percentage of complete PFMA Section 51(g), 52, 54(2), 55, and 92 applications received from Schedule 2 and 3B public entities reviewed",Not Applicable,Not  Applicable,"Priority 1: A Capable, Ethical and Developmental State","The Economic Sectors, Employment and Infrastructure Development cluster",100 %,100 %,N/A,N/A,100 %,100 %,N/A,N/A,100 %,100 %,N/A,N/A,100 %,100 %,N/A,N/A,100 %,100 %,100,N/A,N/A,,207
National Treasury,National Treasury,National,Programme 4: Asset and Liability Management,Programme 4: Asset and Liability Management,Quarterly,4.1.4 Percentage of complete review requests of borrowing limit applications relating to Schedule 2 and 3B public entities reviewed,Not Applicable,Not  Applicable,"Priority 1: A Capable, Ethical and Developmental State","The Economic Sectors, Employment and Infrastructure Development cluster",100 %,100 %,N/A,N/A,100 %,100 %,N/A,N/A,100 %,100 %,N/A,N/A,100 %,100 %,N/A,N/A,100 %,100 %,100,N/A,N/A,,207
National Treasury,National Treasury,National,Programme 4: Asset and Liability Management,Programme 4: Asset and Liability Management,Quarterly,4.1.5 Percentage of complete guarantee applications received from Schedule 2 and 3B public entities reviewed,Not Applicable,Not  Applicable,"Priority 1: A Capable, Ethical and Developmental State","The Economic Sectors, Employment and Infrastructure Development cluster",100 %,100 %,N/A,N/A,100 %,100 %,N/A,N/A,100 %,100 %,N/A,N/A,100 %,100 %,N/A,N/A,100 %,100 %,100,N/A,N/A,,207
National Treasury,National Treasury,National,Programme 4: Asset and Liability Management,Programme 4: Asset and Liability Management,Quarterly,4.1.6 Percentage of annual gross borrowing requirement met in compliance to the risk benchmarks,Not Applicable,Not  Applicable,"Priority 1: A Capable, Ethical and Developmental State","The Economic Sectors, Employment and Infrastructure Development cluster",100 %,100 %,N/A,N/A,100 %,100 %,N/A,N/A,100 %,100 %,N/A,N/A,100 %,100 %,N/A,N/A,100 %,100 %,100,N/A,N/A,,207
National Treasury,National Treasury,National,Programme 5: Financial Accounting and Supply Chain Management Systems,Programme 5: Financial Accounting and Supply Chain Management Systems,Annually,5.1.1 Percentage of norms and standards developed,Not Applicable,Not  Applicable,"Priority 1: A Capable, Ethical and Developmental State","The Economic Sectors, Employment and Infrastructure Development cluster",,,,,,,,,,,,,100 %,100 %,,,100 %,,100,N/A,N/A,,207
National Treasury,National Treasury,National,Programme 5: Financial Accounting and Supply Chain Management Systems,Programme 5: Financial Accounting and Supply Chain Management Systems,Annually,5.1.12 Procurement legislation developed,Not Applicable,Not  Applicable,"Priority 1: A Capable, Ethical and Developmental State","The Economic Sectors, Employment and Infrastructure Development cluster",,,,,,,,,,,,,"Draft Public
Procurement
Regulations
produced","Draft Public
Procurement
Regulations not produced",,,"Draft Public
Procurement
Regulations
produced",,"Draft Public
Procurement
Regulations not produced
",.Underperformance is attributed to the process of drafting regulations to the Public Procurement Bill being a multiyear project that depends on the adoption of the Bill into an Act of Parliament. ,The Draft Public Procurement Regulations are envisaged to be drafted in 2024/25.,,207
National Treasury,National Treasury,National,Programme 5: Financial Accounting and Supply Chain Management Systems,Programme 5: Financial Accounting and Supply Chain Management Systems,Annually,5.1.4 Percentage availability of transversal systems,Not Applicable,Not  Applicable,Not Applicable,Not Applicable,,,,,,,,,,,,,98 %,100 %,,,98 %,,100,"Over-performance is attributed to the transversal systems remaining stable throughout the financial year, providing a predictable and reliable processing environment to all mainframe clients.",N/A,,207
National Treasury,National Treasury,National,Programme 5: Financial Accounting and Supply Chain Management Systems,Programme 5: Financial Accounting and Supply Chain Management Systems,Quarterly,5.1.10 Number of transversal term contracts implemented,Not Applicable,Not  Applicable,Not Applicable,Not Applicable,3,17,Over-performance is attributed to the office’s SCM policy not being approved timeously which resulted on the extension of contracts.,N/A,3,8,Over-performance is attributed to the initiation of planned contracts ahead of schedule and the decision to extend contracts that were expiring as an alternative sourcing strategy.,N/A,4,13,Over-performance is attributed to the initiation of planned contracts ahead of schedule and the decision to extend contracts that were expiring as an alternative sourcing strategy.,N/A,3,4,Over-performance is attributed to the initiation of planned contracts ahead of schedule and the decision to extend contracts that were expiring as an alternative sourcing strategy.,N/A,13,4,40,Over-performance is attributed to the initiation of planned contracts ahead of schedule and the decision to extend contracts that were expiring as an alternative sourcing strategy.,N/A,,207
National Treasury,National Treasury,National,Programme 5: Financial Accounting and Supply Chain Management Systems,Programme 5: Financial Accounting and Supply Chain Management Systems,Quarterly,5.1.11 Percentage implementation of the strategic sourcing opportunities plan,Not Applicable,Not  Applicable,Not Applicable,Not Applicable,100 %,78 %,Under-performance is attributed to the delays in finalising the Terms of Reference (TOR) which contributed to required approval not being obtained.,"The TOR was received from NT ICT end of June 2023 and the submission to CD, CPO and ADG for approval is underway. ",100 %,73 %,"Under-performance is attributed to the following:
-	Online booking tool
Delayed finalisation of the terms of reference (TOR) due to SCM consultations required.
-	Policy development

Delayed finalisation of first draft of the green procurement paper due to greater consultations required. ",The TOR is currently in the approval process and the draft of the green procurement paper has been submitted for internal review.  ,100 %,75 %,Underperformance is attributed to a delay in the approval process ,It is envisaged that the next phase of the online booking tool project will be approved in quarter 4.,100 %,80 %,Underperformance is attributed to the consideration of the online booking tool project given proposed budget adjustments.,Effect of budget adjustments are being deliberated on within the department’s internal process.,100 %,80 %,82,Underperformance is attributed to the uncertainty of the online booking tool project’s continuity as a result of the proposed budget adjustments.,Effect of budget adjustments are being deliberated on within the department's internal process.,,207
National Treasury,National Treasury,National,Programme 5: Financial Accounting and Supply Chain Management Systems,Programme 5: Financial Accounting and Supply Chain Management Systems,Quarterly,5.1.2 Number of governance reports produced,Not Applicable,Not  Applicable,Not Applicable,Not Applicable,6,5,Under-performance is attributed to the report not being finalised due to the client’s unavailability to provide inputs. ,The stakeholders have been engaged and the final report will be submitted in Quarter 2.,8,19,Over-performance is attributed to an increased number of governance matters identified to improve financial management governance and compliance.,N/A,10,15,Over-performance is attributed to an increased number of governance matters identified to improve financial management governance and compliance.,N/A,8,15,Over-performance is attributed to an increased number of governance matters identified to improve financial management governance and compliance.,N/A,32,15,58,Over-performance is attributed to an increased number of governance matters identified to improve financial management governance and compliance.,N/A,,207
National Treasury,National Treasury,National,Programme 5: Financial Accounting and Supply Chain Management Systems,Programme 5: Financial Accounting and Supply Chain Management Systems,Quarterly,5.1.3 Number of public finance management capacity development programmes progress reports produced,Not Applicable,Not  Applicable,Not Applicable,Not Applicable,4,5,Over-performance is attributed to an increased demand for capacity development programmes to strengthen the implementation of both MFMA and PFMA reforms by public institutions.,N/A,5,5,N/A,N/A,5,5,N/A,N/A,8,11,Over-performance is attributed to an increased demand for capacity development programmes to strengthen the implementation of both MFMA and PFMA reforms by public institutions.,N/A,22,11,20,Under-performance is attributed to a decrease in the number of training requests received.,N/A,,207
National Treasury,National Treasury,National,Programme 5: Financial Accounting and Supply Chain Management Systems,Programme 5: Financial Accounting and Supply Chain Management Systems,Quarterly,5.1.5 Number of statutory reports produced,Not Applicable,Not  Applicable,Not Applicable,Not Applicable,5,5,N/A,N/A,5,5,N/A,N/A,5,5,N/A,N/A,5,6,Over-performance is attributed to enhanced efficiency in producing reports to improve financial management statutory compliance across all spheres and entities in government.,N/A,20,6,18,Under-performance is attributed to delayed finalisation of the statutory reports due to inputs required.,Measures have been put in place to ensure finalisation of reports within the required time frames.,,207
National Treasury,National Treasury,National,Programme 5: Financial Accounting and Supply Chain Management Systems,Programme 5: Financial Accounting and Supply Chain Management Systems,Quarterly,5.1.6 Implementation of the IFMS II plan,Not Applicable,Not  Applicable,Not Applicable,Not Applicable,"Readiness
Assessment for
system on-boarding
completed","Readiness
Assessment for
system on-boarding not completed
",Underperformance is attributed to the dependency on the procurement of a service provider and the consideration of the cloud solution through an RFI process. ,"Review of the RFI response is currently underway, the outcome of the evaluation will determine the procurement strategy for the IFMS. ","e-Recruitment
module Systems
Configuration
at 4 selected
departments
completed","e-Recruitment
module Systems
Configuration
at 4 selected
departments
not completed
",Under-performance is attributed to the key programme activities having been put on hold following a preliminary report on IFMS by SIU indicating the possibility of setting aside the IFMS contract. ,NT is currently addressing the SIU report and making additional submissions for consideration before the SIU report is finalised.,"Training on
e-Recruitment
module
at 4 selected
departments
conducted","Training on
e-Recruitment
module
at 4 selected
departments not
conducted
",Under-performance is attributed to the key programme activities having been put on hold following a preliminary report on IFMS by SIU ,NT is currently addressing the draft SIU report and has made submissions to the SIU in this regard.,"Roll-out of
e-Recruitment
module at
4 selected
departments

IFMS system
developed","Roll-out of
e-Recruitment
module at
4 selected
departments not done
IFMS system
not developed
",Under-performance is attributed to the key programme activities that have been put on hold following a preliminary report on IFMS by SIU.,NT is currently addressing the draft SIU report and has made submissions to the SIU in this regard.,"Roll-out of
e-Recruitment
module at
4 selected
departments

IFMS system
developed",-,"Roll-out of
e-Recruitment
module at
4 selected
departments not achieved
IFMS system not 
developed
",Under-performance is attributed to the key programme activities having been put on hold following a preliminary report on IFMS by SIU.,NT is currently addressing the draft SIU report and has made submissions to the SIU in this regard. ,,207
National Treasury,National Treasury,National,Programme 5: Financial Accounting and Supply Chain Management Systems,Programme 5: Financial Accounting and Supply Chain Management Systems,Quarterly,5.1.7 Number of quarterly compliance reports produced,Not Applicable,Not  Applicable,Not Applicable,Not Applicable,1,1,N/A,N/A,1,1,N/A,N/A,1,1,N/A,N/A,1,1,N/A,N/A,4,1,4,N/A,N/A,,207
National Treasury,National Treasury,National,Programme 5: Financial Accounting and Supply Chain Management Systems,Programme 5: Financial Accounting and Supply Chain Management Systems,Quarterly,5.1.8 Percentage of approved SCM directives,Not Applicable,Not  Applicable,Not Applicable,Not Applicable,100 %,100 %,N/A,N/A,100 %,100 %,N/A,N/A,100 %,100 %,N/A,N/A,100 %,100 %,N/A,N/A,100 %,100 %,100,N/A,N/A,,207
National Treasury,National Treasury,National,Programme 5: Financial Accounting and Supply Chain Management Systems,Programme 5: Financial Accounting and Supply Chain Management Systems,Quarterly,5.1.9 Number of progress reports on SCM institutional support programme conducted,Not Applicable,Not  Applicable,"Priority 1: A Capable, Ethical and Developmental State","The Economic Sectors, Employment and Infrastructure Development cluster",1,1,N/A,N/A,1,1,N/A,N/A,1,1,N/A,N/A,1,1,N/A,N/A,4,1,3,Underperformance is attributed to delays in the signing-off of progress report due to greater internal engagements required. ,Measures have been put in place to ensure finalisation of internal engagements within the required timeframes.,,207
National Treasury,National Treasury,National,Programme 6: International Financial Relations,Programme 6: International Financial Relations,Annually,6.1.2 Number of advocacy forums hosted for uptake of development finance,Not Applicable,Not  Applicable,Priority 2: Economic Transformation And Job Creation,"The Economic Sectors, Employment and Infrastructure Development cluster",,,,,,,,,,,,,2,2,,,2,,2,N/A,N/A,,207
National Treasury,National Treasury,National,Programme 6: International Financial Relations,Programme 6: International Financial Relations,Annually,6.1.3 Number of country partnership framework progress reports produced,Not Applicable,Not  Applicable,Not Applicable,Not Applicable,,,,,,,,,,,,,2,2,,,2,,2,N/A,N/A,,207
National Treasury,National Treasury,National,Programme 6: International Financial Relations,Programme 6: International Financial Relations,Annually,6.1.5 Number of analysis reports on the outcomes of South Africa’s engagements in regional and global forums produced,Not Applicable,Not  Applicable,Priority 2: Economic Transformation And Job Creation,"The Economic Sectors, Employment and Infrastructure Development cluster",,,,,,,,,,,,,,,,,1,,1,N/A,N/A,,207
National Treasury,National Treasury,National,Programme 6: International Financial Relations,Programme 6: International Financial Relations,Quarterly,6.1.1 Percentage of economic surveillance reports responded to,Not Applicable,Not  Applicable,Not Applicable,Not Applicable,100 %,100 %,N/A,N/A,100 %,100 %,N/A,N/A,100 %,100 %,N/A,N/A,100 %,100 %,N/A,N/A,100 %,100 %,100,N/A,N/A,,207
National Treasury,National Treasury,National,Programme 6: International Financial Relations,Programme 6: International Financial Relations,Quarterly,6.1.4 Number of engagement strategies and priorities developed,Not Applicable,Not  Applicable,"Priority 1: A Capable, Ethical and Developmental State","The Economic Sectors, Employment and Infrastructure Development cluster",1,1,N/A,N/A,0,0,N/A,N/A,0,0,N/A,N/A,1,2,Over-performance is attributed to the IMF third chair strategy being approved earlier that anticipated.,N/A,2,2,3,Over-performance is attributed to the IMF third chair strategy being approved earlier that anticipated. ,N/A,,207
National Treasury,National Treasury,National,Programme 6: International Financial Relations,Programme 6: International Financial Relations,Quarterly,6.1.6 Percentage of policy positions developed,Not Applicable,Not  Applicable,Priority 2: Economic Transformation And Job Creation,"The Economic Sectors, Employment and Infrastructure Development cluster",100 %,100 %,N/A,N/A,100 %,100 %,N/A,N/A,100 %,100 %,N/A,N/A,100 %,100 %,N/A,N/A,100 %,100 %,100,N/A,N/A,,207
National Treasury,National Treasury,National,"Programme 7: Civil and Military Pensions, Contributions to Funds and Other Benefits","Programme 7: Civil and Military Pensions, Contributions to Funds and Other Benefits",Annually,7.1.2 Percentage reduction of fraudulent claims,Not Applicable,Not  Applicable,Not Applicable,Not Applicable,,,,,,,,,,,,,98 %,99.99 %,,,98 %,,99.99,Over-performance is attributed to proactive review and checking of benefit claims with the help of Forensic unit marriage and beneficiary validations.,N/A,,207
National Treasury,National Treasury,National,"Programme 7: Civil and Military Pensions, Contributions to Funds and Other Benefits","Programme 7: Civil and Military Pensions, Contributions to Funds and Other Benefits",Quarterly,7.1.1 Percentage of benefits validated paid within liable dates,Not Applicable,Not  Applicable,Not Applicable,Not Applicable,99 %,100 %,Over-performance is attributed to continuous monitoring of production statistics and maintain the momentum of the team performance.,N/A,99 %,100 %,Over-performance is attributed to continuous monitoring of production statistics and maintaining the momentum of the team performance.,N/A,99 %,100 %,Over-performance is attributed to continuous monitoring of production statistics and maintain the momentum of the team performance.,N/A,99 %,100 %,Over-performance is attributed to continuous monitoring of production statistics and maintain the momentum of the team performance.,N/A,99 %,100 %,100,Over-performance is attributed to continuous monitoring of production statistics and maintain the momentum of the team performance.,N/A,,207
National Treasury,National Treasury,National,"Programme 7: Civil and Military Pensions, Contributions to Funds and Other Benefits","Programme 7: Civil and Military Pensions, Contributions to Funds and Other Benefits",Quarterly,7.1.3 Percentage integrity of client data,Not Applicable,Not  Applicable,Not Applicable,Not Applicable,99 %,99.99 %,"Over-performance is attributed to continuous monitoring of programme membership, identifying exceptions and addressing them promptly.",N/A,99 %,99.99 %,"Over-performance is attributed to continuous monitoring of programme membership, identifying exceptions and addressing them promptly.",N/A,99 %,99.99 %,"Over-performance is attributed to continuous monitoring of programme membership, identifying exceptions and addressing them promptly.",N/A,99 %,99.99 %,"Over-performance is attributed to continuous monitoring of programme membership, identifying exceptions and addressing them promptly.",N/A,99 %,0 %,99.99,"Over-performance is attributed to continuous monitoring of programme membership, identifying exceptions and addressing these promptly.",N/A,,207
