Sector,Institution,Programme,SubProgramme,Location,Frequency,Indicator,Type,SubType,Outcome,Cluster,Target_Q1,ActualOutput_Q1,ReasonforDeviation_Q1,CorrectiveAction_Q1,Target_Q2,ActualOutput_Q2,ReasonforDeviation_Q2,CorrectiveAction_Q2,Target_Q3,ActualOutput_Q3,ReasonforDeviation_Q3,CorrectiveAction_Q3,Target_Q4,ActualOutput_Q4,ReasonforDeviation_Q4,CorrectiveAction_Q4,AnnualTarget_Summary2,Preliminary_Summary2,PrelimaryAudited_Summary2,ReasonforDeviation_Summary,CorrectiveAction_Summary,ValidatedAudited_Summary2,DesiredPerformance,UID
Cooperate Governance,Cooperative Governance,National,Programme 1: Administration,Programme 1: Administration,Quarterly,1.1 Percentage implementation of approved CSIP to improve performance.,Non-Standardized,Not  Applicable,"Priority 1: A Capable, Ethical and Developmental State","Governance, State Capacity and Institutional Development cluster",No Target,N/A,N/A,N/A,"90%
implementation
of the quarterly
planned target
by 30 September","Not Achieved 

80% implementation of the quarterly planned target was achieved by 30 September 2024
","•	An error was made in submitting the Revised Legislative Toolkit to DG instead of EXCO.
•	Calculating the scanned and digitised documents from January 2024 instead of April 2024, which is the beginning of the financial year. 
•	The Department had to conduct additional projects that were undertaken on the process of the structure review which were not on the project plan approved by the DG.
","  •	The Legislative Toolkit will be presented to EXCO in November 2024.  
•	CSIP targets relating to accounting for scanning and check in (digitize) records to be reviewed due to limited capacity in the Department to achieve 100% performance. 
•	There will also be adjustments in line with project plan approved by DG on the review of the organisational structure. 
","90%
implementation
of the quarterly
planned target
by 31 December
2024","Achieved

100% implementation of the quarterly CSIP planned targets achieved by 31 December 2024.
",The deviation is due to a high number of Workplace Skills Development training programmes implemented and Communications campaigns covered.  ,No corrective action will be taken for the deviation as achievements were based on the catch-up plans on targets not achieved during Quarter 2.,"100%
implementation
of approved
CSIP by 31
March 2025","Not Achieved
90% of the planned CSIP targets were implemented by 31 March 2025.
",Delays in finalising the macro structure.,The macro structure has since been finalised and submitted to the Minister for consideration.,"100%
implementation
of approved
CSIP by 31
March 2025",-,,,,,,225
Cooperate Governance,Cooperative Governance,National,Programme 1: Administration,Programme 1: Administration,Quarterly,1.1(Rev) Percentage implementation of approved CSIP to improve performance.,Non-Standardized,Not  Applicable,"Priority 1: A Capable, Ethical and Developmental State","The Economic Sectors, Employment and Infrastructure Development cluster",,,,,,,,,"0
",,,,"0
",,,,"0
",-,,,,,100% of targets achieved for the financial year.,225
Cooperate Governance,Cooperative Governance,National,Programme 1: Administration,Programme 1: Administration,Quarterly,1.2 (Rev) Unqualified Audit opinion,Non-Standardized,Not  Applicable,"Priority 1: A Capable, Ethical and Developmental State","The Economic Sectors, Employment and Infrastructure Development cluster",,,,,,,,,"0
",,,,"0
",,,,"0
",-,,,,,Unqualified Audit Opinion ,225
Cooperate Governance,Cooperative Governance,National,Programme 1: Administration,Programme 1: Administration,Quarterly,1.2 Unqualified Audit opinion,Non-Standardized,Not  Applicable,"Priority 1: A Capable, Ethical and Developmental State","Governance, State Capacity and Institutional Development cluster","Unaudited
Annual Financial
Statements
(AFS) submitted
to National
Treasury/AGSA
by 31 May 2024","Achieved

Unaudited Annual Financial
Statements (AFS) were submitted to National Treasury/AGSA by 31 May 2024.
",N/A,N/A,"•Unqualified
Audit opinion
by 31 July
2024
• Q1 IFS
Submitted
to National
Treasury by
31 July 2024","Achieved

•	Obtained an unqualified audit opinion by 31 July 2024.
•	Q1 IFS were submitted to the National Treasury by 31 July 2024.
","N/A
","N/A
","Q2 IFS
Submitted to
National Treasury
by 31 October
2024","Achieved

Q2 IFS were submitted to National Treasury by 31 October 2024.",N/A,N/A,"Q3 IFS
Submitted to
National Treasury
by 31 January
2025","Achieved
Q3 IFS were submitted to National Treasury by 31 January 2025.
",N/A,N/A,"Unqualified Audit
opinion by 31 July
2025",-,,,,,,225
Cooperate Governance,Cooperative Governance,National,Programme 1: Administration,Programme 1: Administration,Quarterly,1.3 Percentage procurement spent on entities owned by women,Standardized,Not  Applicable,"Priority 1: A Capable, Ethical and Developmental State","Governance, State Capacity and Institutional Development cluster","5% procurement
spent on entities
owned by
women by 30
June 2024","Achieved

17% of procurement was spent on entities owned by women by 30 June 2024.
",A significant number of responses to requests for quotations from entities owned by women led to the target being exceeded by 12%.,"There is no corrective measure, as the target is dependent on the responsiveness of service providers during procurement. ","15%
procurement
spent on entities
owned by
women by 30
September 2024","Achieved

15.34% of procurement was spent on entities owned by women by 30 September 2024.
",A positive response to requests for quotations from entities owned by women led to the target being exceeded by 0.34%.,"There is no corrective measure, as the target is dependent on the responsiveness of service providers during procurement. 
","25%
procurement
spent on entities
owned by
women by 31
December 2024","Not Achieved 

18 % of procurement was spent on entities owned by women by 31 December 2024.","A high value of invoices was received and paid to entities that are not owned by women, leading to the target not being achieved by 7%.",There is no corrective measure as the target is dependent on the invoices received and payments made to service providers. ,"40%
procurement
spent on
entities owned
by women by 31
March 2025","Not Achieved
23,27% procurement spent on entities owned by women by 31 March 2025.
","The target is dependent on the outcome of the bidders having responded, and payments effected on the contracts awarded.","The target has been reviewed for the 2025/26 financial year, and it will be based on the amount awarded. In addition, SCM is  in a process of developing the Procurement Framework aimed at targeting designated groups.","40%
procurement
spent on entities
owned by
women by 31
March 2025",-,,,,,,225
Cooperate Governance,Cooperative Governance,National,Programme 1: Administration,Programme 1: Administration,Quarterly,1.3(Rev) Percentage procurement spent on entities owned by women,Non-Standardized,Not  Applicable,"Priority 1: A Capable, Ethical and Developmental State","The Economic Sectors, Employment and Infrastructure Development cluster",,,,,,,,,"
0
",,,,"0
",,,,"
0
",-,,,,,Participation of women-owned suppliers in the procurement of goods and services.,225
Cooperate Governance,Cooperative Governance,National,Programme 1: Administration,Programme 1: Administration,Quarterly,1.4 (Rev) Percentage procurement spent on entities owned by youth,Non-Standardized,Not  Applicable,Priority 2: Economic Transformation And Job Creation,"The Economic Sectors, Employment and Infrastructure Development cluster",,,,,,,,,"0
",,,,"0
",,,,"
0",-,,,,,Participation of youth-owned suppliers in the procurement of goods and services.,225
Cooperate Governance,Cooperative Governance,National,Programme 1: Administration,Programme 1: Administration,Quarterly,1.4 Percentage procurement spent on entities owned by youth,Standardized,Not  Applicable,"Priority 1: A Capable, Ethical and Developmental State","Governance, State Capacity and Institutional Development cluster","5% procurement
spend on entities
owned by youth
by 30 June 2024","Achieved

15% of procurement was spent on entities owned by youth by 30 June 2024.
",A significant number of responses to requests for quotations from entities owned by youth led to the target being exceeded by 10%.,"There is no corrective measure, as the target is dependent on the responsiveness of service providers during procurement. ","10%
procurement
spent on entities
owned by youth
by 30 September
2024","Achieved

10.29% of procurement was spent on entities owned by youth by 30 September 2024.
",A positive response to requests for quotations from entities owned by youth led to the target being exceeded by 0.29%.,"There is no corrective measure, as the target is dependent on the responsiveness of service providers during procurement. 
","20%
procurement
spent on entities
owned by youth
by 31 December
2024","Not Achieved 

17 % of procurement was spent on entities owned by youth by 31 December 2024.","A high value of invoices was received and paid to entities that are not owned by youth, leading to the target not being achieved by 3%.",There is no corrective measure as the target is dependent on the invoices received and payments made to service providers. ,"30%
procurement
spent on entities
owned by youth
by 31 March
2025","Not Achieved
21,92% procurement spent on entities owned by youth by 31 March 2025.
","The target is dependent on the outcome of the bidders having responded, and payments effected on the contracts awarded.","The target has been reviewed for the 2025/26 financial year, and it will be based on the amount awarded. In addition, SCM is  in a process of developing the Procurement Framework aimed at targeting designated groups.","30%
procurement
spent on entities
owned by youth
by 31 March
2025",-,,,,,,225
Cooperate Governance,Cooperative Governance,National,Programme 1: Administration,Programme 1: Administration,Quarterly,1.5 (Rev) Percentage procurement spent on entities owned by persons with disabilities,Non-Standardized,Not  Applicable,Priority 2: Economic Transformation And Job Creation,"The Economic Sectors, Employment and Infrastructure Development cluster",,,,,,,,,0,,,,0,,,,0,-,,,,,Participation of persons with disabilities-owned suppliers in the procurement of goods and services.,225
Cooperate Governance,Cooperative Governance,National,Programme 1: Administration,Programme 1: Administration,Quarterly,1.5 Percentage procurement spent on entities owned by persons with disabilities,Standardized,Not  Applicable,"Priority 1: A Capable, Ethical and Developmental State","Governance, State Capacity and Institutional Development cluster","2% procurement
spent on entities
owned by
persons with
disabilities by 30
June 2024","Achieved

18% of procurement was spent on entities owned by persons with disabilities by 30 June 2024.
",A significant number of responses to requests for quotations from entities owned by people with disabilities led to the target being exceeded by 16%.,"There is no corrective measure, as the target is dependent on the responsiveness of service providers during procurement. ","4% procurement
spent on entities
owned by
persons with
disabilities by 30
September 2024","Achieved

4.12% of procurement was spent on entities owned by persons with disabilities by 30 September 2024.
",A positive response to requests for quotations from entities owned by persons with disabilities led to the target being exceeded by 0.12%.,"There is no corrective measure, as the target is dependent on the responsiveness of service providers during procurement.
","6% procurement
spent on entities
owned by
persons with
disabilities by 31
December 2024","Not Achieved 

5 % of procurement was spent on entities owned by persons with disabilities by 31 December 2024.","A high value of invoices was received and paid to entities that are not owned by persons with disabilities, leading to the target not being achieved by 1%.","There is no corrective measure, as the target is dependent on the invoices received and payments made to service providers. ","7% procurement
spent on entities
owned by
persons with
disabilities by 31
March 2025","13,41% procurement spent on entities owned by persons with disabilities by 31 March 2025.","A significant number of responses to requests for quotations from entities owned by people with disabilities led to the target being exceeded by 6,41%.",There is no corrective measure as the target is dependent on the responsiveness of service providers during procurement. ,"7% procurement
spent on entities
owned by
persons with
disabilities by 31
March 2025",-,,,,,,225
Cooperate Governance,Cooperative Governance,National,Programme 1: Administration,Programme 1: Administration,Quarterly,1.6 Percentage procurement spent on entities who are Level 1 B-BBEE contributors,Non-Standardized,Not  Applicable,"Priority 1: A Capable, Ethical and Developmental State","Governance, State Capacity and Institutional Development cluster","80%
procurement
spent on entities
who are Level
1 B-BBEE
contributors by
30 June 2024","Not Achieved 

22% of procurement was spent on entities that are Level 1 B-BBEE contributors by 30 June 2024.
",It was observed that the response from level 1 companies for big contracts is low.,Consider revising this indicator and targets when the Department is granted an opportunity to review its 2024/25 APP.,"80%
procurement
spent on entities
who are Level
1 B-BBEE
contributors by
30 September
2024","Not Achieved

65% of procurement was spent on entities that are Level 1 B-BBEE contributors by 30 September 2024.
","It was observed that the response from level 1 companies for big contracts is low. 
","This indicator will no longer form part of the targets planned for the 2024/25 APP due to the response from level 1 companies for big contracts being low. 
","80%
procurement
spent on entities
who are Level
1 B-BBEE
contributors by
31 December
2024",Indicator removed from the revised 2024/25 APP.,indicator removed from the revised 2024/25 APP.,Indicator removed from the revised 2024/25 APP.,"80%
procurement
spent on entities
who are Level
1 B-BBEE
contributors by
31 March 2025",N/A,N/A,N/A,"80%
procurement
spent on entities
who are Level
1 B-BBEE
contributors by
31 March 2025",-,,,,,,225
Cooperate Governance,Cooperative Governance,National,Programme 1: Administration,Programme 1: Administration,Quarterly,Default,Non-Standardized,Not  Applicable,"Priority 1: A Capable, Ethical and Developmental State","Governance, State Capacity and Institutional Development cluster",,,,,,,,,,,,,,,,,,,,,,,100,225
Cooperate Governance,Cooperative Governance,National,Programme 2: Intergovernmental Support,Programme 2: Intergovernmental Support,Quarterly,2.1 IGRFA amendment bill submitted to Parliament,Non-Standardized,Not  Applicable,"Priority 1: A Capable, Ethical and Developmental State","Governance, State Capacity and Institutional Development cluster",No target,N/A,N/A,N/A,"Draft IGRFA
Amendment Bill
submitted to
Cabinet by 30
September 2024","Not Achieved

Draft IGRFA Amendment Bill was not submitted to Cabinet by 30 September 2024.
","The Minister signed the submission on 27 September 2024. However, Cabinet memo was signed after the reporting period on 9 October 2024.

","The Cabinet memo served at the GSCID Cabinet Cluster on 15 October 2024 and was recommended to serve at Cabinet.
","Draft IGRFA
Amendment
bill gazetted for
public comment
by 31 December
2024",,,,"IGRFA
Amendment Bill
submitted to
Parliament by 31
March 2025",,,,"IGRFA
Amendment Bill
submitted to
Parliament by 31
March 2025",-,,,,,,225
Cooperate Governance,Cooperative Governance,National,Programme 2: Intergovernmental Support,Programme 2: Intergovernmental Support,Quarterly,2.1(Rev) Draft IGRFA Amendment Bill gazetted for public comments,Non-Standardized,Not  Applicable,"Priority 5: Spatial Integration, Human Settlements and Local Government","Governance, State Capacity and Institutional Development cluster",,,,,,,,,No Target,N/A,N/A,N/A,Draft IGRFA Amendment bill gazetted for public comments by 31 March 2025,"Achieved
Draft IGRFA Amendment bill was gazetted for public comments by 31 March 2025.
",N/A,N/A,"Draft IGRFA Amendment bill gazetted for public comments by 31 March 2025
",-,,,,,Draft IGRFA Amendment bill gazette for public comment,225
Cooperate Governance,Cooperative Governance,National,Programme 2: Intergovernmental Support,Programme 2: Intergovernmental Support,Quarterly,2.10 Number of priority municipalities with achieved waste service delivery standard targets,Non-Standardized,Not  Applicable,"Priority 1: A Capable, Ethical and Developmental State","Governance, State Capacity and Institutional Development cluster","8 priority
municipalities with achieved
waste service
delivery standard
targets by 30 June 2024","Not achieved 

None of the 8 priority municipalities achieved waste service delivery standard targets by 30 June 2024.
","The focus was on DEFFs SAWICS register and non-compliant municipal landfill sites, work performed entailed the use of the DEFFs SAWICS register, 15 x non-compliant landfill sites at the identified priority municipalities.","Using the DEFF’s SAWICS register, 10 no-compliant landfill sites were identified for prioritization to achieve the target.","8 priority
municipalities
with achieved
waste service
delivery standard
targets by 30
September 2024","Not Achieved

None of the 8 priority municipalities achieved waste service delivery standard targets by 30 September 2024.
","The target was not correctly formulated.
","The Programme will ensure that the targets are properly formulated moving forward.
","8 priority
municipalities
with achieved
waste service
delivery standard
targets by 31
December 2024",,,,"9 priority
municipalities
with achieved
waste service
delivery standard
targets by 31
March 2025",,,,"33 priority
municipalities with achieved
waste service
delivery standard
targets by 31 March 2025",-,,,,,,225
Cooperate Governance,Cooperative Governance,National,Programme 2: Intergovernmental Support,Programme 2: Intergovernmental Support,Quarterly,2.10(Rev) Number of priority municipalities that have reviewed water and sanitation infrastructure asset management plans,Non-Standardized,Not  Applicable,"Priority 5: Spatial Integration, Human Settlements and Local Government","Governance, State Capacity and Institutional Development cluster",,,,,,,,,"4 priority municipalities that have reviewed water and sanitation infrastructure asset management plans by 31 December 2024
","Not Achieved

4 priority municipalities did not review water and sanitation infrastructure asset management plans by 31 December 2024
",The evidence submitted to support the reported performance score did not meet the TID requirements.,The Programme will validate the portfolio of evidence before submitting it to the Strategic Support Directorate.,4 priority municipalities that have reviewed water and sanitation infrastructure asset management plans by 31 March 2025,"Achieved
4 priority municipalities with reviewed water and sanitation infrastructure asset management plans by 31 March 2025.
",N/A,N/A,8 priority municipalities that have reviewed water and sanitation infrastructure asset management plans by 31 March 2025,-,,,,,Asset Management Plans reviewed,225
Cooperate Governance,Cooperative Governance,National,Programme 2: Intergovernmental Support,Programme 2: Intergovernmental Support,Quarterly,2.11 (Rev) Number of priority municipalities that have developed action plans to implement Third-Party Wheeling Framework and Guidelines,Non-Standardized,Not  Applicable,"Priority 5: Spatial Integration, Human Settlements and Local Government","Governance, State Capacity and Institutional Development cluster",,,,,,,,,16 priority municipalities that have developed action plans to implement Third-Party Wheeling Framework and Guidelines by 31 December 2024,"Not Achieved

16 priority municipalities did not develop action plans to implement the Third-Party Wheeling Framework and Guidelines by 31 December 2024.
",The evidence submitted to support the reported performance score did not meet the TID requirements.,The Programme will validate the portfolio of evidence before submitting it to the Strategic Support Directorate.,17 priority municipalities that have developed action plans to implement Third-Party Wheeling Framework and Guidelines by 31 March 2025,"Achieved
Action plans were developed in 17 priority municipalities to implement the Third-Party Wheeling Framework and Guidelines by 31 March 2025.
",N/A,N/A,33 priority municipalities that have developed action plans to implement Third-Party Wheeling Framework and Guidelines by 31 March 2025,-,,,,,Priority municipalities with developed action plans to implement Third-Party Wheeling Framework and Guidelines,225
Cooperate Governance,Cooperative Governance,National,Programme 2: Intergovernmental Support,Programme 2: Intergovernmental Support,Quarterly,2.11 Number of priority municipalities with achieved infrastructure asset management targets,Non-Standardized,Not  Applicable,"Priority 5: Spatial Integration, Human Settlements and Local Government","Governance, State Capacity and Institutional Development cluster","
8 priority
municipalities with achieved
infrastructure asset
management
targets by 30 June 2024","Not achieved

None of the 8 priority municipalities achieved infrastructure asset management targets by 30 June 2024.
",The focus was identifying municipalities with poor Vulnerability Index of their Municipal Strategic Self-Assessment (MuSSA) and Municipal Priority Action Plans (MPAPs).,"In line with MIG-6B in compliance with the s154 support, out of the Top 30 priority municipalities identified those to support and strengthen through the voluntarily spending of up to 5% of their allocation on infrastructure asset management, i.e. IAMPs.","8 priority
municipalities
with achieved
infrastructure
asset
management
targets by 30
September 2024","Not Achieved

None of the 8 priority municipalities achieved infrastructure asset management targets by 30 September 2024.
",The target was not correctly formulated,"The Programme will ensure that the targets are properly formulated moving forward.
","8 priority
municipalities
with achieved
infrastructure
asset
management
targets by 31
December 2024",,,,"9 priority
municipalities
with achieved
infrastructure
asset
management
targets by 31
March 2025",,,,"33 priority
municipalities with achieved
infrastructure asset
management targets by 31 March 2025",-,,,,,,225
Cooperate Governance,Cooperative Governance,National,Programme 2: Intergovernmental Support,Programme 2: Intergovernmental Support,Quarterly,2.12 Number of priority municipalities that have spent Rural Roads Asset Management Systems Grant,Non-Standardized,Not  Applicable,"Priority 1: A Capable, Ethical and Developmental State","Governance, State Capacity and Institutional Development cluster","8 priority
municipalities that
have spent Rural
Roads Asset
Management
Systems Grant by
30 June 2024","Achieved

8 priority municipalities that have spent Rural Roads Asset Management Systems Grant by 31 May 2024.
",N/A,N/A,"8 priority
municipalities that
have spent Rural
Roads Asset
Management
Systems Grant
by 30 September
2024","Achieved

8 priority municipalities have spent the Rural Road Asset Management Systems Grant by 30 September 2024.
","N/A
","N/A
","8 priority
municipalities that
have spent Rural
Roads Asset
Management
Systems by 31
December 2024",,,,"9 priority
municipalities that
have spent Rural
Roads Asset
Management
Systems Grant by
31 March 2025",,,,"33 priority
municipalities that
have spent Rural
Roads Asset
Management
Systems Grant by
31 March 2025",-,,,,,,225
Cooperate Governance,Cooperative Governance,National,Programme 2: Intergovernmental Support,Programme 2: Intergovernmental Support,Quarterly,2.12(Rev) Number of priority municipalities with determined cost of supply and NERSA application,Non-Standardized,Not  Applicable,"Priority 5: Spatial Integration, Human Settlements and Local Government","Governance, State Capacity and Institutional Development cluster",,,,,,,,,3 priority municipalities with determined cost of supply and NERSA application by 31 December 2024,"Achieved

3 priority municipalities with determined cost of supply and NERSA application by 31 December 2024.
",N/A,N/A,"3 priority municipalities with determined cost of supply and NERSA application by 31 March 2025
","Achieved
3 priority municipalities with determined cost of supply and NERSA application by 31 March 2025
",N/A,N/A,6 priority municipalities with determined cost of supply and NERSA application by 31 March 2025,-,,,,,Priority municipalities with determined cost of supply and NERSA application,225
Cooperate Governance,Cooperative Governance,National,Programme 2: Intergovernmental Support,Programme 2: Intergovernmental Support,Quarterly,2.13 Number of priority municipalities that have spent funding allocated during MTEF MIG-MIS,Non-Standardized,Not  Applicable,"Priority 1: A Capable, Ethical and Developmental State","Governance, State Capacity and Institutional Development cluster","8 priority
municipalities
that have spent
100% of funding
allocated during
MTEF MIG-MIS
by 30 June 2024","Achieved

44 priority municipalities that have spent 100% of funding allocated during MTEF MIG-MIS by 30 June 2024.
","The Department is not in control of the expenditure performance of MIG by municipalities. 

The overachievement is due to the fact that the quarter under review was the financial year for municipal reporting. 
",N/A,"8 priority
municipalities
that have spent
100% of funding
allocated during
MTEF MIG-MIS
by 30 September
2024","Not Achieved

None of the 8 priority municipalities have spent 100% of the funding allocated during MTEF MIG-MIS by 30 September 2024
","The target was incorrectly formulated as this is the first quarter of the 2024/25 MIG. 
","The Programme will ensure that the targets are properly formulated moving forward.
","8 priority
municipalities
that have spent
100% of funding
allocated during
MTEF MIG-MIS
by 31 December
2024",,,,"9 priority
municipalities
that have spent
100% of funding
allocated during
MTEF MIG-MIS
by 31 March
2025",,,,"33 priority
municipalities
that have spent
100% of funding
allocated during
MTEF MIG-MIS
by 31 March
2025",-,,,,,,225
Cooperate Governance,Cooperative Governance,National,Programme 2: Intergovernmental Support,Programme 2: Intergovernmental Support,Quarterly,2.13(Rev) Number of key strategic partnerships finalised ,Non-Standardized,Not  Applicable,"Priority 5: Spatial Integration, Human Settlements and Local Government","Governance, State Capacity and Institutional Development cluster",,,,,,,,,No Target,N/A,N/A,N/A,1 key strategic partnership finalised by 31 March 2025,"Achieved
1 key strategic partnership was finalised by 31 March 2025.
",N/A,N/A,"2 key strategic partnerships finalised by 31 March 2025
",-,,,,,Finalisation of Partnership Agreements,225
Cooperate Governance,Cooperative Governance,National,Programme 2: Intergovernmental Support,Programme 2: Intergovernmental Support,Quarterly,2.14 (Rev) Number of priority districts and metro’s One Plans where quality assurance has been provided.,Non-Standardized,Not  Applicable,"Priority 5: Spatial Integration, Human Settlements and Local Government","Governance, State Capacity and Institutional Development cluster",,,,,,,,,25 priority districts and metro’s One Plans where quality assurance has been provided by 31 December 2024,"Achieved

25 priority districts and metro’s One Plans where quality assurance has been provided by 31 December 2024.
",N/A,N/A,"30 priority districts and metro’s One plans where quality assurance has been provided by 31 March 2025
","Achieved
30 priority districts and metro’s One plans where quality assurance has been provided by 31 March 2025.
",N/A,N/A,30 priority districts and metro’s One plans where quality assurance has been provided by 31 March 2025,-,,,,,Credible Districts and Metro’s One Plan quality assured ,225
Cooperate Governance,Cooperative Governance,National,Programme 2: Intergovernmental Support,Programme 2: Intergovernmental Support,Quarterly,2.14 Number of priority municipalities that have implemented Third-Party Wheeling Framework and Guidelines,Non-Standardized,Not  Applicable,"Priority 1: A Capable, Ethical and Developmental State","Governance, State Capacity and Institutional Development cluster","8 priority
municipalities that
have achieved
Third-Party
Wheeling
Framework
and Guidelines targets by 30 June 2024","Not achieved

None of the 8 priority municipalities achieved Third-Party Wheeling Framework and Guidelines targets by 30 June 2024.
","Delays resulted from prioritising the drafting of the Third-Party Wheeling Policy and Guidelines drafted and discussed for three Municipalities. However, there were delays in achieving Third-Party Wheeling Framework and Guidelines.",To fast-track the finalization of the Third-Party Wheeling Framework & guidelines so that successful implementation and achievement to realized.,"8 priority
municipalities that
have achieved
Third-Party
Wheeling
Framework
and Guidelines
targets by 30
September 2024","Not Achieved

8 priority municipalities did not achieve Third-Party Wheeling Framework and Guidelines targets by 30 September 2024.
","The achievement of Third-party Wheeling requires municipalities to adopt and implement the framework. This process would extend far beyond the planning period.
","A decision has been taken to revise the target to consider capacitating municipalities  on the Wheeling Framework, this would be achievable in the planning period.
","9 priority
municipalities that
have achieved
Third-Party
Wheeling
Framework
and Guidelines
targets by 31
December 2024",,,,"8 priority
municipalities that
have achieved
Third-Party
Wheeling
Framework
and Guidelines
targets by 31
March 2025",,,,"33 priority
municipalities that
have achieved
Third-Party
Wheeling
Framework
and Guidelines
targets by 31
March 2025",-,,,,,,225
Cooperate Governance,Cooperative Governance,National,Programme 2: Intergovernmental Support,Programme 2: Intergovernmental Support,Quarterly,2.15 (Rev) Number of priority municipalities that have implemented MSIG-funded projects in DDM sites.,Non-Standardized,Not  Applicable,"Priority 5: Spatial Integration, Human Settlements and Local Government","Governance, State Capacity and Institutional Development cluster",,,,,,,,,3 priority municipalities that have implemented MSIG-funded projects in DDM sites. by 31 December 2024,"Not Achieved

1 priority municipalities that have implemented MSIG-funded projects in DDM sites by 31 December 2024.
",Waterberg District and eThekwini Metro took longer to conclude the respective projects' SCM processes.,Implementation of agreed projects in Waterberg District and eThekwini metro will commence by mid-Q4.,3 priority municipalities that have implemented MSIG-funded projects in DDM sites by 31 March 2025,"Not Achieved 
1 priority municipality has implemented MSIG-funded projects in DDM sites by 31 March 2025.
",N/A,N/A,3 priority municipalities that have implemented MSIG-funded projects in DDM sites by 31 March 2025,-,,,,,100% implementation of MSIG-funded projects in priority municipalities,225
Cooperate Governance,Cooperative Governance,National,Programme 2: Intergovernmental Support,Programme 2: Intergovernmental Support,Quarterly,"2.15 Number of priority municipalities with determined cost of supply, NERSA Application & Final Wheeling Tariff",Non-Standardized,Not  Applicable,"Priority 1: A Capable, Ethical and Developmental State","Governance, State Capacity and Institutional Development cluster",No target,N/A,N/A,N/A,No target,"N/A
","N/A
","N/A
","3 priority
municipalities
with determined
cost of supply,
NERSA
Application and
Final Wheeling
Tariff by 31
December 2024",,,,"3 priority
municipalities
with determined
cost of supply,
NERSA
Application and
Final Wheeling
Tariff by 31
March 2025",,,,"6 priority
municipalities
with determined
cost of supply,
NERSA
Application and
Final Wheeling
Tariff by 31
March 2025",-,,,,,,225
Cooperate Governance,Cooperative Governance,National,Programme 2: Intergovernmental Support,Programme 2: Intergovernmental Support,Quarterly,2.16 Number of municipalities aligned with the outcomes of the NECOM WS9 focusing on DX issues,Non-Standardized,Not  Applicable,"Priority 1: A Capable, Ethical and Developmental State","Governance, State Capacity and Institutional Development cluster","8 priority
municipalities
aligned with the
outcomes of the
NECOM WS9 –
focusing on DX
issues by 30 June
2024","Not achieved

None of the 8 priority municipalities were aligned with the outcomes of the NECOM WS9 – focusing on DX issues by 30 June 2024.
","Some Municipalities are less responsive to the request to participate in the assessment (which will allow determining of network infrastructure issues and development of subsequent plans, However, baseline assessments were undertaken for 6 municipalities to ensure alignment with the outcomes of the NECOM WS9 focusing on DX issues. ",Explore additional channels to access Electricity Departments in the Municipalities ,"8 priority
municipalities
aligned with the
outcomes of the
NECOM WS9
– focusing on
DX issues by 30
September 2024","Not Achieved 

8 priority municipalities were not aligned with the outcomes of the NECOM WS9 – focusing on DX issues by 30 September 2024.
",". 
 
The indicator was not clearly defined in the Technical Indicator Description table. ","
The Programme will ensure that the indicator is clearly defined when the 2024/25 APP is revised.","9 priority
municipalities
aligned with the
outcomes of the
NECOM WS9
– focusing on
DX issues by 31
December 2024",,,,"8 priority
municipalities
aligned with the
outcomes of the
NECOM WS9 –
focusing on DX
issues by 31
March 2025",,,,"33 priority
municipalities
aligned with the
outcomes of the
NECOM WS9
focusing on DX
issues by 31
March 2025",-,,,,,,225
Cooperate Governance,Cooperative Governance,National,Programme 2: Intergovernmental Support,Programme 2: Intergovernmental Support,Quarterly,2.17 Number of priority municipalities with restored distribution network infrastructure,Non-Standardized,Not  Applicable,"Priority 1: A Capable, Ethical and Developmental State","Governance, State Capacity and Institutional Development cluster","8 priority
municipalities
with restored
distribution
network
infrastructure by
30 June 2024","Not achieved

None of the 8 priority municipalities reported restoring distribution network infrastructure by 30 June 2024.
","Some municipalities are less responsive to the request to participate in the assessment (which will allow the determining of network infrastructure issues and the development of subsequent plans. However, baseline assessments have been undertaken for 6 municipalities.",Explore additional channels to access electricity departments in the municipalities. ,"8 priority
municipalities
with restored
distribution
network
infrastructure by
30 September
2024","Not Achieved 

None of the 8 priority municipalities reported restoring distribution network infrastructure by 30 September 2024.
","This indicator was not attainable as it required substantial financial resources.
","Relevant potential funding partners to be engaged.
","9 priority
municipalities
with restored
distribution
network
infrastructure by
31 December
2024",,,,"8 priority
municipalities
with restored
distribution
network
infrastructure by
31 March 2025",,,,"33 priority
municipalities
with restored
distribution
network
infrastructure by
31 March 2025",-,,,,,,225
Cooperate Governance,Cooperative Governance,National,Programme 2: Intergovernmental Support,Programme 2: Intergovernmental Support,Quarterly,2.18 Approved stakeholder engagement and change management strategy implemented.,Non-Standardized,Not  Applicable,"Priority 1: A Capable, Ethical and Developmental State","Governance, State Capacity and Institutional Development cluster","Stakeholder
engagement
and change
management
strategy
approved by 30
June 2024","Not achieved

The draft stakeholder management and change management strategy was submitted to the DDG for approval by 30 June 2024.
",The strategy was not approved with a request for more engagements.,The National Business Initiative (NBI) was approached to assist in drafting Stakeholder engagement and change management strategy.,"25%
implementation
of the approved
stakeholder
engagement
and change
management
strategy by 30
September 2024","Achieved 

56% of the approved stakeholder engagement and change management strategy implemented by 30 September 2024.
",.Target set was very low as we never anticipated the positive response from provinces.,The target to be revised during the review of the 2024/25 APP,"40%
implementation
of the approved
stakeholder
engagement
and change
management
strategy by 31
December 2024",,,,"50%
implementation
of the approved
stakeholder
engagement
and change
management
strategy by 31
March 2025",,,,"50%
implementation
of the approved
stakeholder
engagement
and change
management
strategy by 31
March 2025.",-,,,,,,225
Cooperate Governance,Cooperative Governance,National,Programme 2: Intergovernmental Support,Programme 2: Intergovernmental Support,Quarterly,2.19 Number of priority districts and metros with functional DDM political and technical committees,Non-Standardized,Not  Applicable,"Priority 1: A Capable, Ethical and Developmental State","Governance, State Capacity and Institutional Development cluster","15 DDM political
and technical
committees
established in the
priority districts
and metros by 30
June 2024","Achieved

15 DDM political and technical committees established in the priority districts and metros by 30 June 2024.
",N//A,N//A,"20 DDM political
and technical
committees
established in the
priority districts
and metros by 30
September 2024","Achieved 

20 DDM political and technical committees established in the priority districts and metros by 30 September 2024.
","N/A
","N/A
","25 DDM political
and technical
committees
established in the
priority districts
and metros by 31
December 2024",,,,"30 DDM political
and technical
committees
established in the
priority districts
and metros by 31
March 2025",,,,"30 priority
districts and
metros with
functional
DDM political
and technical
committees by
31 March 2025",-,,,,,,225
Cooperate Governance,Cooperative Governance,National,Programme 2: Intergovernmental Support,Programme 2: Intergovernmental Support,Quarterly,2.2 (Rev) Number of districts/metros monitored to implement at least one DDM catalytic project from the approved DDM One Plan,Non-Standardized,Not  Applicable,"Priority 5: Spatial Integration, Human Settlements and Local Government","Governance, State Capacity and Institutional Development cluster",,,,,,,,,25 Districts/ metros monitored to implement at least one DDM catalytic project from the approved DDM One Plan by 31 December 2024,"Achieved

25 Districts/ metros were monitored to implement at least one DDM catalytic project from the approved DDM One Plan by 31 December 2024.
",N/A,N/A,30 Districts/ metros monitored to implement at least one DDM catalytic project from the approved DDM One Plan by 31 March 2025,"Achieved
30 districts/ metros were monitored to implement at least one DDM catalytic project from the approved DDM One Plan by 31 March 2025.
",N/A,N/A,30 Districts/ metros monitored to implement at least one DDM catalytic project from the approved DDM One Plan by 31 March 2025,-,,,,,Improved service delivery.,225
Cooperate Governance,Cooperative Governance,National,Programme 2: Intergovernmental Support,Programme 2: Intergovernmental Support,Quarterly,2.2 Number of districts/metros supported to implement at least one DDM catalytic project from the approved DDM One Plan,Non-Standardized,Not  Applicable,"Priority 1: A Capable, Ethical and Developmental State","Governance, State Capacity and Institutional Development cluster","18 Districts/
Metros that have
implemented at
least One DDM
Catalytic Project
by 30 June 2024","Not Achieved

16 districts/ metros have implemented at least One DDM Catalytic Project by 30 June 2024.
",The target was not achieved because of the absence of a standardised reporting template. ,"To standardise the reporting template and ensure that progress is monitored on a monthly basis. 


","20 Districts/
Metros that have
implemented at
least One DDM
Catalytic Project
by 30 September
2024","Achieved

20 Districts/ Metros have implemented at least One DDM Catalytic Project by 30 September 2024.
","N/A
","N/A
","25 Districts/
Metros that have
implemented at
least One DDM
Catalytic Project
by 31 December
2024",,,,"30 Districts/
Metros that have
implemented at
least One DDM
Catalytic Project
by 31 March
2025",,,,"30 Districts/
metros that have
implemented at least one DDM
catalytic project
by 31 March
2025",-,,,,,,225
Cooperate Governance,Cooperative Governance,National,Programme 2: Intergovernmental Support,Programme 2: Intergovernmental Support,Quarterly,"2.20 Number of key strategic partnerships finalised for targeted project preparation, funding and implementation.",Non-Standardized,Not  Applicable,"Priority 1: A Capable, Ethical and Developmental State","Governance, State Capacity and Institutional Development cluster",No target,N/A,N/A,N/A,"1 key strategic
partnership
finalised for
targeted project
preparation,
funding and
implementation
by 30 September
2024","Achieved

1 key strategic partnership finalised for targeted project preparation, funding and implemented by 30 September 2024.
","N/A
","N/A
",No target,,,,"1 key strategic
partnership finalised
for targeted
project preparation,
funding
and implementation
by 31 March
2025",,,,"2 strategic
partnerships
finalized for
targeted project
preparation,
funding and
implementation
by 31 March
2025",-,,,,,,225
Cooperate Governance,Cooperative Governance,National,Programme 2: Intergovernmental Support,Programme 2: Intergovernmental Support,Quarterly,2.21 Number of priority districts and metro’s One Plans where quality assurance has been provided.,Non-Standardized,Not  Applicable,"Priority 1: A Capable, Ethical and Developmental State","Governance, State Capacity and Institutional Development cluster","15 priority
districts and
metro’s One
Plans where
quality assurance
has been
provided by 30
June 2024","Not achieved

None of the 15 priority districts and metro’s One Plans were quality assured by 30 June 2024.
","Delays in finalising and approval of revised One Plan assessment framework to ensure alignment with the newly published regulations and updated DDM Implementation Framework and Guidelines.

","The RMO-DDM workstream has prioritized the undertaking of the quality assurance process together with the Development
Planning colleagues in the PGA branch in Q2-Q4.
","20 priority
districts and
metro’s One
Plans where
quality assurance
has been
provided by 30
September 2024","Achieved
 
Quality Assurance on One Plans was conducted in 20 priority districts and metros by 30 September 2024.
","N/A
","N/A
","25 priority
districts and
metro’s One
Plans where
quality assurance
has been
provided by 31
December 2024",,,,"30 priority
districts and
metro’s One
Plans where
quality assurance
has been
provided by 31
March 2025",,,,"30 priority
districts and
metro’s One
Plans where
quality assurance
has been
provided by 31
March 2025",-,,,,,,225
Cooperate Governance,Cooperative Governance,National,Programme 2: Intergovernmental Support,Programme 2: Intergovernmental Support,Quarterly,2.22 Number of priority municipalities that have implemented MSIG-funded projects in DDM sites.,Non-Standardized,Not  Applicable,"Priority 1: A Capable, Ethical and Developmental State","Governance, State Capacity and Institutional Development cluster",No target,N/A,N/A,N/A,"3 priority
municipalities
that have
implemented
MSIG-funded
projects in DDM
sites by 30
September 2024","Not Achieved
 
3 priority municipalities did not implement MSIG-funded projects in DDM sites by 30 September 2024.
",MoAs are a prerequisite for implementing MSIG-funded projects in DDM sites. Two of these MoAs were signed during the quarter under review whilst the eThekwini MoA was signed by DCoG on 13 October 2024.,The signing of the MoAs will allow the 3 priority municipalities to start procuring service providers to help with the implementation of MSIG-funded projects.,"3 priority
municipalities
that have
implemented
MSIG-funded
projects in DDM
sites by 31
December 2024",,,,"3 priority
municipalities
that have
implemented
MSIG-funded
projects in DDM
sites by 31 March
2025",,,,"9 municipalities
that have
implemented
MSIG-funded
projects in DDM
sites by 31 March
2025",-,,,,,,225
Cooperate Governance,Cooperative Governance,National,Programme 2: Intergovernmental Support,Programme 2: Intergovernmental Support,Quarterly,2.3 (Rev) Number of municipalities supported to implement Municipal Support Improvement Plans (MSIPs) to improve performance,Non-Standardized,Not  Applicable,"Priority 5: Spatial Integration, Human Settlements and Local Government","Governance, State Capacity and Institutional Development cluster",,,,,,,,,36 municipalities supported to implement MSIPs to improve performance by 31 December 2024,"Achieved

36 municipalities were supported to implement MSIPs to improve performance by 31 December 2024.
",N/A,N/A,44 municipalities supported to implement MSIPs to improve performance by 31 March 2025,"Achieved
44 municipalities were supported to implement MSIPs to improve performance by 31 March 2025.
",N/A,N/A,"
44 
municipalities supported to implement MSIPs to improve performance by 31 March 2025",-,,,,,Stability at the local government level and functional municipalities,225
Cooperate Governance,Cooperative Governance,National,Programme 2: Intergovernmental Support,Programme 2: Intergovernmental Support,Quarterly,2.3 Number of municipalities supported through MSIP to improve performance status in terms of the SoLG Assessment Report.,Non-Standardized,Not  Applicable,"Priority 1: A Capable, Ethical and Developmental State","Governance, State Capacity and Institutional Development cluster","22 municipalities
where MSIP
has been
implemented
to improve
performance
status in terms
of the SoLG
assessment
report by 30
June 2024","Achieved

22 Municipalities are implementing MSIPs to improve performance status in terms of SOLG Assessment report by 30 June 2024.

",N/A,N/A,"29 municipalities
where MSIP
has been
implemented
to improve
performance
status in terms
of the SoLG
assessment
report by 30
September 2024","Achieved

29 municipalities implemented MSIPs to improve performance status in terms of the SoLG assessment report by 30 September 2024.
","N/A
","N/A
","36 municipalities
where MSIP
has been
implemented
to improve
performance
status in terms
of the SoLG
assessment
report by 31
December 2024",,,,"44 municipalities
where MSIP
has been
implemented
to improve
performance
status in terms
of the SoLG
assessment
report by 31
March 2025",,,,"44 
municipalities where MSIP
has been
implemented to improve
performance status in terms of the SoLG
assessment
report by 31
March 2025",-,,,,,,225
Cooperate Governance,Cooperative Governance,National,Programme 2: Intergovernmental Support,Programme 2: Intergovernmental Support,Quarterly,2.4 (Rev) Percentage of MIG-receiving municipalities spending at least 60% of 2024/25 MIG allocations,Non-Standardized,Not  Applicable,"Priority 5: Spatial Integration, Human Settlements and Local Government","Governance, State Capacity and Institutional Development cluster",,,,,,,,,"75% of MIG-receiving municipalities spending at least 40% of 2024/25 MIG allocations by 31 December 2024
","Achieved

85% of MIG receiving municipalities have spent at least 40% of the 2024/25 MIG allocations by 31 December 2024.
","The MIG is a Schedule 5B direct grant to municipalities. While the Department invested in supporting municipalities to spend, it is not possible for municipalities to reduce expenditure once the target is reached unless the specific municipality has spent its entire grant",N/A,75% of MIG-receiving municipalities spending at least 60% of 2024/25 MIG allocations by 31 March 2025,"Achieved
75,6% of MIG-receiving municipalities had spent at least 60% of 2024/25 MIG allocations by 31 March 2025.
",The Department does not have control over municipal spending.,The Department does not have a control measure as it has no control over municipal spending.,75% of MIG-receiving municipalities spending at least 60% of 2024/25 MIG allocations by 31 March 2025,-,,,,,75% of MIG receiving municipalities spending at least 60% of the 2024/25 MIG allocations by 31 March 2025,225
Cooperate Governance,Cooperative Governance,National,Programme 2: Intergovernmental Support,Programme 2: Intergovernmental Support,Quarterly,2.4 Percentage of MIG receiving municipalities spending at least 60% of 2024/25 MIG allocations,Non-Standardized,Not  Applicable,"Priority 1: A Capable, Ethical and Developmental State","Governance, State Capacity and Institutional Development cluster","75% of MIG
receiving
municipalities
spending at least
85% of 2023/24
MIG allocations by 30 June 2024.","
Achieved

87% of MIG-receiving municipalities had spent at least 85% of 2023/24 MIG allocations by 30 June 2024.

",The Department is not in control of the expenditure performance of MIG by municipalities.,N/A,"75% of MIG
receiving
municipalities
spending at least
10% of 2024/25
MIG allocations
by 30 September
2024","Achieved

79% of MIG-receiving municipalities spending at least 10% of 2024/25 MIG allocations by 30 September 2024. 
","The MIG is a direct Grant to municipalities and the Department do not have control of the factors that determines over or under expenditure performance as reported by municipalities in the September 2024 DoRA Report.
","N/A
","75% of MIG
receiving
municipalities
spending at least
40% of 2024/25
MIG allocations
by 31 December
2024",,,,"75% of MIG
receiving
municipalities
spending at least
60% of 2024/25
MIG allocations
by 31 March
2025",,,,"75% of MIG
receiving
municipalities
spending at least
60% of 2024/25
MIG allocations
by 31 March
2025",-,,,,,,225
Cooperate Governance,Cooperative Governance,National,Programme 2: Intergovernmental Support,Programme 2: Intergovernmental Support,Quarterly,2.5 Percentage of distressed Water Services Authority (WSA) municipalities receiving MIG spending at least 10% of 2024/25 MIG allocations on water services infrastructure repairs and refurbishment,Non-Standardized,Not  Applicable,"Priority 5: Spatial Integration, Human Settlements and Local Government","Governance, State Capacity and Institutional Development cluster","25% of
distressed WSA
municipalities
spending at least
10% of 2023/24
MIG allocations on water services
infrastructure
repairs and
refurbishment by
30 June 2024","Not Achieved

24% of distressed WSA municipalities had spent at least 10% of 2023/24 MIG allocations on water services infrastructure repairs and refurbishment by 30 June 2024.
",Low levels of planning by municipalities for repairs and refurbishment projects to be funded from 2023/24 MIG allocations.,"2024/25 MIG Implementation Plans of distressed WSAs have been submitted and they include at least 10% of allocations for repairs and refurbishment. 


","50% of
distressed WSA
municipalities
spending at least
to 4% of 2024/25
MIG allocations
on water services
infrastructure
repairs and
refurbishment by
30 September
2024","Not Achieved

7% of distressed WSA municipalities spending at least 4% of 2024/25 MIG allocations on water services infrastructure repairs and refurbishment by 30 September 2024.
","Projects are currently in the procurement stage.
","Provincial LGOS Chief Directorates together with Provincial MIG Units will engage with municipalities on the areas that cause the delays in implementation.
","50% of
distressed WSA
municipalities
spending at least
7% of 2024/25
MIG allocations
on water services
infrastructure
repairs and
refurbishment by
31 December
2024",,,,"50% of
distressed WSA
municipalities
spending at least
10% of 2024/25
MIG allocations
on water services
infrastructure
repairs and
refurbishment by
31 March 2025",,,,"50% of
distressed WSA
municipalities
receiving MIG
spending at least 10% of 2024/25
MIG allocations
on water services
infrastructure
repairs and
refurbishment by
31 March 2025",-,,,,,,225
Cooperate Governance,Cooperative Governance,National,Programme 2: Intergovernmental Support,Programme 2: Intergovernmental Support,Quarterly,2.5(Rev) Percentage of distressed Water Services Authority (WSA) municipalities receiving MIG spending at least 10% of 2024/25 MIG allocations on water services infrastructure repairs and refurbishment,Non-Standardized,Not  Applicable,"Priority 5: Spatial Integration, Human Settlements and Local Government","Governance, State Capacity and Institutional Development cluster",,,,,,,,,"50% of distressed WSA municipalities receiving MIG spending at least 7% of 2024/25 MIG allocations on water services infrastructure repairs and refurbishment by 31 December 2024
","Not Achieved

17% of distressed WSA municipalities receiving MIG have spent at least 7% of 2024/25 MIG allocations on water services infrastructure by 31 December 2024.
",Water Services Authorities have not identified sufficient projects within the 2024/25 Implementation Plans (IPs) to assist in achieving this target. Those WSAs that identified projects did not prioritise spending on these projects.,"•	To closely monitor the implementation of these projects in the fourth quarter of 2024/2025. 
•	To assist municipalities to identify R&R projects, but also improve on the inclusion of such projects within the 2025/26 IPs of distressed WSA municipalities.
",50% of distressed WSA municipalities receiving MIG spending at least 10% of 2024/25 MIG allocations on water services infrastructure repairs and refurbishment by 31 March 2025,"Not Achieved
22% of distressed WSA municipalities receiving MIG had spent at least 10% of the 2024/25 MIG allocations on water services infrastructure repairs and refurbishment by 31 March 2025.
",2024/25 MIG implementation plans of distressed municipalities did not commit an adequate amount and value of repairs and refurbishment projects,The process to be facilitated with priority WSA MIG receiving municipalities to commit repairs and refurbishment projects in their 2025/26 IPs.,50% of distressed WSA municipalities receiving MIG spending at least 10% of 2024/25 MIG allocations on water services infrastructure repairs and refurbishment by 31 March 2025,-,,,,,50% of MIG receiving WSA municipalities (that are distressed) spending at least 10% of the 2024/25 MIG allocations on water services infrastructure repairs and refurbishment by 31 March 2025,225
Cooperate Governance,Cooperative Governance,National,Programme 2: Intergovernmental Support,Programme 2: Intergovernmental Support,Quarterly,2.6 (Rev) Percentage of converted MIG funding spent on projects,Non-Standardized,Not  Applicable,"Priority 5: Spatial Integration, Human Settlements and Local Government","Governance, State Capacity and Institutional Development cluster",,,,,,,,,"65% of converted MIG funding spent on projects at Uthukela DM and Emfuleni LM by 31 December 2024
","Not Achieved

44% of converted MIG funding was spent on projects at Uthukela DM and Emfuleni LM by 31 December 2024.
",Administrative delays in the workflow processing of claims from contractors by MISA and the submission of such claims to DCoG and therefore payment to MISA by DCoG. Recognition of payment happens when funds are released by DCoG.,MISA and DCOG have agreed to the streamlining of the claim’s workflow processes. MISA confirmed that projects will be completed as scheduled.  The balance of the claims will be paid by the end of March 2025.,90% of converted MIG funding spent on projects at Uthukela DM and Emfuleni LM by 31 March 2025,"Achieved
99% of converted MIG funding was spent on projects at Uthukela DM and Emfuleni LM by 31 March 2025.
","Both projects accelerated implementation in February and March 2025, which resulted in an overachievement of 9%.",The Department does not have a corrective measure as it has no control over the spending.,"90% of converted MIG funding spent on projects at Uthukela DM and Emfuleni LM by 31 March 2025
",-,,,,,"90% of the converted funds spent by 31 March 2025. 10% accounts for retentions, in the event they are not released by 31 March 2025.",225
Cooperate Governance,Cooperative Governance,National,Programme 2: Intergovernmental Support,Programme 2: Intergovernmental Support,Quarterly,2.6 Percentage of converted MIG funding spent on projects at Uthukela District Municipality (DM) and Emfuleni Local Municipality (LM),Non-Standardized,Not  Applicable,"Priority 1: A Capable, Ethical and Developmental State","Governance, State Capacity and Institutional Development cluster","5% of converted
MIG funding
spent on projects
at Uthukela DM
and Emfuleni LM
by 30 June 2024","Not Achieved

None of the converted MIG funding was spent on projects at Uthukela DM and Emfuleni LM by 31 May 2024.
",The required implementation targets have been delayed due to the late finalization of the signing of session agreements and site establishment.  ,DCoG will expedite spending in the second quarter as catch-up plans have been developed.,"20% of
converted MIG
funding spent
on projects at
Uthukela DM
and Emfuleni LM
by 30 September
2024","Achieved 

20% of converted MIG funding was spent on projects at Uthukela DM and Emfuleni LM by 30 September 2024.
","N/A
","N/A
","65% of
converted MIG
funding spent
on projects at
Uthukela DM
and Emfuleni LM
by 31 December
2024",,,,"90% of
converted MIG
funding spent
on projects at
Uthukela DM and
Emfuleni LM by
31 March 2025",,,,"90% of
converted MIG
funding spent
on projects at
Uthukela DM and
Emfuleni LM by
31 March 2025",-,,,,,,225
Cooperate Governance,Cooperative Governance,National,Programme 2: Intergovernmental Support,Programme 2: Intergovernmental Support,Quarterly,2.7 (Rev) Number of priority municipalities that have reviewed DWS Blue-Drop corrective action plans,Non-Standardized,Not  Applicable,"Priority 5: Spatial Integration, Human Settlements and Local Government","Governance, State Capacity and Institutional Development cluster",,,,,,,,,11 priority municipalities that have reviewed DWS Blue-Drop corrective action plans by 31 December 2024,"Not Achieved

11 priority municipalities did not review DWS Blue-Drop corrective action plans by 31 December 2024.
",The evidence submitted to support the reported performance score did not meet the TID requirements.,The Programme will validate the portfolio of evidence before submitting it to the Strategic Support Directorate.,11 priority municipalities that have reviewed DWS Blue-Drop corrective action plans by 31 March 2025,"Achieved
11 priority municipalities with reviewed DWS Blue-Drop corrective action plans by 31 March 2025.
",N/A,N/A,22 priority municipalities that have reviewed DWS Blue-Drop corrective action plans by 31 March 2025,-,,,,,Number of priority municipalities that have reviewed DWS Blue-Drop corrective action plans,225
Cooperate Governance,Cooperative Governance,National,Programme 2: Intergovernmental Support,Programme 2: Intergovernmental Support,Quarterly,2.7 Number of priority municipalities that achieved DWS Blue-Drop targets,Non-Standardized,Not  Applicable,"Priority 1: A Capable, Ethical and Developmental State","Governance, State Capacity and Institutional Development cluster","8 priority
municipalities
that achieved
DWS Blue Drop
targets by 30 June 2024","Not achieved

None of the priority municipalities achieved DWS Blue-Drop targets by 30 June 2024.


",The focus was on the review of the 2023 Blue-Drop Report to identify critical interventions in 2x WTWS in each of the 8 priority municipalities with critical blue drop scores and provision will be made for remedial/recovery plan from the second and subsequent quarters.,Conduct and complete at least 2 x DWS Blue Drop Watch Critical Interventions at 8 x WTP at the priority municipalities.,"8 priority
municipalities
that achieved
DWS Blue-Drop
targets by 30
September 2024","Not Achieved

None of the priority municipalities achieved DWS Blue-Drop targets by 30 September 2024.
","The target was not correctly formulated.
","The Programme will ensure that the targets are properly formulated moving forward.
","8 priority
municipalities
that achieved
DWS Blue-Drop
targets by 31
December 2024",,,,"9 priority
municipalities
that achieved
DWS Blue-Drop
targets by 31
March 2025",,,,"33 priority
Municipalities with achieved
DWS Blue-Drop
targets by 31 March 2025",-,,,,,,225
Cooperate Governance,Cooperative Governance,National,Programme 2: Intergovernmental Support,Programme 2: Intergovernmental Support,Quarterly,2.8 (Rev) Number of priority municipalities that have reviewed DWS Green-Drop corrective action plans   ,Non-Standardized,Not  Applicable,"Priority 5: Spatial Integration, Human Settlements and Local Government","Governance, State Capacity and Institutional Development cluster",,,,,,,,,11 priority municipalities that have reviewed DWS Green-Drop corrective action plans by 31 December 2024,"Not Achieved

11 priority municipalities did not review DWS Green-Drop corrective action plans by 31 December 2024
",The evidence submitted to support the reported performance score did not meet the TID requirements.,The Programme will validate the portfolio of evidence before submitting it to the Strategic Support Directorate.,11 priority municipalities that have reviewed DWS Green-Drop corrective action plans by 31 March 2025,"Achieved
11 priority municipalities with reviewed DWS Green-Drop corrective action plans by 31 March 2025.
",N/A,N/A,22 priority municipalities that have reviewed DWS Green-Drop corrective action plans by 31 March 2025,-,,,,,DWS Green-Drop corrective action plans reviewed.,225
Cooperate Governance,Cooperative Governance,National,Programme 2: Intergovernmental Support,Programme 2: Intergovernmental Support,Quarterly,2.8 Number of priority municipalities that achieved DWS Green-Drop targets,Non-Standardized,Not  Applicable,"Priority 1: A Capable, Ethical and Developmental State","Governance, State Capacity and Institutional Development cluster","8 priority
municipalities that
achieved DWS
Green-Drop
targets by 30
June 2024","Not achieved

None of the priority municipalities achieved DWS Green-Drop targets by 30 June 2024.
",The focus was on the review of the 2022 Green-Drop Report to identify critical interventions in 2x WTWS in each of the 8 priority municipalities with critical green drop scores and provision will be made for remedial/recovery plan from second and subsequent quarters.,Conduct at least 2 x DWS Green Drop Critical Intervention Activities at 8 x WWTW at the priority municipalities. ,"8 priority
municipalities that
achieved DWS
Green-Drop
targets by 30
September 2024","Not Achieved 

None of the priority municipalities achieved DWS Green-Drop targets by 30 September 2024","The target was not correctly formulated.
","The Programme will ensure that the targets are properly formulated moving forward.
","8 priority
municipalities that
achieved DWS
Green-Drop
targets by 31
December 2024",,,,"9 priority
municipalities that
achieved DWS
Green-Drop
targets by 31
March 2025",,,,"33 priority
municipalities with achieved
DWS Green-
Drop targets by
31 March 2025",-,,,,,,225
Cooperate Governance,Cooperative Governance,National,Programme 2: Intergovernmental Support,Programme 2: Intergovernmental Support,Quarterly,2.9 Number of WSAs with achieved water losses & non-revenue water targets,Non-Standardized,Not  Applicable,"Priority 1: A Capable, Ethical and Developmental State","Governance, State Capacity and Institutional Development cluster","8 WSAs with
achieved Water
losses & non-revenue water
targets by 30
June 2024","Not achieved

None of the 8 WSAs achieved Water losses & non-revenue water targets by 30 June 2024.
 
","The focus was on the review of the 2023 No-Drop Report to identify WC/WDM interventions in 16 priority municipalities, work performed entailed a review of the 2023 No-Drop Report conducted to identify WC/WDM interventions in 15 x priority municipalities.",Conduct at 2 x DWS No-Drop Watch Interventions 8 x WWTW at the priority municipalities ,"8 WSAs with

achieved Water
losses & nonrevenue
water
targets by 30
September 2024","Not Achieved

None of the 8 WSAs achieved water losses & non-revenue water targets by 30 September 2024.
"," The target was not correctly formulated.
","The Programme will ensure that the targets are properly formulated moving forward.
","8 WSAs with
achieved Water
losses & nonrevenue
water
targets by 31
December 2024",,,,"9 WSAs with
achieved Water
losses & nonrevenue
water
targets by 31
March 2025",,,,"33 WSAs with
achieved water
losses & non-revenue
water
targets by 31 March 2025",-,,,,,,225
Cooperate Governance,Cooperative Governance,National,Programme 2: Intergovernmental Support,Programme 2: Intergovernmental Support,Quarterly,2.9(Rev) Number of Water Services Authorities that have reviewed Department of Water and Sanitation (DWS) No Drop corrective action plans.,Non-Standardized,Not  Applicable,"Priority 5: Spatial Integration, Human Settlements and Local Government","Governance, State Capacity and Institutional Development cluster",,,,,,,,,"11 WSAs that have reviewed DWS No Drop corrective action plans by 31 December 2024
","Not Achieved

11 WSAs did not review DWS No Drop corrective action plans by 31 December 2024.
",The evidence submitted to support the reported performance score did not meet the TID requirements.,The Programme will validate the portfolio of evidence before submitting it to the Strategic Support Directorate.,11 WSAs that have reviewed DWS No Drop corrective action plans by 31 March 2025,"Achieved
11 WSAs with reviewed DWS No Drop corrective action plans by 31 March 2025
",N/A,N/A,22 WSAs that have reviewed DWS No Drop corrective action plans by 31 March 2025,-,,,,,DWS No Drop corrective action plans reviewed,225
Cooperate Governance,Cooperative Governance,National,Programme 2: Intergovernmental Support,Programme 2: Intergovernmental Support,Quarterly,Default,Non-Standardized,Not  Applicable,"Priority 1: A Capable, Ethical and Developmental State","The Economic Sectors, Employment and Infrastructure Development cluster",,,,,,,,,,,,,,,,,,,,,,,50,225
Cooperate Governance,Cooperative Governance,National,Programme 3: Intergovernmental Policy and Governance,Programme 3: Intergovernmental Policy and Governance,Quarterly,3.1 (Rev) Number of municipalities where revenue improvement recommendations are proposed for implementation by municipalities in the next financial year.,Non-Standardized,Not  Applicable,"Priority 1: A Capable, Ethical and Developmental State","Governance, State Capacity and Institutional Development cluster",0,0,,,0,,,,0,,,,0,,,,0,0,,,,,,225
Cooperate Governance,Cooperative Governance,National,Programme 3: Intergovernmental Policy and Governance,Programme 3: Intergovernmental Policy and Governance,Quarterly,3.1 Number of municipalities where revenue improvement recommendations are proposed for implementation by municipalities in the next financial year.,Non-Standardized,Not  Applicable,"Priority 1: A Capable, Ethical and Developmental State","Governance, State Capacity and Institutional Development cluster",No Target,N/A,N/A,N/A,"Revenue
improvement
recommendations
proposed for
implementation in
10 municipalities
by 30 September
2024.","Achieved

Revenue improvement recommendations proposed for implementation in 10 municipalities by 30 September 2024.
","N/A
","N/A
","Revenue
improvement
recommendations
proposed for
implementation
in 7 municipalities
by 31 December
2024.",,,,"Revenue
improvement
recommendations
proposed for
implementation in
5 municipalities by
31 March 2025.","Achieved 
Revenue improvement recommendations were proposed for implementation in 5 municipalities by 31 March 2025.
",N/A,N/A,"Revenue
improvement
recommendations
proposed for
implementation by
22 municipalities
in the 2025/26
financial year by 31
March 2025",-,,,,,,225
Cooperate Governance,Cooperative Governance,National,Programme 3: Intergovernmental Policy and Governance,Programme 3: Intergovernmental Policy and Governance,Quarterly,3.1(Rev) Number of municipalities where revenue	improvement recommendations are proposed for implementation by municipalities in the next financial year.,Non-Standardized,Not  Applicable,"Priority 1: A Capable, Ethical and Developmental State","Governance, State Capacity and Institutional Development cluster",,,,,,,,,Revenue	improvement recommendations proposed for implementation in 7 municipalities by 31 December 2024.,"Achieved

Revenue improvement recommendations were proposed for implementation in 7 municipalities by 31 December 2024.
",N/A,N/A,Revenue improvement recommendations proposed for implementation in 5 municipalities by 31 March 2025.,,,,Revenue	improvement recommendations proposed for implementation by 22 municipalities in the 2025/26 financial year by 31 March 2025,-,,,,,To improve the revenue in municipalities in the 2025/26 municipal financial on implementation of their new budget-related policies and related matters on 1 July 2025.,225
Cooperate Governance,Cooperative Governance,National,Programme 3: Intergovernmental Policy and Governance,Programme 3: Intergovernmental Policy and Governance,Quarterly,3.10 (Rev) Number of intermediate city municipalities (ICMs) with Capital Expenditure Frameworks (CEFs),Non-Standardized,Not  Applicable,"Priority 1: A Capable, Ethical and Developmental State","Governance, State Capacity and Institutional Development cluster",0,0,,,0,,,,0,,,,0,,,,0,0,,,,,,225
Cooperate Governance,Cooperative Governance,National,Programme 3: Intergovernmental Policy and Governance,Programme 3: Intergovernmental Policy and Governance,Quarterly,3.10 (Rev) Number of intermediate city municipalities (ICMs) with Capital Expenditure Frameworks (CEFs),Non-Standardized,Not  Applicable,"Priority 1: A Capable, Ethical and Developmental State","Governance, State Capacity and Institutional Development cluster",,,,,,,,,5 ICMs with draft CEFs by 31 December 2024.,"Achieved

5 ICMs with draft CEFs by 31 December 2024.
",N/A,N/A,5 ICMs with final CEFs by 31 March 2025.,"Achieved
5 ICMs with final CEFs by 31 March 2025.
",N/A,N/A,5 ICMs with final CEFs by 31 March 2025.,-,,,,,All ICMs with finalised capital expenditure frameworks (CEFs) that are aligned to the IUDF.,225
Cooperate Governance,Cooperative Governance,National,Programme 3: Intergovernmental Policy and Governance,Programme 3: Intergovernmental Policy and Governance,Quarterly,3.10 Number of intermediate city municipalities (ICMs) with Capital Expenditure Frameworks (CEFs) aligned to the strategic objectives of the Integrated Urban Development Framework (IUDF),Non-Standardized,Not  Applicable,"Priority 1: A Capable, Ethical and Developmental State","Governance, State Capacity and Institutional Development cluster",No Target,N/A,N/A,N/A,No Target,"N/A
","N/A
","N/A
","10 ICMs with draft
CEFs aligned to the
strategic objectives
of the IUDF by 31
December 2024.",,,,"10 ICMs with final
CEFs aligned to the
strategic objectives
of the IUDF by 31
March 2025.",N/A,N/A,N/A,"10 ICMs with final
CEFs aligned to the
strategic objectives
of the IUDF by 31
March 2025.",-,,,,,,225
Cooperate Governance,Cooperative Governance,National,Programme 3: Intergovernmental Policy and Governance,Programme 3: Intergovernmental Policy and Governance,Quarterly,3.11 (Rev) Number of municipalities with action plans to address inefficient business processes,Non-Standardized,Not  Applicable,"Priority 1: A Capable, Ethical and Developmental State","Governance, State Capacity and Institutional Development cluster",0,0,,,0,,,,0,,,,0,,,,0,0,,,,,,225
Cooperate Governance,Cooperative Governance,National,Programme 3: Intergovernmental Policy and Governance,Programme 3: Intergovernmental Policy and Governance,Quarterly,3.11 Number of municipalities with action plans to address inefficient business processes.,Non-Standardized,Not  Applicable,"Priority 1: A Capable, Ethical and Developmental State","The Economic Sectors, Employment and Infrastructure Development cluster",No target,N/A,N/A,N/A,No target,"N/A
","N/A
","N/A
","3 municipalities
with draft action
plans to address
inefficient business
processes by 31
December 2024.",,,,"3 municipalities
with action
plans to address
inefficient business
processes by 31
March 2025.",,,,"3 municipalities
with action
plans to address
inefficient business
processes by 31
March 2025.",-,,,,,,225
Cooperate Governance,Cooperative Governance,National,Programme 3: Intergovernmental Policy and Governance,Programme 3: Intergovernmental Policy and Governance,Quarterly,3.11(Rev) Number of municipalities with action plans to address inefficient business processes.,Non-Standardized,Not  Applicable,"Priority 1: A Capable, Ethical and Developmental State","Governance, State Capacity and Institutional Development cluster",,,,,,,,,3 municipalities with draft action plans to address inefficient business processes by 31 December 2024.,"Achieved

3 municipalities with draft action plans to address inefficient business processes were developed by 31 December 2024.
",N/A,N/A,3 action plans for the three identified municipalities finalised by 31 March 2025,"Achieved
3 action plans for the three identified municipalities were finalised by 31 March 2025.
",N/A,N/A,3 municipalities with action plans to address inefficient business processes by 31 March 2025.,-,,,,,Three municipalities with action plans to address efficient business processes.,225
Cooperate Governance,Cooperative Governance,National,Programme 3: Intergovernmental Policy and Governance,Programme 3: Intergovernmental Policy and Governance,Quarterly,3.12 ( Rev) Number of cities/towns with plans for redesign and refurbishment into smart cities/towns,Non-Standardized,Not  Applicable,"Priority 5: Spatial Integration, Human Settlements and Local Government","Governance, State Capacity and Institutional Development cluster",,,,,,,,,3 draft plans for redesign and refurbishment for the 3 identified cities/towns by 31 December 2024.,"Achieved

3 draft plans for redesign and refurbishment were developed for the 3 identified cities/towns by 31 December 2024.
",N/A,N/A,3 finalised plans for redesign and refurbishment for the 3 identified cities/towns by 31 March 2025.,"Achieved
3 finalised plans for redesign and refurbishment for the 3 identified cities/towns by 31 March 2025.
",N/A,N/A,3 finalised plans for redesign and refurbishment for the 3 identified cities/towns by 31 March 2025.,-,,,,,Three cities/towns with plans for redesign and refurbishment into smart cities/towns.,225
Cooperate Governance,Cooperative Governance,National,Programme 3: Intergovernmental Policy and Governance,Programme 3: Intergovernmental Policy and Governance,Quarterly,3.12 (Rev) Number of cities/towns with plans for redesign and refurbishment into smart cities/towns,Non-Standardized,Not  Applicable,"Priority 1: A Capable, Ethical and Developmental State","Governance, State Capacity and Institutional Development cluster",0,0,,,0,,,,0,,,,0,,,,0,0,,,,,,225
Cooperate Governance,Cooperative Governance,National,Programme 3: Intergovernmental Policy and Governance,Programme 3: Intergovernmental Policy and Governance,Quarterly,3.12 Number of cities/ towns identified for redesign and refurbishment as smart cities/towns,Non-Standardized,Not  Applicable,"Priority 5: Spatial Integration, Human Settlements and Local Government","The Economic Sectors, Employment and Infrastructure Development cluster",No target,N/A,N/A,N/A,"Report on
identified towns
to be supported
by 30 September
2024.","Achieved

Report on the identified towns to be supported was finalised by 30 September 2024.
","N/A
","N/A
","3 Draft Plans
for redesign and
refurbishment into
smart cities/towns
by 31 December
2024.",,,,"Three existing
cities/towns
identified and plans
for redesign and
refurbishment into
smart cities/towns
developed by 31
March 2025",,,,"Three existing
cities/towns
identified and plans
for redesign and
refurbishment into
smart cities/towns
developed by 31
March 2025",-,,,,,,225
Cooperate Governance,Cooperative Governance,National,Programme 3: Intergovernmental Policy and Governance,Programme 3: Intergovernmental Policy and Governance,Quarterly,3.13 (Rev) Number of priority municipalities that have implemented short-term financial pillar recovery plan targets,Non-Standardized,Not  Applicable,"Priority 1: A Capable, Ethical and Developmental State","Governance, State Capacity and Institutional Development cluster",0,0,,,0,,,,0,,,,0,,,,0,0,,,,,,225
Cooperate Governance,Cooperative Governance,National,Programme 3: Intergovernmental Policy and Governance,Programme 3: Intergovernmental Policy and Governance,Quarterly,3.13 Number of municipalities surveyed on citizen satisfaction with service delivery.,Non-Standardized,Not  Applicable,Priority 6: Social Cohesion and Safer Communities,"The Social Protection, Community and Human Development cluster",No Target,N/A,N/A,N/A,"Concept note
developed by 30
September 2024","Not Achieved

The Concept note was not developed by 30 September 2024.
","The project was discontinued following a decision by EXCO to not continue with the survey for the 2024/25 Financial Year. EXCO advised that the results of the 2023/24 survey be processed further against other internal reports.
","Approved Submission by DG was submitted to the planning unit to remove the project from the 2024/25 APP.
","Service provider
appointed
to conduct a
survey on citizen
satisfaction by 31
December 2024",,,,"22 municipalities
surveyed on citizen
satisfaction by 31
March 2025",,,,"22 municipalities
surveyed on citizen
satisfaction by 31
March 2025",-,,,,,,225
Cooperate Governance,Cooperative Governance,National,Programme 3: Intergovernmental Policy and Governance,Programme 3: Intergovernmental Policy and Governance,Quarterly,3.13(Rev)Number of priority municipalities that have implemented short-term financial pillar recovery plan targets.,Not Applicable,Not  Applicable,"Priority 1: A Capable, Ethical and Developmental State","Governance, State Capacity and Institutional Development cluster",,,,,,,,,4 priority municipalities that have implemented an average of 30% of short-term financial management pillar recovery plan targets by 31 December 2024.,"Achieved

4 priority municipalities have implemented an average of 30% of short-term financial management pillar recovery plan targets by 31 December 2024.
",N/A,N/A,4 priority municipalities that have implemented an average of 40% of short-term financial management pillar recovery plan targets by 31 March 2025,"Achieved
4 priority municipalities implemented an average of 40% of short-term financial management pillar recovery plan targets. 
",N/A,N/A,4 priority municipalities that have implemented an average of 40% of short-term financial management pillar recovery plan targets by 31 March 2025 ,-,,,,,Priority municipalities that implemented their recovery plans.,225
Cooperate Governance,Cooperative Governance,National,Programme 3: Intergovernmental Policy and Governance,Programme 3: Intergovernmental Policy and Governance,Quarterly,3.14 (Rev) Number of priority municipalities with unfunded budgets that have implemented the Budget Funding Plan targets,Non-Standardized,Not  Applicable,"Priority 1: A Capable, Ethical and Developmental State","Governance, State Capacity and Institutional Development cluster",0,0,,,0,,,,0,,,,0,,,,0,0,,,,,,225
Cooperate Governance,Cooperative Governance,National,Programme 3: Intergovernmental Policy and Governance,Programme 3: Intergovernmental Policy and Governance,Quarterly,3.14 (Rev) Number of priority municipalities with unfunded budgets that have implemented the Budget Funding Plan targets.,Non-Standardized,Not  Applicable,"Priority 1: A Capable, Ethical and Developmental State","Governance, State Capacity and Institutional Development cluster",,,,,,,,,No Target,N/A,N/A,N/A,6 priority municipalities with unfunded budgets that have implemented an average of 40% of the Budget Funding Plan targets 31 March 2025,"Achieved
6 priority municipalities with unfunded budgets implemented an average of 41% of the Budget Funding Plan targets 31 March 2025.
",N/A,N/A,6 priority municipalities with unfunded budgets that have implemented an average of 40% of the Budget Funding Plan targets 31 March 2025,-,,,,,Priority municipalities with significant reduction of unfunded budgets,225
Cooperate Governance,Cooperative Governance,National,Programme 3: Intergovernmental Policy and Governance,Programme 3: Intergovernmental Policy and Governance,Quarterly,3.14 Number of priority municipalities with credible and responsive recovery plans developed,Non-Standardized,Not  Applicable,"Priority 1: A Capable, Ethical and Developmental State","Governance, State Capacity and Institutional Development cluster","6 priority
municipalities
achieved 20%
of short-term
recovery plan
targets by 30 June
2024","Not achieved

Four of the 6 priority municipalities achieved 19.30% of short-term recovery plan targets by 30 June 2024.
",The recovery plans were not finalised during the quarter under review due to as the municipalities did not submit progress reports on the implementation of the short-term recovery plan.,To support the municipalities with the implementation of the short-term recovery plans.,"6 priority
municipalities
achieved 25%
of short-term
recovery plan
targets by 30
September 2024","Not Achieved

4 of the priority municipalities achieved 28% of short-term financial management pillar recovery planned activities by 30 September 2024","The Department has targeted to monitor implementation plans and assist 6 municipalities which are under FRP. The dependency however is the finalization and approval of the FRP through the legislative processes.
","The short-term recovery plan targets will be implemented once the FRPs have been approved.
","6 priority
municipalities
achieved 30%
short-term
recovery plan
targets by 31
December 2024",,,,"6 priority
municipalities
achieved 40%
of short-term
recovery plan
targets by 31
March 2025",,,,"6 priority
municipalities
achieved 40%
of short-term
recovery plans
targets by 31
March 2025",-,,,,,,225
Cooperate Governance,Cooperative Governance,National,Programme 3: Intergovernmental Policy and Governance,Programme 3: Intergovernmental Policy and Governance,Quarterly,3.15 (Rev) Number of priority municipalities that have implemented audit action plan targets,Non-Standardized,Not  Applicable,"Priority 1: A Capable, Ethical and Developmental State","Governance, State Capacity and Institutional Development cluster",0,0,,,0,,,,0,,,,0,,,,0,0,,,,,,225
Cooperate Governance,Cooperative Governance,National,Programme 3: Intergovernmental Policy and Governance,Programme 3: Intergovernmental Policy and Governance,Quarterly,3.15 (Rev) Number of priority municipalities that have implemented audit action plan targets.,Non-Standardized,Not  Applicable,"Priority 1: A Capable, Ethical and Developmental State","Governance, State Capacity and Institutional Development cluster",,,,,,,,,No Target,N/A,N/A,N/A,6 priority municipalities that have implemented 25% of audit action plan targets by 31 March 2025,"Not Achieved
6 priority municipalities did not implement 25% of audit action plan targets by 31 March 2025
",The PoE could not withstand scrutiny.,The Programme will constantly  monitor the implementation of the post  audit action plans in individual municipalities.,6 priority municipalities that have implemented 25% of audit action plan targets by 31 March 2025,-,,,,,100% achievement of the audit action plan targets for each selected municipality,225
Cooperate Governance,Cooperative Governance,National,Programme 3: Intergovernmental Policy and Governance,Programme 3: Intergovernmental Policy and Governance,Quarterly,3.15 Number of priority municipalities with reduced unfunded budgets,Non-Standardized,Not  Applicable,Priority 2: Economic Transformation And Job Creation,"The Economic Sectors, Employment and Infrastructure Development cluster",No target,N/A,N/A,N/A,No target,"N/A 
","N/A 
","N/A 
",No target,,,,"6 priority
municipalities with
recommendations
made to reduce
unfunded budgets
by 31 March 2025",,,,"6 priority
municipalities with
recommendations
made to reduce
unfunded budgets
by 31 March 2025",-,,,,,,225
Cooperate Governance,Cooperative Governance,National,Programme 3: Intergovernmental Policy and Governance,Programme 3: Intergovernmental Policy and Governance,Quarterly,3.16 (Rev) Number of priority municipalities that have achieved Eskom Debt Relief action plan targets,Non-Standardized,Not  Applicable,"Priority 1: A Capable, Ethical and Developmental State","Governance, State Capacity and Institutional Development cluster",0,0,,,0,,,,0,,,,0,,,,0,0,,,,,,225
Cooperate Governance,Cooperative Governance,National,Programme 3: Intergovernmental Policy and Governance,Programme 3: Intergovernmental Policy and Governance,Quarterly,3.16 (Rev) Number of priority municipalities that have achieved Eskom Debt Relief action plan targets,Non-Standardized,Not  Applicable,"Priority 1: A Capable, Ethical and Developmental State","Governance, State Capacity and Institutional Development cluster",,,,,,,,,6 priority municipalities that have achieved 50% of Eskom Debt Relief action plan targets by 31 December 2024,"Achieved

6 priority municipalities have achieved 50% of Eskom Debt Relief action plan targets by 31 December 2024.
",N/A,N/A,6 priority municipalities that have achieved 60% of Eskom Debt Relief action plan targets by 31 March 2025,"Achieved
6 priority municipalities achieved at least 80% of Eskom Debt Relief action plan targets. 
",There was an enhanced focus by the municipalities to comply with the conditions. Close monitoring and oversight by provincial treasuries also added a lot of value.,To maintain the high level of performance.,6 priority municipalities that have achieved 60% of Eskom Debt Relief action plan targets by 31 March 2025,-,,,,,100 % Achievement of the set targets,225
Cooperate Governance,Cooperative Governance,National,Programme 3: Intergovernmental Policy and Governance,Programme 3: Intergovernmental Policy and Governance,Quarterly,3.16 Number of priority municipalities that have received positive AGSA audit opinion,Non-Standardized,Not  Applicable,"Priority 1: A Capable, Ethical and Developmental State","Governance, State Capacity and Institutional Development cluster",No target,N/A,N/A,N/A,No target,"N/A 
","N/A 
",N/A ,"6 priority
municipalities that
have achieved
30% audit action
plan targets by
December 2024",,,,"6 priority
municipalities that
have achieved
50% audit action
plan targets by 31
March 2025",,,,"6 priority
municipalities that
have achieved
50% audit action
plan targets by 31
March 2025",-,,,,,,225
Cooperate Governance,Cooperative Governance,National,Programme 3: Intergovernmental Policy and Governance,Programme 3: Intergovernmental Policy and Governance,Quarterly,3.17 Number of priority municipalities that have achieved Eskom Debt Relief action plan targets,Non-Standardized,Not  Applicable,"Priority 1: A Capable, Ethical and Developmental State","Governance, State Capacity and Institutional Development cluster",No target,N/A,N/A,N/A,"6 priority
municipalities
with developed
management
tracking document
of Eskom Debt
Relief action plan
targets by 30
September 2024","Achieved

6 priority municipalities with developed management tracking document of Eskom Debt Relief action plan targets by 30 September 2024.
",N/A,N/A,"6 priority
municipalities that
have achieved
50% of Eskom
Debt Relief action
plan targets by 31
December 2024",,,,"6 priority
municipalities that
have achieved
60% of Eskom
Debt Relief action
plan targets by 31
March 2025",,,,"6 priority
municipalities that
have achieved
60% of Eskom
Debt Relief action
plan targets by 31
March 2025",-,,,,,,225
Cooperate Governance,Cooperative Governance,National,Programme 3: Intergovernmental Policy and Governance,Programme 3: Intergovernmental Policy and Governance,Quarterly,3.2 (Rev) Number of municipalities where credit control and debt collection recommendations are proposed for implementation by municipalities in the next financial year,Non-Standardized,Not  Applicable,"Priority 1: A Capable, Ethical and Developmental State","Governance, State Capacity and Institutional Development cluster",0,0,,,0,,,,0,,,,0,,,,0,0,,,,,,225
Cooperate Governance,Cooperative Governance,National,Programme 3: Intergovernmental Policy and Governance,Programme 3: Intergovernmental Policy and Governance,Quarterly,3.2 Number of municipalities where credit control and debt collection recommendations are proposed for implementation by municipalities in the next financial year.,Non-Standardized,Not  Applicable,"Priority 1: A Capable, Ethical and Developmental State","Governance, State Capacity and Institutional Development cluster",No Target,N/A,N/A,N/A,"Credit control and
debt collection
recommendations
proposed for
implementation in
10 municipalities
by 30 September
2024.","Achieved

Credit control and debt collection recommendations proposed for implementation in 10 municipalities by 30 September 2024.
",N/A,N/A,"Credit control and
debt collection
recommendations
proposed for
implementation
in 7 municipalities
by 31 December
2024.",,,,"Credit control and
debt collection
recommendations
proposed for
implementation in
5 municipalities by
31 March 2025.","Achieved 
Credit control and debt collection recommendations were proposed for implementation in 5 municipalities by 31 March 2025.
",N/A,N/A,"Credit control and
debt collection
recommendations
proposed for
implementation by
22 municipalities
in the 2025/26
financial year by 31
March 2025",-,,,,,,225
Cooperate Governance,Cooperative Governance,National,Programme 3: Intergovernmental Policy and Governance,Programme 3: Intergovernmental Policy and Governance,Quarterly,3.2(Rev) Number of municipalities where credit control and debt collection recommendations are proposed for implementation by municipalities in the next financial year.,Non-Standardized,Not  Applicable,"Priority 1: A Capable, Ethical and Developmental State","Governance, State Capacity and Institutional Development cluster",,,,,,,,,Credit control and debt collection recommendations proposed for implementation in 7 municipalities by 31 December 2024.,"Achieved

Credit control and debt collection recommendations were proposed for implementation in 7 municipalities by 31 December 2024.
",N/A,N/A,Credit control and debt collection recommendations proposed for implementation in 5 municipalities by 31 March 2025.,,,,Credit control and debt collection recommendations proposed for implementation by 22 municipalities in the 2025/26 financial year by 31 March 2025.,-,,,,,Decrease in the debt owed to municipalities,225
Cooperate Governance,Cooperative Governance,National,Programme 3: Intergovernmental Policy and Governance,Programme 3: Intergovernmental Policy and Governance,Quarterly,3.3 (Rev) Local Government: General Laws Amendment Bill submitted to Technical Working Group of Cabinet Committee,Non-Standardized,Not  Applicable,"Priority 1: A Capable, Ethical and Developmental State","Governance, State Capacity and Institutional Development cluster",,,,,,,,,"Local Government: General Laws Amendment Bill submitted to the State Law Advisor for vetting, and the Presidency for final SEIA by 31 December 2024.","Achieved

Local Government: General Laws Amendment Bill was submitted to the State Law Advisor for vetting, and the Presidency for final SEIA by 31 December 2024.
",N/A,N/A, Local Government: General Laws Amendment Bill submitted to Technical Working Group of Cabinet Committee by 31 March 2025.,"Achieved
Local Government: General Laws Amendment Bill was submitted to Technical Working Group of Cabinet Committee by 31 March 2025.
",N/A,N/A,Local Government: General Laws Amendment Bill submitted to Technical Working Group of Cabinet Committee by 31 March 2025,-,,,,,,225
Cooperate Governance,Cooperative Governance,National,Programme 3: Intergovernmental Policy and Governance,Programme 3: Intergovernmental Policy and Governance,Quarterly,3.3 Development of Local Government: General Laws Amendment Bill and submitted to Technical Working Group of Cabinet Committee,Non-Standardized,Not  Applicable,"Priority 1: A Capable, Ethical and Developmental State","Governance, State Capacity and Institutional Development cluster","Local Government:
General Laws
Amendment Bill
published for
public comments
by 30 June 2024.","Achieved

Local Government: General Laws Amendment Bill was published for public comments on 14 May 2024
",N/A,N/A,"Consideration of
public comments
by 30 September
2024.","Achieved

Public comments were considered on 25 and 26 September 2024",N/A,N/A,"Local Government:
General Laws
Amendment Bill
submitted to the
State Law Advisor
for vetting, and
the Presidency for
final SEIA by 31
December 2024.",,,,"Local Government:
General Laws
Amendment Bill
submitted to
Technical Working
Group of Cabinet
Committee by 31
March 2025.",,,,"Local Government:
General Laws
Amendment Bill
submitted to
Technical Working
Group of Cabinet
Committee by 31
March 2025",-,,,,,,225
Cooperate Governance,Cooperative Governance,National,Programme 3: Intergovernmental Policy and Governance,Programme 3: Intergovernmental Policy and Governance,Quarterly,3.4 (Rev) Percentage of received reports on the appointment of municipal senior managers analysed and recommendations made to the MEC ,Non-Standardized,Not  Applicable,"Priority 1: A Capable, Ethical and Developmental State","Governance, State Capacity and Institutional Development cluster",,,,,,,,,100% of received reports for appointed municipal senior managers analysed and recommendations made to the MEC by 31 December 2024.,"Not achieved
 
0% of received reports for appointed municipal senior managers analysed and recommendations made to the MEC by 31 December 2024.
",The letter regarding the determination by the Minister on compliance of appointments of senior managers was signed after the reporting period.,Management will implement remedial measures and ensure that letters to the MECs are signed before the end of the reporting period.,100% of received reports for appointed municipal senior managers analysed and recommendations made to the MEC by 31 March 2025.,"Achieved
100% of the reports received for appointed municipal senior managers were analysed and recommendations were made to the MEC by 31 March 2025.
",N/A,N/A,100% of received reports for appointed municipal senior managers analysed and recommendations made to the MEC by 31 March 2025.,-,,,,,,225
Cooperate Governance,Cooperative Governance,National,Programme 3: Intergovernmental Policy and Governance,Programme 3: Intergovernmental Policy and Governance,Quarterly,3.4 Percentage of competent senior manager appointed in municipalities,Non-Standardized,Not  Applicable,"Priority 1: A Capable, Ethical and Developmental State","Governance, State Capacity and Institutional Development cluster","100% of
competent
senior managers
appointed and
recommended to
the MECs by 30
June 2024.","Not Achieved

0% of competent senior managers were appointed and recommended to the MECs by 30 June 2024.
","A few days before the first quarter ended, five appointment reports that contained crucial information needed to determine whether the appointments met the basic competency requirements were received. In addition, four letters were not signed due to the prolonged process of appointing new ministers.","•	The five appointment reports have been analysed and processed for approval by the Minister.
•	Management will implement measures to ensure that the four letters are signed by the Minister. 
","100% of
competent
senior managers
appointed and
recommended to
the MECs by 30
September 2024.","Not Achieved

100% of competent senior managers appointed were not recommended to the MECs by 30 September 2024.
","The letters recommending corrective actions to the MECs were signed after the reporting period.
",Programme management unit had identified that the challenge lies in crafting of the target indicator and technical indicator description. A proposal was made to Corporate Planning to consider a review of the APP target during the mid-year review (during the review of the Departmental APP in September 2024).   ,"100% of
competent
senior managers
appointed and
recommended to
the MECs by 31
December 2024.",,,,"100% of
competent
senior managers
appointed and
recommended to
the MECs by 31
March 2025.",,,,"100% of
competent
senior managers
appointed and
recommended to
the MECs by 31
March 2025.",-,,,,,,225
Cooperate Governance,Cooperative Governance,National,Programme 3: Intergovernmental Policy and Governance,Programme 3: Intergovernmental Policy and Governance,Quarterly,"3.5 (Rev) Percentage of cases of misconduct including financial misconduct, fraud, and corruption recorded on the database for dismissed municipal staff members",Non-Standardized,Not  Applicable,"Priority 1: A Capable, Ethical and Developmental State","Governance, State Capacity and Institutional Development cluster",,,,,,,,,"100% of cases of misconduct including financial misconduct, fraud, and corruption recorded on the database for dismissed municipal staff members by 31 December 2024.","Achieved

100% of cases of misconduct including financial misconduct, fraud, and corruption were recorded on the database for dismissed municipal staff members by 31 December 2024.
",N/A,N/A,"100% of cases of misconduct including financial misconduct, fraud, and corruption recorded on the database for dismissed municipal staff members by 31 March 2025.","Achieved
100% of cases of misconduct including financial misconduct, fraud, and corruption recorded on the database for dismissed municipal staff members by 31 March 2025.
",N/A,N/A,"100% of cases of misconduct including financial misconduct, fraud, and corruption recorded on the database for dismissed municipal staff members by 31 March 2025.",-,,,,,,225
Cooperate Governance,Cooperative Governance,National,Programme 3: Intergovernmental Policy and Governance,Programme 3: Intergovernmental Policy and Governance,Quarterly,"3.5 Percentage of cases of misconduct including financial misconduct, fraud, and corruption recorded on the database for dismissed municipal staff members.",Non-Standardized,Not  Applicable,"Priority 1: A Capable, Ethical and Developmental State","Governance, State Capacity and Institutional Development cluster","100% cases
of 
misconduct
including financial
misconduct, fraud,
and corruption
recorded on
the database
for dismissed
municipal staff
members by 30
June 2024.","Achieved

100% cases of misconduct including financial misconduct, fraud, and corruption recorded on the database for dismissed municipal staff members by 30 June 2024.
",N/A,N/A,"100% cases
of 
misconduct
including financial
misconduct, fraud,
and corruption
recorded on
the database
for dismissed
municipal staff
members by 30
September 2024.","Achieved

100% cases of misconduct including financial misconduct, fraud, and corruption recorded on the database for dismissed municipal staff members by 30 September 2024.
",N/A,N/A,"100% cases
of 
misconduct
including financial
misconduct, fraud,
and corruption
recorded on
the database
for dismissed
municipal staff
members by 31
December 2024.",,,,"100% cases
of 
misconduct
including financial
misconduct, fraud,
and corruption
recorded on
the database
for dismissed
municipal staff
members by 31
March 2025.",,,,"100% cases
of 
misconduct
including financial
misconduct, fraud,
and corruption
recorded on
the database for
dismissed municipal
staff members by
31 March 2025.",-,,,,,,225
Cooperate Governance,Cooperative Governance,National,Programme 3: Intergovernmental Policy and Governance,Programme 3: Intergovernmental Policy and Governance,Quarterly,"3.6 (Rev) Support provided to Parliament on the processing of the Intergovernmental Monitoring, Support and Interventions (IMSI) Bill",Non-Standardized,Not  Applicable,"Priority 1: A Capable, Ethical and Developmental State","Governance, State Capacity and Institutional Development cluster",,,,,,,,,No Target,N/A,N/A,N/A,Support provided to Parliament on the processing of the IMSI Bill by 31 March 2025.,"Not Achieved
Support was not provided to Parliament on the processing of the IMSI Bill by 31 March 2025.
","In terms of parliamentary processes, the Department has not yet received any request for support.",To engage Parliament to ascertain when the legislative programme will commence. ,Support provided to Parliament on the processing of the IMSI Bill by 31 March 2025.,-,,,,,,225
Cooperate Governance,Cooperative Governance,National,Programme 3: Intergovernmental Policy and Governance,Programme 3: Intergovernmental Policy and Governance,Quarterly,"3.6 Support provided to Parliament on the processing of the Intergovernmental Monitoring, Support and Interventions (IMSI) Bill",Non-Standardized,Not  Applicable,"Priority 1: A Capable, Ethical and Developmental State","Governance, State Capacity and Institutional Development cluster",No Target,N/A,N/A,N/A,No Target,"N/A
","N/A
","N/A
",No Target,,,,"Support provided
to Parliament on
the processing of
the IMSI Bill by 31
March 2025.",,,,"Support provided
to Parliament on
the processing of
the IMSI Bill by 31
March 2025.",-,,,,,,225
Cooperate Governance,Cooperative Governance,National,Programme 3: Intergovernmental Policy and Governance,Programme 3: Intergovernmental Policy and Governance,Quarterly,3.7 (Rev) Draft regulations for LG indicators (section 43 of MSA) developed,Non-Standardized,Not  Applicable,"Priority 1: A Capable, Ethical and Developmental State","Governance, State Capacity and Institutional Development cluster",,,,,,,,,Consultation on the development of the draft regulation for LG indicators (S43 of MSA) by 31 December 2024.,"Achieved

Consultations on the development of the draft regulation for LG indicators (S43 of MSA) took place by 31 December 2024.
",N/A,N/A,Draft regulations for LG indicators (S43 of MSA developed by 31 March 2025.,"Achieved
Draft regulations for LG indicators (S43 of MSA were developed by 31 March 2025.
",N/A,N/A,Draft regulations for LG indicators (S43 of MSA) developed and consulted by 31 March 2025.,-,,,,,,225
Cooperate Governance,Cooperative Governance,National,Programme 3: Intergovernmental Policy and Governance,Programme 3: Intergovernmental Policy and Governance,Quarterly,3.7 Draft regulations for LG indicators (section 43 of MSA) developed,Non-Standardized,Not  Applicable,"Priority 1: A Capable, Ethical and Developmental State","Governance, State Capacity and Institutional Development cluster","Development of
discussion/concept
document on
development or
amendment of the
Regulations by 30
June 2024.","Achieved

Discussion/concept document on development or amendment of the Regulations developed by 30 June 2024.
",N/A,N/A,"Consultation
commences on the
development of
draft Regulations
by 30 September
2024.","Achieved

Consultations commenced on the development of draft regulations by 30 September2024.
","N/A
","N/A
","Consultation
continues and
draft regulations
developed by 31
December 2024.",,,,"Draft regulations
developed by 31
March 2025.",,,,"Draft regulations
for LG indicators
(S43 of MSA)
developed and
consulted by 31
March 2025.",-,,,,,,225
Cooperate Governance,Cooperative Governance,National,Programme 3: Intergovernmental Policy and Governance,Programme 3: Intergovernmental Policy and Governance,Quarterly,3.8 (Rev) White Paper on Local Government reviewed,Non-Standardized,Not  Applicable,"Priority 1: A Capable, Ethical and Developmental State","Governance, State Capacity and Institutional Development cluster",,,,,,,,,Stakeholder consultations towards the development of the concept document undertaken by 31 December 2024,"Achieved

Stakeholder consultations towards the development of the concept document were undertaken by 31 December 2024.
",N/A,N/A,Discussion document on the Review of the White Paper on Local Government developed by 31 March 2025,"Achieved
Discussion document on the review of the White Paper on Local Government was developed by 31 March 2025.
",N/A,N/A,Discussion document on the Review of the White Paper on Local Government developed by 31 March 2025,-,,,,,,225
Cooperate Governance,Cooperative Governance,National,Programme 3: Intergovernmental Policy and Governance,Programme 3: Intergovernmental Policy and Governance,Quarterly,"3.8 White Paper on Local Government, 1998 reviewed",Non-Standardized,Not  Applicable,"Priority 1: A Capable, Ethical and Developmental State","Governance, State Capacity and Institutional Development cluster",No Target,N/A,N/A,N/A,"Concept
document
and Terms
of Reference
developed by 30
September 2024.","Achieved

The Concept Document (Business case) and Terms of Reference were developed and finalised by 30 September 2024.
","N/A
","N/A
","Stakeholder
consultations
undertaken by 31
December 2024.",,,,"Discussion
document on the
Review of the
White Paper on
Local Government,
1998 developed by
31 March 2025",,,,"Discussion
document on the
Review of the
White Paper on
Local Government,
1998 developed by
31 March 2025",-,,,,,,225
Cooperate Governance,Cooperative Governance,National,Programme 3: Intergovernmental Policy and Governance,Programme 3: Intergovernmental Policy and Governance,Quarterly,3.9 (Rev) Number of municipalities where improvement measures to enhance Spatial Development Framework (SDF) compliance with Spatial Planning and Land Use Management Act (SPLUMA) 16 of 2013 are recommended,Non-Standardized,Not  Applicable,"Priority 1: A Capable, Ethical and Developmental State","Governance, State Capacity and Institutional Development cluster",0,0,,,0,,,,0,,,,0,,,,0,0,,,,,,225
Cooperate Governance,Cooperative Governance,National,Programme 3: Intergovernmental Policy and Governance,Programme 3: Intergovernmental Policy and Governance,Quarterly,3.9 Number of municipalities where improvement measures to enhance Spatial Development Framework (SDF) compliance with Spatial Planning and Land Use Management Act (SPLUMA) 16 of 2013 are recommended.,Non-Standardized,Not  Applicable,"Priority 1: A Capable, Ethical and Developmental State","Governance, State Capacity and Institutional Development cluster",No Target,N/A,N/A,N/A,"15 municipal SDFs
assessed and
recommendations
provided for
SPLUMA
compliance by 30
September 2024.","Achieved

15 Municipal SDF’s were assessed and recommendations for SPLUMA compliance were provided by 30 September 2024.
","N/A
","N/A
","15 municipal SDFs
assessed and
recommendations
provided for
SPLUMA
compliance by 31
December 2024.",,,,"20 municipal SDFs
assessed and
recommendations
provided for
SPLUMA
compliance by 31
March 2025",,,,"50 municipal SDFs
assessed and
recommendations
provided for
SPLUMA
compliance by 31
March 2025.",-,,,,,,225
Cooperate Governance,Cooperative Governance,National,Programme 3: Intergovernmental Policy and Governance,Programme 3: Intergovernmental Policy and Governance,Quarterly,3.9(Rev) Number of municipalities where improvement measures to enhance Spatial Development Framework (SDF) compliance with Spatial Planning and Land Use Management Act (SPLUMA) 16 of 2013 are recommended.,Non-Standardized,Not  Applicable,"Priority 5: Spatial Integration, Human Settlements and Local Government","Governance, State Capacity and Institutional Development cluster",,,,,,,,,15 municipal SDFs assessed and recommendations provided for SPLUMA compliance by 31 December 2024.,"Achieved

15 municipal SDFs were assessed, and recommendations were provided for SPLUMA compliance by 31 December 2024.
",N/A,N/A,20 municipal SDFs assessed and recommendations provided for SPLUMA compliance by 31 March 2025,"Achieved
20 municipal SDFs were assessed, and recommendations were provided for SPLUMA compliance by 31 March 2025.
",N/A,N/A,50 municipal SDFs assessed and recommendations provided for SPLUMA compliance by 31 March 2025.,-,,,,,Municipalities with SPLUMA-compliant SDFs ,225
Cooperate Governance,Cooperative Governance,National,Programme 3: Intergovernmental Policy and Governance,Programme 3: Intergovernmental Policy and Governance,Quarterly,Default,Non-Standardized,Not  Applicable,Priority 6: Social Cohesion and Safer Communities,"The Social Protection, Community and Human Development cluster",,,,,,,,,,,,,,,,,,,,,,,80,225
Cooperate Governance,Cooperative Governance,National,Programme 4: National Disaster Management Centre (NDMC),Programme 4: National Disaster Management Centre (NDMC),Quarterly,4.1 Number of organs of state that have implemented disaster funding arrangements in terms of the Disaster Management Act.,Non-Standardized,Not  Applicable,"Priority 5: Spatial Integration, Human Settlements and Local Government","The Economic Sectors, Employment and Infrastructure Development cluster","Develop an
implementation
approach for
disaster funding
arrangement
targeting
identified organs
of state by 30
June 2024.","Achieved

An implementation approach for disaster funding arrangement targeting identified organs of state was developed and approved by 30 June 2024.
",N/A,N/A,"3 Organs of
state that have
implemented
disaster funding
arrangements by
30 September
2024.","Achieved
 
3 Organs of state have implemented disaster funding arrangements by 30 September 2024.
","N/A
","N/A
","3 Organs of
state that have
implemented
disaster funding
arrangements by
31 December
2024.","Achieved

3 Organs of state have implemented disaster funding arrangements by 31 December 2024.",N/A,N/A,"2 Organs of
state that have
implemented
disaster funding
arrangements by
31 March 2025.","Achieved
2 Organs of state implemented disaster funding arrangements by 31 March 2025.

",N/A,N/A,"8 Organs of
state that have
implemented
disaster funding
arrangements by
31 March 2025.",-,,,,,,225
Cooperate Governance,Cooperative Governance,National,Programme 4: National Disaster Management Centre (NDMC),Programme 4: National Disaster Management Centre (NDMC),Quarterly,4.1(Rev) Number of organs of state that have implemented disaster funding arrangements in terms of the Disaster Management Act.,Non-Standardized,Not  Applicable,"Priority 5: Spatial Integration, Human Settlements and Local Government","The Social Protection, Community and Human Development cluster",,,,,,,,,"3 Organs of state that have implemented disaster funding arrangements by 31 December 2024.
",0,0,0,"2 Organs of state that have implemented disaster funding arrangements by 31 March 2025.
",,,,"8 Organs of state that have implemented disaster funding arrangements by 31 March 2025.
",-,,,,,Disaster funding arrangements implemented by organs of state as per the Disaster Management Act for immediate response to the effects of the disasters.,225
Cooperate Governance,Cooperative Governance,National,Programme 4: National Disaster Management Centre (NDMC),Programme 4: National Disaster Management Centre (NDMC),Quarterly,"4.2 Number of municipalities that have implemented DRR strategies to prevent, prepare and mitigate disaster risks and enhance climate protection through applicable disaster management plans.",Non-Standardized,Not  Applicable,"Priority 5: Spatial Integration, Human Settlements and Local Government","The Social Protection, Community and Human Development cluster","Develop an
implementation
approach for
DRR strategies
within the
identified
municipalities by
30 June 2024.","Achieved

An implementation approach for DRR strategies within the identified municipalities was developed and approved by 30 June 2024.
",N/A,N/A,"5 municipalities
that have
implemented
DRR strategies
to prevent,
prepare and
mitigate disaster
risks and
enhance climate
protection
through
applicable
disaster
management
plans by 30
September 2024.","Achieved

5 municipalities have implemented DRR strategies to prevent, prepare and mitigate disaster risks and enhance climate protection through applicable disaster management plans by 30 September 2024.
","N/A
","N/A
","5 municipalities
that have
implemented
DRR strategies
to prevent,
prepare and
mitigate disaster
risks and
enhance climate
protection
through
applicable
disaster
management
plans by 31
December 2024.","Achieved
 
5 municipalities have implemented DRR strategies to prevent, prepare and mitigate disaster risks and enhance climate protection through applicable disaster management plans by 31 December 2024.
",N/A,N/A,"4 municipalities
that have
implemented
DRR strategies
to prevent,
prepare and
mitigate disaster
risks and
enhance climate
protection
through
applicable
disaster
management
plans by 31
March 2025.","Achieved
4 municipalities implemented DRR strategies to prevent, prepare and mitigate disaster risks and enhance climate protection through applicable disaster management plans by 31 March 2025.
",N/A,N/A,"14 municipalities
that have
implemented
DRR strategies
to prevent,
prepare and
mitigate disaster
risks and
enhance climate
protection
through
applicable
disaster
management
plans by 31
March 2025.",-,,,,,,225
Cooperate Governance,Cooperative Governance,National,Programme 4: National Disaster Management Centre (NDMC),Programme 4: National Disaster Management Centre (NDMC),Quarterly,"4.2(Rev) Number of municipalities that have implemented DRR strategies to prevent, prepare and mitigate disaster risks and enhance climate protection through applicable disaster management plans.",Non-Standardized,Not  Applicable,"Priority 5: Spatial Integration, Human Settlements and Local Government","The Social Protection, Community and Human Development cluster",,,,,,,,,"5 municipalities that have implemented DRR strategies to prevent, prepare and mitigate disaster risks and enhance climate protection through applicable disaster management plans by 31 December 2024.
",0,0,0,"4 municipalities that have implemented DRR strategies to prevent, prepare and mitigate disaster risks and enhance climate protection through applicable disaster management plans by 31 March 2025.
",,,,"14 municipalities that have implemented DRR strategies to prevent, prepare and mitigate disaster risks and enhance climate protection through applicable disaster management plans by 31 March 2025.
",-,,,,,"Implementation of DRR strategies to prevent, prepare and mitigate disaster risks and enhance climate protection through applicable disaster management plans management plans.",225
Cooperate Governance,Cooperative Governance,National,Programme 4: National Disaster Management Centre (NDMC),Programme 4: National Disaster Management Centre (NDMC),Quarterly,4.3 Number of municipalities that have implemented the National Fire Safety and Prevention Strategy.,Non-Standardized,Not  Applicable,"Priority 5: Spatial Integration, Human Settlements and Local Government","The Social Protection, Community and Human Development cluster","National
workshop with
municipalities
to determine
and confirm
the rollout of
the National
Fire Safety and
Prevention
Strategy by 30
June 2024.","Achieved

A national workshop with municipalities was conducted on 20 June 2024 to determine and confirm the rollout of the National Fire Safety and Prevention Strategy.
",N/A,N/A,"5 municipalities
that have
implemented
the National
Fire Safety and
Prevention
Strategy by 30
September 2024.","Achieved

5 
municipalities have implemented the National Fire Safety and Prevention Strategy by 30 September 2024.
","
N/A","
N/A","5 municipalities
that have
implemented
the National
Fire Safety and
Prevention
Strategy by 31
December 2024.","Achieved

5 municipalities have implemented the National Fire Safety and Prevention Strategy by 31 December 2024.
",N/A,N/A,"5 municipalities
that have
implemented
the National
Fire Safety and
Prevention
Strategy by 31
March 2025.","Achieved
5 municipalities implemented the National Fire Safety and Prevention Strategy by 31 March 2025.
",N/A,N/A,"15 Municipalities
that have
implemented
the National
Fire Safety and
Prevention
Strategy by 31
March 2025",-,,,,,,225
Cooperate Governance,Cooperative Governance,National,Programme 4: National Disaster Management Centre (NDMC),Programme 4: National Disaster Management Centre (NDMC),Quarterly,4.3(Rev) Number of municipalities That have implemented the National Fire Safety and Prevention Strategy.,Non-Standardized,Not  Applicable,"Priority 5: Spatial Integration, Human Settlements and Local Government","The Social Protection, Community and Human Development cluster",,,,,,,,,"5 municipalities that have implemented the National Fire Safety and Prevention Strategy by 31 December 2024.
",0,0,0,"5 municipalities that have implemented the National Fire Safety and Prevention Strategy by 31 March 2025.
",,,,"15 Municipalities that have implemented the National Fire Safety and Prevention Strategy by 31 March 2025
",-,,,,,To present key recommendations that must be considered by the National Disaster Management Centre (NDMC) to enhance or fine-tune its fire safety and prevention support programmes.,225
Cooperate Governance,Cooperative Governance,National,Programme 4: National Disaster Management Centre (NDMC),Programme 4: National Disaster Management Centre (NDMC),Quarterly,4.4 (Rev) Disaster Management system reviewed and overhauled.,Non-Standardized,Not  Applicable,"Priority 5: Spatial Integration, Human Settlements and Local Government","The Social Protection, Community and Human Development cluster",,,,,,,,,"Reviewed system of disaster management presented to identified governance structures by 31 December 2024.
","Not Achieved

Reviewed system of disaster management was not presented to the identified governance structures by 31 December 2024.
",Additional consultations were recommended prior to consultation with cabinet clusters and subsequently cabinet.,"•	A consultation was held with the National Treasury on disaster risk finance.
•	Consultation with the National joints operational and intelligence structure will be scheduled in the fourth quarter.
•	Following the above consultations, FOSAD, cabinet clusters and cabinet will be consulted in that order.
","Reviewed system of Disaster Management submitted to Cabinet by 31 March 2025.
","Not Achieved 
Reviewed system of Disaster Management  was not submitted to Cabinet by 31 March 2025.",Additional consultations were recommended prior to tabling the Reviewed system of Disaster Management to Cabinet.,The target has been carried over to the 2025/26 financial year.,"Reviewed system of Disaster Management submitted to Cabinet by 31 March 2025.
",-,,,,,A new model of disaster management developed and submitted to Cabinet.,225
Cooperate Governance,Cooperative Governance,National,Programme 4: National Disaster Management Centre (NDMC),Programme 4: National Disaster Management Centre (NDMC),Quarterly,4.4 Disaster Management system reviewed and overhauled.,Non-Standardized,Not  Applicable,"Priority 5: Spatial Integration, Human Settlements and Local Government","The Social Protection, Community and Human Development cluster","Implementation
and reporting
on the pilot
implementation
plan by 30 June
2024.","Not Achieved

The pilot implementation plan was not implemented or reported on by 30 June 2024
","The implementation and reporting on the pilot implementation plan remain pending as the scope of consultation was broadened to include GTAC and SALGA. As a result, the proposed system was not presented to Cabinet for approval to allow SALGA to submit a consolidated report of inputs received from all municipalities and feedback from study tours (Malawi and Brazil). Thus far, inputs have been received from both SALGA and GTAC.","The conceptualization of the proposed system is being refined with inputs received and the changes will be presented to Exco and MinExco in preparation for a Cabinet submission. Furthermore, an implementation plan for piloting will be developed upon approval of the system of disaster management by Cabinet.","Implementation
and reporting
on the pilot
implementation
plan by 30
September 2024.","Not Achieved

Implementation and reporting on the pilot implementation plan were not achieved by 30 September 2024.
","The Review of the Disaster Management System is yet to be presented to the Cabinet. Without Cabinet approval, the system cannot be piloted.
","The Review of the Disaster Management System is yet to be presented to the Cabinet. Without Cabinet approval, the system cannot be piloted.
","Implementation
and reporting
on the pilot
implementation
plan by 31
December 2024.",Target amended during the revision of the 2024/25 APP.,Target amended during the revision of the 2024/25 APP.,Target amended during the revision of the 2024/25 APP.,"Reviewed system
of disaster
management
piloted by 31
March 2025.",,,,"Reviewed system
of disaster
management
piloted by 31
March 2025.",-,,,,,,225
Cooperate Governance,Cooperative Governance,National,Programme 5: Community Work Programme,Programme 5: Community Work Programme,Quarterly,5.1 (Rev) Number of people participating in the Community Work Programme (CWP).,Non-Standardized,Not  Applicable,Priority 2: Economic Transformation And Job Creation,"The Economic Sectors, Employment and Infrastructure Development cluster",0,,,,0,,,,0,,,,0,,,,0,0,,,,,,225
Cooperate Governance,Cooperative Governance,National,Programme 5: Community Work Programme,Programme 5: Community Work Programme,Quarterly,5.1 (Rev) Number of people participating in the Community Work Programme (CWP).,Non-Standardized,Not  Applicable,Priority 2: Economic Transformation And Job Creation,"Governance, State Capacity and Institutional Development cluster",,,,,,,,,200 000 people participating in the CWP by 31 December 2024,"Achieved 

238 726 people participated in the CWP by 31 December 2024. 
","Initially, the target for people participating in CWP was 255 000. Following the budget cuts by the National Treasury, the Department reduced its target to 200 000 CWP participants. At the time of reporting, the number of participants was still higher than the planned target because the process of off-loading participants is expected to take time.","Engagements with the National Treasury are ongoing, and the Minister has issued a media statement in this regard.",200 000 people participating in the CWP by 31 March 2025,"Achieved 
251 865 people participated in the CWP by 31 March 2025.
","Following the budget cuts by the National Treasury, the Department reduced its target to 200 000 CWP participants. At the time of reporting, the number of participants was still higher than the planned target because the process of offloading over sixty-year-olds was delayed. ",Over sixty-year-olds will be released from the programme at the end of June 2025.,200 000 people participating in the CWP by 31 March 2025,-,,,,,Enrolled participants from poor households for the purposes of poverty alleviation and sustainable livelihoods.,225
Cooperate Governance,Cooperative Governance,National,Programme 5: Community Work Programme,Programme 5: Community Work Programme,Quarterly,5.1 Number of people participating in the Community Work Programme (CWP).,Non-Standardized,Not  Applicable,Priority 2: Economic Transformation And Job Creation,"The Economic Sectors, Employment and Infrastructure Development cluster","255 000 people
participating in
the CWP by 30
June 2024.","Not achieved

250 404 people participated in the CWP by 30 June 2024.
",The target was not achieved due to participants who dropped out as a result of natural attrition. The budget cuts imposed by National Treasury also made it difficult to replace the participants who dropped out as a result of natural attrition.  ,The Department is in the process of finalising its business case which will be used to engage National Treasury to reprioritise the budget.,"255 000 people
participating in
the CWP by 30
September 2024.","Not Achieved

251 049 people participated in the CWP by 30 September 2024","The target was not achieved due to participants who dropped out as a result of natural attrition. 

The budget cuts imposed by the National Treasury also made it difficult to replace the participants who dropped out due to natural attrition","•	A letter was submitted to the Minister of Finance on 24 September 2024 on the dire impact of the budget cuts. A Cabinet Memo on Unavoidable and Unforeseen (U&U) Expenditure was tabled in Cabinet on 11 September 2024. Resolutions in this regard are awaited.
•	A presentation was made to MTEC on 13 August 2024 highlighting the impact, shortfall, and current over-expenditure by CWP. It was recommended that MTEC should reconsider the CWP budget cuts, and/or recommend alternative options of funding for the Programme to achieve its objectives as one of the biggest Public Employment Programmes in the country.
•	The challenges relating to the CWP budget were also presented in the Portfolio Committee Orientation Workshop held on 20-21 August 2024. A further session was held by the Portfolio Committee with CWP on 27-28 August 2024 to respond to the matters of concern that they have raised on the CWP budget.
•	On 4 September 2024, the Department presented the CWP budget reprioritization to the Technical Committee on Budget (TCB). The Minister of Cooperative and Traditional Affairs indicated that he will engage the Minister of Finance in this regard
","255 000 people
participating in
the CWP by 31
December 2024.",,,,"255 000 people
participating in
the CWP by 31
March 2025.",,,,"255 000 people
participating in
the CWP by 31
March 2025.",-,,,,,,225
Cooperate Governance,Cooperative Governance,National,Programme 5: Community Work Programme,Programme 5: Community Work Programme,Quarterly,5.2 (Rev) Number of participants enrolled in artisanal skills training.,Non-Standardized,Not  Applicable,Priority 2: Economic Transformation And Job Creation,"The Economic Sectors, Employment and Infrastructure Development cluster",0,,,,0,,,,0,,,,0,,,,0,0,,,,,,225
Cooperate Governance,Cooperative Governance,National,Programme 5: Community Work Programme,Programme 5: Community Work Programme,Quarterly,5.2 (Rev) Number of participants enrolled in artisanal skills training.,Non-Standardized,Not  Applicable,Priority 2: Economic Transformation And Job Creation,"The Economic Sectors, Employment and Infrastructure Development cluster",,,,,,,,,1500 participants enrolled in artisanal skills training by 31 December 2024 ,"Not Achieved 

305 participants enrolled for artisanal skills training by 31 December 2024.
","•	As a result of the budget cuts by the National Treasury, the Department could not outsource training to accredited institutions.  This necessitated reliance on smart partners to provide training.
•	The majority of smart partners await approval of funding applications submitted to the National Skills Fund and SETAs. 
•	Artisanal Training is dependent on Smart Partners roll-out and funding.
",Engagements with several institutions and partners including the Department of Employment and Labour are underway for funding resources to provide artisanal training.,1500 participants enrolled in artisanal skills training by 31 March 2025,"Achieved 
7 675 participants were enrolled in artisanal skills training by 31 March 2025.
","Through the various MoUs signed between the Department, public and private entities, the enrolment of participants in artisanal skills training was accelerated.",The Department aims to increase the number of participants enrolled in artisanal skills training as a result of the positive response from Smart Partners. ,3 000 participants enrolled in artisanal skills training by 31 March 2025,-,,,,,"Skilled, employable or and self-employed participants.",225
Cooperate Governance,Cooperative Governance,National,Programme 5: Community Work Programme,Programme 5: Community Work Programme,Quarterly,5.2 Number of participants trained in artisanal skills.,Non-Standardized,Not  Applicable,Priority 2: Economic Transformation And Job Creation,"The Economic Sectors, Employment and Infrastructure Development cluster","4 500
Participants
trained in
artisanal skills by
30 June 2024","Not achieved

No participants were trained in artisanal skills by 30 June 2024.
",Inadequate budget to train participants in artisanal skills.,The Department is in the process of finalising its business case which will be used to engage National Treasury to reprioritise the budget.,"6 000
Participants
trained in
artisanal skills by
30 September
2024","Not Achieved 

No participants were trained in artisanal skills by 30 September 2024.
","Inadequate budget to train participants in artisanal skills. 
","  •	   The evidence submitted by the Programme did not support the progress reported. Consequently, Strategic Support suggested that, in the absence of evidence, the reported number of participants who received artisanal skill training be removed.
•	   The Programme was advised to consider revising the means of verification once an opportunity arises, as the certification and exit reports may not be available quarterly due to the length of the training provided. Also, the indicator and quarterly targets should be revised to focus on the enrolment of the participants.
","7 000
Participants
trained in
artisanal skills by
31 December
2024",,,,"8 000
Participants
trained in
artisanal skills by
31 March 2025",,,,"25 500
participants
trained in
artisanal skills by
31 March 2025.",-,,,,,,225
Cooperate Governance,Cooperative Governance,National,Programme 5: Community Work Programme,Programme 5: Community Work Programme,Quarterly,5.3 (Rev) Number of CWP participants enrolled in personal development initiatives through smart partnerships.,Non-Standardized,Not  Applicable,Priority 2: Economic Transformation And Job Creation,"The Economic Sectors, Employment and Infrastructure Development cluster",0,0,,,0,,,,0,,,,0,,,,0,0,,,,,,225
Cooperate Governance,Cooperative Governance,National,Programme 5: Community Work Programme,Programme 5: Community Work Programme,Quarterly,5.3 (Rev) Number of CWP participants enrolled in personal development initiatives through smart partnerships.,Non-Standardized,Not  Applicable,Priority 2: Economic Transformation And Job Creation,"The Economic Sectors, Employment and Infrastructure Development cluster",,,,,,,,,1250 CWP participants enrolled in personal development initiatives through smart partnerships by 31 December 2024.,"Achieved

5 152 participants were enrolled in personal development initiatives through smart partnerships by 31 December 2024.
",Improved CWP Branch mobilisation of smart partners and other entities to support and empower CWP participants. ,Future targets will be increased to ensure alignment with the baseline. ,1250 CWP participants enrolled in personal development initiatives through smart partnerships by 31 March 2025.,"Achieved 
10 130 participants were enrolled in personal development initiatives through smart partnerships by 31 March 2025.
","Through the various MoUs signed between the Department, public and private entities, the enrolment of participants in personal development initiatives was accelerated. ",The Department aims to increase the number of participants enrolled in personal development initiatives as a result of the positive response from Smart Partners. ,5 000 CWP participants enrolled in personal development initiatives through smart partnerships by 31 March 2025.,-,,,,,Participants empowered through capacity-building programmes through smart partnerships,225
Cooperate Governance,Cooperative Governance,National,Programme 5: Community Work Programme,Programme 5: Community Work Programme,Quarterly,5.3 Number of CWP participants trained and empowered through smart partnerships to facilitate their exit from the programme.,Non-Standardized,Not  Applicable,Priority 2: Economic Transformation And Job Creation,"The Economic Sectors, Employment and Infrastructure Development cluster","1 250
participants
trained and
empowered
through smart
partnerships to
facilitate their
exit from the
programme by
30 June 2024.","Not achieved

No participants were trained through smart partnerships to facilitate their exit from the Programme by 30 June 2024.","
Exiting of participants will be achieved once training has been concluded. ","
A workshop with smart partners is planned for July 2024 to discuss the training plans that will empower participants to exit the programmes.","1 250
participants
trained and
empowered
through smart
partnerships to
facilitate their
exit from the
programme by
30 September
2024.","Achieved

1 817 participants trained and empowered through smart partnerships to facilitate their exit from the programme by 30 September 2024.
","Improved mobilisation of smart partners and other entities to support the provision of training and empowerment of CWP participants. 
 
","Future targets will be revised in line with the baseline. 
","1 250
participants
trained and
empowered
through smart
partnerships to
facilitate their
exit from the
programme by
31 December
2024.",,,,"1 250
participants
trained and
empowered
through smart
partnerships to
facilitate their
exit from the
programme by
31 March 2025.",,,,"5 000 CWP
participants
trained and
empowered
through smart
partnerships to
facilitate their
exit from the
programme by
31 March 2025.",-,,,,,,225
Cooperate Governance,Cooperative Governance,National,Programme 5: Community Work Programme,Programme 5: Community Work Programme,Quarterly,5.4 (Rev) Number of smart partnerships established to develop CWP participants,Non-Standardized,Not  Applicable,Priority 2: Economic Transformation And Job Creation,"The Economic Sectors, Employment and Infrastructure Development cluster",,,,,,,,,9 Smart partnerships established to develop CWP participants by 31 December 2024,"Not Achieved 

7 smart partnerships were established to develop CWP participants by 31 December 2024.
",Two Memoranda of Understanding were submitted on 24 December 2024 and only approved in January 2024.,Management will implement remedial measures to ensure that all key documents are signed on time.,9 Smart partnerships established to develop CWP participants by 31 March 2025,"Achieved 
10 smart partnerships were established to develop CWP participants by 31 March 2025.
","The Programme overachieved its target during the quarter under review. In the course of concluding these MoUs, there are delays which at times can lead to other MoUs being concluded in the following quarter.",The Programme to ensure the timely conclusion of MoUs in keeping with the quarterly targets. The Programme is working with the Office of the DG to streamline these processes,36 Smart partnerships established to develop CWP participants by 31 March 2025.,-,,,,,Enhanced community participation towards social cohesion through public and private partnerships.,225
Cooperate Governance,Cooperative Governance,National,Programme 5: Community Work Programme,Programme 5: Community Work Programme,Quarterly,5.4 (Rev) Number of smart partnerships established to develop CWP participants.,Non-Standardized,Not  Applicable,Priority 2: Economic Transformation And Job Creation,"The Economic Sectors, Employment and Infrastructure Development cluster",0,,,,0,,,,0,,,,0,,,,0,0,,,,,,225
Cooperate Governance,Cooperative Governance,National,Programme 5: Community Work Programme,Programme 5: Community Work Programme,Quarterly,5.4 Number of public and private sector partnerships coordinated for absorption of CWP participants into sustainable enterprises.,Non-Standardized,Not  Applicable,Priority 2: Economic Transformation And Job Creation,"The Economic Sectors, Employment and Infrastructure Development cluster","9 public and
private sector
partnerships
coordinated
for absorption
of CWP
participants
into sustainable
enterprises by 30
June 2024.","Achieved

9 public and private sector partnerships were coordinated for absorption of CWP participants into sustainable enterprises by 30 June 2024.
",N/A,N/A,"9 public and
private sector
partnerships
coordinated
for absorption
of CWP
participants
into sustainable
enterprises by 30
September 2024.","Achieved

9 public and private sector partnerships were coordinated for the absorption of CWP participants into sustainable enterprises by 30 September 2024.
.
","N/A
","N/A
","9 public and
private sector
partnerships
coordinated
for absorption
of CWP
participants
into sustainable
enterprises by 31
December 2024.",,,,"9 public and
private sector
partnerships
coordinated
for absorption
of CWP
participants
into sustainable
enterprises by 31
March 2025.",,,,"36 public and
private sector
partnerships
coordinated
for absorption
of CWP
participants
into sustainable
enterprises by 31
March 2025.",-,,,,,,225
Cooperate Governance,Cooperative Governance,National,Programme 5: Community Work Programme,Programme 5: Community Work Programme,Quarterly,5.5 (Rev) Number of priority municipalities with improved visible service delivery due to CWP participants.,Non-Standardized,Not  Applicable,Priority 2: Economic Transformation And Job Creation,"The Economic Sectors, Employment and Infrastructure Development cluster",0,,,,0,,,,0,,,,0,,,,0,0,,,,,,225
Cooperate Governance,Cooperative Governance,National,Programme 5: Community Work Programme,Programme 5: Community Work Programme,Quarterly,5.5 (Rev) Number of Priority Municipalities with Improved Visible Service Delivery due to CWP participants.,Non-Standardized,Not  Applicable,Priority 2: Economic Transformation And Job Creation,"The Economic Sectors, Employment and Infrastructure Development cluster",,,,,,,,,25 priority municipalities with improved visible service delivery due to CWP participants by 31 December 2024.,"Achieved 

25 priority municipalities with improved visible service delivery due to CWP participants by 31 December 2024.
",N/A,N/A,30 priority municipalities with improved visible service delivery due to CWP participants by 31 March 2025,"Achieved 
30 priority municipalities with improved visible service delivery due to CWP participants by 31 March 2025.
",N/A,N/A,30 priority municipalities with improved visible service delivery due to CWP participants by 31 March 2025.,-,,,,,Improved service delivery,225
Cooperate Governance,Cooperative Governance,National,Programme 5: Community Work Programme,Programme 5: Community Work Programme,Quarterly,5.5 (Rev) Number of Priority Municipalities with Improved Visible Service Delivery due to CWP participants.,Non-Standardized,Not  Applicable,Priority 2: Economic Transformation And Job Creation,"The Economic Sectors, Employment and Infrastructure Development cluster",0,,,,,,,,0,,,,0,,,,0,-,,,,,Improved service delivery,225
Cooperate Governance,Cooperative Governance,National,Programme 5: Community Work Programme,Programme 5: Community Work Programme,Quarterly,5.5 Percentage of priority municipalities with improved visible service delivery due to CWP beneficiaries,Non-Standardized,Not  Applicable,Priority 2: Economic Transformation And Job Creation,"The Economic Sectors, Employment and Infrastructure Development cluster","10 priority
municipalities
with improved
visible service
delivery due
to CWP
beneficiaries by
30 June 2024","Not achieved

No priority municipalities with improved visible service delivery due to CWP beneficiaries were reported by 30 June 2024.
","Due to the budget cuts, tools of trade and personal protective equipment (PPE) could not be procured for participants to conduct service delivery work.",A workshop with smart partners is planned for July 2024 to discuss project plans for roll-out in the 10 priority municipalities,"20 priority
municipalities
with improved
visible service
delivery due
to CWP
beneficiaries by
30 September
2024.","Achieved 

30 priority municipalities with improved visible service delivery due to CWP beneficiaries by 30 September 2024.
","The target was overachieved due to cooperation with the Local Reference Committees and host municipalities.
","Future targets will be revised in line with the baseline.
","25 priority
municipalities
with improved
visible service
delivery due
to CWP
beneficiaries by
31 December
2024.",,,,"30 priority
municipalities
with improved
visible service
delivery due
to CWP
beneficiaries by
31 March 2025.",,,,"30 priority
municipalities
with improved
visible service
delivery due
to CWP
beneficiaries by
31 March 2025.",-,,,,,,225
Cooperate Governance,Cooperative Governance,National,Programme 5: Community Work Programme,Programme 5: Community Work Programme,Quarterly,5.6 (Rev) Rand value investment secured across municipalities through smart partnerships.,Non-Standardized,Not  Applicable,Priority 2: Economic Transformation And Job Creation,"The Economic Sectors, Employment and Infrastructure Development cluster",,,,,,,,,"R10 million investment secured across municipalities through smart partnerships by 31 December 2024.
","Achieved

An amount of R2, 004, 290, 000 was secured across municipalities through smart partnerships with Amada Asset Management (R2bn), and SSG Training (R4,290,000) by 31 December 2024.
","The achievement of this target was entirely reliant on the commitments made by private Smart Partners, which fall outside the Department's direct control. ",It would not be advantageous for the Programme to decline or refrain from accepting additional commitment letters from Smart Partners who are actively engaging and pursuing towards job creation partnerships and service delivery improvements in municipalities.,"R10 million investment secured across municipalities through smart partnerships by 31 March 2025.
","Achieved 
This target was achieved during the third quarter of the 2024/25 financial year. For the quarter under review, an additional R12 604 100 investment was secured.
",The achievement of this output indicator is entirely reliant on the commitments made by private Smart Partners.,There is a lot of goodwill from private public partners to assist the Department to achieve its goals when it comes to the CWP.,"R20
 million investment secured across municipalities through smart partnerships by 31 March 2025",-,,,,,,225
Cooperate Governance,Cooperative Governance,National,Programme 5: Community Work Programme,Programme 5: Community Work Programme,Quarterly,5.6 Rand value investment secured for a percentage of priority municipality through partnerships,Non-Standardized,Not  Applicable,"Priority 1: A Capable, Ethical and Developmental State","Governance, State Capacity and Institutional Development cluster",No target,No target,N/A,N/A,No target,"N/A
","N/A
",,No target,,,,"R1 billion
Secured for
15% of priority
municipality by
31 March 2025.",,,,"R1 billion
investment
secured for
15% of priority
municipalities 31
March 2025.",-,,,,,,225
Correctional Services,Correctional Services,National,PROGRAMME 1: ADMINISTRATION ,7.1.3 Sub Programme: Finance,Annually,7.1.3.6 Audit outcome,Standardized,Not  Applicable,"Priority 1: A Capable, Ethical and Developmental State","Justice, Crime Prevention and Security cluster",,,,,,,,,,,,,Unqualified audit opinion with reduced findings,Awaiting Audit Outcome,,,Unqualified audit opinion with reduced findings,,,Awaiting Audit Outcome,Awaiting Audit Outcome,,,225
Correctional Services,Correctional Services,National,PROGRAMME 1: ADMINISTRATION ,7.1.3 Sub Programme: Finance,Annually,7.1.3.7 Percentage of tenders above R30 million awarded to designated groups,Standardized,Not  Applicable,"Priority 1: A Capable, Ethical and Developmental State","Justice, Crime Prevention and Security cluster",,,,,,,,,,,,,30 %,100 %,,,30 %,,,One (1) contract above R30million for perishables/non-perishable was awarded to designated groups,n/a,,,225
Correctional Services,Correctional Services,National,PROGRAMME 1: ADMINISTRATION ,7.1.3 Sub Programme: Human Resources ,Quarterly,7.1.3.3 Percentage of youth employed within the Department,Standardized,Max,"Priority 1: A Capable, Ethical and Developmental State","Justice, Crime Prevention and Security cluster",0 %,0 %,No target. Target to be measured during Q2,No target. Target to be measured during Q2,20 %,43.18 %,1 001 contract CBAs absorbed into permanent Centre Based Security Officers,n/a,0 %,,,,20 %,42.65 %,"The Department was able to absorb 83 contract youth into permanent positions.

7 youths appointed for the reporting period.",n/a,20 %,0 %,,,,,,225
Correctional Services,Correctional Services,National,PROGRAMME 1: ADMINISTRATION ,7.1.3 Sub Programme: Human Resources ,Quarterly,7.1.3.4 Percentage compliance to the EE plan for SMS,Standardized,Not  Applicable,"Priority 1: A Capable, Ethical and Developmental State","Justice, Crime Prevention and Security cluster",0,0,No target. Target to be measured during Q2,No target. Target to be measured during Q2,"M=50
F=50","M=54.73
F=45.27","Inadequate compliance to the Employment Equity Plan resulting in fewer SMS appointments/ promotions. 
3 Female SMS appointed and 6 Female SMS exited the Department.",Ensure compliance to EE Plans for SMS females in the Department. EE targets to be acknowledged by Chairpersons of panels.,0,,,,"M=50
F=50","F= 47.59
M= 52.41","Inadequate compliance to the Employment Equity Plan resulting in fewer female SMS appointments/ promotions. 
Female SMS are appointed however females are also exiting the department therefore the new female appointees does not improve the performance. Female appointments to level 14 and 15 have been from lower SMS levels which also does not demonstrate a change in SMS totals. A total of 11 females and 8 males were appointed for the Financial Year but there were retirements or exits of SMS members.",Ensure compliance to EE Plans for SMS females in the Department. EE targets to be acknowledged by Chairpersons of panels.,"M=50
F=50",-,,,,,,225
Correctional Services,Correctional Services,National,PROGRAMME 1: ADMINISTRATION ,7.1.3 Sub Programme: Human Resources ,Quarterly,7.1.3.5 Percentage compliance to the EE plan for PWDs,Standardized,Max,"Priority 1: A Capable, Ethical and Developmental State","Justice, Crime Prevention and Security cluster",0 %,0 %,No target. Target to be measured during Q2,No target. Target to be measured during Q2,0.85 %,0.87 %,Consistent compliance with the EE Plan for promotions/ appointments/ transferred persons living with disabilities,n/a,0 %,,,,0.85 %,0.92 %,Consistence compliance with the EE plans for promotions/appointments/transfer persons living with disabilities,n/a,0.85 %,0 %,,,,,,225
Correctional Services,Correctional Services,National,PROGRAMME 1: ADMINISTRATION ,7.1.3 Sub Programme: Information Technology,Quarterly,7.1.3.8 Number of sites where mesh network and Integrated Security System are installed (ISS),Standardized,Not  Applicable,"Priority 1: A Capable, Ethical and Developmental State","Justice, Crime Prevention and Security cluster",0,0,No target. Target to be measured during Q2,No target. Target to be measured during Q2,5,0,"DOJ ( Department of Justice)  is upgrading the current solution, since it is no longer supported as it has reached end of life support.",Testing of the new solution equipment is planned for the end of October,10,0,There has been a delay in the testing of the Audio Visual Remand (AVR) solution due to unavailability of the confirmed court dates by DOJ,Expedite the testing of the equipment.,15,2,Due to the delay in the testing of the AVR system only 2 (two) sites could be piloted during March 2025.,"Implementation of AVR system together with DOJ at various sites (DCS courts) started at Kgosi Mampuru as a pilot site on the 25th of March 2025. 
The remaining sites for the installation of the AVR system will be prioritized for the 2025/26 financial year.",15,2,,,,,,225
Correctional Services,Correctional Services,National,PROGRAMME 1: ADMINISTRATION ,7.1.3 Sub Programme: Information Technology,Quarterly,7.1.3.9 Percentage of sites installed with Local Area Network (LAN) infrastructure,Standardized,Not  Applicable,"Priority 1: A Capable, Ethical and Developmental State","Justice, Crime Prevention and Security cluster",67 %,0 %,DCS is participating in the cabling contract of DIRCO.  Site assessments that had to be conducted by the service provider to determine the cost of materials required before starting the cabling. The site assessment which took longer than expected has delayed the project,"GITO will work with the service provider to install cabling at multiple sites consecutively. 
",70 %,0 %,There was a finding raised by AGSA regarding the participation where the Department sourced the services for Cabling through  participating in the cabling contract of DIRCO.  The cabling had to be put on hold until feedback from AGSA.,GITO will work with the service provider to install cabling at multiple sites consecutively.,73 %,0 %,Funds allocated for LAN infrastructure project was insufficient due to a budget shortfall for the Microsoft licences,Allocation of additional funds.,76.3 %,42.3 %,Funds allocated for LAN Infrastructure project was insufficient due to budget shortfall for the Microsoft licenses. ,Secured funds for switches and there is allocation from IJS for Cabling for 2025/26 financial year.,76.3 %,0 %,,,,,,225
Correctional Services,Correctional Services,National,PROGRAMME 1: ADMINISTRATION ,7.1.3 Sub Programme: Information Technology,Quarterly,7.1.3.10 Percentage of Information System (IIMS) implemented as per MISSTP,Standardized,Not  Applicable,"Priority 1: A Capable, Ethical and Developmental State","Justice, Crime Prevention and Security cluster",20 %,0 %,The roll out of IIMS is on hold pending the outcome of the arbitration process between the Department and the service provider.,Project will commence as soon as the arbitration process  is finalized.,22 %,0 %,GITO will work with the service provider to install cabling at multiple sites consecutively.,Project will commence as soon as the arbitration process  is finalized.,24 %,0 %,The roll out of IIMS is on hold pending the outcome of the arbitration process between the Department and the service provider.,Project will commence as soon as the arbitration process  is finalized.,26 %,0 %,The roll out of IIMS is on hold pending the outcome of the arbitration process between the Department and the service provider.,Project will commence as soon as the arbitration process is finalized,26 %,0 %,,,,,,225
Correctional Services,Correctional Services,National,PROGRAMME 1: ADMINISTRATION ,7.1.3 Sub Programme: Management ,Quarterly,7.1.3.1 Percentage of investigations finalised for reported allegations,Standardized,Not  Applicable,"Priority 1: A Capable, Ethical and Developmental State","Justice, Crime Prevention and Security cluster",30 %,59.38 %,Effective monitoring of  investigations.,n/a,50 %,83.93 %,Effective monitoring of  investigations.,n/a,65 %,78.33 %,Effective monitoring of  investigations.,n/a,80 %,82.26 %,Effective monitoring of investigations.,n/a,80 %,0 %,,,,,,225
Correctional Services,Correctional Services,National,PROGRAMME 1: ADMINISTRATION ,7.1.3 Sub Programme: Management ,Quarterly,7.1.3.2 Percentage of officials charged and found guilty for corrupt activities ,Standardized,Not  Applicable,"Priority 1: A Capable, Ethical and Developmental State","Justice, Crime Prevention and Security cluster",95 %,100 %,Cases were evaluated before prosecution and thorough preparation prior the hearing was conducted,n/a,95 %,100 %,Cases were evaluated before prosecution and thorough preparation prior the hearing was conducted,n/a,95 %,100 %,Cases were evaluated before prosecution and thorough preparation prior the hearing was conducted,n/a,95 %,100 %,Cases were evaluated before prosecution and thorough preparation prior the hearing was conducted,n/a,95 %,400 %,,,,,,225
Correctional Services,Correctional Services,National,PROGRAMME 2: INCARCERATION,7.2.3 Sub Programme: Facilities,Annually,7.2.3.4 Number of infrastructure projects completed ,Standardized,Not  Applicable,Priority 6: Social Cohesion and Safer Communities,"Justice, Crime Prevention and Security cluster",,,,,,,,,,,,,17,5,,,17,,,The payment arrears of R83 964 197 from the 2023/24 financial year reduced the available budget in the 2024/25 financial year.  Budget cuts were effected to Regions during the financial year as per financial circular 04 of 2024/25 Budget cuts.  Sourcing of service providers for projects delay due to cost containment measures.,Reprioritization of infrastructure projects,,,225
Correctional Services,Correctional Services,National,PROGRAMME 2: INCARCERATION,7.2.3 Sub Programme: Offender Management,Quarterly,7.2.3.6 Percentage of overcrowding in correctional facilities in excess of approved bedspace capacity,Standardized,Min,Priority 6: Social Cohesion and Safer Communities,"Justice, Crime Prevention and Security cluster",50 %,45 %,Continuous and effective implementation of the Overcrowding Reduction Strategy ,n/a,50 %,49 %,Continuous and effective implementation of the Overcrowding Reduction Strategy ,n/a,50 %,56 %,'The admission of Remand Detainees (RDs) and sentenced offenders exceeds the outflow of cases from the system. The national inmate population increased by 6 571 inmates from 160 353 (30 September 2024) to 166 924 (31 December 2024). The unsentenced inmate population increased by 5 934 whilst the sentenced offender population increased by 637. ,Continuous and effective implementation of the Overcrowding Reduction Strategy ,50 %,55 %,"The admission of Remand Detainees (RDs) and sentenced offenders exceeds the outflow of cases from the system. For the period 01 January 2025 to 31 March 2025, the sentenced offender population increased by 1 333. RDs with bail and sentenced offenders with fines further contributed to the rate of overcrowding.",Continuous and effective implementation of the Overcrowding Reduction Strategy ,50 %,45 %,,,,,,225
Correctional Services,Correctional Services,National,PROGRAMME 2: INCARCERATION,7.2.3 Sub Programme: Offender Management,Quarterly,7.2.3.7 Percentage of offenders profiles approved for placement by the Correctional Supervision and Parole Boards (CSPBs),Standardized,Not  Applicable,Priority 6: Social Cohesion and Safer Communities,"Justice, Crime Prevention and Security cluster",57 %,69.48 %,CSPB were capacitated to approve more placements as most offenders were timeously subjected to the required interventions in line with the Correctional Sentence Plans,n/a,57 %,70.46 %,CSPB were capacitated to approve more placements as most offenders were timeously subjected to the required interventions in line with the Correctional Sentence Plans,n/a,57 %,69.99 %,CSPB were capacitated to approve more placements as most offenders were timeously subjected to the required interventions in line with the Correctional Sentence Plans,n/a,57 %,69.02 %,CSPB were capacitated to approve more placements as most offenders were timeously subjected to the required interventions in line with the Correctional Sentence Plans,n/a,57 %,0 %,,,,,,225
Correctional Services,Correctional Services,National,PROGRAMME 2: INCARCERATION,7.2.3 Sub Programme: Remand Detention,Quarterly,7.2.3.5 Percentage of Remand Detainees (RDs) subjected to Continuous Risk Assessment (CRA),Standardized,Max,Priority 6: Social Cohesion and Safer Communities,"Justice, Crime Prevention and Security cluster",80 %,95.07 %,Training of officials on Continuous Risk Assessment nationally and monitoring of assessments on new admissions.,n/a,80 %,94.42 %,Trained officials and continuous monitoring of assessments.,n/a,80 %,96.64 %,'Training of  officials and continuous monitoring of assessments.,n/a,80 %,96.94 %,Training of officials and continuous monitoring of assessments using the RD tool.,n/a,80 %,0 %,,,,,,225
Correctional Services,Correctional Services,National,PROGRAMME 2: INCARCERATION,7.2.3 Sub Programme: Security Operations,Annually,7.2.3.3 Percentage of confirmed unnatural deaths in correctional facilities,Standardized,Not  Applicable,Priority 6: Social Cohesion and Safer Communities,"Justice, Crime Prevention and Security cluster",,,,,,,,,,,,,0.032 %,0.033 %,,,0.032 %,,,Suicides was the leading cause of unnatural deaths in correctional facilities due to a lack of patrolling in the units as required in terms of Standard Operating Procedures (B-Order: Chapter 17 and 18) and an increase in overcrowding.,Increase supervision during shifts.  Filling of security posts to maximize capacity.  Maintenace of infrastructure. Proper implementation of overcrowding reduction strategy.,,,225
Correctional Services,Correctional Services,National,PROGRAMME 2: INCARCERATION,7.2.3 Sub Programme: Security Operations,Quarterly,7.2.3.1 Percentage of inmates who escaped from correctional facilities,Standardized,Not  Applicable,Priority 6: Social Cohesion and Safer Communities,"Justice, Crime Prevention and Security cluster",0.007 %,0.001 %,Effective implementation of National Escape Prevention Strategy. Conducted National Security Planning Session to tackle security issues in identified Regions.,n/a,0.014 %,0.002 %,"Effective implementation of National Escape Prevention Strategy. Conducted National Security Committee Meeting to tackle security issues in identified Regions. Conducted Training, Monitoring & Evaluation in identified regions.",n/a,0.021 %,0.002 %,"Effective implementation of National Escape Prevention Strategy. Conducted National Security Committee Meeting to tackle security issues in identified Regions. Conducted Training, Monitoring and  Evaluation in identified regions.",n/a,0.029 %,0.002 %,"Effective implementation of National Escape Prevention Strategy. Conducted National Security Committee Meeting to tackle security issues in identified Regions. Conducted Training, Monitoring and  Evaluation in identified Regions.",n/a,0.029 %,0 %,,,,,,225
Correctional Services,Correctional Services,National,PROGRAMME 2: INCARCERATION,7.2.3 Sub Programme: Security Operations,Quarterly,7.2.3.2 Percentage of inmates injured as a result of reported assaults in correctional facilities,Standardized,Not  Applicable,Priority 6: Social Cohesion and Safer Communities,"Justice, Crime Prevention and Security cluster",1.12 %,0.54 %,Effective monitoring of gang related incidents and Assault Prevention Strategy.,n/a,2.24 %,1.08 %,"Effective monitoring of gang related incidents through implementation of Gang Combatting Strategy and Assault Prevention Strategy. Conducted Training, Monitoring & Evaluation in the identified regions.",n/a,3.36 %,1.52 %,"Effective monitoring of gang related incidents through implementation of Gang Combatting Strategy and Assault Prevention Strategy. Conducted Training, Monitoring & Evaluation in the identified regions.",n/a,4.45 %,2.04 %,"Effective monitoring of gang related incidents through implementation of Gang Combatting Strategy and Assault Prevention Strategy. Conducted National Security Committee Meeting to tackle security issues in identified Regions. Conducted Training, Monitoring and  Evaluation in identified Regions.",n/a,4.45 %,0 %,,,,,,225
Correctional Services,Correctional Services,National,PROGRAMME 3: REHABILITATION,7.3.3 Sub Programme: Correctional Programmes,Quarterly,7.3.3.1 Percentage of sentenced offenders with CSPs who completed correctional programmes,Standardized,Not  Applicable,"Priority 3: Education, Skills And Health","Justice, Crime Prevention and Security cluster",21 %,26.74 %,Custodial officials were available to facilitate correctional programmes to offenders.,n/a,42 %,51.32 %,Custodial officials were available to facilitate correctional programmes to offenders.,n/a,63 %,73.84 %,Custodial officials were available to facilitate correctional programmes to offenders.,n/a,84 %,98.14 %,Custodial officials were trained to provide capacity to facilitate correctional programmes on an interim basis.,n/a,84 %,0 %,,,,,,225
Correctional Services,Correctional Services,National,PROGRAMME 3: REHABILITATION,7.3.3 Sub Programme: Offender Development,Annually,7.3.3.9 Grade 12 National Senior Certificate (NSC) pass rate obtained per academic year,Standardized,Not  Applicable,"Priority 3: Education, Skills And Health","Justice, Crime Prevention and Security cluster",,,,,,,,,,,,,77 %,95.91 %,,,77 %,,,Additional classes provided to learners (Offenders) where required. Offenders had access to telematic digital content in piloted Regions.,n/a,,,225
Correctional Services,Correctional Services,National,PROGRAMME 3: REHABILITATION,7.3.3 Sub Programme: Offender Development,Quarterly,7.3.3.2 Percentage of offenders participating in Long Occupational Skills programmes,Standardized,Not  Applicable,"Priority 3: Education, Skills And Health","Justice, Crime Prevention and Security cluster",90 %,100 %,Support provided to offenders to enroll and participate in long skills programmes.  Attendance monitored to ensure full participation,n/a,90 %,99.98 %,Support provided to enrolled offenders to participate in long skills programmes.  Attendance monitored to ensure participation.,n/a,90 %,99.95 %,Support provided to enrolled offenders to participate in long skills programmes.  Attendance monitored to ensure participation.,n/a,90 %,99.98 %,Monitoring of offenders attendance at Regional level to ensure participation of offenders in long skills programmes.,n/a,90 %,100 %,,,,,,225
Correctional Services,Correctional Services,National,PROGRAMME 3: REHABILITATION,7.3.3 Sub Programme: Offender Development,Quarterly,7.3.3.3 Percentage of offenders participating in Short Occupational Skills programmes,Standardized,Not  Applicable,"Priority 3: Education, Skills And Health","Justice, Crime Prevention and Security cluster",90 %,100 %,Support provided to offenders to enroll and participate in short skills programmes.  Attendance monitored to ensure full participation of enrolled offenders,n/a,90 %,100 %,Support provided to offenders to enroll and participate in short skills programmes.  Attendance monitored to ensure full participation of enrolled offenders,n/a,90 %,100 %,Support provided to offenders to enroll and participate in short skills programmes.  Attendance monitored to ensure full participation of enrolled offenders,n/a,90 %,100 %,Monitoring of offenders attendance at Regional level to ensure participation of offenders in Short skills programmes.,n/a,90 %,100 %,,,,,,225
Correctional Services,Correctional Services,National,PROGRAMME 3: REHABILITATION,7.3.3 Sub Programme: Offender Development,Quarterly,7.3.3.4 Percentage of offenders participating in TVET college programmes,Standardized,Not  Applicable,"Priority 3: Education, Skills And Health","Justice, Crime Prevention and Security cluster",90 %,100 %,Partnerships with local TVET colleges and support to offenders to enroll and participate in TVET programmes.  Monitoring of attendance of enrolled offenders,n/a,90 %,100 %,Partnerships with local TVET colleges and support of enrolled offenders to participate in TVET college programmes.  Monitoring of attendance of offenders ensured full participation.,n/a,90 %,99.90 %,Partnerships with local TVET colleges and support of enrolled offenders to participate in TVET college programmes.  Monitoring of attendance of offenders ensured full participation.,n/a,90 %,100 %,"Support was received  on TVET  college programmes through partnerships with Higher Education institutions.
",n/a,90 %,100 %,,,,,,225
Correctional Services,Correctional Services,National,PROGRAMME 3: REHABILITATION,7.3.3 Sub Programme: Offender Development,Quarterly,7.3.3.5 Percentage of offenders participating in agriculture activities,Standardized,Min,"Priority 3: Education, Skills And Health","Justice, Crime Prevention and Security cluster",70 %,84.36 %,"Additional offenders who were eligible to work were identified and allocated to work at agriculture as per the need in the farm plan and project plan. There was a high demand for offender labour due to peak season operational activities such as harvesting, planting and weed control. ",n/a,70 %,89.17 %,"Offenders who were eligible to work were identified and allocated to work at agriculture as per the need in the farm plan and project plan. There was a high demand for offender labour due to peak season operational activities such as harvesting, planting and weed control. ",n/a,70 %,88.99 %,"Offenders who were eligible to work were identified and allocated to work at agriculture as per the need in the farm plan and project plan. There was a high demand for offender labour due to peak season operational activities such as harvesting, planting and weed control. ",n/a,70 %,90.16 %,Offenders eligible to work at agriculture has increased due to an increase in sentenced  offender population.,n/a,70 %,0 %,,,,,,225
Correctional Services,Correctional Services,National,PROGRAMME 3: REHABILITATION,7.3.3 Sub Programme: Offender Development,Quarterly,7.3.3.6 Percentage of offenders participating in production workshop,Standardized,Min,"Priority 3: Education, Skills And Health","Justice, Crime Prevention and Security cluster",65 %,83.01 %,Eligible offenders allocated to participate in production resulted in optimal production in workshops,n/a,65 %,84.50 %,Continuous monitoring of offender labour resulted in higher offender totals available at the workshops.,n/a,65 %,81.27 %,'The continued efforts of CMC to allocate sufficient offenders  to participate in production workshop as per the offender need,n/a,65 %,86.40 %,Offenders eligible to work at production workshops has increased due to an increase in sentenced  offender population. ,n/a,65 %,0 %,,,,,,225
Correctional Services,Correctional Services,National,PROGRAMME 3: REHABILITATION,7.3.3 Sub Programme: Offender Development,Quarterly,7.3.3.7 Percentage of offenders participating in General Education and Training (GET) per academic year ,Standardized,Max,"Priority 3: Education, Skills And Health","Justice, Crime Prevention and Security cluster",90 %,99.32 %,"Recruitment and Retention Strategy was successfully implemented by encouraging enrolled offenders to continue their education programmes, providing support from educationists in Correctional Centres, and closely monitoring enrollment and attendance registers.",n/a,90 %,99.64 %,"Recruitment and Retention Strategy was successfully implemented by encouraging enrolled offenders to continue their education programmes, providing support from educationists in Correctional Centres, and closely monitoring enrollment and attendance registers.",n/a,90 %,99.55 %,"Enrollment and attendance registers  monitored, ensuring accurate records. A successful recruitment and retention strategy has been implemented, and educators diligently monitor offenders' daily school attendance on a weekly basis.",n/a,90 %,98.63 %,"Recruitment and retention strategy for education programs in Correctional Centers was implemented, which included ongoing encouragement for enrolled offenders to continue their education. This was supported by educators who monitored enrollment, attendance, and daily school participation.",n/a,90 %,0 %,,,,,,225
Correctional Services,Correctional Services,National,PROGRAMME 3: REHABILITATION,7.3.3 Sub Programme: Offender Development,Quarterly,7.3.3.8 Percentage of offenders participating in Further Education and Training (FET) per academic year ,Standardized,Max,"Priority 3: Education, Skills And Health","Justice, Crime Prevention and Security cluster",85 %,98.08 %,"Recruitment and Retention Strategy was successfully implemented by encouraging enrolled offenders to continue their education programmes, providing support from educationists in Correctional Centres, and closely monitoring enrollment and attendance registers.",n/a,85 %,99.57 %,"Recruitment and Retention Strategy was successfully implemented by encouraging enrolled offenders to continue their education programmes, providing support from educationists in Correctional Centres, and closely monitoring enrollment and attendance registers.",n/a,85 %,99.56 %,Enrollment and attendance records maintained. Educators conduct weekly monitoring of offender daily school attendance.,n/a,85 %,99.72 %,"Recruitment and retention strategy for education programs in Correctional Centers was implemented, which included ongoing encouragement for enrolled offenders to continue their education. This was supported by educators who monitored enrollment, attendance, and daily school participation.
",n/a,85 %,0 %,,,,,,225
Correctional Services,Correctional Services,National,PROGRAMME 3: REHABILITATION,"7.3.3 Sub Programme: Psychological, Social and Spiritual Services",Quarterly,"7.3.3.10 Percentage of offenders, parolees and probationers receiving Social Work Services",Standardized,Not  Applicable,"Priority 3: Education, Skills And Health","Justice, Crime Prevention and Security cluster",15 %,22.93 %,"Effective marketing of Social Work Services ,supervision and monitoring of services resulted in increased participation in social work services",n/a,30 %,42.43 %,"Effective marketing of Social Work Services, monitoring and supervision of Service Level Standard(SLS) resulted in increased participation of offenders, probationers and parolees in Social Work Services.",n/a,45 %,60.61 %,"Monitoring of Service Level Standard (SLS) and marketing of Social Work services increased participation of offenders, parolees and probationers in Social Work services and programmes.",n/a,60 %,77.78 %,Marketing of Social Work Services and close monitoring of Social Workers to achieve SLS ,n/a,60 %,0 %,,,,,,225
Correctional Services,Correctional Services,National,PROGRAMME 3: REHABILITATION,"7.3.3 Sub Programme: Psychological, Social and Spiritual Services",Quarterly,7.3.3.11 Percentage of inmates receiving Spiritual Care Services,Standardized,Not  Applicable,"Priority 3: Education, Skills And Health","Justice, Crime Prevention and Security cluster",22 %,34.48 %,Marketing of Spiritual Care Programmes and Services increased the participation of inmates,n/a,43 %,66.64 %,"Marketing of Spiritual Care services, appointment of spiritual workers and adherence to their schedule increased participation of inmates in spiritual services. ",n/a,65 %,95.87 %,Marketing of Spiritual Care Services and Programmes,n/a,86 %,128.5 %,Marketing of Spiritual Care Services and Programmes,n/a,86 %,0 %,,,,,,225
Correctional Services,Correctional Services,National,PROGRAMME 3: REHABILITATION,"7.3.3 Sub Programme: Psychological, Social and Spiritual Services",Quarterly,7.3.3.12 Percentage of inmates receiving Psychological Care Services,Standardized,Not  Applicable,"Priority 3: Education, Skills And Health","Justice, Crime Prevention and Security cluster",6 %,8.78 %,Community Service Psychologists provided additional capacity to deliver psychological services,n/a,12 %,16.63 %,Community Service Psychologists provided additional capacity to deliver psychological services,n/a,18 %,23.61 %,Community Service Psychologists provided additional capacity to deliver psychological services,n/a,24 %,31.44 %,Community Service Psychologists provided additional capacity to deliver psychological services,n/a,24 %,0 %,,,,,,225
Correctional Services,Correctional Services,National,PROGRAMME 4: CARE,7.4.3 Sub Programme: Health and Hygiene Services ,Quarterly,7.4.3.1 Offenders viral load suppression rate (at 12 months),Standardized,Not  Applicable,"Priority 3: Education, Skills And Health","Justice, Crime Prevention and Security cluster",95 %,99.23 %,"Implementation of DOT Strategy, 2023 ART Guidelines in the management of HIV in adult, pregnancy and breastfeeding, Adolescents, Children, Infants and Neonates. Treatment adherence plan, counselling as well as monitoring of patients during treatment ensured viral load suppression.",n/a,95 %,99.24 %,"Implementation of DOT Strategy, 2023 ART Guidelines in the management of HIV in adult , pregnancy and breastfeeding, Adolescents, Children, Infants and Neonates. Treatment adherence plan,  counselling as well as monitoring of patients during treatment ensured viral load suppression.",n/a,95 %,97.40 %,Adherence to ART guideline and intensifying DOT strategy,n/a,95 %,99.10 %,"Implementation of DOT Strategy, 2023 ART Guidelines in the management of HIV in adult , pregnancy and breastfeeding, Adolescents, Children, Infants and Neonates. Treatment adherence plan,  counselling as well as monitoring of patients during treatment ensured viral load suppression.",n/a,95 %,0 %,,,,,,225
Correctional Services,Correctional Services,National,PROGRAMME 4: CARE,7.4.3 Sub Programme: Health and Hygiene Services ,Quarterly,7.4.3.2 Offenders Tuberculosis (TB) new pulmonary cure rate,Standardized,Not  Applicable,"Priority 3: Education, Skills And Health","Justice, Crime Prevention and Security cluster",95 %,95.45 %,"Adherence to TB Treatment Guidelines , DOT Strategy, health education and monitoring of offenders on TB treatment.",n/a,95 %,97.50 %,"Adherence to TB Treatment Guidelines , DOT Strategy,  and monitoring of offenders on TB treatment  ensured effective management.",n/a,95 %,100 %,Adherence to TB guidelines and intensifying DOT strategy,n/a,95 %,100 %,"Adherence to TB Treatment Guidelines , DOT Strategy,  and monitoring of offenders on TB treatment  ensured effective management.",n/a,95 %,0 %,,,,,,225
Correctional Services,Correctional Services,National,PROGRAMME 4: CARE,7.4.3 Sub Programme: Health and Hygiene Services ,Quarterly,7.4.3.3 Percentage of inmates screened for diabetes,Standardized,Not  Applicable,"Priority 3: Education, Skills And Health","Justice, Crime Prevention and Security cluster",22.5 %,48.70 %,Intensified screening of inmates and increased awareness sessions were conducted due to their vulnerability.,n/a,22.5 %,50.31 %,Intensified screening of inmates and increased awareness sessions were conducted due to their vulnerability.,n/a,22.5 %,46.79 %,Intensified screening of inmates and increased awareness sessions were conducted due to their vulnerability.,n/a,22.5 %,45.87 %,Intensified screening of inmates and increased awareness sessions were conducted due to their vulnerability.,n/a,90 %,0 %,,,,,,225
Correctional Services,Correctional Services,National,PROGRAMME 4: CARE,7.4.3 Sub Programme: Health and Hygiene Services ,Quarterly,7.4.3.4 Percentage of inmates screened for hypertension,Standardized,Not  Applicable,"Priority 3: Education, Skills And Health","Justice, Crime Prevention and Security cluster",22.5 %,51.65 %,Intensified screening of inmates and increased awareness sessions were conducted due to their vulnerability.,n/a,22.5 %,54.00 %,Intensified screening of inmates and increased awareness sessions were conducted due to their vulnerability.,n/a,22.5 %,51.67 %,Intensified screening of inmates and increased awareness sessions were conducted due to their vulnerability.,n/a,22.5 %,49.88 %,Intensified screening of inmates and increased awareness sessions were conducted due to their vulnerability.,n/a,90 %,0 %,,,,,,225
Correctional Services,Correctional Services,National,PROGRAMME 4: CARE,7.4.3 Sub Programme: Nutritional Services,Quarterly,7.4.3.5 Percentage of therapeutic diets prescribed for inmates,Standardized,Min,"Priority 3: Education, Skills And Health","Justice, Crime Prevention and Security cluster",12 %,5.28 %,Effective management and review of patients on therapeutic diets.,n/a,12 %,5.47 %,Effective management and review of patients on therapeutic diets.,n/a,12 %,5.45 %,Effective management and review of patients on therapeutic diets.,n/a,12 %,5.45 %,Effective management and review of patients on therapeutic diets.,n/a,12 %,0 %,,,,,,225
Correctional Services,Correctional Services,National,PROGRAMME 5: SOCIAL REINTEGRATION,7.5.3   Sub Programme: Supervision,Quarterly,7.5.3.1  Percentage of parolees without violations,Standardized,Not  Applicable,Priority 6: Social Cohesion and Safer Communities,"Justice, Crime Prevention and Security cluster",97 %,99.07 %,"Compliance and adherence to Volume 5 Procedure Manuals and guidelines on the management ,Prevention and absconder tracing  in the system of community corrections.",n/a,97 %,98.86 %,"Compliance and adherence to Volume 5 Procedure Manuals and guidelines on the management ,Prevention and absconder tracing in the system of community corrections.",n/a,97 %,98.81 %,"Compliance and adherence to Volume 5 Procedure Manuals and guidelines on the management ,Prevention and absconder tracing in the system of community corrections.",n/a,97 %,98.91 %,"Compliance to Volume 5 Procedure Manual and Guidelines through effective monitoring, family  conferences, refresher training of staff at community corrections offices, operational visits, monitoring & evaluation, inspection reports, quarterly meetings.",n/a,97 %,0 %,,,,,,225
Correctional Services,Correctional Services,National,PROGRAMME 5: SOCIAL REINTEGRATION,7.5.3   Sub Programme: Supervision,Quarterly,7.5.3.2  Percentage of probationers without violations,Standardized,Not  Applicable,Priority 6: Social Cohesion and Safer Communities,"Justice, Crime Prevention and Security cluster",97 %,99.07 %,"Compliance and adherence to Volume 5 Procedure Manuals and guidelines on the management ,Prevention and absconder tracing  in the system of community corrections.",n/a,97 %,98.68 %,"Compliance and adherence to Volume 5 Procedure Manuals and guidelines on the management ,Prevention and absconder tracing  in the system of community corrections.",n/a,97 %,98.78 %,"Compliance and adherence to Volume 5 Procedure Manuals and guidelines on the management ,Prevention and absconder tracing  in the system of community corrections.",n/a,97 %,98.67 %,"Compliance to Volume 5 Procedure Manual and Guidelines through effective monitoring, family  conferences, refresher training of staff at community corrections offices, operational visits, monitoring & evaluation, inspection reports, quarterly meetings.",n/a,97 %,0 %,,,,,,225
Correctional Services,Correctional Services,National,PROGRAMME 5: SOCIAL REINTEGRATION,7.5.3 Sub Programme: Community Reintegration ,Quarterly,7.5.3.3 Number of victims who participated in Restorative Justice programmes,Standardized,Not  Applicable,Priority 6: Social Cohesion and Safer Communities,"Justice, Crime Prevention and Security cluster",1325,3535,Public education rendered to communities encouraged victims to participate in Restorative Justice Programme,n/a,2650,7434,Marketing of Restorative Justice program to communities  and stakeholders has increased participation of victims in VOD sessions.,n/a,3975,11156,Conducting public education in communities has encouraged victims to participate in Restorative Justice,n/a,5300,14401,Public education on Restorative Justice has encouraged victims to participate VOD sessions,n/a,5300,14401,,,,,,225
Correctional Services,Correctional Services,National,PROGRAMME 5: SOCIAL REINTEGRATION,7.5.3 Sub Programme: Community Reintegration ,Quarterly,"7.5.3.4 Number of offenders, parolees and probationers who participated in Restorative Justice programmes",Standardized,Not  Applicable,Priority 6: Social Cohesion and Safer Communities,"Justice, Crime Prevention and Security cluster",1000,1172,"Public education rendered to communities encouraged offenders, parolees and probationers to participate in Restorative Justice Programme",n/a,2000,2503,"Marketing of Restorative Justice program to communities  and stakeholders has increased participation of offenders, parolees and probationers in VOD sessions",n/a,3000,3611,Conducting public education in communities has encouraged parolees and probationers to participate in Restorative Justice programme,n/a,4000,4855,"Public education on Restorative Justice has encouraged offenders, parolees and probationers  to participate VOD sessions",n/a,4000,4855,,,,,,225
Correctional Services,Correctional Services,National,PROGRAMME 5: SOCIAL REINTEGRATION,7.5.3 Sub Programme: Community Reintegration ,Quarterly,7.5.3.5 Number of economic opportunities facilitated for parolees and probationers,Standardized,Not  Applicable,Priority 6: Social Cohesion and Safer Communities,"Justice, Crime Prevention and Security cluster",13,158,"Engagements with business, NPOs and NGOs has increased facilitation of economic opportunities for parolees and probationers ",n/a,26,352,Marketing of reintegration programmes has encouraged business to provide economic opportunities to parolees and probationers,n/a,39,509,Engagements with business has assisted parolees and probationers to access economic opportunities,n/a,54,651,The Department facilitated more economic opportunities for parolees and probationers through engagements with business and relevant  stakeholders.,n/a,54,651,,,,,,225
Correctional Services,Correctional Services,National,PROGRAMME 5: SOCIAL REINTEGRATION,7.5.3 Sub Programme: Community Reintegration ,Quarterly,7.5.3.6 Number of victims who benefited from socio economic support facilitated,Standardized,Not  Applicable,Priority 6: Social Cohesion and Safer Communities,"Justice, Crime Prevention and Security cluster",13,125,"Engagements with business, NPOs and NGOs has increased facilitation of socio economic support for victims",n/a,26,323,"Engagements with business, NPOs and NGOs has increased opportunities to facilitate of socio- economic support for victims",n/a,39,448,Engagements with business has assisted parolees and probationers to access socio economic opportunities,n/a,54,562,The Department facilitated more socio economic opportunities for victims through engagements with business and relevant  stakeholders.,n/a,54,562,,,,,,225
Correctional Services,Correctional Services,National,PROGRAMME 5: SOCIAL REINTEGRATION,7.5.3 Sub Programme: Community Reintegration ,Quarterly,7.5.3.7 Number of parolees and probationers participating in community initiatives,Standardized,Not  Applicable,Priority 6: Social Cohesion and Safer Communities,"Justice, Crime Prevention and Security cluster",1700,5135,Marketing of reintegration programmes has encouraged stakeholders and communities to allow parolees and probationers to participate in community initiatives,n/a,3400,10492,Marketing of reintegration programmes has made for parolees and probationers to conduct community  initiatives,n/a,5100,15068,'Engagements with communities and stakeholders  has assisted parolees and probationers to access and participated in community initiatives,n/a,6800,21247,Marketing of reintegration programmes to  communities and stakeholders has made an access for parolees and probationers to perform community initiatives,n/a,6800,21247,,,,,,225
Defence,Defence,National,1. Administration,1. Administration,Annually,Percentage adherence to the DOD Master Record Index for Policies,Non-Standardized,Not  Applicable,Not Applicable,Not Applicable,,,,,,,,,,,,,,,,,60%,,,None. Q4 target.,None. Q4 target.,,,225
Defence,Defence,National,1. Administration,1. Administration,Annually,Evaluation of the SA Defence Review 2015 completed,Non-Standardized,Not  Applicable,Not Applicable,Not Applicable,,,,,,,,,,,,,,,,,(2) Evaluation of the SA Defence Review 2015 and action plan completed by 31 Oct 2024,,,None. Q3 target,None. Q3 target,,,225
Defence,Defence,National,1. Administration,1. Administration,Annually,Number of Reserve Force mandays per year,Non-Standardized,Not  Applicable,Not Applicable,Not Applicable,,,,,,,,,,,,,,,,,1 997 872,,,None. Q4 target,None. Q4 target,,,225
Defence,Defence,National,1. Administration,1. Administration,Annually,Percentage audits completed in terms of the resourced Risk Based Internal Audit Plan,Non-Standardized,Not  Applicable,Not Applicable,Not Applicable,,,,,,,,,,,,,,,,,100%,,,None. Q4 target.,None. Q4 target.,,,225
Defence,Defence,National,1. Administration,1. Administration,Annually,Percentage compliance to the Department of Defence Interim Policy on Preferential Procurement,Non-Standardized,Not  Applicable,Not Applicable,Not Applicable,,,,,,,,,,,,,,,,,100%,,,None. Q4 target.,None. Q4 target.,,,225
Defence,Defence,National,1. Administration,1. Administration,Quarterly,Percentage adherence to the DOD Master Record Index for Plans,Non-Standardized,Not  Applicable,Not Applicable,Not Applicable,65.85% (27),58.5% (24 out of 27),"The RFC APP remains outstanding since it is subject to the conclusion of the RFC contract.
.
",Liaison  continues to ensure submission of outstanding Plans.,0,0,No Planning Instruments were scheduled to be tabled or submitted for approval in Q2. ,None. No Q2 target.,0,0,No Planning Instruments were scheduled to be tabled or submitted for approval in Q3.,None. No Q3 target.,34.15% (14),29.3% (12) ,"Two Functional and Support Plans could not be submitted in 
accordance with the planned target dates: 
• Reserve Force Corporate Plan for the 2025/26 MTEF. 
• DOD Risk Based Internal Audit Plan for the 2025/26 MTEF. ",Liaison continues to ensure submission of outstanding Functional and/or Support Plans. ,100% (41),-,,,,,,225
Defence,Defence,National,1. Administration,1. Administration,Quarterly,Percentage payments within 30 days from receipt of legitimate invoices,Non-Standardized,Not  Applicable,Not Applicable,Not Applicable,75%,81.3% ,"None, Q1 Target Achieved.","None, Q1 Target Achieved.",75%,75.5%,None. Q2 target achieved.,None. Q2 target achieved.,75%,78.5%,"None, Q3 target achieved.","None, Q3 target achieved.",75%,81.8%,None. Q4 target achieved.,None. Q4 target achieved.,75%,-,,,,,,225
Defence,Defence,National,2. Force Employment,2. Force Employment,Annually,Percentage compliance with the Southern African Development Community Standby Force Pledge per year,Non-Standardized,Not  Applicable,Priority 7: A better Africa and the World,"International Cooperation, Trade and Security cluster",,,,,,,,,,,,,,,,,100%,,,None. Q4 target.,None. Q4 target.,,,225
Defence,Defence,National,2. Force Employment,2. Force Employment,Annually,Number of Maritime Coastal Patrols conducted per year,Non-Standardized,Not  Applicable,Priority 7: A better Africa and the World,"International Cooperation, Trade and Security cluster",,,,,,,,,,,,,,,,,4,,,None. Q4 target.,None. Q4 target.,,,225
Defence,Defence,National,2. Force Employment,2. Force Employment,Quarterly,"Number of planned joint, interdepartmental, interagency and multinational military exercises conducted per year",Non-Standardized,Not  Applicable,Not Applicable,Not Applicable,0,0,None. No Q1 target.,None. No Q1 target.,1,0,"No joint, interdepartmental, interagency and multinational military exercises took place in Q2 since the planned exercise, Ex OXIDE, was cancelled for FY2024/25. Commitments of the SA Navy were reduced to focus on the refitting of vessels.","The SA Navy through its primary ship repair agency i.e. Armscor Dockyard, will continue with the maintenance and repair of its vessels and negotiate with the Original Equipment Manufacturing countries iot fast-track the sourcing of the required ship spares. The scope for the potential supply of ship spares will be broadened to Asian markets.",1,1,"None, Q3 target achieved.","None, Q3 target achieved.",0,-,No Q4 target.,No Q4 target.,2,-,,,,,,225
Defence,Defence,National,2. Force Employment,2. Force Employment,Quarterly,Number of landward sub-units deployed on border safeguarding per year,Non-Standardized,Not  Applicable,Not Applicable,Not Applicable,15,15,None. Q1 target   achieved.,None. Q1 target   achieved.,15,15,The SANDF deployed 15 sub-units to execute Op CORONA (Border Safeguarding).,"None, Q2 target achieved.",15,15,"None, Q3 target achieved.","None, Q3 target achieved.",15,15,None. Q4 target achieved.,None. Q4 target achieved.,15,-,,,,,,225
Defence,Defence,National,2. Force Employment,2. Force Employment,Quarterly,Percentage compliance with number of external operations per year,Non-Standardized,Not  Applicable,Priority 7: A better Africa and the World,"International Cooperation, Trade and Security cluster",100%,75%,Underperformance is attributed to the fact that the concept of operations for Op COPPER has not been reviewed/approved and the availability of suitable naval platforms to execute the patrols.,-,100%,75%,Underperformance is attributed to the fact that the concept of operations for Op COPPER has not been reviewed/approved and the availability of suitable naval platforms to execute patrols.,The concept of operations for Op COPPER is being reviewed. The SA Navy will continue with the maintenance and repair of its vessels and negotiate with the Original Equipment Manufacturing countries iot fast-track the sourcing of the required ship spares. The scope for the potential supply of ship spares will be broadened to Asian markets.,100%,75%,Underperformance is attributed to the fact that the Concept of Operations for Op COPPER has not been reviewed/approved and due to the unavailability of suitable naval platforms to execute patrols.,The Concept of Operations for Op COPPER is being reviewed. The SA Navy continues with the maintenance and repair of its vessels and to negotiate with the Original Equipment Manufacturing countries iot fast-track the sourcing of the required ship spares. The scope for the potential supply of ship spares will be broadened to Asian markets.,100%,66%,"Underperformance is attributed to the fact that the Concept of Operations for Op COPPER has not been 
reviewed/approved and the availability of suitable naval platforms to execute patrols.","The SA Navy will continue with the maintenance and repair of its vessels and negotiate with the Original Equipment 
Manufacturing countries iot fast-track the sourcing of the required ship spares.",100%,-,,,,,,225
Defence,Defence,National,2. Force Employment,2. Force Employment,Quarterly,Percentage compliance with number of internal operations per year,Non-Standardized,Not  Applicable,Priority 7: A better Africa and the World,"International Cooperation, Trade and Security cluster",100%,100%,None. target achieved,None. target achieved,100%,100%,"None, Q2 target achieved.","None, Q2 target achieved.",100%,100%,"None, Q3 target achieved.","None, Q3 target achieved.",100%,100%,None. Q4 target achieved.,None. Q4 target achieved.,100%,-,,,,,,225
Defence,Defence,National,3. Landward,3. Landward,Quarterly,Percentage compliance with Landward Defence training targets,Non-Standardized,Not  Applicable,Not Applicable,Not Applicable,18.9% (1 015),7.1% (381),The cancellation of courses and courses concluding in Q4 contributed to the under-performance.,The SA Army is addressing the training backlog.,41.2% (2 205),26.6% (1 426),"The SA Army trained 779 learners less than planned during Q2:
• Course slots for ten learning programmes could not be filled.
• Three courses were rescheduled or cancelled.",Training targets will be re-assessed in future planning instruments.,29.4% (1 575),23.4% (1 255),"The SA Army trained 320 learners less than planned during Q3:
• Course slots for six learning programmes could not be filled.
• One course was rescheduled/cancelled.",Training targets will be re-assessed in future planning instruments.,10.5% (560),11.76% (630) ,None. Q4 target achieved.,None. Q4 target achieved.,100% (5 355),-,,,,,,225
Defence,Defence,National,3. Landward,3. Landward,Quarterly,Number of Landward Defence unique force training exercises conducted,Non-Standardized,Not  Applicable,Not Applicable,Not Applicable,1,0,Ex PHIRIMA was rescheduled to be conducted in Q2.,To be conducted in Q2.,1,2,"Ex PHIRIMA, planned for Q1, was rescheduled to be conducted in Q2 as the forces earmarked for the exercise were committed with Op PROSPER (Eskom and National Elections).",None. Q2 target achieved.,1,1,"None, Q3 target achieved.","None, Q3 target achieved.",1,1,None. Q4 target achieved.,None. Q4 target achieved.,4,-,,,,,,225
Defence,Defence,National,4. Air Defence,4. Air Defence,Annually,Number of Air Defence unique force training exercises conducted,Non-Standardized,Not  Applicable,Not Applicable,Not Applicable,,,,,,,,,,,,,,,,,1,,,None. Q4 target.,None. Q4 target.,,,225
Defence,Defence,National,4. Air Defence,4. Air Defence,Annually,Number of hours flown per year,Non-Standardized,Not  Applicable,Not Applicable,Not Applicable,,,,,,,,,,,,,,,,,12 000,,,None. Q4 target.,None. Q4 target.,,,225
Defence,Defence,National,4. Air Defence,4. Air Defence,Quarterly,Percentage compliance with Air Defence training targets,Non-Standardized,Not  Applicable,Not Applicable,Not Applicable,55.7% (440),11.4% (90),A number of courses were still ongoing at the end of Q1 and actual numbers will be reported upon completion in Q2.,The SA Air Force is addressing the training backlog.,4.2% (33),54.2% (428),Some courses were still in progress at the end of Q1 and completed in Q2 while other courses accepted more learners.,The SA Air Force is addressing the training backlog.,16.2% (128),15.3% (121),"None, annual target achieved.","None, annual target achieved.",3.9% (31),6.33% (50),None. Q4 target achieved.,None. Q4 target achieved.,80% (632),-,,,,,,225
Defence,Defence,National,5. Maritime Defence,5. Maritime Defence,Annually,Number of Maritime Defence unique force training exercises conducted,Non-Standardized,Not  Applicable,Not Applicable,Not Applicable,,,,,,,,,,,,,,,,,1,,,None. Q2 target.,None. Q2 target.,,,225
Defence,Defence,National,5. Maritime Defence,5. Maritime Defence,Annually,Number of hours at sea per year,Non-Standardized,Not  Applicable,Not Applicable,Not Applicable,,,,,,,,,,,,,,,,,8 000,,,None. Q4 target.,None. Q4 target.,,,225
Defence,Defence,National,5. Maritime Defence,5. Maritime Defence,Quarterly,Percentage compliance with Maritime Defence training targets,Non-Standardized,Not  Applicable,Not Applicable,Not Applicable,12% (58),13% (64),None. Q1 target achieved.,None. Q1 target achieved.,4% (19),5.4% (27),"None, Q2 target achieved.","None, Q2 target achieved.",60% (234),14.1% (70),The SA Navy trained 164 learners less than planned in Q3.,An intervention plan is being implemented to ensure that all learners with outstanding modules who finished the Functional Courses during FY2024/25 are re-assessed to obtain competent certifications.,21.86% (87),4.82% (24) ,"The SA Navy could not successfully train and certify the planned number of learners due to operational defects at the 
SA Navy Nuclear, Biological Chemical Defence Training School. ","An intervention plan is being implemented to ensure that all cases of learners with outstanding modules who finished 
the Functional Courses during FY2024/25 are addressed. ",80% (398),-,,,,,,225
Defence,Defence,National,6. Military Health Support,6. Military Health Support,Quarterly,Percentage compliance with Military Health Service training target,Non-Standardized,Not  Applicable,Not Applicable,Not Applicable,20.3% (164),29.5% (195),None. Q1 target achieved.,None. Q1 target achieved.,20.7% (168),16.5% (109),Two courses were still in progress at the end of Q2 and actual achievement will be reported upon completion in Q3.,None,33.1% (268),32.1% (260),"12 Learners on standby, reported late for a Learning Opportunity and were found not yet competent in some modules.",Learners are to report on the next course to complete outstanding modules.,5.9% (48),0% (0),Courses that commenced in Q4 are set to conclude in Q3 of FY2025/26. ,Course results will be reported in the next financial year.,80% (648),-,,,,,,225
Defence,Defence,National,7. Defence Intelligence ,7. Defence Intelligence ,Quarterly,Number of vetting decisions taken in accordance with requirements,Non-Standardized,Not  Applicable,Not Applicable,Not Applicable,1 775,1 037,Dependencies on SAPS fingerprint processes and payments contributed to the under-performance.,Funding to be made available for the payment to the SAPS upon request for fingerprint verification.,2 075,558,Dependencies on SAPS fingerprint processes and payments contributed to the underperformance.,Funding is to be secured towards payment to the SAPS for fingerprint verification.,875,388,Dependencies on SAPS fingerprint processes and payments contributed to the underperformance.,Funding is to be secured towards payment to the SAPS upon request for fingerprint verification.,1 275,1 110,Dependencies on SAPS fingerprint processes and payments contributed to the underperformance.,Funding is to be secured towards payment to the SAPS upon request for fingerprint verification.,6 000,-,,,,,,225
Defence,Defence,National,7. Defence Intelligence ,7. Defence Intelligence ,Quarterly,Total number of Defence Attaché Offices,Non-Standardized,Not  Applicable,Not Applicable,Not Applicable,44,44,None. Q1 target achieved.,None. Q1 target achieved.,44,44,"None, Q2 target achieved.","None, Q2 target achieved.",44,44,"None, Q3 target achieved.","None, Q3 target achieved.",44,44,None. Q4 target achieved.,None. Q4 target achieved.,44,-,,,,,,225
Defence,Defence,National,8. General Support,8. General Support,Annually,Percentage procurement requests fully completed within 90 days from day of registration,Non-Standardized,Not  Applicable,Not Applicable,Not Applicable,,,,,,,,,,,,,,,,,95%,,,None. Q4 target.,None. Q4 target.,,,225
Defence,Defence,National,8. General Support,8. General Support,Annually,"Percentage of expenditure in accordance with Facilities Plan (Payment of Leases, Accommodation Charges and Municipal Services)",Non-Standardized,Not  Applicable,Not Applicable,Not Applicable,,,,,,,,,,,,,,,,,100%,,,None. Q4 target.,None. Q4 target.,,,225
Defence,Defence,National,8. General Support,8. General Support,Annually,Percentage investigations finalised (backlog) ,Non-Standardized,Not  Applicable,Not Applicable,Not Applicable,,,,,,,,,,,,,,,,,50%,,,None. Q4 target.,None. Q4 target.,,,225
Defence,Defence,National,8. General Support,8. General Support,Annually,Percentage investigations finalised (in year),Non-Standardized,Not  Applicable,Not Applicable,Not Applicable,,,,,,,,,,,,,,,,,30%,,,None. Q4 target.,None. Q4 target.,,,225
Defence,Defence,National,8. General Support,8. General Support,Quarterly,Percentage compliance to the DOD Information and Communication Technology Implementation Plan,Non-Standardized,Not  Applicable,Not Applicable,Not Applicable,15%,14.6%,None. Q1 target achieved.,None. Q1 target achieved.,45%,46.2%,"None, Q2 target achieved.","None, Q2 target achieved.",65%,66.2%,"None, Q3 target achieved.","None, Q3 target achieved.",90%,91%,None. Q4 target achieved.,None. Q4 target achieved.,90%,-,,,,,,225
Defence,Defence,National,8. General Support,8. General Support,Quarterly,Number of deliberate crime prevention operations conducted,Non-Standardized,Not  Applicable,Not Applicable,Not Applicable,31,31,None. Q1 target achieved.,None. Q1 target achieved.,31,43,"None, Q2 target achieved.","None, Q2 target achieved.",31,42,"None, Q3 target achieved.","None, Q3 target achieved.",31,52,None. Q4 target achieved.,None. Q4 target achieved.,124,-,,,,,,225
Labour,Employment and Labour,National,Programme 1: Administration,Programme 1: Administration,Annually,1.1 All Vacant Funded posts filled within 12 months,Non-Standardized,Not  Applicable,"Priority 1: A Capable, Ethical and Developmental State","Governance, State Capacity and Institutional Development cluster",,,,,,,,,,,,,,,,,All funded vacant posts filled within 12 months of being vacant,,,,,,,225
Labour,Employment and Labour,National,Programme 1: Administration,Programme 1: Administration,Quarterly,2.1 % of SMS positions occupied by women per annum,Non-Standardized,Not  Applicable,"Priority 1: A Capable, Ethical and Developmental State","Governance, State Capacity and Institutional Development cluster",None ,n/a,n/a,n/a,46% of SMS posts occupied by women,50% (71 of 141 posts),"The 7th administration introduced two Deputy Ministers, and the appointment of women to SMS positions was carried out within the ministry, effectively supporting the achievement of this target.",N/a,None ,n/a,n/a,n/a,47% of SMS posts occupied by women ,50% (70 of 140) SMS posts occupied by women by end of the year,The number of women at SMS did not decrease while the majority of exits were among the male SMS members,None,47% of SMS posts occupied by women by end of the year,-,,,,,,225
Labour,Employment and Labour,National,Programme 1: Administration,Programme 1: Administration,Quarterly,2.2  % of positions occupied by youth per annum,Non-Standardized,Not  Applicable,"Priority 1: A Capable, Ethical and Developmental State","Governance, State Capacity and Institutional Development cluster",None ,n/a,n/a,n/a,23% of posts occupied by youth ,"23% (2049 of 9043)
",N/a,N/a,None ,n/a,n/a,n/a,24% of posts occupied by youth by end of the year,21.4% (1912 of 8945) posts occupied by youth,Fiscal austerity measures introduced for the Public Service in Directive 49,"Identify critical funded posts that need to be filled and non-funded posts.
Submit the list of funded posts to the Department of Public Service and Administration (DPSA) and National Treasury for approval to proceed with filling these positions. (Before March 2025)
",24% of posts occupied by youth by end of the year,-,,,,,,225
Labour,Employment and Labour,National,Programme 1: Administration,Programme 1: Administration,Quarterly,2.3 % of positions occupied by PwDs per annum,Non-Standardized,Not  Applicable,"Priority 1: A Capable, Ethical and Developmental State","Governance, State Capacity and Institutional Development cluster",None ,n/a,n/a,n/a,2% of posts occupied by PwD,2.7% (243 of 9043),n/a,n/a,None ,n/a,n/a,n/a,"2,3% of posts occupied by PwD by end of the year","2,6% (237 of 8945) posts occupied by PwD","Despite other groups exiting for various reasons and leaving vacancies unfilled, the number of Persons with Disabilities (PwDs) did not decrease, resulting in a positive variance of +3% compared to the planned 2.3%",None,"2,3% of posts occupied by PwD by end of the year",-,,,,,,225
Labour,Employment and Labour,National,Programme 1: Administration,Programme 1: Administration,Quarterly,3.1 % implementation of the roadmap to improve Information Security status of the department per annum,Non-Standardized,Not  Applicable,"Priority 1: A Capable, Ethical and Developmental State","Governance, State Capacity and Institutional Development cluster",25% Implementation of roadmap  phase 2  ,25% implementation of roadmap Phase 2 achieved for the quarter 1.,n/a,n/a,50% Implementation of roadmap  phase 2  ,50% implementation of roadmap Phase 2 achieved for the quarter 2,n/a,n/a,75% Implementation of roadmap  phase 2  ,"Achieved 
75% implementation of roadmap (CIS) Phase 2)
All targets have been achieved.
",,,100% Implementation of roadmap  phase 2  ,"100% implementation of roadmap (CIS) Phase 2)
All targets have been achieved.
",n/a,n/a,100% implementation of roadmap (CIS) Phase 2,-,,,,,,225
Labour,Employment and Labour,National,Programme 1: Administration,Programme 1: Administration,Quarterly,3.2 Legacy systems transitioned to modern integrated SAP Platform per annum,Non-Standardized,Not  Applicable,"Priority 1: A Capable, Ethical and Developmental State","Governance, State Capacity and Institutional Development cluster","Implementation of:
PES module 

",PES System went live– currently finalising the Pilot in Northern Cape Province,None,None,"Implementation of the following modules:
Employment Equity
Collective Bargaining
Labour Market Information System
Employment Standards
Risk Management
","The current LP & IR systems are in the UAT phase, and the actual Go live dates were moved by Business units",Business availability for UAT and Data Migration activities still lagging behind,More resources to be assigned to testing and the new Go live date is 30 November2024.,"Implementation of:
Audit Management module
","Not achieved
The planned target was not achieved as it was descoped

",Audit Management Module was descoped because the Service Provider did not have the relevant resource to build the system,DRC Risk Management deployment in place of Audit Management Module (30 June 2025),All Legacy systems transitioned to modern integrated SAP Platform concluded by 31 March 2025,"Not achieved
IES is live
LP&IR – IR is live
","Audit Management is descoped.
Contract to deliver was extended to December 2025.
","PES Go live – Mid May 2025
LP&IR – CB Go Live – 5 May 2025
LP&IR – ES Go Live – 19 May 2025
LP&IR – EE Go Live – 6 June 2025
",All Legacy systems transitioned to modern integrated SAP Platform concluded by 31 March 2025,-,,,,,,225
Labour,Employment and Labour,National,Programme 1: Administration,Programme 1: Administration,Quarterly,4.1 Percentage rollout of Ethics Work Plan annually,Non-Standardized,Not  Applicable,"Priority 1: A Capable, Ethical and Developmental State","Governance, State Capacity and Institutional Development cluster",100% Rollout of Ethics Work Plan for the quarter,"100%
(2 of 2)",None,None,100% Rollout of Ethics Work Plan for the quarter,"100%
(5 of 5)",,,100% Rollout of Ethics Work Plan for the quarter,"Not Achieved
0%
",No Actual Report was received,To be reported in Q4,100% Rollout of Ethics Work Plan for the quarter,80% Rollout of Ethics Work Plan for the quarter,"The submission for the following three (3) items is enroute to the Executive Authority
1.	Establishment of the Social and Ethics Committee, 
2.	Appointment of the Ethics Champion and 
3. Appointment of the social and ethics committee members 
",Follow up with the signatories to ensure approval.,100% Rollout of Ethics Work Plan for the year,-,,,,,,225
Labour,Employment and Labour,National,Programme 1: Administration,Programme 1: Administration,Quarterly,4.2 Percentage of corruption/fraud cases finalised by Department through investigations within 6 months of receipt,Non-Standardized,Not  Applicable,"Priority 1: A Capable, Ethical and Developmental State","Governance, State Capacity and Institutional Development cluster",75% of cases finalized within 6 months of receipt ,"53% cases finalised within 3 months of receipt.
(17 cases were received and finalised 9 cases finalised within 3 months of receipt)
",N/a,N/a,75% of cases finalized within 6 months of receipt ,"39% cases finalised within 3 months of receipt.
(46 cases were received and finalised 18 cases finalised within 3 months of receipt)
","Human capital capacity constraints.
Financial constraints to allocate outstanding cases to the appointed panel service provider.
",Appointed panel of service provider (Became effective in July 2024).,75% of cases finalized within 6 months of receipt ,"13% cases finalised within 6 months of receipt.
(24 cases were received and finalised 3 cases finalised within 6 months of receipt)
","Capacity Constrains to deal with the backlog and new cases received.

Financial constraints to allocate outstanding cases to the appointed panel service providers.

",Appointed panel of service providers. Currently 4 cases have been allocated to service provider in the panel.,75% of cases finalized within 6 months of receipt ,53 % achieved (20 cases out of 38 cases) finalised within 6 months of receipt,Capacity Contracts to detail with the backlog and new cases received.,Appointed a panel of forensic investigation services to assist with the investigation.,75% of cases finalized within 6 months of receipt ,-,,,,,,225
Labour,Employment and Labour,National,Programme 1: Administration,Programme 1: Administration,Quarterly,4.3 Percentage of consequence management cases related to corruption cases finalised by Employment Relations (ER) through investigation within 90 days,Non-Standardized,Not  Applicable,"Priority 1: A Capable, Ethical and Developmental State","Governance, State Capacity and Institutional Development cluster",80% of cases finalised by ER within 90 days ,3 cases received and 1 finalised. The cases are still within 90 days timeframe since they were received mid quarter,Employment Relations has 90 working days to finalize all misconduct cases. The cases received within the quarter is still within the required time frame.,Employment Relations will endeavor to finalize the remaining cases within the prescribed time frame of 90 days,80% of cases finalised by ER within 90 days ,"The 2 cases (64 days and 72 days) were finalized within 90 days whilst 1 case (101 days) was finalized outside 90 days but received in quarter 1. Therefore, 2 out of 3 (66%) cases were finalized",Witnesses (Doctor and DD: Risk Management) in the case finalized outside 90 days were unavailable during the scheduled dates.,Employment Relations will strive to ensure that witnesses are released on time in order to finalize the case within the time frame,80% of cases finalised by ER within 90 days ,"Achieved 
Out of 2 cases received, ER concluded one (1) case and one (1) is pending but still within the 90 days timeframe. 


","One (1) finalised within the 90 days’ timeframe. 

The 2nd case was received on the 19 December 2024, the date for the hearing has been scheduled. The case is still within the 90-day timeframe.


",Date for hearing scheduled and Chairperson appointed.  ,80% of cases finalised by ER within 90 days ,The 2 received cases are still within 90 days timeframe since they were received mid quarter 4,"Human capital constraints. Employment Relations has 90 working days to finalize all misconduct cases. The cases received within the quarter is still within the required time frame. 

Q3 – 50% of cases (2) finalized within 90 timeframe. is one case received in Q3 which is still pending and the disciplinary hearing is ongoing.

Q4 – 0 (0%) finalized but cases are still within the 90 timeframe.

",,80% of cases finalised by ER within 90 days ,-,,,,,,225
Labour,Employment and Labour,National,Programme 1: Administration,Programme 1: Administration,Quarterly,5.1 Number of Annual Financial Statements (AFS) and Interim Financial Statements (IFS) submitted per year that comply with guidelines issued by the National Treasury,Non-Standardized,Not  Applicable,"Priority 1: A Capable, Ethical and Developmental State","Governance, State Capacity and Institutional Development cluster",1 AFS submitted by 31 May,1 AFS submitted by 31 May,n/a,n/a,1 IFS submitted within 30 days after quarter ending,1 IFS submitted by 31 July,n/a,n/a,1 IFS submitted within 30 days after quarter ending,1 IFS submitted by 31 October,n/a,n/a,1 IFS submitted within 30 days after quarter ending,1 IFS submitted by 31 January,n/a,n/a,"1 AFS by 31 May, and 3 IFS 30 days after each quarter",-,,,,,,225
Labour,Employment and Labour,National,Programme 1: Administration,Programme 1: Administration,Quarterly,"6.1 Percentage reporting of all detected Irregular and/or Unauthorised expenditure cases per financial year, to the Accounting Officer",Non-Standardized,Not  Applicable,"Priority 1: A Capable, Ethical and Developmental State","Governance, State Capacity and Institutional Development cluster",100% reporting of the detected occurrences,100% (7 cases of Irregular Expenditure detected and reported),n/a,n/a,100% reporting of the detected occurrences,100% (33 cases detected and reported),n/a,n/a,100% reporting of the detected occurrences,"Achieved
100% (Irregular Expenditure detected and reported)  
(48 of 48)",n/a,n/a,100% reporting of the detected occurrences,100% (195 cases detected and reported),n/a,n/a,100% reporting of the detected occurrences,-,,,,,,225
Labour,Employment and Labour,National,Programme 1: Administration,Programme 1: Administration,Quarterly,"7.1 Percentage reporting of all detected Fruitless and Wasteful Expenditure cases per financial year, to the Accounting Officer",Non-Standardized,Not  Applicable,"Priority 1: A Capable, Ethical and Developmental State","Governance, State Capacity and Institutional Development cluster",100% reporting of the detected occurrences,100% (18 cases Fruitless and Wasteful Expenditure detected and reported),None,Cases have been referred to the Loss Control Committee for a deliberation and outcome.,100% reporting of the detected occurrences,"100% (37 cases of Fruitless and Wasteful Expenditure detected and reported)

",n/a,n/a,100% reporting of the detected occurrences,"Achieved
100% (Fruitless and Wasteful Expenditure detected and reported)    

(64 of 64)",n/a,n/a,100% reporting of the detected occurrences,100% (25 cases of Fruitless and Wasteful Expenditure detected and reported),n/a,n/a,100% reporting of the detected occurrences,-,,,,,,225
Labour,Employment and Labour,National,Programme 1: Administration,Programme 1: Administration,Quarterly,8.1 Reconfiguration of Department including unbundling of UIF and CF,Non-Standardized,Not  Applicable,"Priority 1: A Capable, Ethical and Developmental State","Governance, State Capacity and Institutional Development cluster",Reconfiguration and Unbundling progress report,Reconfiguration report update ,n/a,n/a,Unbundling of UIF and CF progress report,"Reconfiguration report update
1.Stabilization of the funds phase which focuses on identifying and implementing immediate, high-impact customer-facing interventions across people, technology, and processes. 
2.This aims to stabilise the business, alleviate pressure, and buy time to focus on long-term solutions.
3.UIF has adopted the stabilisation strategy and it is on course. Unfortunately, that is not the case with CF. 
4.The stabilization is anticipated to be completed in March 2025.
5.Engagement of staff at Senior Management Level has begun and it is anticipated that Provinces will be engaged in the months of October to December 2024
",n/a,n/a,Unbundling of UIF and CF progress report,"Achieved
Reconfiguration report update: 

7.	Engagement of staff at Provincial Level with Senior and Middle Management is ongoing KZN was fully engaged on the 09 – 10 December 2024.

8.	Gauteng and North West Province are scheduled for February 2025.

9.	A full schedule of DEL Directorates, UIF and CF EXCO workshops are from the 05 – 26 February 2025. The objective of these workshops is mapping and design of the end state of each directorate when the reconfiguration process is completed. 



Unbundling of UIF and CF:

10.	Legislative Framework amendments for Governance and Accountability structures has started with the UIF and CF. Consultations are at EXCO Level of the respective funds and they will be workshopped with the current Advisory Boards. 

11.	NEDLAC Labour Chamber has been consulted and they have supported the process and requested that all amendments to the UIA and COIDA be taken through the Unbundling process. 

12.	Further amendments have been added on UIA and COIDA which will have further 3 months added to the current amendments, which were scheduled to be completed by end of June 2025.
",,,Unbundling of UIF and CF progress report,"Reconfiguration report update
1.	Governance Framework and Terms of References have been drafted for approval. Lower-level governance structures are being operationalised. 
2.	Draft legislative amendments for unbundling of UIF and CF are under discussion with UIF and CF management. 
3.	Design workshops: the branches/UIF/CF workshops have been completed. 
4.	Developed a proposed DEL macrostructure and new regional management model
5.	Service delivery improvement initiatives commenced: CF website development underway which incorporates AI technology. 
6.	Engagement of staff at senior management and provincial level are on-going. 
",n/a,n/a,Unbundling of UIF and CF progress report,-,,,,,,225
Labour,Employment and Labour,National,Programme 2: Inspection and Enforcement Services,Programme 2: Inspection and Enforcement Services,Quarterly,1.1 Number of employers / workplaces /users inspected per year to determine compliance with employment law,Non-Standardized,Not  Applicable,Priority 2: Economic Transformation And Job Creation,"The Economic Sectors, Employment and Infrastructure Development cluster",74 526 ,77 224 ,"The overachievement is as a result of improved and proper planning. Where needed, blitz inspections were conducted. Inspectors are encouraged to embrace optimum performance.","None, the Branch encourages over achievement as it benefits vulnerable workers.", 149 052,158 230 employers / workplaces / users inspected,"The overachievement is as a result of improved and proper planning. Where needed, blitz inspections were conducted. Inspectors are encouraged to embrace optimum performance.","None, the Branch encourages over achievement as it benefits vulnerable workers.",223 578 ,231 418 employers / workplaces / users inspected against a target of 223 578,"The overachievement is as a result of improved and proper planning. Where needed, blitz inspections were conducted. Inspectors are encouraged to embrace optimum performance.","None, the Branch encourages over achievement as it benefits vulnerable workers.",298 104,310 798 employers / workplaces / users inspected against a target of 298 104,"The overachievement is as a result of improved and proper planning. Where needed, blitz inspections were conducted. Inspectors are encouraged to embrace optimum performance","None, the Branch encourages over achievement as it benefits vulnerable workers.",298 104,-,,,,,,225
Labour,Employment and Labour,National,Programme 2: Inspection and Enforcement Services,Programme 2: Inspection and Enforcement Services,Quarterly,1.2 Percentage of non-compliant employers/ workplaces/users of those inspected served with a notice in terms of relevant employment law within 14 calendar days of the inspection,Non-Standardized,Not  Applicable,Priority 2: Economic Transformation And Job Creation,"The Economic Sectors, Employment and Infrastructure Development cluster",95%,"99%
(18 567 of 18 724)",A concerted effort was made to achieve the target. The Branch encourages the issuing of notices to non-compliant employers as it benefits the vulnerable workers and improves enforcement.,None. As the Branch encourages the issuing of notices to non-compliant employers as it benefits the vulnerable workers and improves enforcement.,95%,"99% of non-compliant employers / workplaces / users inspected served with a notice within 14 days
(37 254 of 37 565)",A concerted effort was made to achieve the target. The Branch encourages the issuing of notices to non-compliant employers as it benefits the vulnerable workers and improves enforcement.,None. As the Branch encourages the issuing of notices to non-compliant employers as it benefits the vulnerable workers and improves enforcement.,95%,99% (55 178 of 55 636) of non-compliant employers / workplaces / users inspected served with a notice within 14 days,A concerted effort was made to achieve the target. The Branch encourages the issuing of notices to non-compliant employers as it benefits the vulnerable workers and improves enforcement.,None. As the Branch encourages the issuing of notices to non-compliant employers as it benefits the vulnerable workers and improves enforcement.,95%,99% (77 139 of 77 769) of non-compliant employers / workplaces / users inspected served with a notice within 14 days,A concerted effort was made to achieve the target. The Branch encourages the issuing of notices to non-compliant employers as it benefits the vulnerable workers and improves enforcement.,None. As the Branch encourages the issuing of notices to non-compliant employers as it benefits the vulnerable workers and improves enforcement.,95%,-,,,,,,225
Labour,Employment and Labour,National,Programme 2: Inspection and Enforcement Services,Programme 2: Inspection and Enforcement Services,Quarterly,1.3  Percentage of non-compliant employers/workplaces/users received by Statutory Services settled out of Court or CCMA / referred for prosecution within 30 working days,Non-Standardized,Not  Applicable,Priority 2: Economic Transformation And Job Creation,"The Economic Sectors, Employment and Infrastructure Development cluster",65%,"76%
(1 202 of 1 574)","The Branch puts a premium on decisively dealing with recalcitrant workplaces/employers. In instances where there would still be noncompliance after the issuance of notices, it is ascertained that these be dealt with.",None,65%,"82% of non-compliant employers / workplaces / users referred for prosecution within 30 days
(3 149 of 3 841)","The Branch puts a premium on decisively dealing with recalcitrant workplaces/employers. In instances where there would still be noncompliance after the issuance of notices, it is ascertained that these be dealt with.

",None,65%,82% (4 426 of 5 372) of non-compliant employers / workplaces / users referred for prosecution within 30 days,"The Branch puts a premium on decisively dealing with recalcitrant workplaces/employers. In instances where there would still be noncompliance after the issuance of notices, it is ascertained that these be dealt with.",None,65%,83% (5 449 of 7 201) of non-compliant employers / workplaces / users referred for prosecution within 30 days,"The Branch puts a premium on decisively dealing with recalcitrant workplaces/employers. In instances where there would still be noncompliance after the issuance of notices, it is ascertained that these be dealt with.",None,65%,-,,,,,,225
Labour,Employment and Labour,National,Programme 2: Inspection and Enforcement Services,Programme 2: Inspection and Enforcement Services,Quarterly,1.4 Number of formal Advocacy sessions conducted per year to increase awareness of employment law,Non-Standardized,Not  Applicable,Priority 2: Economic Transformation And Job Creation,"The Economic Sectors, Employment and Infrastructure Development cluster","1 Seminar
Q1 - Occupational Health and Safety 

",5,There was a high demand the advocacy of employers and employees on employment laws. Focus was mostly on the vulnerable workers such as farm workers and domestics worker.,No remedial action is required as the unit over achieved and was able to reach a high number of employers and employees in the labour market.,"2 seminars
Q2 - Employment Standards and Occupational Health and Safety 
1 Conference
",5 Seminars and conferences held,"Commercial Fishing Advocacy Sessions - The aim of the Advocacy Seminars is to highlight employment and labour legislation that are applicable to all workers with specific reference to workers in the Commercial Fishing Sector.
UWC & DEL – To raise awareness and advocate labour legislation as well as to host joint projects and programmes to advance the IES mandate of Advocacy, Inspections & Enforcement.
",No remedial action is required as the Directorate over achieved and was able to reach a high number of employers and employees in the labour market.  This had a positive impact on compliance in the Commercial Fishing Sector as awareness was raised with employers and employees.,"65%
3 seminars
Q3 - Occupational Health and Safety and Employment Standards 
1 Conference
",8 Seminars and conferences held,An extra Advocacy Seminar focusing on Employment Equity was held at the University of KwaZulu-Natal for Law Students.,No remedial action is required as the Directorate over achieved in Q3 and was able to reach a wider stakeholder segment.,"4 seminars
Q4 - Employment Standards
2 Conference
",16 Seminars and conferences held,"Extra Advocacy Sessions (Breakfast Session for the Hospitality Sector in Cape Town as well as an Advocacy Seminar & Stakeholder Engagement for the Agriculture Sector in Graaff-Reinet in the Eastern Cape) was held over and above the scheduled Advocacy Seminar for the Agriculture Sector in White River, Mpumalanga).",No remedial action is required as the Directorate over achieved in Q4 and was able to reach a wider stakeholder segment in different economic sectors.,4 x Seminars and 2 conferences to be held,-,,,,,,225
Labour,Employment and Labour,National,Programme 3: Public Employment Services,Programme 3: Public Employment Services,Annually,5.1 Number of Jobs and or Career Fairs conducted in provinces per year,Non-Standardized,Not  Applicable,Priority 2: Economic Transformation And Job Creation,"The Economic Sectors, Employment and Infrastructure Development cluster",,,,,,,,,,,,,,,,,9,,,,,,,225
Labour,Employment and Labour,National,Programme 3: Public Employment Services,Programme 3: Public Employment Services,Annually,6.1 A National Labour Migration Policy (NLMP) and Employment Services Amendment Bill (ESAB) finalised and approved by the Minister for submission to Cabinet by end of the year,Non-Standardized,Not  Applicable,Priority 2: Economic Transformation And Job Creation,"The Economic Sectors, Employment and Infrastructure Development cluster",,,,,,,,,,,,,,,,,"1
NLMP and ESAB finalised and approved for submission to Cabinet by the Minister.
",,,,,,,225
Labour,Employment and Labour,National,Programme 3: Public Employment Services,Programme 3: Public Employment Services,Quarterly,1.1 Number of work-seekers registered on Employment Services of South Africa per year,Non-Standardized,Not  Applicable,Priority 2: Economic Transformation And Job Creation,"The Economic Sectors, Employment and Infrastructure Development cluster",228 000,468 738,High levels of unemployment and Increased capacity within the PES establishment at Labour Centre level.,N/a,475 000,772 488 work-seekers registered,High levels of unemployment and Increased capacity within the PES establishment at Labour Centre level.,n/a,684 000,1 021 333 work-seekers registered,High levels of unemployment and Increased capacity within the PES establishment at Labour Centre level.,n/a,950 000,1 305 228 work-seekers registered,High levels of unemployment and Increased capacity within the PES establishment at Labour Centre level,None,950 000,-,,,,,,225
Labour,Employment and Labour,National,Programme 3: Public Employment Services,Programme 3: Public Employment Services,Quarterly,2.1 Number of employment opportunities registered on the Employment Services South Africa per year,Non-Standardized,Not  Applicable,Priority 2: Economic Transformation And Job Creation,"The Economic Sectors, Employment and Infrastructure Development cluster",28 750,138 881,Increase in capacity in the form of new Interns recruited under the Presidential Stimulus Initiative and ESPs dedicated service to employers to register opportunities.,N/a,57 500,176 729 work and learning opportunities registered.,Increase in capacity in the form of new Interns recruited under the Presidential Stimulus Initiative and ESPs dedicated service to employers to register opportunities.,n/a,86 250,"212,820 work and learning opportunities registered.",Increase in capacity in the form of new Interns recruited under the Presidential Stimulus Initiative and ESPs dedicated service to employers to register opportunities.,n/a,115 000,271 008 work and learning opportunities registered.,Increase in capacity in the form of new  Interns recruited under the Presidential Stimulus Initiative and ESPs dedicated service to employers to register opportunities.,None,115 000,-,,,,,,225
Labour,Employment and Labour,National,Programme 3: Public Employment Services,Programme 3: Public Employment Services,Quarterly,3.1 Number of registered work-seekers provided with employment counselling per year,Non-Standardized,Not  Applicable,Priority 2: Economic Transformation And Job Creation,"The Economic Sectors, Employment and Infrastructure Development cluster",62 400,83 096,Large numbers of work seekers were serviced during the Career Fairs held in April and May. Employment Counsellors were invited to a number of izimbizo across the country. External organisations also invited Employment Counsellors to deliver services from the mobile youth centres.,N/a,135 200,180 474 registered work-seekers provided with employment counselling,Large numbers of work seekers were serviced during the Career Fairs held in April and May. Employment Counsellors were invited to a number of izimbizo across the country. External organisations also invited Employment Counsellors to deliver services from the mobile youth centres.,n/a,192 400,255 386 registered work-seekers provided with employment counselling,Large numbers of work seekers were serviced during the Career Fairs held in April and May. Employment Counsellors were invited to a number of izimbizo across the country. External organisations also invited Employment Counsellors to deliver services from the mobile youth centres.,n/a,260 000,344 032 registered work-seekers provided with employment counselling,Large numbers of work seekers were serviced during the Career Fairs held in April and May. Employment Counsellors were invited to a number of izimbizo across the country. External organisations also invited Employment Counsellors to deliver services from the mobile youth centres.,None,260 000,-,,,,,,225
Labour,Employment and Labour,National,Programme 3: Public Employment Services,Programme 3: Public Employment Services,Quarterly,4.1 Number of registered employment opportunities filled by registered work seekers per year,Non-Standardized,Not  Applicable,Priority 2: Economic Transformation And Job Creation,"The Economic Sectors, Employment and Infrastructure Development cluster",16 250,27 823,"Increased capacity at Labour Centre level, increase in the number of opportunities registered, high levels of matching, extensive counselling sessions, resulted in the higher uptake of referred candidates by employers.",N/a,32 500,52 511 employment opportunities filled by registered work-seekers,"Increased capacity at Labour Centre level, increase in the number of opportunities registered, high levels of matching, extensive counselling sessions, resulted in the higher uptake of referred candidates by employers.",n/a,48 750,"70,007 employment opportunities filled by registered work-seekers","Increased capacity at Labour Centre level, increase in the number of opportunities registered, high levels of matching, extensive counselling sessions, resulted in the higher uptake of referred candidates by employers.",n/a,65 000,98 869 employment opportunities filled by registered work-seekers,"Increased capacity at Labour Centre level, increase in the number of opportunities registered, high levels of matching , extensive counselling sessions, resulted in the higher uptake of referred candidates by employers",None,65 000,-,,,,,,225
Labour,Employment and Labour,National,Programme 4: Labour Policy & Industrial Relations,Programme 4: Labour Policy & Industrial Relations,Annually,1.1 Sector EE targets developed and concluded,Non-Standardized,Not  Applicable,Priority 2: Economic Transformation And Job Creation,"The Economic Sectors, Employment and Infrastructure Development cluster",,,,,,,,,,,,,,,,,Five-year sector EE targets developed and concluded by 31 March 2025,,,,,,,225
Labour,Employment and Labour,National,Programme 4: Labour Policy & Industrial Relations,Programme 4: Labour Policy & Industrial Relations,Annually,2.1 Annual EE Report and Public Register published per annum ,Non-Standardized,Not  Applicable,Priority 2: Economic Transformation And Job Creation,"The Economic Sectors, Employment and Infrastructure Development cluster",,,,,,,,,,,,,,,,,2023-2024 Annual EE Report and Public Register published by 30 June 2024,,,,,,,225
Labour,Employment and Labour,National,Programme 4: Labour Policy & Industrial Relations,Programme 4: Labour Policy & Industrial Relations,Annually,2.2 Annual EE report  and Public Register developed per annum ,Non-Standardized,Not  Applicable,Priority 2: Economic Transformation And Job Creation,"The Economic Sectors, Employment and Infrastructure Development cluster",,,,,,,,,,,,,,,,,2024-2025 Annual EE report and Public Register developed by 31 March 2025,,,,,,,225
Labour,Employment and Labour,National,Programme 4: Labour Policy & Industrial Relations,Programme 4: Labour Policy & Industrial Relations,Annually,3.1  National minimum wage reviewed and approved by the Minister of Employment and Labour by 31 March each year,Non-Standardized,Not  Applicable,Priority 2: Economic Transformation And Job Creation,"The Economic Sectors, Employment and Infrastructure Development cluster",,,,,,,,,,,,,,,,,The national minimum wage level reviewed and published in the government gazette by 31 March 2025,,,,,,,225
Labour,Employment and Labour,National,Programme 4: Labour Policy & Industrial Relations,Programme 4: Labour Policy & Industrial Relations,Quarterly,4.1  Percentage of collective agreements where parties are not representative assessed and verified within 120 working days of receipt per annum,Non-Standardized,Not  Applicable,Priority 2: Economic Transformation And Job Creation,"The Economic Sectors, Employment and Infrastructure Development cluster",100% of collective agreements where parties are not representative assessed and verified within 120 working days by 30 June 2024,No Collective agreements were received  ,N/a,N/a,100% of collective agreements where parties are not representative assessed and verified within 120 working days by 30 September 2024,No Collective agreements were received  ,None collective agreements received,In the next financial year the targets will be revised as it is demand driven to be reported annually.,100% of collective agreements where parties are not representative assessed and verified within 120 working days by 31 December 2024,No Collective agreements were received  ,,,100% of collective agreements where parties are not representative assessed and verified within 120 working days of receipt by 31 March 2025,Agreement received was not assessed and verified within 120 w/days,Delay by Senior Management for approval of submissions,Next financial year,100% of collective agreements where parties are not representative assessed and verified within 120 working days of receipt by 31 March 2025,-,,,,,,225
Labour,Employment and Labour,National,Programme 4: Labour Policy & Industrial Relations,Programme 4: Labour Policy & Industrial Relations,Quarterly,4.2 Percentage of collective agreements assessed and verified within 60 working days of receipt per annum,Non-Standardized,Not  Applicable,Priority 2: Economic Transformation And Job Creation,"The Economic Sectors, Employment and Infrastructure Development cluster",100% of collective agreements assessed and verified within 60 working days by 30 June 2024,"100%
Five (5) - Collective Agreements where parties are representative were assessed and verified within 60 working days for 1 April to 30 June 2024
",N/a,N/a,100% of collective agreements assessed and verified within 60 working days by 30 September 2024,No Collective agreements were received  ,No collective agreements were received to be assessed, In the next financial year the targets will be revised as it is demand driven to be reported annually.,100% of collective agreements assessed and verified within 60 working days by 31 December 2024,"75% (3 of 4)
Three (3) - Collective Agreements where parties are representative were assessed and verified within 60 working days for 1 October 2024 to 31 December 2024
",Delays caused by new administration for approval of submissions,Challenges raised with Senior Management.   ,100% of collective agreements where parties are representative assessed and verified within 60 working days of receipt by 31 March 2025,"9% (1 of 11)

One (1) - Collective Agreements where parties are representative was assessed and verified within 60 working days for 1 January 2025 to 31 March 2025
",Delays in the approval of submissions,Challenges raised with Senior Management.  Next Quarter. ,100% of collective agreements where parties are representative assessed and verified within 60 working days of receipt by 31 March 2025,-,,,,,,225
Labour,Employment and Labour,National,Programme 4: Labour Policy & Industrial Relations,Programme 4: Labour Policy & Industrial Relations,Quarterly,5.1  Percentage of labour organisations’ applications for registration approved or refused within 90 working days of receipt per annum,Non-Standardized,Not  Applicable,Priority 2: Economic Transformation And Job Creation,"The Economic Sectors, Employment and Infrastructure Development cluster",100% of labour organisations’ applications for registration approved or refused within 90 working days  by 30 June 2024,"100% (Twenty-One-(21) - Applications for registration Refused for 1- April to 30 June 2024) 

",N/a,N/a,100% of labour organisations’ applications for registration approved or refused within 90 working days  by 30 September 2024,Thirty (30) - Applications for registration Refused and Two (2) Approved for 1- July to 30 September 2024,n/a,n/a,100% of labour organisations’ applications for registration approved or refused within 90 working days  by 31 December 2024,"100% (33 of 33)
Thirty-One (31) - Applications for registration refused and 2 Approved for 1- October to 31 December 2024
",n/a,n/a,100% of labour organisations’ applications for registration approved or refused within 90 working days by 31 March 2025,"100% (31 of 31) approved or refused
Twenty -Nine-(29) - Applications for registration refused and 2 Approved/ for 1- January to 31 March 2025
",None,None,100% of labour organisations’ applications for registration approved or refused within 90 working days by 31 March 2025,-,,,,,,225
Labour,Employment and Labour,National,Programme 4: Labour Policy & Industrial Relations,Programme 4: Labour Policy & Industrial Relations,Quarterly,6.1 Number of progress reports on bilateral cooperation and multilateral obligations submitted to the minister annually,Non-Standardized,Not  Applicable,Priority 2: Economic Transformation And Job Creation,"The Economic Sectors, Employment and Infrastructure Development cluster",1 Annual implementation report submitted to the Minister for sign-off by 30 April 2024,The implementation report was submitted to the Minister for sign-off before 30 April 2024. (DMS: 34463/1),n/a,n/a,"N/a

",n/a,n/a,n/a,1 Mid –term implementation report submitted to the Minister by 31 October 2024 for sign-off,1 Mid –term implementation report submitted to the Minister by 31 October 2024 for sign-off,n/a,n/a,N/a,Reported in Q1 and Q3,none,,"2 Reports on the implementation of bilateral cooperation and multilateral obligations signed off by the Minister annually:

•	1 Annual implementation report submitted to the Minister for sign-off by 30 April 2024
1 Mid –term implementation report submitted to the Minister by 31 October 2024 for sign-off
",-,,,,,,225
Labour,Employment and Labour,National,Programme 4: Labour Policy & Industrial Relations,Programme 4: Labour Policy & Industrial Relations,Quarterly,7.1 Number of labour market trend reports produced per annum,Non-Standardized,Not  Applicable,Priority 2: Economic Transformation And Job Creation,"The Economic Sectors, Employment and Infrastructure Development cluster",N/a,n/a,n/a,n/a,"Two annual labour market trend reports compiled and produced by the end of 30 September 2024:
1.	Annual Labour Market Bulletin 2023/24
2.	Job Opportunity and Unemployment in the South African labour market 2023/24
",Both annual labour market trend reports were compiled and produced as per the ministerial submission,n/a,n/a,N/a,n/a,n/a,n/a,"Two annual labour market trend reports compiled and produced by the end of 31 March 2025:
1.	Annual Industrial Action report 2024
2.	Annual Administrative Statistics Report 2024
","Achieved
1.Industrial Action Report 2024 produced and submitted for the Minister’s approval on 20 March 2025.
2. Annual Administrative Statistics Report 2024 produced and submitted for the Minister’s approval on 26 March 2025.
",None,,Four annual labour market trend reports produced by 31March 2025,-,,,,,,225
Labour,Employment and Labour,National,Programme 4: Labour Policy & Industrial Relations,Programme 4: Labour Policy & Industrial Relations,Quarterly,8.1 Number of Research reports on the impact of labour legislation to the labour market produced per annum,Non-Standardized,Not  Applicable,Priority 2: Economic Transformation And Job Creation,"The Economic Sectors, Employment and Infrastructure Development cluster",n/a,n/a,n/a,n/a,1 Final report completed,"Employee satisfaction Survey: 
Final report completed 
",n/a,n/a,n/a,n/a,n/a,,1 Final report completed,"Work from home – A Baseline study in the Department of Employment and Labour: 

Final report submitted.
",None,,2 research reports completed by 31 March 2025,-,,,,,,225
