Sector,Institution,Programme,SubProgramme,Location,Frequency,Indicator,Type,SubType,Outcome,Cluster,Target_Q1,ActualOutput_Q1,ReasonforDeviation_Q1,CorrectiveAction_Q1,Target_Q2,ActualOutput_Q2,ReasonforDeviation_Q2,CorrectiveAction_Q2,Target_Q3,ActualOutput_Q3,ReasonforDeviation_Q3,CorrectiveAction_Q3,Target_Q4,ActualOutput_Q4,ReasonforDeviation_Q4,CorrectiveAction_Q4,AnnualTarget_Summary2,Preliminary_Summary2,PrelimaryAudited_Summary2,ReasonforDeviation_Summary,CorrectiveAction_Summary,ValidatedAudited_Summary2,UID
,Government Printing Works,National,Corporate Services,Facilities Management,Quarterly,Percentage completion of Headquarters building,Non-Standardized,Not  Applicable,Not Applicable,Not Applicable,Preparation of Tender Documentation in collaboration with the DBSA as an implementing agent – Prepare and submit for Approval of BOQ & Tender Document,BOQ and the tender documentation concluded. Tender advertised through DBSA as implementing agent.,N/A,N/A,Project contractor appointed,Project contractor not appointed,"GPW sent a request for clarification dated 11 August 2023 to the DBSA based on the concurrence letter submitted by the DBSA to the GPW dated 02 August 2023.
DBSA has referred matter to the Chief Procurement Officer: Dept of Finance. The GPW is awaiting response.
",,Construction project milestones implemented in line with the approved project plan,construction project milestones not implemented,the tender was re-advertised on 21 December 2023 to attract qualified contractors. ,,Construction project milestones in line with the approved project plan (Practical Completion and handover),Construction project milestones not implemented (Practical Completion and handover could not take place).,"The tender was re-advertised on 21 December 2023, following the National Treasury's feedback recommendation for the Development Bank of Southern Africa to do so. This implies that the construction start date will be in quarter 1 of the 2024/25 FY.
While progress has been made the challenges will only affect the adjusted date set for the start of the project in quarter 1
",The project proceeds to be implemented in the 2024/25 financial year.,"90%
refurbishment
of the GPW
Headquarters
building
completed",-,90% refurbishment of GPW Headquarters building not completed.,"The tender was re-advertised by the DBSA on 21 December 2023, following recommendation by the Nation Treasury. The construction start date is envisaged to be in quarter 1 of the 2024/25 financial year.",,90% refurbishment of GPW Headquarters building not completed.,204
,Government Printing Works,National,Corporate Services,Human Resources,Quarterly,Change Management Strategy and implementation Plan,Non-Standardized,Not  Applicable,Not Applicable,Not Applicable,Change management strategy developed,Change Management Strategy Developed,N/A,N/A,Change Management Strategy submitted for approval,Change Management Strategy submitted for Approval,,,Change Management Implementation Plan developed,implementation Plan developed and distributed for EXCO signature,,,Change Management Implementation Plan submitted for approval,Change Management Implementation Plan developed and approved. ,,,"Change
Management
Strategy and
Implementation
Plan developed",-,Change Management Strategy and implementation Plan developed.,N/A,,Change Management Strategy and implementation plan developed,204
,Government Printing Works,National,Corporate Services,Human Resources,Quarterly,Number of young people taken through Artisan and Graduate programmes,Non-Standardized,Not  Applicable,Not Applicable,Not Applicable,"Skills and areas of 
placement for the 2024/25 intake identified","Skills and areas of 
placement for the 2024/25 intake identified
",N/A,N/A,Artisan and Graduate skills development programme submitted for approval,Submission to advertise was processed and approved.,,,Artisan and Graduate skills development programme advertised and shortlisting completed,artisan and Graduate skills development programme advertised. But not all the shortlisting were completed,,,20 unemployed young people and women recruited for Artisan and Graduate skills development programmes,28 unemployed young people recruited for Artisan and Graduate skills development programmes,The number of graduates was increased due to the requests received from line management,,"20 unemployed
young people
recruited for
Artisan and
Graduate skills
development
programmes",-,28 Unemployed young people recruited for the Artisan and Graduate skills development programmes.,The number of graduates was increased because of the requests received from line management.,,28 unemployed young people and women recruited for Artisan and Graduate skills development programmes,204
,Government Printing Works,National,Corporate Services,Human Resources,Quarterly,Percentage of identified posts filed in line with the revised structure,Non-Standardized,Not  Applicable,Not Applicable,Not Applicable,20% of vacant positions filled in line with the recruitment plan,20% of vacant positions filled in line with the recruitment plan.,N/A,N/A,30% of vacant positions filled in line with the recruitment plan,"67 (90%) Total 
Positions filled to date. (1st and 2nd quarter). 
",,,30% of vacant positions filled in line with the recruitment plan,the annual target of 90% achieved. GPW recruited 77 employees which is equivalent to 98%,,,10% of vacant positions filled in line with the recruitment plan,"10 % of the vacant positions filled in line with the recruitment plan.
Target = 67 Employees (90% of 74) achieved
","HR met 90% filling of the vacant posts by the third quarter. Some of the posts that were not filled during the preceding year were filled in 2023/2024, others were replacement posts that needed to be filled within 6 months. The Ministerial Review Panel (MRP) recommended that certain critical posts be filled in the year. A moratorium from the DPSA Circular 49 of 2023 was however placed on Departments to hold on recruitment processes.",,"90% of vacant
posts filled in
line with the
recruitment
plan",-,98% (77) of  vacant posts filled in line with the recruitment plan.,"Some of the posts that were planned of implementation 2 of recruitment plan, were moved forward due to capacity requirements in those areas.",,98%(77) of vacant posts filled in line with the recruitment plan,204
,Government Printing Works,National,Corporate Services,Human Resources,Quarterly,Percentage of total workforce trained as per the WSP identified priorities,Non-Standardized,Not  Applicable,Not Applicable,Not Applicable,10% of total workforce trained as per the WSP identified priorities,45% workforce trained as per WSP identified priorities.,The target was over achieved due to mandatory training recommended from the MRP report,N/A,25% of total workforce trained as per the WSP identified priorities,"83% (381) workforce has been trained, ",,,25% of total workforce trained as per the WSP identified priorities, 36.3 % workforce trained during quarter 3. ,the target is overachieved because of the POPIA training,,10% of total workforce trained as per the WSP identified priorities,"71.3% (326) of total workforce trained as per the WSP identified priorities
10 % of the vacant positions filled in line with the recruitment plan.
Target = 67 Employees (90% of 74) achieved
","The mandatory POPIA Training was implemented during the quarter 

",,"70% of total
workforce
trained as
per the WSP
identified
priorities",-,86% (619) of total workforce trained as per critical WSP identified priorities.,Mandatory POPIA training.,,86%(619) of total workforce trained as per critical WSP identified priorities,204
,Government Printing Works,National,Corporate Services,Information Communication and Technology,Quarterly,Percentage of the required capability for the GPW Information System and Digital Services Ecosystem Platform in line with Disaster Management Act and good governance,Non-Standardized,Not  Applicable,Not Applicable,Not Applicable,"Framework and 
reference Architecture for the building of GPW Information System and Digital Services Ecosystem Platform in line
with Disaster Management Act good governance","Framework and 
reference Architecture for the building of GPW Information System and Digital Services Ecosystem Platform in line
with Disaster Management Act good governance not achieved","Framework still needs to be presented to MANCO, EXCO and submitted for approval by the CEO.",Submitted to the Office of the accounting Officer for approval,10% of the required capability for the GPW Information System and Digital Services Ecosystem Platform in line with Disaster Management Act and good governance.,"National Treasury Approved the deviation to procure ERP.
The e-Gazette System was successfully re-automated, and the system went live on the 29 September 2023.
",,,20% of the required capability for the GPW Information System and Digital Services Ecosystem Platform in line with Disaster Management Act and good governance.,"20% of the required capability for the GPW information system and digital services ecosystem platform in line with disaster Management act and good governance implemented
•	ICT appointed the PMO service, for development of business cases and specifications in line with departmental procurement plan.
•	Digital Transformation and ICT Security Modernization Project - Business Cases approved.  
•	Infrastructure Refresh Project SAN (Storage Area Network), Archive, and Backup Solution. Business Cases approved.  
•	Time and Attendance Enterprise Modernization Project - Business Cases approved.  
•	TORs / Specifications approved.
",,,30% of the required capability for the GPW Information System and Digital Services Ecosystem Platform in line with Disaster Management Act and good governance.,30% of the required capability for the GPW Information System and Digital Services Ecosystem Platform in line with Disaster Management Act and good governance not achieved,Awaiting appointment of Probity Auditors before advertisement of the eGazette Maintenance and Support tender. Procurement is facilitated through SITA and not directly with Oracle.,,"60% of the
required
capability
for the GPW
Information
System and
Digital Services
Ecosystem
Platform in line
with Disaster
Management
Act and good
governance.",-,30% of the required capability for the GPW Information Systems and Digital Services Ecosystem Platform in line with Disaster Management Act and good governance.,"Procurements Delays which impacted on the
1. Acquisition of the ERP software.
2.Advertisement of the tender for e-Gazettes Maintenance Support.",,30% of the required capability for the GPW Information Systems and Digital Services Ecosystem Platform in line with Disaster Management Act and good governance.,204
,Government Printing Works,National,Corporate Services,Legal Services,Quarterly,Percentage of contracts (SLAs/MOU) drafted as per approved tender document,Non-Standardized,Not  Applicable,Not Applicable,Not Applicable,"100% contracts
(SLAs/MOU) drafted as per the approved tender document","100% (08) contracts
(SLAs/MOU) drafted as per the approved tender document",N/A,N/A,100% contracts (SLAs/MOU) drafted as per the approved tender document,100% contracts of 14 (SLAs/MOU) drafted as per the approved tender document,,,100% contracts (SLAs/MOU) drafted as per the approved tender document,100% of 14 contracts (SLAs/MOU) drafted as per the approved tender document,,,100% contracts (SLAs/MOU) drafted as per the approved tender document,100% of Eight (8) Contracts (SLA/MOU) drafted as per the approved tender document,,,"100% contracts
(SLAs/MOU)
drafted as
per approved
tender
document",-,100% of 44 contracts (SLAs/MOU) drafted per approved tender documents.,N/A,,100% of 44 contracts (SLAs/MOU) drafted per approved tender documents.,204
,Government Printing Works,National,Corporate Services,Security Services,Quarterly,Percentage implementation of the GPW security plan,Non-Standardized,Not  Applicable,Not Applicable,Not Applicable,100% implementation of the approved security management plan,100% implementation of the approved security management plan is not achieved,All four activities are still work in progress due to inadequate resources during the quarter under review,Quarter 1 activities will be finalized and reported before the end of the current financial year ,100% implementation of the approved security management plan,100% Implementation of the approved security management plan activities is achieved.,,,100% implementation of the approved security management plan,100% implementation of the approved security management plan implemented,,,100% implementation of the approved security management plan,100% implementation of the approved security management plan achieved,,,"100%
implementation
of the approved
security
management
plan",-,100% implementation of the approved security management plan.,N/A,,100% implementation of the approved security management  plan achieved.,204
,Government Printing Works,National,Corporate Services,Strategic Planning,Quarterly,Number of provincial group customer engagement sessions conducted,Non-Standardized,Not  Applicable,Not Applicable,Not Applicable,2 Provincial group customer engagement sessions conducted,2 provincial customer engagement conducted,N/A,N/A,3 Provincial group customer engagement sessions conducted,"Three (03) provincial customer engagement sessions conducted in the following provinces: 
•	Kwa Zulu Natal,
•	Limpopo, and
•	Western Cape
",,,3 Provincial group customer engagement sessions conducted,"3 provincial group customers conducted as follows:
•	Gauteng 
•	Free State  
•	Eastern Cape 
",,,Customer feedback submitted for consolidation in the SDIP,Customer feedback submitted for consolidation in the SDIP ,,,"8 provincial
group customer
engagement
sessions
conducted",-,8 group provincial customer engagement sessions conducted.,N/A,,8 group provincial customer engagement sessions conducted.,204
,Government Printing Works,National,Financial Services,Financial Services,Quarterly,Audit Outcome,Non-Standardized,Not  Applicable,Not Applicable,Not Applicable,Annual Financial Statements (AFS) for the 2022/23 financial year submitted to AGSA,Annual Financial Statements for 2022/23 were submitted to the AGSA by 31 May 2023.,N/A,N/A,Audited AFS included in the Annual Report 2022/23,Audit process in progress,The Auditor General audit commenced on 15 Aug 2023. The process is in progress and is estimated to be completed by end of November 2023.Audit planning is 80% completed. Execution of the audit is 35% complete and reporting will only commence post completion,,Tabling (inclusive of financial statements),2022/23 Audit completed and AFS tabled at parliament,,,Unqualified audit opinion for 2022/23,Unqualified audit opinion for 2022/23 not achieved ,"Disclaimer audit opinion for 2022/23 
Basis for disclaimer of opinion 
• Property plant and equipment 
• Trade and other receivables 
• Inventories 
• Trade and other payables 
• Sale of goods: Revenue from exchange transactions 
• Cost of sales 
• Net cash flows from operating activities 
Of the 75 audit findings relating to 2022/23 a total of 30 have been addressed successfully, 8 related to data loss and 3 related to technical disagreements with AG. A total of 11 (Technical & Data Loss) have been sent to technical advice from National Treasury 
",,"Unqualified
audit opinion
for 2022/23",-,Unqualified audit opinion for 2022/23 not achieved,"Qualificatiobtained on the following components:

1. Property plant and equipment.
2. Trade other receivables.
3. Inventories 
4. Trade and other payables.
5. Sales of goods: Revenue
from exchange transactions.
5. Cost of sales( Comparative) 
6. Net cash flows from operating activities.

",,Disclaimer audit opinion for 2022/23,204
,Government Printing Works,National,Financial Services,Financial Services,Quarterly,Percentage of net profit margin achieved,Non-Standardized,Not  Applicable,Not Applicable,Not Applicable,"10% net
profit margin
achieved",Target Not Achieved,"The DHA discount of R7 462 767 
contributes to the drop in revenue for the quarter. Depreciation has not been loaded into the financial system. The prorated figure of R11 541 762 contributed to the drop in revenue.",N/A,"10% net
profit margin
achieved",GPW attained a 17 million profit in the quarter under review (2.26%).,"The discount to DHA contributes to the lower achieved target in revenue. 
GPW is projected to improve in the 
third quarter as this will be a peak period for examinations. 
",,"10% net
profit margin
achieved",GPW declared a R40 million net profit at the end of the 3rd quarter which equates to 3.71% of total revenue.,"The discount to DHA contributes to the lower achieved target in revenue.

The invoicing of the exams will be completed in the1st month of the 4th quarter, which will increase the profit margins.
",,"10% net
profit margin
achieved",5.13% net profit margin achieved,The discount to DHA contributes to the under budget in revenue. The Made to Stock performed lower than budget by R117 million. There was a challenge with the recording of depreciation and travel claims ,,"10% net
profit margin
achieved",-,1.59% net profits margin not achieved.,"1. The discounts DHA contributes to the under budget in revenue.
2. The made to stock performed low than budget by R117 million.
3. There was a challenge with the recording of depreciation and travel claims.",,10% net profit margin not achieved,204
,Government Printing Works,National,Manufacturing and Engineering,Manufacturing and Engineering,Quarterly,Percentage of Examination Papers produced that conform to client specifications,Non-Standardized,Not  Applicable,Not Applicable,Not Applicable,"100% of
examination
papers
produced
that conform
to the client
specifications",100%,N/A,N/A,"100% of
examination
papers
produced
that conform
to the client
specifications",100% of 4 118 432 Examination papers produced that conform to client specifications,,,"100% of
examination
papers
produced
that conform
to the client
specifications",100% of 11 001 449 examination documents delivered conform to customer’s specifications. ,,,"100% of
examination
papers
produced
that conform
to the client
specifications",100% of 350 020 Examination Papers produced that conform to client specifications,,,"100% of
examination
papers
produced
that conform
to the client
specifications",-,100% of 18 634 815 of Examination Papers produced that conform to clients specifications,N/A,,100% of 18 634 814 Examination Papers produced that conform to client specifications,204
,Government Printing Works,National,Manufacturing and Engineering,Manufacturing and Engineering,Quarterly,Percentage of High Security Certificates produced that conform to client specifications,Non-Standardized,Not  Applicable,Not Applicable,Not Applicable,"99% of High
Security
Certificates
produced
that conform
to client
specifications",97%,"A customer complained of 100 000 defective certificates from what was reported. Investigation has commenced and corrective action will be effected. It was expected to be measured against last year's 12 705 425 certificates (0.8% defects), however it was only identified in April 2023.",N/A,"99% of High
Security
Certificates
produced
that conform
to client
specifications",100% of 2 555 668 High Security Certificates produced that conform to client specifications,,,"99% of High
Security
Certificates
produced
that conform
to client
specifications",99% of 8 099 059 High Security Certificates delivered that conform to customer’s specification,,,"99% of High
Security
Certificates
produced
that conform
to client
specifications",99% of 6 135 505 High Security Certificates produced that conform to client specifications,,,"99% of High
Security
Certificates
produced
that conform
to client
specifications",-,99% of 19 776 164 Higher Security Certificates produced that conform clients specifications,N/A,,99% of 19 776 164 High security certificates produced that conform to client specifications,204
,Government Printing Works,National,Manufacturing and Engineering,Manufacturing and Engineering,Quarterly,Percentage of Identity Documents/cards produced that conform to client specifications,Non-Standardized,Not  Applicable,Not Applicable,Not Applicable,"100% of Identity
Documents/
cards produced
that conform
to client
specifications",100%,N/A,N/A,"100% of Identity
Documents/
cards produced
that conform
to client
specifications",100% of 707 569  Identity Documents/ cards produced that conform to client specifications,,,"100% of Identity
Documents/
cards produced
that conform
to client
specifications",100% of 658 742 documents delivered and conform to customer’s specifications,,,"100% of Identity
Documents/
cards produced
that conform
to client
specifications",100% of 910 785 Identity Documents/ cards produced that conform to client specifications.,,,"100% of Identity
Documents/
cards produced
that conform
to client
specifications",-,100% of 2 936 477 Identity Document/cards produced that conform to clients specifications,N/A,,100% of 2 936 477 Identity Documents / Cards produced that conform to client specifications,204
,Government Printing Works,National,Manufacturing and Engineering,Manufacturing and Engineering,Quarterly,Percentage of Travel Documents produced that conform to client specifications,Non-Standardized,Not  Applicable,Not Applicable,Not Applicable,"100% of Travel
documents
produced
that conform
to client
specifications",100%,N/A,N/A,"100% of Travel
documents
produced
that conform
to client
specifications",100% of 240 148 Travel Documents produced that conform to client specification ,,,"100% of Travel
documents
produced
that conform
to client
specifications",100% of 226 951 documents delivered that conform to customer’s specification,,,"100% of Travel
documents
produced
that conform
to client
specifications",100% of 252 550 Travel Documents produced that conform to client specifications,,,"100% of Travel
documents
produced
that conform
to client
specifications",-,100% of 393 034 Travel Documents delivered that conform to clients specifications,N/A,,100% of 939 034 Travel Documents produced to client specifications,204
,Government Printing Works,National,Office of the CEO,Enterprise Risk Management,Quarterly,Percentage implementation of the Business Continuity Management activities,Non-Standardized,Not  Applicable,Not Applicable,Not Applicable,"100% BCM 
activities implemented in line with the Risk Management 3 year rolling plan",100% ,N/A,N/A,100% BCM activities implemented in line with the Risk Management 3 year rolling plan,"The following BCM activities conducted with the quarter:
-	Monitor the implementation of BCP Work Area Requirements Plan
-	OHS risk assessment and facilitation of evacuation drill meeting held on 21 September 2023
-	IMS meeting held on 26 September 2023
-	Monitored the Dynamics AX back-up and restore test
",,,100% BCM activities implemented in line with the Risk Management 3 year rolling plan,"100% BCM activities implemented in line with the Risk Management Implementation Plan:
•	Facilitated implementation WAR in relation to Operations Management (minutes of the meeting)
•	IMS Minutes/ Resolution Register
•	Dynamics AX test report
•	CSIR testing report
	",,,100% BCM activities implemented in line with the Risk Management 3 year rolling plan,100 % BCM activities implemented in line with the Risk Management three year rolling plan.,,,"100% of
Business 
Continuity
Management
activities
implemented",-,100% of the Business continuity Management activities implemented,N/A,,100% of the Business Continuity Management activities implemented,204
,Government Printing Works,National,Office of the CEO,Internal Audit,Quarterly,Percentage implementation of the annual Internal Audit Plan,Non-Standardized,Not  Applicable,Not Applicable,Not Applicable,20% of the approved annual internal audit plan implemented,20%,N/A,N/A,30% of the approved annual internal audit plan implemented,"30% of the approved annual internal audit plan implemented.
-	Contract Management 
-	Assets Management Follow- Up
-	Follow- Up Audit other branches.
-	ICT Follow- Up
-	Performance Information Review Q1
-	Audit Committee Reporting Q1
-	Stock Counting (Ad hoc)
",,,30% of the approved annual internal audit plan implemented,20% of the plan implemented	,Delays in appointing service providers from the IA panel to conduct consulting and advisory reviews,,20% of the approved annual internal audit plan implemented,20% implemented as per the approved audit plan.,,,"100% of the
approved
annual internal
audit plan
implemented",-,"100% of the approved  
annual Internal Audit implemented",N/A,,100% of the approved annual Internal Audit Plan implemented,204
,Government Printing Works,National,Operations Management,Operations Management,Quarterly,Percentage of Government Gazettes produced that conform to client specifications,Non-Standardized,Not  Applicable,Not Applicable,Not Applicable,"100% of
Government
Gazettes
published
that conform
to client
specifications",100%,N/A,N/A,"100% of
Government
Gazettes
published
that conform
to client
specifications",100% of 629 Government Gazettes published that conformed to client specifications,,,"100% of
Government
Gazettes
published
that conform
to client
specifications",100% of 649 Government Gazettes published that conform to client specifications,,,"100% of
Government
Gazettes
published
that conform
to client
specifications",100% of 653 Government Gazettes published that conform to client specifications,,,"100% of
Government
Gazettes
published
that conform
to client
specifications",-,100% of 2590 Government Gazettes published that conform to clients specification,N/A,,100% of 2767 Government Gazette published that conform to client specifications,204
Environmental Affairs,"Environment, Forestry and Fisheries",National,Programme 1: Administration,Programme 1: Administration,Quarterly,External audit opinion obtained,Not Applicable,Not  Applicable,Not Applicable,Not Applicable,"90% of 2021/22 Action
Plan to address prior year
audit recommendations
implemented",100% (114/114) of 2021/22 action plan to address prior year audit recommendations implemented,"Progress on remedial actions monitored on weekly basis to address audit findings 
Regular engagements held to resolve findings
",Not applicable,"Unqualified external audit
opinion obtained",Unqualified external audit opinion obtained from the Auditor-General of South Africa in July 2023,Not applicable (N/A),N/A,"50% of 2022/23 Action
plan to address prior year
audit recommendations
implemented","61% (62/101) of 2022/23 action plan to address prior year audit recommendations implemented

Implementation of audit action plan to ensure findings and recommendations from the Auditor-General addressed for continuous improvement
","Progress on remedial actions monitored weekly to address all outstanding audit findings

Regular engagements held to resolve outstanding findings
",Not applicable,"90% of 2022/23 Action
plan to address prior year
audit recommendations
implemented","90% (91/101) of 2022/23 action plan to address prior year audit recommendations implemented

Implementation of audit action plan to ensure findings and recommendations from the Auditor-General addressed for continuous improvement

",N/A ,N/A,"Unqualified external audit
opinion obtained",-,"Unqualified external audit opinion obtained from the Auditor-General of South Africa in July 2023
",N/A,N/A,"Unqualified external
audit opinion
obtained from the
AGSA in July 2023",204
Environmental Affairs,"Environment, Forestry and Fisheries",National,Programme 1: Administration,Programme 1: Administration,Quarterly,Number of beneficiaries benefitting from bursaries programme,Not Applicable,Not  Applicable,Not Applicable,Not Applicable,"Consultation with all
branches conducted",Consultation with all branches conducted in June 2023 regarding bursary programme requirements and qualifications ,Not applicable,Not applicable,"Director-General (DG)
approval obtained to award
bursaries to beneficiaries",DG approval obtained in July 2023 to award bursaries to beneficiaries ,N/A,N/A,"110 bursaries issued (40 full
time and 70 part time)","174 bursaries issued (40 full time and 134 part time)

Upskilling to address critical skills shortage as well as professionalising the Public Service
",Availability of budget to fund more beneficiaries,N/A,No milestone,No milestone, Annual target achieved in Q3,N/A,"110 bursaries issued (40 full
time and 70 part time)",-,"174 bursaries issued (40 full time and 134 part time)
","Availability of budget to fund more beneficiaries
",N/A,"174 bursaries issued
(40 full time and 134
part time)",204
Environmental Affairs,"Environment, Forestry and Fisheries",National,Programme 1: Administration,Programme 1: Administration,Quarterly,Percentage expenditure of DFFE budget allocation,Not Applicable,Not  Applicable,Not Applicable,Not Applicable,22%,24% (R2 382 204/R9 873 566),"Frequent engagements with branch heads to monitor expenditure against commitments identified for payment

Weekly meetings with the Chief Financial Officer and Budget Management unit to track progress made and address any challenges 
",Not applicable,44%,"48% (R4 726 338/R9 873 566)
","Frequent engagements held with branch heads to monitor expenditure against commitments identified for payment and to ensure projected quarterly targets met

Weekly meetings with Chief Financial Officer and Budget Management unit to track progress made and address any challenges
",N/A,70%,Target reviewed,N/A,N/A,98%,Target reviewed,N/A,N/A,98%,-,Target reviewed,N/A,N/A,Target reviewed,204
Environmental Affairs,"Environment, Forestry and Fisheries",National,Programme 1: Administration,Programme 1: Administration,Quarterly,Percentage expenditure of DFFE budget allocation,Not Applicable,Not  Applicable,Not Applicable,Not Applicable,Not applicable,Not applicable,Not applicable,Not applicable,N/A,,,,70%,"78% (7 431 434 000/ 9 538 968 000)

Effective utilisation of public funds allocated to the Department in line with the relevant public financial management legislation and principles 
","Frequent engagements with branch heads to monitor expenditure against commitments identified for payment and to ensure projected quarterly targets met 

Weekly meetings with Chief Financial Officer and Budget Management unit to track progress made and address any challenges
",N/A,95%,"99% (R9 468 647/R9 538 968)
Effective utilisation of public funds allocated in line with relevant public financial management legislation and principles 

","Frequent engagements held with branch heads to monitor expenditure against commitments identified for payment

Weekly meetings with Chief Financial Officer and Budget Management unit held to track progress made and address any challenges
",N/A,95%,-,"99% (R9 468 647/R9 538 968)
","Frequent engagements held with branch heads to monitor expenditure against commitments identified for payment

Weekly meetings with Chief Financial Officer and Budget Management unit held to track progress made and address any challenges
",N/A,"99% (R9 468 647/
R9 538 968)",204
Environmental Affairs,"Environment, Forestry and Fisheries",National,Programme 1: Administration,Programme 1: Administration,Quarterly,Percentage of people with disabilities appointed,Not Applicable,Not  Applicable,Not Applicable,Not Applicable,1.9%,"1,9% (63/3 316) ",Not applicable,Not applicable,1.9%,"1.9% (64/3 325)
",N/A,N/A,2%,Target reviewed,N/A,N/A,2%,"Target reviewed
",N/A,N/A,2%,-,Target reviewed,N/A,N/A,Target reviewed,204
Environmental Affairs,"Environment, Forestry and Fisheries",National,Programme 1: Administration,Programme 1: Administration,Quarterly,Percentage of people with disabilities appointed,Not Applicable,Not  Applicable,Not Applicable,Not Applicable,Not applicable,Not applicable,Not applicable,Not applicable,N/A,,,,1.9%,"1.98% (66/3 335)

Working towards government’s 2% target","Disclosure workshops/awareness sessions conducted to encourage employees to disclose their disability status. Through these sessions, 2 disability disclosures received in Q3",N/A,1.9%,"1.99% (65/3 271)

Target for public service is 2%

",Decreased number of filled posts led to percentage of person with disabilities remaining high,N/A,1.9%,-,"1.98% (65/3 281)
","Decreased number of filled posts led to percentage of person with disabilities remaining high
",N/A,1.98% (65/3 281),204
Environmental Affairs,"Environment, Forestry and Fisheries",National,Programme 1: Administration,Programme 1: Administration,Quarterly,Percentage of Women appointed in Senior Management Service (SMS) Positions,Not Applicable,Not  Applicable,Not Applicable,Not Applicable,47%,48% (91/189) ,Priority given to women according to Employment Equity Plan,Not applicable,48%,"48% (94/194)
",N/A,N/A,49%,Target reviewed,N/A,N/A,50%,Target reviewed, N/A,N/A,50%,-,Target reviewed,N/A,N/A,Target reviewed,204
Environmental Affairs,"Environment, Forestry and Fisheries",National,Programme 1: Administration,Programme 1: Administration,Quarterly,Percentage of women appointed in Senior Management Services (SMS) positions,Not Applicable,Not  Applicable,Not Applicable,Not Applicable,Not applicable,Not applicable,Not applicable,Not applicable,N/A,,,,48%,"50% (98/196) 

Government target of 50% met therefore promoting gender equality at decision-making level
",Prioritised recruitment of women at SMS level,N/A,48%,"52% (102/197)

Department has exceeded 50% target set for public service
",Prioritised recruitment of women at SMS level,N/A,48%,-,"52% (102/197)
","Prioritised recruitment of women at SMS level 
",N/A,52% (102/197),204
Environmental Affairs,"Environment, Forestry and Fisheries",National,Programme 2: Regulatory Compliance and Sector Monitoring,Programme 2: Regulatory Compliance and Sector Monitoring,Quarterly,Norm for the exclusion of Battery Storage gazetted for implementation,Not Applicable,Not  Applicable,Not Applicable,Not Applicable,Not applicable,Not applicable,Not applicable,Not applicable,Not applicable,,,,Legal Vetting process for the Norm for the exclusion of Battery Storage finalised,"Legal vetting process for the Norm for the exclusion of Battery Storage finalised in November 2023

Focused on areas of low or medium environmental sensitivity
",N/A,N/A,Norm for the exclusion of Battery Storage gazetted for implementation,"Norm for the exclusion of the Battery Storage gazetted for implementation in March 2024

Focused on areas of low or medium environmental sensitivity

",N/A,N/A,Norm for the exclusion of Battery Storage gazetted for implementation,-,"Norm for the exclusion of the Battery Storage gazetted for implementation in March 2024
",N/A,N/A,"Norm for the
exclusion of
Battery Storage
gazetted for
implementation in
March 2024",204
Environmental Affairs,"Environment, Forestry and Fisheries",National,Programme 2: Regulatory Compliance and Sector Monitoring,Programme 2: Regulatory Compliance and Sector Monitoring,Quarterly,Norm for the exclusion of Solar PV facilities gazetted for implementation,Not Applicable,Not  Applicable,Not Applicable,Not Applicable,Not applicable,Not applicable,Not applicable,Not applicable,Not applicable,,,,Legal Vetting process for the Norm for the exclusion of Solar PV facilities finalised,"Legal vetting process for the Norm for the exclusion of Solar PV facilities finalised in November 2023

Focused on areas of low or medium environmental sensitivity
",N/A,N/A,Norm for the exclusion of Solar PV facilities gazetted for implementation,"Norm for the exclusion of the Solar PV facilities gazetted for implementation in March 2024

Focused on areas of low or medium environmental sensitivity

",N/A,N/A,Norm for the exclusion of Solar PV facilities gazetted for implementation,-,"Norm for the exclusion of the Solar PV facilities gazetted for implementation in March 2024
",N/A,N/A,"Norm for the
exclusion of
Solar PV facilities
gazetted for
implementation in
March 2024",204
Environmental Affairs,"Environment, Forestry and Fisheries",National,Programme 2: Regulatory Compliance and Sector Monitoring,Programme 2: Regulatory Compliance and Sector Monitoring,Quarterly,Number of administrative enforcement notices issued for non- compliance with environmental legislation,Not Applicable,Not  Applicable,Not Applicable,Not Applicable,Not applicable,Not applicable,Not applicable,Not applicable,Not applicable,,,,200,"205

Notice contains findings and instructions for actioning
",This target was exceeded due to unplanned work that was undertaken in Q2 (aquaculture sector),N/A,270,"312

Notices contain findings and instructions for actioning
","Unplanned work required in relation to the Extended Producer Responsibility (EPR) sector. In total, 40 notices issued in Q4 within EPR sector
",N/A,270,-,313,"Unplanned work required in relation to the Extended Producer Responsibility (EPR) sector. In total, 40 notices issued in Q4 within EPR sector
",N/A,313,204
Environmental Affairs,"Environment, Forestry and Fisheries",National,Programme 2: Regulatory Compliance and Sector Monitoring,Programme 2: Regulatory Compliance and Sector Monitoring,Quarterly,Number of administrative enforcement notices issued for non-compliance with environmental legislation,Not Applicable,Not  Applicable,Not Applicable,Not Applicable,66,63,Notices in relation to Alien and Invasive Species (AIS) sector not issued due to few reports received as a result of limited human resource capacity,"Enforcement will be targeting following sectors in Q2:
• Aquaculture sector
• Extended Producer Responsibility in relation to paper and packaging, electrical and electronic waste streams

Human resource capacity will be resolved in Q3 meaning notices anticipated to be issued in Q1 - Q3 will only be issued when reports of non-compliance reaches Enforcement section
",70,82,Number of non-compliance resulted in more administrative notices issued,N/A,64,Target reviewed,N/A,N/A,70,Target reviewed,N/A,N/A,270,-,Target reviewed,N/A,N/A,Target reviewed,204
Environmental Affairs,"Environment, Forestry and Fisheries",National,Programme 2: Regulatory Compliance and Sector Monitoring,Programme 2: Regulatory Compliance and Sector Monitoring,Quarterly,Number of environmental authorisations inspected for compliance,Not Applicable,Not  Applicable,Not Applicable,Not Applicable,40,46,Multiple authorisations issued to same applicant at one facility or located close to each other during 1 inspection ,Not applicable,45,"74


",High number of authorisations required to be inspected,N/A,45,"37

Proactive approach to monitor and enforce compliance with environmental legislation/authorisations and take action against non-compliance
",Requested to participate in unplanned summer survey on  Prince Edward Island. resulting in planned number of inspections for Marine Threatened or Protected Species (TOPS) permits not being met measures,Intervention meetings undertaken with impacted Directors to prioritise compliance inspections in Q4,40,"60

Inspections focused on compliance for bioprospecting access and benefit sharing regulations, and Threatened or Protected Species (TOPS)
","During inspection, certain facilities had more than one authorisation, resulting in additional authorisations being inspected at those facilities",N/A,170,-,217,"During inspection, certain facilities had more than one authorisation, resulting in additional authorisations being inspected at those facilities
",N/A,217,204
Environmental Affairs,"Environment, Forestry and Fisheries",National,Programme 2: Regulatory Compliance and Sector Monitoring,Programme 2: Regulatory Compliance and Sector Monitoring,Quarterly,Number of finalised criminal investigation dockets handed over to the National Prosecutions Authority (NPA) for a prosecutorial decision,Not Applicable,Not  Applicable,Not Applicable,Not Applicable,Not applicable,Not applicable,Not applicable,Not applicable,Not applicable,,,,31,"41

Investigations conducted into alleged criminal activities related to environment","Participating in workstream 6 of the National Energy Crisis Committee 

Additional work done in relation to abalone poachers arrested on Robben Island
",N/A,46,"54

Investigations conducted focused on alleged criminal activities related to environment
","Unplanned criminal investigations as a result of arrests which were effected immediately when crimes were committed 
",N/A,46,-,54,"Unplanned criminal investigations as a result of arrests which were effected immediately when crimes were committed 
",N/A,54,204
Environmental Affairs,"Environment, Forestry and Fisheries",National,Programme 2: Regulatory Compliance and Sector Monitoring,Programme 2: Regulatory Compliance and Sector Monitoring,Quarterly,Number of finalised criminal investigation dockets handed over to the NPA for a prosecutorial decision,Not Applicable,Not  Applicable,Not Applicable,Not Applicable,8,16,"7 arrests effected which could not be anticipated and expediting handing over of dockets to National Prosecutions Authority

Necessity to expedite cases where 2 learners in Richards Bay inhaled chemicals and fell ill
",Not applicable,15,9,"Prioritised the finalisation of cases reported during quarter Q1
",None required as cumulative year-end target on track to be achieved as combined Q1&2 target exceeded,8,Target reviewed,Not applicable,N/A,15,Target reviewed,N/A,N/A,46,-,Target reviewed,N/A,N/A,Target reviewed,204
Environmental Affairs,"Environment, Forestry and Fisheries",National,Programme 2: Regulatory Compliance and Sector Monitoring,Programme 2: Regulatory Compliance and Sector Monitoring,Quarterly,Number of inspections conducted for verification of rhino horns and elephant tusks stockpiles,Not Applicable,Not  Applicable,Not Applicable,Not Applicable,16,19,Urgent request for verification of some applications by private rhino horn owners,Not applicable ,16,18,Number of applications received resulted in more inspections conducted than planned,N/A,17,Target reviewed,N/A,N/A,16,Target reviewed,N/A,N/A,65,-,Target reviewed,N/A,N/A,Target reviewed,204
Environmental Affairs,"Environment, Forestry and Fisheries",National,Programme 2: Regulatory Compliance and Sector Monitoring,Programme 2: Regulatory Compliance and Sector Monitoring,Quarterly,Number of inspections conducted for verification of rhino horns stockpiles,Not Applicable,Not  Applicable,Not Applicable,Not Applicable,Not applicable,Not applicable,Not applicable,Not applicable,Not applicable,,,,49,"67

Proactive approach to audit stockpiles including those in private ownership to ensure, for example, all rhino horns registered on National Rhino Horn Database
","25 inspections conducted in one centralised private rhino horns stockpile

Availability of rhino horns owner representatives during planned visit
",N/A,65,"83

Proactive approach to audit stockpiles including those in private ownership to ensure, for example, all rhino horns registered on National Rhino Horn Database
","Number of applications received in Q2 resulted in more inspections conducted which were unplanned
",N/A,65,-,83,"Number of applications received in Q2 resulted in more inspections conducted which were unplanned
",N/A,83,204
Environmental Affairs,"Environment, Forestry and Fisheries",National,Programme 2: Regulatory Compliance and Sector Monitoring,Programme 2: Regulatory Compliance and Sector Monitoring,Quarterly,Number of officials trained in environmental compliance and enforcement,Not Applicable,Not  Applicable,Not Applicable,Not Applicable,180,589 ,"Inability to anticipate number of South African National Defence Force (SANDF) officials to be nominated to attend, as training dependent on volume of new recruits appointed",Not applicable,180,135,"Target dependent on requests from stakeholders 

Requests for training from stakeholders lower than anticipated
",More training to be implemented in Q3,180,Target reviewed,N/A,N/A,180,Target reviewed,N/A,N/A,720,-,Target reviewed,N/A,N/A,Target reviewed,204
Environmental Affairs,"Environment, Forestry and Fisheries",National,Programme 2: Regulatory Compliance and Sector Monitoring,Programme 2: Regulatory Compliance and Sector Monitoring,Quarterly,Number of officials trained in environmental compliance and enforcement,Not Applicable,Not  Applicable,Not Applicable,Not Applicable,Not applicable,Not applicable,Not applicable,Not applicable,Not applicable,,,,540,"1 289

Training included areas such as wildlife trafficking, prosecution of biodiversity crimes and self defence
","Unplanned ad hoc requests for training courses for the Judicial Officers Wildlife Trafficking Colloquium, Department of Water and Sanitation snake awareness and South African National Defence Force",N/A,720,"1 393

Training included areas such as wildlife trafficking, prosecution of biodiversity crimes and self defence
","Requests received from South African National Defence Force which were unplanned
",N/A,720,-,1 393,"Requests received from South African National Defence Force which were unplanned
",N/A,1 393,204
Environmental Affairs,"Environment, Forestry and Fisheries",National,Programme 2: Regulatory Compliance and Sector Monitoring,Programme 2: Regulatory Compliance and Sector Monitoring,Quarterly,Percentage of Environmental Authorisations issued within 57 calendar days from receipt of the final environmental assessment report,Not Applicable,Not  Applicable,Not Applicable,Not Applicable,Not applicable,Not applicable,Not applicable,Not applicable,Not applicable,,,,100%,"100% (58/58)

Presidential priority to improve energy availability in South Africa
",N/A,N/A,100%,"95% (106/112) Environmental Authorisations issued for renewable energy generation transmission and distribution within 57 calendar days from receipt of the final environmental assessment report

Remaining 5% (6/112) issued within legislated timeframe of 107 calendar days 

","Limited human resource capacity due to vacancies
","Motivation for filling of critical vacant posts will be submitted for consideration
",100%,-,"95% (106/112)

Remaining 5% (6/112) issued within legislated timeframe of 107 calendar days
","Limited human resource capacity due to vacancies
","Motivation for filling of critical vacant posts will be submitted for consideration
","95% (106/112)
Remaining 5%
(6/112) issued
within legislated
timeframe of 107
calendar days",204
Environmental Affairs,"Environment, Forestry and Fisheries",National,Programme 3: Oceans and Coasts,Programme 3: Oceans and Coasts,Annually,Annual Science Report Card on key essential oceans and coasts variables published,Not Applicable,Not  Applicable,Not Applicable,Not Applicable,,,,,,,,,,,,,,,,,"2022/23 Annual Science
Report Card on key
essential oceans and coasts
variables published online",,"2022/23 Annual
Science Report
Card on key
essential oceans
and coasts variables
published online in
June 2023",Annual target achieved in Q1,Not applicable,"2022/23 Annual
Science Report
Card on key
essential oceans
and coasts variables
published online in
June 2023",204
Environmental Affairs,"Environment, Forestry and Fisheries",National,Programme 3: Oceans and Coasts,Programme 3: Oceans and Coasts,Quarterly,2 draft MPAs Management Plans developed (Southeast Atlantic Seamounts and Southwest Indian Seamounts MPAs),Not Applicable,Not  Applicable,Not Applicable,Not Applicable,,,,,,,,,,,,,,,,,,-,"N/A
",N/A,N/A,N/A,204
Environmental Affairs,"Environment, Forestry and Fisheries",National,Programme 3: Oceans and Coasts,Programme 3: Oceans and Coasts,Quarterly,Amendments document to the Antarctic Treaties Act developed,Not Applicable,Not  Applicable,Not Applicable,Not Applicable,"Concept document for
amendments of the ATA
developed",Concept document for amendments of the Antarctic Treaties Act developed in June 2023,Not applicable,Not applicable,"Consultation process
conducted","Consultation process conducted through stakeholder consultation held in August 2023 for review of Antarctic Treaties Act 
",N/A,N/A,"Initial Socio-Economic
Impact Assessment System
(SEIAS) submitted to The
Presidency","SEIAS submitted to The Presidency in December 2023

Challenges identified to be addressed is outdated Antarctic Treaties Act and Inadequate enforcement mechanisms
",N/A,N/A,"Draft amendments
documents to the Antarctic
Treaties Act developed","Draft amendments document to the Antarctic Treaties Act developed in March 2024

Challenges identified to be addressed is outdated Antarctic Treaties Act and inadequate enforcement mechanisms

",N/A,N/A,"Draft amendments
document to the Antarctic
Treaties Act developed",-,"Draft amendments document to the Antarctic Treaties Act developed in March 2024
",N/A,N/A,"Draft amendments
document to the
Antarctic Treaties
Act developed in
March 2024",204
Environmental Affairs,"Environment, Forestry and Fisheries",National,Programme 3: Oceans and Coasts,Programme 3: Oceans and Coasts,Quarterly,Marine Spatial Planning (MSP) Sub-regional Plans developed,Not Applicable,Not  Applicable,Not Applicable,Not Applicable,"Concept document on the
MSP Sub-regional Plan
developed",Concept document on the MSP Sub-regional Plan (Western marine area plan) developed in June 2023,Not applicable,Not applicable,"Draft MSP Sub-regional plan
developed","Draft MSP Sub-regional Plan developed for Western Marine Area Plan in September 2023
",N/A,N/A,"Stakeholder engagement
undertaken on the
development of the MSP
Sub-regional Plan",Target reviewed,N/A,N/A,"MSP Sub-regional Plan
submitted to DG for approval
to gazette for public
comments (First Marine
Area Plan)",Target reviewed,N/A,N/A,"MSP Sub-regional Plan
submitted to DG for approval
to gazette for public
comments (First Marine
Area Plan)",-,Target reviewed,N/A,N/A,Target reviewed,204
Environmental Affairs,"Environment, Forestry and Fisheries",National,Programme 3: Oceans and Coasts,Programme 3: Oceans and Coasts,Quarterly,MSP Sub-regional Plans developed,Not Applicable,Not  Applicable,Not Applicable,Not Applicable,Not applicable,Not applicable,Not applicable,Not applicable,Not applicable,,,,2nd Draft MSP Sub-regional plan developed,"2nd draft MSP Sub-regional plan developed in November 2023  (Prince Edward Islands Marine Area Plan)

Plan aims to guide decision-makers by specifying where and when activities should occur within marine spatial planning area
",N/A,N/A,Stakeholder engagement on the development of the MSP Sub-regional Plan conducted,"Stakeholder engagement with National MSP Working Group on development of Western Area MSP Sub-regional Plan conducted in March 2024

Plan aims to guide decision-makers by specifying where and when activities should occur within marine spatial planning area
",N/A,N/A,Stakeholder engagement on the development of the MSP Sub-regional Plan conducted,-,"Stakeholder engagement on the development of the Western Area MSP Sub-regional Plan conducted with the National MSP Working Group in March 2024
",N/A,N/A,"Stakeholder
engagement on
the development of
the Western Area
MSP Sub-regional
Plan conducted with
the National MSP
Working Group in
March 2024",204
Environmental Affairs,"Environment, Forestry and Fisheries",National,Programme 3: Oceans and Coasts,Programme 3: Oceans and Coasts,Quarterly,Number of Biodiversity Management Plans (BMPs) developed,Not Applicable,Not  Applicable,Not Applicable,Not Applicable,"Draft Comments and
Response Table document
on the African Penguin BMP
public participation process
developed",Draft Comments and Response Table document on the African Penguin BMP public participation process developed in June 2023  ,Not applicable,Not applicable,"1st draft African Penguin BMP
developed","1st draft African Penguin BMP developed in September 2023

",N/A,N/A,"2nd draft African Penguin
BMP developed","2nd draft African Penguin BMP developed in December 2023

Plan aims to stop decline in population of African penguin in South Africa and improve its International Union for Conservation of Nature conservation status
",N/A,N/A,"Revised African Penguin
BMP submitted to the
Minister","Revised African Penguin BMP produced in March 2024

Plan aims to stop decline in population of African penguin in South Africa and improve its International Union for Conservation of Nature conservation status 

",Submission to the Minister delayed due to technical error on the system,Revised African Penguin BMP  will be submitted to the Minister in Q1 of 2024/25 financial year,"1 BMP developed:
Revised African Penguin
BMP submitted to the
Minister",-,"Revised African Penguin BMP produced in March 2024
","Submission to the Minister delayed due to technical error on the system
",Revised African Penguin BMP  will be submitted to the Minister in Q1 of 2024/25 financial year,"Revised African
Penguin BMP
produced in March
2024",204
Environmental Affairs,"Environment, Forestry and Fisheries",National,Programme 3: Oceans and Coasts,Programme 3: Oceans and Coasts,Quarterly,Number of Management Plans for declared Marine Protected Areas developed,Not Applicable,Not  Applicable,Not Applicable,Not Applicable,"Stakeholders in the vicinity
of the Southeast Atlantic
Seamounts and Southwest
Indian Seamounts MPAs
consulted on intention to
develop management plans","Stakeholders in the vicinity of the Southeast Atlantic Seamounts and Southwest Indian Seamounts MPAs
consulted on the intention to develop management plans through the Western Cape Provincial Coastal Committee in June 2023

Meeting with Commercial Fishing Industry held in June 2023
",Not applicable,Not applicable,"2 Draft MPAs Management
Plans for Southeast Atlantic
Seamounts and Southwest
Indian Seamounts
developed","2 draft MPAs Management Plans for Southeast Atlantic Seamounts and Southwest Indian Seamounts developed in September 2023
",N/A,N/A,"Stakeholder engagement on
the Draft MPA Management
Plans of the Southeast
Atlantic Seamounts and
Southwest Indian Seamounts
conducted",Target reviewed,N/A,N/A,"2 Draft Marine Protected
Areas (MPAs) Management
Plans submitted to the
Minister for approval
(Southeast Atlantic
Seamounts and Southwest
Indian Seamounts)",Target reviewed,N/A,N/A,"2 Draft Marine Protected
Areas (MPAs) Management
Plans submitted to the
Minister for approval
(Southeast Atlantic
Seamounts and Southwest
Indian Seamounts)",-,Target reviewed,N/A,N/A,Target reviewed,204
Environmental Affairs,"Environment, Forestry and Fisheries",National,Programme 3: Oceans and Coasts,Programme 3: Oceans and Coasts,Quarterly,Number of Management Plans for declared MPAs developed,Not Applicable,Not  Applicable,Not Applicable,Not Applicable,Not applicable,Not applicable,Not applicable,Not applicable,Not applicable,,,,2 stakeholder engagements on the Draft MPA Management Plans of the Southeast Atlantic Seamounts and Southwest Indian Seamounts conducted,"Endorsement/ no objection letter by DFFE Global Environment Facility Focal Point for funds to be released obtained in October 2023 

Service provider to conduct stakeholder engagement and update draft management plans appointed in December 2023

Management plan of MPA valid for 5 - 10 years and will ensure effective management of MPAs
",Delays in obtaining Focal Point endorsement letter for appointment of service provider,2 public stakeholder engagements  scheduled for February and March 2024. Revised draft management plans will be completed by the end of March 2024 ,2 Draft Marine Protected Areas (MPAs) Management Plans developed (Southeast Atlantic Seamounts and Southwest Indian Seamounts MPAs),"2 draft MPAs Management Plans developed (Southeast Atlantic Seamounts and Southwest Indian Seamounts MPAs) in February 2024

Plans are to ensure sustainable use and conservation of marine resources to optimise overall wealth of ecosystem while considering diverse needs of various stakeholders depended on marine environment 
",N/A,N/A,2 draft MPAs Management Plans developed (Southeast Atlantic Seamounts and Southwest Indian Seamounts MPAs),-,"2 draft MPAs Management Plans developed (Southeast Atlantic Seamounts and Southwest Indian Seamounts MPAs) in February 2024
",N/A,N/A,"2 draft MPAs
management
plans developed
(Southeast Atlantic
Seamounts and
Southwest Indian
Seamounts MPAs)
in February 2024",204
Environmental Affairs,"Environment, Forestry and Fisheries",National,Programme 3: Oceans and Coasts,Programme 3: Oceans and Coasts,Quarterly,Number of peer reviewed scientific publications accepted for publication or published (including theses and research policy reports),Not Applicable,Not  Applicable,Not Applicable,Not Applicable,No milestone,1 peer reviewed scientific publication published online in May 2023,Publication submitted during 2022/23 financial year and formally published by Journal during 2023/24 financial year,Not applicable,8,4,"Process for publication is between 1 – 6 months from submission 

Overall, 8 publications published in Q1&2 (cumulative year-end target on track to be achieved as combined Q1&2 target achieved)
",Publications will be submitted in advance to accommodate lead time for final publication ,No milestone,Target reviewed,N/A,N/A,12,Target reviewed,N/A,N/A,20,-,Target reviewed,N/A,N/A,Target reviewed,204
Environmental Affairs,"Environment, Forestry and Fisheries",National,Programme 3: Oceans and Coasts,Programme 3: Oceans and Coasts,Quarterly,Number of peer reviewed scientific publications accepted for publication or published (including theses and research policy reports),Not Applicable,Not  Applicable,Not Applicable,Not Applicable,Not applicable,Not applicable,Not applicable,Not applicable,Not applicable,,,,No milestone,*No work undertaken during reporting period,N/A,N/A,20,"20

Publications enhance scientific knowledge which is used to inform development/review of environmental management policies
",N/A,N/A,20,-,"20
",N/A,N/A,20,204
Environmental Affairs,"Environment, Forestry and Fisheries",National,Programme 3: Oceans and Coasts,Programme 3: Oceans and Coasts,Quarterly,"Number of relief and science voyages to remote stations undertaken to SANAE, Gough and Marion Islands",Not Applicable,Not  Applicable,Not Applicable,Not Applicable,"1 relief and science
voyage to Marion Islands
undertaken",1 relief and science voyage to Marion undertaken. SA Agulhas II departed in April 2023 and returned in May 2023,Not applicable,Not applicable,"1 relief and science voyage
to Gough Islands undertaken","1 relief and science voyage to Gough Islands undertaken in September 2023
",N/A,N/A,"1 relief and science
voyage to SANAE Islands
undertaken","1 relief and science voyage to SANAE Islands undertaken in December 2023 

Voyage schedule to return in February 2024 will undertake research critical in providing scientific information required for understanding and protection of ocean environment
",N/A,N/A,No milestone,Annual target achieved in Q3,N/A,N/A,"3 relief and science voyages
to SANAE, Gough and
Marion Islands undertaken",-,"3 relief and science voyages undertaken to:

Marion Islands in April 2023
Gough in September 2023
SANAE in December 2023
",N/A,N/A,"3 relief and science
voyages undertaken
to:
• Marion Islands in
April 2023
• Gough in
September 2023
• SANAE in
December 2023",204
Environmental Affairs,"Environment, Forestry and Fisheries",National,Programme 3: Oceans and Coasts,Programme 3: Oceans and Coasts,Quarterly,Report on the Implementation of Estuarine management strategy produced,Not Applicable,Not  Applicable,Not Applicable,Not Applicable,"Quarterly monitoring reports
for 4 Estuarine Management
Plans produced
• Buffalo Estuary
• Durban Bay
• Richards Bay
• Orange River","Quarterly monitoring reports for 4 Estuarine Management Plans produced in June 2023 for the following:
•	Buffalo Estuary
•	Durban Bay
•	Richards Bay
•	Orange River
",Not applicable,Not applicable,"Quarterly monitoring reports
for 4 Estuarine Management
Plans produced
• Buffalo Estuary
• Durban Bay
• Richards Bay
• Orange River","Quarterly monitoring reports for 4 Estuarine Management Plans produced in September 2023 for the following:

• Buffalo Estuary
• Durban Bay 
• Richards Bay
• Orange River
",N/A,N/A,"Quarterly monitoring reports
for 4 Estuarine Management
Plans produced
• Buffalo Estuary
• Durban Bay
• Richards Bay
• Orange River","Quarterly monitoring reports for 4 Estuarine Management Plans produced in December 2023 for the following:

• Buffalo Estuary
• Durban Bay
• Richards Bay
• Orange River

Various initiatives implemented such as education and awareness programmes aimed at informing and empowering local communities
",N/A,N/A,"Quarterly monitoring reports
for 4 Estuarine Management
Plans produced
• Buffalo Estuary
• Durban Bay
• Richards Bay
• Orange River","Quarterly monitoring reports for 4 EMPs produced in March 2024 for the following:

•	Buffalo Estuary
•	Durban Bay
•	Richards Bay
•	Orange River

Various initiatives implemented such as education and awareness programmes aimed at informing and empowering local communities on environmental issues

",N/A,N/A,"Annual monitoring report for
4 Estuarine Management
Plans produced
• Buffalo Estuary
• Durban Bay
• Richards Bay
• Orange River",-,"Annual monitoring report for 4 EMPs produced in March 2024 for the following:
Buffalo Estuary
Durban Bay
Richards Bay
Orange River
",N/A,N/A,"Annual monitoring
report for 4 EMPs
produced in March
2024 for the
following:
• Buffalo Estuary
• Durban Bay
• Richards Bay
• Orange River",204
Environmental Affairs,"Environment, Forestry and Fisheries",National,Programme 3: Oceans and Coasts,Programme 3: Oceans and Coasts,Quarterly,Report on the implementation of National Oceans and Coasts Water Quality Monitoring Programme produced,Not Applicable,Not  Applicable,Not Applicable,Not Applicable,"Four Coastal Water Quality
Reports (KwaZulu-Natal;
Western Cape; Eastern
Cape and Northern Cape)
for 40 identified priority areas
produced",Four Coastal Water Quality Reports (KwaZulu-Natal; Western Cape; Eastern Cape and Northern Cape) for 40 identified priority areas produced in June 2023,Not applicable,Not applicable,"Four Coastal Water Quality
Reports (KwaZulu-Natal;
Western Cape; Eastern
Cape and Northern Cape)
for 40 identified priority areas
produced","Four Coastal Water Quality Reports for 40 identified priority areas produced:

• KwaZulu-Natal in August 2023
• Western Cape, Eastern Cape and Northern Cape in September 2023
",N/A,N/A,"Four Coastal Water Quality
Reports (KwaZulu-Natal;
Western Cape; Eastern
Cape and Northern Cape)
for 40 identified priority areas
produced","Four Coastal Water Quality Reports (KwaZulu-Natal; Western Cape; Eastern Cape and Northern Cape) for 40 identified priority areas produced in December 2023

Report analyses trends and provides status quo of coastal and marine environment
",Not applicable,N/A,"Four Coastal Water Quality
Reports (KwaZulu-Natal;
Western Cape; Eastern
Cape and Northern Cape)
for 40 identified priority areas
produced","4 coastal water quality reports (KwaZulu-Natal; Western Cape; Eastern Cape and Northern Cape) for 40 identified priority areas produced in March 2024

Report found that water quality status of selected estuaries were fairly good as most water quality parameters were within recommended threshold under South African water quality guidelines for marine coastal waters

",N/A,N/A,"Annual consolidated water
quality report for 40 priority
areas in 4 Coastal Provinces
produced",-,"Annual consolidated water quality report for 40 priority areas in 4 coastal provinces produced in March 2024
",N/A,N/A,"Annual consolidated
water quality report
for 40 priority
areas in 4 coastal
provinces produced
in March 2024",204
Environmental Affairs,"Environment, Forestry and Fisheries",National,Programme 3: Oceans and Coasts,Programme 3: Oceans and Coasts,Quarterly,Research study to identify potential additional oceans and coastal area for protection undertaken,Not Applicable,Not  Applicable,Not Applicable,Not Applicable,"Progress report on
additional oceans and
coastal protection produced",Progress report on additional oceans and coastal protection produced in June 2023,Not applicable,Not applicable,"Draft research report on
additional ocean and coastal
protection produced","Draft research report on additional ocean and coastal protection produced in September 2023
",N/A,N/A,"Stakeholder engagement
on draft research report
on additional of ocean and
coastal protection conducted","Two stakeholder engagements on draft research report on additional of ocean and coastal protection conducted in November 2023

First workshop focused on “iAtlantic: Identifying Biodiversity Priority Areas to Support Offshore MPA Expansion in South 
Africa” project and 2nd  on marine, coastal, and estuarine “other effective area-based conservation measures”
","Stakeholder engagement not limited to single meeting due to different collaborate initiatives driven by DFFE and South African National Biodiversity Institute, where similar aspects discussed and all relevant stakeholders present",N/A,"Research report on
additional oceans and
coastal protection produced","Research report on additional oceans and coastal protection produced in March 2024

Study identifies potential additional oceans and coastal area for protection, including guidelines on expansion. Aim is to increase oceans and coastal area for protection by 5%

",N/A,N/A,"Research report on
additional ocean and coastal
protection produced",-,"Research report on additional oceans and coastal protection produced in March 2024
",N/A,N/A,"Research report
on additional
oceans and coastal
protection produced
in March 2024",204
Environmental Affairs,"Environment, Forestry and Fisheries",National,"Programme 4: Climate Change, Air Quality and Sustainable Development","Programme 4: Climate Change, Air Quality and Sustainable Development",Quarterly,Financial value of resources raised from international donors to support South Africa (SA) and African environment programmes,Not Applicable,Not  Applicable,Not Applicable,Not Applicable,US$ 20 million raised,US$ 45 688 020.10 raised,"Additional projects approved by donors, in particular Global Environment Facility ",Not applicable,US$ 20 million raised,"US$ 238 880 992.11 raised

",Additional resources mobilised as Green Climate Fund approved Climate Change Resilience through South Africa’s Water Reuse Programme,N/A,US$ 20 million raised,"No work undertaken during reporting period

Annual target exceed 
",Technical indicator description calculation type of target is year-end,None required as annual target exceeded in Q2 but calculation type to be amended in 2024/25 Annual Performance Plan,US$ 20 million raised,"US$ 37 887 715 raised

Some of projects supported with funds include Global Clean Hydrogen Programme and Private Sector Energy Efficiency Programme 
","More funds raised from international donors than anticipated
",N/A,US$ 80 million raised,-,"US$ 319 456 727.21 raised
","More funds raised from international donors than anticipated
",N/A,"US$ 319 456 727.21
raised",204
Environmental Affairs,"Environment, Forestry and Fisheries",National,"Programme 4: Climate Change, Air Quality and Sustainable Development","Programme 4: Climate Change, Air Quality and Sustainable Development",Quarterly,National Air Quality Indicator (NAQI),Not Applicable,Not  Applicable,Not Applicable,Not Applicable,"Verification of annual
averages data from priority
areas, metros, provinces
and privately networks","Verification of annual averages data from priority areas, metros, provinces and privately networks conducted in June 2023",Not applicable,Not applicable,"State of Air Report (SoA)
produced and presented
at the Annual Air Quality
Governance Lekgotla","2022 State of Air Report produced and presented at the Annual Air Quality Governance Lekgotla in September 2023
",N/A,N/A,No milestone,Target removed from 2023-24 APP,N/A,N/A,"National Air Quality Officers’
Report produce

NAQI: Equals to or less than
1",Target removed from APP,N/A,N/A,"NAQI: Equals to or less than
1",-,Target removed from 2023-24 APP,N/A,N/A,Target removed from 2023-24 APP,204
Environmental Affairs,"Environment, Forestry and Fisheries",National,"Programme 4: Climate Change, Air Quality and Sustainable Development","Programme 4: Climate Change, Air Quality and Sustainable Development",Quarterly,Number of air quality monitoring stations reporting to SAAQIS meeting minimum data recovery standard of 75%,Not Applicable,Not  Applicable,Not Applicable,Not Applicable,"15 priority area ambient air
quality monitoring stations
reporting to the SAAQIS
meeting data recovery
standard of 75%",4/15 priority area ambient air quality monitoring stations reporting to the SAAQIS meeting data recovery standard of 75%,Air quality monitoring stations experiencing poor data recovery due to loadshedding  ,Procurement of power back-up systems to reduce data loss during load shedding  ,"15 Priority Areas air quality
monitoring stations reporting
to the SAAQIS meeting data
recovery standard of 75%","5 priority area ambient air quality monitoring stations reporting to the SAAQIS meeting data recovery standard of 75%

 ",Impact of power disruptions as a result of loadshedding affected overall performance of air quality monitoring stations,Bids for procurement of power back-up systems for priority area stations evaluated in August 2023 and awaiting Bid Adjudication Committee approval,"15 Priority Areas air quality
monitoring stations reporting
to the SAAQIS meeting data
recovery standard of 75%",Target removed from 2023-24 APP,N/A,N/A,"15 Priority Areas air quality
monitoring stations reporting
to the SAAQIS meeting data
recovery standard of 75%",Target removed from APP,N/A,N/A,"15 priority area ambient air
quality monitoring stations
reporting to the SAAQIS
meeting data recovery
standard of 75%",-,Target removed from 2023-24 APP,N/A,N/A,Target removed from 2023-24 APP,204
Environmental Affairs,"Environment, Forestry and Fisheries",National,"Programme 4: Climate Change, Air Quality and Sustainable Development","Programme 4: Climate Change, Air Quality and Sustainable Development",Quarterly,Number of climate change mitigation interventions undertaken to facilitate implementation of South Africa’s Low Emission Development Strategy,Not Applicable,Not  Applicable,Not Applicable,Not Applicable,"Sector Department
engagements on draft SETs
conducted","Sector Department engagements on draft SETs conducted with the following:

• Department of Trade, Industry and Competition in June 2023
•	Department of Transport in June 2023
•	Department of Human Settlements in June 2023  
•	Department of Agriculture, Land Reform and Rural Development in June 2023
•	Department of Water and Sanitation in June 2023
",Not applicable,Not applicable,"Sector Department
engagements on draft SETs
conducted","Sector department engagements on draft SETs conducted with departments of Mineral Resources and Energy, Transport, Trade and Industry, Agriculture and Human Settlements in September 2023
",N/A,N/A,Draft SETs developed,"Target reviewed
",Not applicable ,N/A,"Draft SETs published for
public comments",Target reviewed,N/A,N/A,"1 intervention undertaken:
Draft Sectoral Emission
Targets (SETs) published for
public comments",-,Target reviewed,N/A,N/A,Target reviewed,204
Environmental Affairs,"Environment, Forestry and Fisheries",National,"Programme 4: Climate Change, Air Quality and Sustainable Development","Programme 4: Climate Change, Air Quality and Sustainable Development",Quarterly,Number of climate change mitigation interventions undertaken to facilitate implementation of South Africa’s Low Emission Development Strategy,Not Applicable,Not  Applicable,Not Applicable,Not Applicable,Not applicable,Not applicable,Not applicable,Not applicable,Not applicable,,,,Draft SETs developed,"Draft SETs developed in December 2023

Aims to drive down greenhouse gas emissions across economy and plan that SETs to 2030 be allocated by January 2025
",N/A,N/A,Draft Sectoral Emission Targets (SETs) submitted to Minister for approval to publish for public comments,"Draft SETs submitted to Minister for approval to publish for public comments in March 2024 

Aims to drive down greenhouse gas emissions across economy and plan that SETs to 2030 be allocated by January 2025

Worked with sector departments to agree on portfolio of policies and measures to use in process of allocating carbon budgets. Allocated SETs will be applicable to following sector departments: agriculture, land reform and rural development, water and sanitation, mineral resources and energy, DFFE, transport, and human settlements

",N/A,N/A,Draft Sectoral Emission Targets (SETs) submitted to Minister for approval to publish for public comments,-,"Draft SETs submitted to Minister for approval to publish for public comments in March 2024 
",N/A,N/A,"1 intervention undertaken:
Draft SETs submitted
to Minister for approval
to publish for public
comments in March 2024",204
Environmental Affairs,"Environment, Forestry and Fisheries",National,"Programme 4: Climate Change, Air Quality and Sustainable Development","Programme 4: Climate Change, Air Quality and Sustainable Development",Quarterly,Number of interventions undertaken to facilitate implementation of South Africa’s Climate Change Adaptation Strategy,Not Applicable,Not  Applicable,Not Applicable,Not Applicable,Not applicable,Not applicable,Not applicable,Not applicable,Not applicable,,,,Draft Ocean and Coast Adaptation Plan developed,"Draft Ocean and Coast Adaptation Plan developed in December 2023

Provides guidance on tangible climate actions to respond to climate hazards in coastal areas
",N/A,N/A,Draft Ocean and Coast Plan submitted to Working Group,"Draft Ocean and Coast Plan submitted to Working Group in March 2024

Plan provides guidance on tangible climate actions to respond to climate hazards in coastal areas


",N/A,N/A,Draft Ocean and Coast Plan submitted to Working Group,-,"Draft Ocean and Coast Plan submitted to Working Group in March 2024
",N/A,N/A,"1 climate adaptation
intervention implemented:
Draft Ocean and Coast
Plan submitted to Working
Group in March 2024",204
Environmental Affairs,"Environment, Forestry and Fisheries",National,"Programme 4: Climate Change, Air Quality and Sustainable Development","Programme 4: Climate Change, Air Quality and Sustainable Development",Quarterly,Number of Interventions undertaken to facilitate implementation of South Africa’s Climate Change Adaptation Strategy (1 Climate Adaptation intervention implemented: Ocean and Coast Adaptation Plan developed),Not Applicable,Not  Applicable,Not Applicable,Not Applicable,Inception Report produced,Inception report produced in May 2023,Not applicable,Not applicable,"Stakeholder consultation
conducted","2 stakeholder consultations conducted in September 2023
","Additional consultations undertaken due to lack of representation of other coastal provinces in initial consultation

Decision took to have consultations specific to each coastal province
",N/A,"Draft Ocean and Coast
Adaptation Plan developed",Target reviewed,N/A,N/A,"Ocean and Coast Adaptation
Plan developed",Target reviewed,N/A,N/A,"1 Climate Adaptation
intervention implemented:
Ocean and Coast Adaptation
Plan developed",-,Target reviewed,N/A,N/A,Target reviewed,204
Environmental Affairs,"Environment, Forestry and Fisheries",National,"Programme 4: Climate Change, Air Quality and Sustainable Development","Programme 4: Climate Change, Air Quality and Sustainable Development",Quarterly,Number of Interventions undertaken to facilitate implementation of South Africa’s Climate Change Adaptation Strategy (1 Climate Adaptation Sector Plan implemented: Final Report on Risk and Vulnerability Assessment for 5 additional Human Settlement Priorit,Not Applicable,Not  Applicable,Not Applicable,Not Applicable,Inception meeting conducted,Inception meeting conducted in June 2023 ,Not applicable,Not applicable,"Stakeholder consultations
conducted","2 stakeholder consultations meeting conducted in September 2023
",N/A,N/A,"Risk and Vulnerability
Assessment for 5 additional
Human Settlement Priority
Areas conducted","7 risk and vulnerability assessments conducted for the following additional Human Settlement Priority Areas:
Limpopo:
• Polokwane
• Fetakgomo Tubatse Development Area
• Thohoyandou
• Musina-Makhado Special Economic Zone
Northern Cape:
• Aggeneys/Pofadder
• Kathu
• Postmasburg/Tsantsabane

Assessments inform strategy and planning in local municipalities as well as assist to identify and prioritise interventions and responses
","Some Human Settlement Priority Areas inter-linked and can be easily assessed as one batch i.e. Aggenys/Pofadder, Khathu and Postmasburg/Tsantsabane in Northern Cape",N/A,"Final Report on Risk and
Vulnerability Assessment
for 5 additional Human
Settlement Priority Areas
produced","Final Report on Risk and Vulnerability Assessment for the following 7 additional Human Settlement Priority Areas produced in March 2024:

1. Aggeneys/Pofadder (combined)
2. Fetakgomo/Tubatse Development Area
3. Kathu 
4. Musina- Makhado SEZ
5. Polokwane Municipality
6. Postmasburg/Tsantsabane
7. Thohoyandou Node

Assessments inform strategy and planning in local municipalities in terms of priority human settlements-housing development areas

","Some Human Settlement Priority Areas inter-linked and can be easily assessed as one batch i.e. Aggenys/Pofadder, Khathu and Postmasburg/Tsantsabane in Northern Cape ",N/A,"1 Climate Adaptation
Sector Plan implemented:
Final Report on Risk and
Vulnerability Assessment
for 5 additional Human
Settlement Priority Areas
produced",-,"Final Report on Risk and Vulnerability Assessment for following 7 additional Human Settlement Priority Areas produced in March 2024:

1. Aggeneys/Pofadder (combined)
2. Fetakgomo/Tubatse Development Area
3. Kathu 
4. Musina-Makhado SEZ
5. Polokwane Municipality
6. Postmasburg/Tsantsabane
7. Thohoyandou Node
","Some Human Settlement Priority Areas inter-linked and can be easily assessed as one batch i.e. Aggenys/Pofadder, Khathu and Postmasburg/Tsantsabane in Northern Cape ",N/A,"1 Climate Adaptation
Sector Plan implemented:
Final Report on Risk and
Vulnerability Assessment
for 7 additional Human
Settlement Priority Areas
produced in March 2024:
1. Aggeneys/Pofadder
(combined)
2. Fetakgomo/Tubatse
Development Area
3. Kathu
4. Musina-Makhado SEZ
5. Polokwane Municipality
6. Postmasburg/
Tsantsabane
7. Thohoyandou Node",204
Environmental Affairs,"Environment, Forestry and Fisheries",National,Programme 5: Biodiversity and Conservation,Programme 5: Biodiversity and Conservation,Quarterly,High Level Panel (HLP) recommendations and interventions on biodiversity conservation implemented (Programme of work for the White Paper on Conservation and Sustainable Use of Biological Diversity approved for implementation),Not Applicable,Not  Applicable,Not Applicable,Not Applicable,"Concept note on the
programme of work for the
White Paper on Conservation
and Sustainable Use
of Biological Diversity
developed",Concept note on the programme of work for the White Paper on Conservation and Sustainable Use of Biological Diversity developed in June 2023,Not applicable,Not applicable,"Stakeholder consultation to
develop the programme of
work conducted","9 stakeholder consultations to develop the programme of work conducted 
",Many stakeholders had to be consulted separately in accordance to different focus areas ,N/A,"Draft programme of work
developed",Target removed from 2023-24 APP,N/A,N/A,"Programme of work for the
White Paper on Conservation
and Sustainable Use of
Biological Diversity approved
for implementation",Target removed form APP,N/A,N/A,"HLP recommendations
interventions
implemented:
Programme of work for the
White Paper on Conservation
and Sustainable Use of
Biological Diversity approved
for implementation",-,Target removed from 2023-24 APP,N/A,N/A,Target removed from 2023-24 APP,204
Environmental Affairs,"Environment, Forestry and Fisheries",National,Programme 5: Biodiversity and Conservation,Programme 5: Biodiversity and Conservation,Quarterly,High Level Panel (HLP) recommendations and interventions on biodiversity conservation implemented (Revised NBES submitted to Cabinet for approval to publish for public comments),Not Applicable,Not  Applicable,Not Applicable,Not Applicable,"Revised NBES presented to
Working Group (WG) 1 for
recommendation",Revised NBES presented to Working Group 1 for noting in April 2023,Revised NBES updated statistics not available by submission date to Working Group 1,Updated statistics being developed for submission to Working Group 1 for recommendation during Q2,"Revised NBES presented
to the Technical Forum
consisting of Director-
General and Provincial
Heads of Department
(MINTECH) for
recommendation","Revised NBES presented to MINTECH for recommendation in August 2023 and strategy recommended to MINMEC 
",N/A,N/A,"Revised NBES presented
to the Minister and
Members of the Executive
Councils (MINMEC) for
recommendation",Target removed from 2023-24 APP,N/A,N/A,"Revised NBES submitted
to Cabinet for approval to
publish for public comments",Target removed form APP,N/A,N/A,"Revised NBES submitted to
Cabinet for approval to
publish for public comments",-,Target removed from 2023-24 APP,N/A,N/A,Target removed from 2023-24 APP,204
Environmental Affairs,"Environment, Forestry and Fisheries",National,Programme 5: Biodiversity and Conservation,Programme 5: Biodiversity and Conservation,Quarterly,Number of benefit sharing agreements approved,Not Applicable,Not  Applicable,Not Applicable,Not Applicable,"Concluded benefit sharing
agreement/s reviewed",6 concluded benefit sharing agreements reviewed (5 in May 2023 and 1 in June 2023),Not applicable,Not applicable,"Concluded benefit sharing
agreement/s reviewed","10 concluded benefit sharing agreements reviewed in July and August 2023

6 benefit sharing agreements approved by Minister in July 2023
",Annual target (5 benefit sharing agreements approved) achieved earlier than planned as an application complemented by 6 benefit sharing agreements was recommended by assessment committee for approval and subsequently approved by Minister as it met all the conditional requirements,N/A,"Concluded benefit sharing
agreement/s reviewed","3 concluded benefit sharing agreements reviewed in October and November 2023

Agreements promote effective management of access and equitable sharing of natural resource benefits between businesses/ companies and communities
",N/A,N/A,"5 Benefit Sharing
Agreements approved","Target achieved in Q2

Agreements promote effective management of access and equitable sharing of natural resource benefits between businesses/companies and communities
","1 biotrade permit application supported by 6 benefit sharing agreements concluded with communities. 6 benefit sharing agreements then approved by Minister as part of 1 permit application submission
",N/A,"5 Benefit Sharing
Agreements approved",-,"6 benefit sharing agreements approved by Minister in July 2023
","1 biotrade permit application supported by 6 benefit sharing agreements concluded with communities. 6 benefit sharing agreements then approved by Minister as part of 1 permit application submission
",N/A,"6 benefit sharing
agreements approved
by Minister in July
2023",204
Environmental Affairs,"Environment, Forestry and Fisheries",National,Programme 5: Biodiversity and Conservation,Programme 5: Biodiversity and Conservation,Quarterly,Number of biodiversity economy initiatives implemented (3 000 heads of game donated to PDIs and communities),Not Applicable,Not  Applicable,Not Applicable,Not Applicable,"Game donation quarterly
meeting conducted to
develop a game donation
annual plan",Game donation quarterly meeting conducted to develop a game donation annual plan in April 2023,Not applicable,Not applicable,"Game donation quarterly
meeting conducted to
confirm heads of game for
donation","Game donation quarterly meeting conducted in July 2023 to confirm heads of game for donation 
",N/A,N/A,"Game donation quarterly
meeting conducted to
evaluate progress on game
donation",Target removed from 2023-24 APP,N/A,N/A,"3 000 heads of game
donated to PDIs and
communities",Target removed from APP,N/A,N/A,"3 000 heads of game
donated to PDIs and
communities",-,Target removed from 2023-24 APP,N/A,N/A,Target removed from 2023-24 APP,204
Environmental Affairs,"Environment, Forestry and Fisheries",National,Programme 5: Biodiversity and Conservation,Programme 5: Biodiversity and Conservation,Quarterly,Number of biodiversity economy initiatives implemented (3 Biodiversity economy initiatives implemented: 800 jobs created),Not Applicable,Not  Applicable,Not Applicable,Not Applicable,No milestone,Not applicable,Not applicable,Not applicable,200 jobs created,"Obtained approval for Stimulus for Community Rangers Programme 

Submission for Wildlife Extension officers approved in July 2023
","Delays in commencement of projects related to jobs due to outstanding discussions to reprioritise financial resources
",Awaiting mid-term budget reprioritisation ,200 jobs created,Target removed from 2023-24 APP,N/A,N/A,400 jobs created,Target removed form APP,N/A,N/A,"3 Biodiversity economy
initiatives implemented:
800 jobs created",-,Target removed from 2023-24 APP,N/A,N/A,Target removed from 2023-24 APP,204
Environmental Affairs,"Environment, Forestry and Fisheries",National,Programme 5: Biodiversity and Conservation,Programme 5: Biodiversity and Conservation,Quarterly,Number of biodiversity economy initiatives implemented (400 biodiversity beneficiaries trained (accredited training)),Not Applicable,Not  Applicable,Not Applicable,Not Applicable,"Annual Training Plan
developed",Annual Training Plan developed and approved by Deputy Director- General: Biodiversity and Conservation in May 2023,Not applicable,Not applicable,"100 biodiversity beneficiaries
trained (accredited training)","143 biodiversity beneficiaries trained (accredited training)
",More training was conducted in Q2 due to availability of training facilities to train beneficiaries,N/A,"200 biodiversity beneficiaries
trained (accredited training)","80 biodiversity beneficiaries trained (accredited training):

- Ecotourism (Natural Resource Guardianship: Nelspruit) = 25 beneficiaries
- Project management = 25 beneficiaries
- Field guiding: Golden Gate = 30 beneficiaries

Beneficiaries trained through Biodiversity Economy Programme that prepares them for business and economic opportunities 
",Limited human resource capacity,Motivation will be submitted for critical posts to be advertised in Q4,"100 biodiversity beneficiaries
trained (accredited training)","20 biodiversity beneficiaries trained (accredited training)

Training included areas such as financial management, eco-tourism, project and business management

","Insufficient human resource capacity to facilitate logistical arrangements for planned trainings
","Motivation for recruitment of additional human resources approved but appointment could not be undertaken due to cost containment measures
","400 biodiversity beneficiaries
trained (accredited training)",-,"263 biodiversity beneficiaries trained (accredited training)
","Insufficient human resource capacity to facilitate logistical arrangements for planned trainings
","Seek for partnerships with industry organisations and donors to support the training process
","263 biodiversity
beneficiaries trained
(accredited training)",204
Environmental Affairs,"Environment, Forestry and Fisheries",National,Programme 5: Biodiversity and Conservation,Programme 5: Biodiversity and Conservation,Quarterly,Number of business proposals for Previously Disadvantaged Individuals profiled,Not Applicable,Not  Applicable,Not Applicable,Not Applicable,Not applicable,Not applicable,Not applicable,Not applicable,Not applicable,,,,Previously Disadvantaged Individuals Skills and Capacity Development Workshop report compiled,"Previously Disadvantaged Individuals Skills and Capacity Development Workshop report compiled in October 2023

Purpose was to facilitate process of documentation development and project inclusion into Investment Portal while assisting emerging businesses with harnessing benefits of Investment Portal
",N/A,N/A,25,"59

Business proposals profiled during Biodiversity and Investment Indaba held in March 2024
","More proposals submitted than anticipated
",N/A,25,-,"54
","More proposals submitted than anticipated
",N/A,54,204
Environmental Affairs,"Environment, Forestry and Fisheries",National,Programme 5: Biodiversity and Conservation,Programme 5: Biodiversity and Conservation,Quarterly,Number of hectares in State forests rehabilitated (clearing of alien invasive),Not Applicable,Not  Applicable,Not Applicable,Not Applicable,"Rehabilitation plans
developed",Site-specific rehabilitation plans developed in June 2023 ,Not applicable,Not applicable,50 ha,50 ha,N/A,N/A,150 ha,Target removed from 2023-24 APP,N/A,N/A,100 ha,Target removed from APP,N/A,N/A,300 ha,-,Target removed from 2023-24 APP,N/A,N/A,Target removed from 2023-24 APP,204
Environmental Affairs,"Environment, Forestry and Fisheries",National,Programme 5: Biodiversity and Conservation,Programme 5: Biodiversity and Conservation,Quarterly,Number of hectares of land added to the conservation estate per annum,Not Applicable,Not  Applicable,Not Applicable,Not Applicable,No milestone,Not applicable,Not applicable,Not applicable,"SANParks expansion plan
submitted to the Director-
General (DG)","SANParks expansion plan submitted to the DG in August 2023 and approved by the DG in September 2023 

Feedback provided to SANParks in September 2023
 
",Q3 target (feedback provided to SANParks) achieved earlier than planned as SANParks was immediately informed following approval of expansion plan and transfer of funds,N/A,"Feedback on transfer of
funds submitted to SANParks",Target reviewed,Not applicable,N/A,610 674 ha,Target reviewed,N/A,N/A,610 674 ha,-,Target reviewed,N/A,N/A,Target reviewed,204
Environmental Affairs,"Environment, Forestry and Fisheries",National,Programme 5: Biodiversity and Conservation,Programme 5: Biodiversity and Conservation,Quarterly,Number of hectares of land added to the conservation estate per annum,Not Applicable,Not  Applicable,Not Applicable,Not Applicable,Not applicable,Not applicable,Not applicable,Not applicable,Not applicable,,,,Stakeholder engagement conducted,"Stakeholder engagement conducted with Limpopo Department of Economic Development, Environment and Tourism (LEDET) in November 2023 and South African National Parks in December 2023 

Engagements discussed contributions and increasing size of area of land under conservation
","Consultation with Limpopo Department of Economic Development, Environment and Tourism as per request from province to assist with matters related to protected areas",N/A,81 500 ha,"135 052,0456 ha

Land declared in KwaZulu-Natal, Limpopo, Mpumalanga, Free State, Eastern Cape and areas under SANParks
","Some declarations initiated in 2022/23 financial year and finalised in 2023/34 financial year
",N/A,81 500 ha,-,"135 047, 0450 ha
","Some declarations initiated in 2022/23 financial year and finalised in 2023/34 financial year
",N/A,135 047.0450 ha,204
Environmental Affairs,"Environment, Forestry and Fisheries",National,Programme 5: Biodiversity and Conservation,Programme 5: Biodiversity and Conservation,Quarterly,Number of interventions to ensure conservation of strategic water sources and wetlands implemented (2 interventions implemented: 1 Ramsar site designated),Not Applicable,Not  Applicable,Not Applicable,Not Applicable,"1 Ramsar sites for
designation confirmed",1 Ramsar site for designation confirmed (de Berg Nature Reserve in Mpumalanga) in May 2023,Not applicable,Not applicable,"Stakeholder consultation
conducted","Stakeholder consultation conducted with de Berg Landowners, and Mpumalanga Tourism and Parks Agency in August 2023
",N/A,N/A,"Ministerial approval for the
designation of 1 Ramsar
sites obtained","Ministerial approval for the designation of 1 Ramsar site obtained in November 2023

De Berg Nature Reserve designated as a wetland of international importance and is 30th Ramsar site in South Africa and 3rd in Mpumalanga
",N/A,N/A,1 Ramsar sites designated,"1 Ramsar site designated (De Berg Nature Reserve) in February 2024

De Berg Nature Reserve designated as a wetland of international importance and is 30th Ramsar site in South Africa and 3rd in Mpumalanga

",N/A,N/A,"2 interventions
implemented:
1 Ramsar site designated",-,"1 Ramsar site designated (De Berg Nature Reserve) in February 2024
",N/A,N/A,"1 intervention
implemented:
1 Ramsar site
designated (De Berg
Nature Reserve) in
February 2024",204
Environmental Affairs,"Environment, Forestry and Fisheries",National,Programme 5: Biodiversity and Conservation,Programme 5: Biodiversity and Conservation,Quarterly,Number of interventions to ensure conservation of strategic water sources and wetlands implemented (3 Strategic Water Sources secured),Not Applicable,Not  Applicable,Not Applicable,Not Applicable,"Stakeholder consultation
conducted",Stakeholder consultation conducted with Government Authorities Committee in May 2023,Not applicable,Not applicable,"Stakeholder consultation
conducted","Stakeholder consultation conducted with government and non-government representatives in August 2023
",N/A,N/A,"Measures to secure 3
Strategic Water Sources
allocated",Target removed from 2023-24 APP,N/A,N/A,"3 Strategic Water Sources
secured",Target removed form APP,N/A,N/A,"3 Strategic Water Sources
secured",-,Target removed from 2023-24 APP,N/A,N/A,Target removed from 2023-24 APP,204
Environmental Affairs,"Environment, Forestry and Fisheries",National,Programme 5: Biodiversity and Conservation,Programme 5: Biodiversity and Conservation,Quarterly,Number of legislative tools developed,Not Applicable,Not  Applicable,Not Applicable,Not Applicable,Not applicable,Not applicable,Not applicable,Not applicable,Not applicable,,,,Draft Prohibition Notice gazetted for public comments,"Draft Prohibition Notice gazetted for public comments during quarter 2 (September 2023) 

Comments consolidated and assessed

Proposed prohibition relates only to establishment or registration of new captive breeding facilities, commercial exhibition facilities, rehabilitation facilities or sanctuaries in respect of live specimens of African lion and keeping of live specimens of African lion in any other new controlled environment 
",Fast tracked due to its inclusion as Presidential priority,N/A,Prohibition Notice on the establishment/ registration of new captive lion breeding facilities finalised for approval for implementation,"Prohibition notice on the establishment/registration of new captive lion breeding facilities finalised for approval for implementation, and approved by Minister in March 2024

Prohibition relates to establishment or registration of new captive breeding facilities, commercial exhibition facilities, rehabilitation facilities or sanctuaries in respect of live specimens of African lion and keeping of live specimens of African lion in any other new controlled environment 

",N/A,N/A,5 legislative tools developed:Prohibition Notice on the establishment/ registration of new captive lion breeding facilities finalised for approval for implementation,-,"Prohibition notice on the establishment/registration of new captive lion breeding facilities finalised for approval for implementation, and approved by Minister in March 2024
",N/A,N/A,"4 legislative tools
developed:
Prohibition notice on
the establishment/
registration of new
captive lion breeding
facilities finalised
for approval for
implementation and
approved by Minister
in March 2024",204
Environmental Affairs,"Environment, Forestry and Fisheries",National,Programme 5: Biodiversity and Conservation,Programme 5: Biodiversity and Conservation,Quarterly,Number of legislative tools developed,Not Applicable,Not  Applicable,Not Applicable,Not Applicable,Not applicable,Not applicable,Not applicable,Not applicable,Not applicable,,,,Draft NEMBA Bill submitted to the Office of the Chief State Law Advisor for an updated opinion,"Draft NEMBA Bill submitted to the Office of the Chief State Law Advisor for an updated opinion in quarter 2 (September 2023) 

Revised draft NEMBA Bill based on comments from Office of the Chief State Law Advisors obtained in November 2023

Bill aims to, among others, provide for management and conservation of South Africa's biodiversity
",Fast tracked due to its inclusion as Presidential priority,N/A,Draft NEMBA Bill submitted to Cabinet for approval for public participation,"Draft NEMBA Bill submitted to Cabinet for approval for public participation and approved in March 2024

Bill aims to, among others, provide for management and conservation of South Africa's biodiversity

",N/A,N/A,Draft National Environmental Management Biodiversity Act (NEMBA) Bill submitted to Cabinet for approval for public participation,-,"Draft NEMBA Bill submitted to Cabinet for approval for public participation and approved in March 2024
",N/A,N/A,"Draft NEMBA Bill
submitted to Cabinet
for approval for public
participation and
approved in March
2024",204
Environmental Affairs,"Environment, Forestry and Fisheries",National,Programme 5: Biodiversity and Conservation,Programme 5: Biodiversity and Conservation,Quarterly,Number of legislative tools developed,Not Applicable,Not  Applicable,Not Applicable,Not Applicable,Not applicable,Not applicable,Not applicable,Not applicable,Not applicable,,,,Revised TOPS Regulations and Species List gazetted for public comments,"Revised TOPS Regulations and Species List gazetted for public comments in October 2023

Comments on species list consolidated and assessed. Comments on regulations consolidated and assessment in progress

Purpose is to further regulate permit system in Chapter 7 of Biodiversity Act insofar that such system applies to restricted activities involving specimens of listed threatened or protected species
",N/A,N/A,TOPS Regulations and Species List submitted to Cabinet for approval for implementation,"TOPS Regulations and Species List approved by Minister and Member of Executive Council (MINMEC) in March 2024 for submission to National Council of Provinces (NCOP) to approve for implementation

Some of key issues addressed include inclusion of species threatened by restricted activities, inclusion of species likely to cause hybridisation as protected species
","Initially planned to submit Regulations to Cabinet for approval,  however, in terms of Section 8 (3), read with section 97 (3A) of NEMBA, Minister must, in terms of section 146 (6) of Constitution, submit all subordinate legislation (TOPS Regulations is a subordinate legislation of NEMBA) issued in terms of this Act which affects provinces to NCOP for approval. TOPS regulations will therefore be approved by NCOP
",TOPS Regulations and Species List  will be submitted to NCOP during Q2 of 2024/25 financial year,Threatened or Protected Species (TOPS) Regulations and Species List submitted to Cabinet for approval for implementation,-,"TOPS Regulations and Species List approved by Member of Executive Council (MINMEC) in March 2024 for submission to National Council of Provinces (NCOP) to approve for implementation
","Initially planned to submit Regulations to Cabinet for approval,  however, in terms of Section 8 (3), read with section 97 (3A) of NEMBA, Minister must, in terms of section 146 (6) of Constitution, submit all subordinate legislation (TOPS Regulations is a subordinate legislation of NEMBA) issued in terms of this Act which affects provinces to NCOP for approval. TOPS regulations will therefore be approved by NCOP","In future, prior consultation will be held to determine the correct approval processes that should be followed","TOPS Regulations
and Species List
approved by
MINMEC in March
2024 for submission
to NCOP to approve
for implementation",204
Environmental Affairs,"Environment, Forestry and Fisheries",National,Programme 5: Biodiversity and Conservation,Programme 5: Biodiversity and Conservation,Quarterly,Number of legislative tools developed,Not Applicable,Not  Applicable,Not Applicable,Not Applicable,Not applicable,Not applicable,Not applicable,Not applicable,Not applicable,,,,Draft Report of the Ministerial Task Team for consideration of voluntary exit options and pathways for the captive lion industry developed,"Draft Report of the Ministerial Task Team for consideration of voluntary exit options and pathways for the captive lion industry developed in December 2023

Primary focus areas of Task Team is stakeholder engagement, national facility audit, voluntary exit strategy, funding mechanisms and advice
",N/A,N/A,Report of the Ministerial Task Team for consideration of voluntary exit options and pathways for the captive lion industry submitted to Minister,"Report of the Ministerial Task Team for consideration of voluntary exit options and pathways for the captive lion industry submitted to Minister in February 2024

Some of recommendations is that voluntary exit should be 1st step towards long term objective as outlined in draft policy position, finalise engagement with voluntary exit candidates and moratorium on captive lion breeding

",N/A,N/A,Report of the Ministerial Task Team for consideration of voluntary exit options and pathways for the captive lion industry submitted to Minister,-,"Report of the Ministerial Task Team for consideration of voluntary exit options and pathways for the captive lion industry submitted to Minister in February 2024
",N/A,N/A,"Report of the
Ministerial Task Team
for consideration of
voluntary exit options
and pathways for the
captive lion industry
submitted to Minister
in February 2024",204
Environmental Affairs,"Environment, Forestry and Fisheries",National,Programme 5: Biodiversity and Conservation,Programme 5: Biodiversity and Conservation,Quarterly,Number of legislative tools developed,Not Applicable,Not  Applicable,Not Applicable,Not Applicable,Not applicable,Not applicable,Not applicable,Not applicable,Not applicable,,,,Policy Position gazetted for public comments,"Policy Position gazetted for public comments in Q2 (September 2023) and published on newspaper in October 2023

Proposes 3 conservation and sustainable use policy objectives to enhance species management and 3 international commercial trade-related policy objectives 
",Notice gazetted earlier to allow sufficient time for consultation before beginning of December 2023 holiday season,N/A,"Policy Position on the Conservation and Sustainable-Use of Elephant, Lion, Leopard and Rhinoceros submitted to Cabinet for approval for implementation","Policy Position on the Conservation and Sustainable-Use of Elephant, Lion, Leopard and Rhinoceros submitted to Cabinet for approval for implementation and approved in March 2024

Proposes 3 conservation and sustainable use policy objectives to enhance species management – to end captive keeping of lions for commercial purposes and close captive lion facilities, phase out domestication and intensification of management of rhinos, to enhance conservation and sustainable use of leopard 

",N/A,N/A,"Policy Position on the Conservation and Sustainable-Use of Elephant, Lion, Leopard and Rhinoceros submitted to Cabinet for approval for implementation",-,"Policy Position on the Conservation and Sustainable-Use of Elephant, Lion, Leopard and Rhinoceros submitted to Cabinet for approval for implementation and approved in March 2024
",N/A,N/A,"Policy Position on
the Conservation
and Sustainable-
Use of Elephant,
Lion, Leopard
and Rhinoceros
submitted to Cabinet
for approval for
implementation and
approved in March
2024",204
Environmental Affairs,"Environment, Forestry and Fisheries",National,Programme 5: Biodiversity and Conservation,Programme 5: Biodiversity and Conservation,Quarterly,Number of State indigenous forest management units mapped,Not Applicable,Not  Applicable,Not Applicable,Not Applicable,No milestone,Not applicable,Not applicable,Not applicable,1,1,N/A,N/A,2,Target removed from 2023-24 APP,N/A,N/A,2,Target removed from APP,N/A,N/A,5,-,Target removed from 2023-24 APP,N/A,N/A,Target removed from 2023-24 APP,204
Environmental Affairs,"Environment, Forestry and Fisheries",National,Programme 5: Biodiversity and Conservation,Programme 5: Biodiversity and Conservation,Quarterly,Regulatory tool to ensure conservation and sustainable use of biodiversity developed and implemented,Not Applicable,Not  Applicable,Not Applicable,Not Applicable,"National assessment report
on the linkages between
migration and DLDD
presented to the GCAC Cluster for approval",National assessment report on the linkages between migration and DLDD presented to the Global and Continental Affairs Committee Cluster for approval in June 2023 and approved  ,Not applicable ,Not applicable ,"National assessment report
on the linkages between
migration and DLDD
presented to the ICTS
Cluster for approval","National assessment report on the linkages between migration and Desertification, Land Degradation and Drought (DLDD) presented to the ICTS Cluster meeting in August 2023 and subsequently approved by Cabinet in September 2023
",Annual target achieved earlier than anticipated as Cabinet met twice a month and expedited approval ,N/A,"National assessment report
on the linkages between
migration and DLDD
presented to the Cabinet
Committee for approval",Target achieved in Q2,Annual target achieved earlier than anticipated as Cabinet met twice a month and expedited approval,N/A,"National assessment report
on the linkages between
migration and DLDD
submitted to Cabinet for
approval for implementation","Target achieved in Q2

Some recommendations from study is need for awareness creation on DLDD issues at community level, resuscitation of irrigation schemes, empowering traditional leaders on grazing management

","Annual target achieved earlier than anticipated as Cabinet met twice a month and expedited approval 
",N/A,"National assessment report
on the linkages between
migration and DLDD
submitted to Cabinet for
approval for implementation",-,"National assessment report on the linkages between migration and DLDD submitted to Cabinet for approval for implementation in September 2023 and approved by Cabinet in September 2023
","Annual target achieved earlier than anticipated as Cabinet met twice a month and expedited approval 
",N/A,"National assessment
report on the
linkages between
migration and DLDD
submitted to Cabinet
for approval for
implementation in
September 2023 and
approved by Cabinet
in September 2023",204
Environmental Affairs,"Environment, Forestry and Fisheries",National,Programme 5: Biodiversity and Conservation,Programme 5: Biodiversity and Conservation,Quarterly,Report on implementation of improvement plans for 6 management authorities produced,Not Applicable,Not  Applicable,Not Applicable,Not Applicable,"6 consultations held with the
management authorities","3 consultations held with the following management authorities:

•	iSimangaliso – May 2023
•	Eastern Cape Parks and Tourism Agency - June 2023  
•	Free State – June 2023
",Consultations could not be conducted due to non-availability by management authorities,Consultations with the management authorities to be conducted in Q2,"3 reports on the analysis
of the improvement plans
produced","3 reports on the analysis of the improvement plans for 3 management authorities produced in September 2023

Consultations held with the following management authorities:
• Ledet in August 2023
• Cape Nature in September 2023
",N/A,N/A,"3 reports on the analysis
of the improvement plans
produced",Target removed from 2023-24 APP,N/A,N/A,"Status Report on
implementation of
improvement plans for 6
management authorities
produced",Target removed form APP,N/A,N/A,"Status Report on
implementation of
improvement plans for 6
management authorities
produced",-,Target removed from 2023-24 APP,N/A,N/A,Target removed from 2023-24 APP,204
Environmental Affairs,"Environment, Forestry and Fisheries",National,Programme 6: Environmental Programmes,Programme 6: Environmental Programmes,Quarterly,Number of Biodiversity Economy Infrastructure facilities constructed or renovated,Not Applicable,Not  Applicable,Not Applicable,Not Applicable,No milestone,Not applicable,Not applicable,Not applicable,No milestone,Eastern Cape: 4 Double Drift Nature Reserve  facilities and 1 facility at East London Cape Morgan Nature Reserve at completion phases,N/A,N/A,5,Target reviewed,N/A,N/A,18,Target reviewed,N/A,N/A,"23 (10 constructed, 13
renovated)",-,Target reviewed,N/A,N/A,Target reviewed,204
Environmental Affairs,"Environment, Forestry and Fisheries",National,Programme 6: Environmental Programmes,Programme 6: Environmental Programmes,Quarterly,Number of Biodiversity Economy Infrastructure facilities constructed or renovated,Not Applicable,Not  Applicable,Not Applicable,Not Applicable,Not applicable,Not applicable,Not applicable,Not applicable,Not applicable,,,,3,"4 constructed

Infrastructure facilities constructed in support of different Biodiversity Economy Programmes e.g. game fencing 	
",Revised completion schedule of 1 infrastructure project due to demand to utilise abattoir which was supposed to be completed in January 2024,N/A,6,"10:

•	3 constructed
•	7 renovated

Construction of gatehouse in National Botenical Garden in Eastern Cape,  guard house in National Botiencal Garden in Limpopo, greenhouse tunnel structure in Worcester
","Planned units to be finalised early in 2024/25 financial year fast-tracked including repriotisation of delivery of units to respond to demand for access to abattoir
",N/A,"9
(6 constructed,3 renovated)",-,"14:

7 constructed
7 renovated
","Planned units to be finalised early in 2024/25 financial year fast-tracked including repriotisation of delivery of units to respond to demand for access to abattoir
",N/A,"14
(7 constructed,
7 renovated)",204
Environmental Affairs,"Environment, Forestry and Fisheries",National,Programme 6: Environmental Programmes,Programme 6: Environmental Programmes,Quarterly,Number of Full Time Equivalents (FTEs) created,Not Applicable,Not  Applicable,Not Applicable,Not Applicable,"Total: 6 424
EP: 6 224
Forestry: 200","Total: 5 762

•	EP: 5 529
•	Forestry: 233","•	Unresolved matter on implications of Terms of Reference on Value Added Tax (VAT), Compensation for Occupation Injuries and Diseases Act (COIDA), Unemployment Insurance Fund (UIF) and stipend payments pertaining to training tenders
•	Delays in finalising Supply Chain Management processes
•	Part of Eastern Cape and KwaZulu-Natal tenders cancelled based on legal opinion
•	iSimangaliso only commenced in late June 2023
","•	Explored implementation of certain training projects through in-house model and have commitments from various stakeholders. Obtain Deputy Director-General: Environmental Programmes approval of allocation of budget for proposed inhouse Youth Programme model projects and if obtained, deliver in Q2.
•	Contracting in progress for invasive alien clearing projects in Gauteng, Limpopo, Mpumalanga, North West, Northern Cape and Western Cape.
•	Re-advertisement of Method 2 tenders in Eastern Cape and KwaZulu-Natal in Q2. 
•	Close monitoring of iSimangaliso to ensure catch up of missed Q1 delivery in Q2
","Total: 9 050
EP: 8 150
Forestry: 900","9 232 

EP: 8 785 
Forestry: 447
",Target exceeded due to improved employment duration for participants (basis for calculating ,N/A,"Total: 10 213
EP: 9 113
Forestry: 1 100",Target reviewed,Not applicable,N/A,"Total: 9 790
EP: 9 114
Forestry: 676",Target reviewed,N/A,N/A,"Total: 35 477
EP: 32 601
Forestry: 2 876",-,Target reviewed,N/A,N/A,Target reviewed,204
Environmental Affairs,"Environment, Forestry and Fisheries",National,Programme 6: Environmental Programmes,Programme 6: Environmental Programmes,Quarterly,Number of Full Time Equivalents (FTEs) created,Not Applicable,Not  Applicable,Not Applicable,Not Applicable,Not applicable,Not applicable,Not applicable,Not applicable,Not applicable,,,,"Total: 8 160

EP: 7 060
Forestry: 1 100","Total: 9 880 

• EP: 9 590
• Forestry: 290 

Purpose to create employment opportunity for a period equivalent to 1 full working year for beneficiaries employed on projects funded by DFFE 
","Activation of presidential expansion of the Municipal Cleaning and Greening Programme, based on compliance of municipalities to the terms and conditions of Municipal Cleaning and Greening Programme",N/A,"Total: 7 864

EP: 7 188
Forestry: 676","***Total: 9 472

•	EP: 9 036
•	Forestry: 436

Employment opportunities created focused in areas such as Working for Water, Working for Wetlands, Forestry Operations, Working on Waste, greening and open space management and Working for Coast, Working for Fire
","Some of the local municipalities had made sufficient progress in the recruitment process to enable roll-out of projects under Greening and Cleaning inhouse model, which resulted in the target being exceeded
",N/A,"Total: 31 498
EP: 28 622
Forestry: 2 876",-,"45 809
EP:  43 367 
Forestry: 2 442
","Some local municipalities made sufficient progress in recruitment processes to enable roll-out of projects under Greening and Cleaning in-house model
",N/A,"45 809
• EP: 43 367
• Forestry: 2 442",204
Environmental Affairs,"Environment, Forestry and Fisheries",National,Programme 6: Environmental Programmes,Programme 6: Environmental Programmes,Quarterly,Number of hectares receiving follow-up clearing of invasive plant species,Not Applicable,Not  Applicable,Not Applicable,Not Applicable,79 815,"14 113,816","Part of Eastern Cape and KwaZulu-Natal tenders cancelled based on legal opinion

iSimangaliso only commenced in late June 2023
","Re-advertisement of Method 2 tenders in Eastern Cape and KwaZulu-Natal in Q2

Management closely monitoring iSimangaliso to ensure catch up of missed quarter 1 delivery
",133 025,"125 942,712
","Delays in finalising Supply Chain Management processes
Part of Eastern Cape and KwaZulu-Natal tenders cancelled based on legal opinion
","Limpopo, Mpumalanga, North West, Free State and Northern Cape contracts between service providers and the Department have been finalized in September 2023

Gauteng - preparatory work finalised in September 2023 for the teams to start work in Q3

Tenders to be re-advertised after Bid adjudication Committee had approved the revised Terms of Reference

Draft terms of reference for Tender T067 to be finalised in October 2023

New initiation form for Tender T068 finalised in October 2023

In-house partnerships being explored in KwaZulu Natal, Eastern Cape and Western Cape. This process is anticipated to be finalised in October 2023
",159 630,Target reviewed,N/A,N/A,159 630,Target reviewed,N/A,N/A,532 100,-,Target reviewed,N/A,N/A,Target reviewed,204
Environmental Affairs,"Environment, Forestry and Fisheries",National,Programme 6: Environmental Programmes,Programme 6: Environmental Programmes,Quarterly,Number of hectares receiving follow-up clearing of invasive plant species,Not Applicable,Not  Applicable,Not Applicable,Not Applicable,Not applicable,Not applicable,Not applicable,Not applicable,Not applicable,,,,27 847 ha,"105 129,14 ha

To ensure ecosystem and species protection through effective control of invasive alien species 
",Significant follow-up hectares were cleared during unprecedented high numbers of fires in Northern Regions,N/A,30 000 ha,"79 905,01 ha

Project entailed alien plant clearing, rehabilitation and eco furniture factories

","Significantly more alien invasive hectares cleared as part of fire prevention and fire suppression efforts due to the higher than normal fire seasons experienced over past year
",N/A,270 687 ha,-,"358 193.678 ha
","Significantly more alien invasive hectares cleared as part of fire prevention and fire suppression efforts due to the higher than normal fire seasons experienced over past year
",N/A,358 193.678 ha,204
Environmental Affairs,"Environment, Forestry and Fisheries",National,Programme 6: Environmental Programmes,Programme 6: Environmental Programmes,Quarterly,Number of hectares receiving initial clearing of invasive plant species,Not Applicable,Not  Applicable,Not Applicable,Not Applicable,10 510,"1 356,072","Part of Eastern Cape and KwaZulu-Natal tenders cancelled based on legal opinion

iSimangaliso only commenced in late June 2023
","Re-advertisement of Method 2 tenders in Eastern Cape and KwaZulu-Natal in Q2

Management closely monitoring iSimangaliso to ensure catch up of missed quarter 1 delivery
",17 516,"7 304,3
","Delays in finalising Supply Chain Management processes

Part of Eastern Cape and KwaZulu-Natal tenders cancelled based on legal opinion
","Approval to implement Youth Graduate Programme projects through in-house model obtained in September 2023
Recruitment process will be initiated in October 2023
Limpopo , Mpumalanga, North West, Free State and Northern Cape:  Project implementation to commence in Q3
Gauteng - teams to start with work in Q3
Draft terms of reference for T067 tender to be finalised in October 2023
New initiation form for tender T068 to be finalised in October 2023
In-house partnerships being explored in KwaZulu- Natal, Eastern Cape and Western Cape to be finalised in October 2023  
",21 020,Target reviewed,N/A,N/A,21 020,Target reviewed,N/A,N/A,70 066,-,Target reviewed,N/A,N/A,Target reviewed,204
Environmental Affairs,"Environment, Forestry and Fisheries",National,Programme 6: Environmental Programmes,Programme 6: Environmental Programmes,Quarterly,Number of hectares receiving initial clearing of invasive plant species,Not Applicable,Not  Applicable,Not Applicable,Not Applicable,Not applicable,Not applicable,Not applicable,Not applicable,Not applicable,,,,9 000 ha,"30 813,40 ha

To ensure ecosystem and species protection through effective control of invasive alien species 
","Due to rain and flooding in areas initially targeted for clearing of follow up hectares, teams relocated to more dry areas to do initial clearing in South African National Parks projects",N/A,10 494 ha,"12 748 ha

Project entailed alien plant clearing, rehabilitation and eco furniture factories
","Significantly more alien invasive hectares cleared as part of fire prevention and fire suppression efforts due to higher than normal fire seasons experienced over past year
",N/A,47 520 ha,-,"60 263.22 ha
","Significantly more alien invasive hectares cleared as part of fire prevention and fire suppression efforts due to higher than normal fire seasons experienced over past year
",N/A,60 263.22 ha,204
Environmental Affairs,"Environment, Forestry and Fisheries",National,Programme 6: Environmental Programmes,Programme 6: Environmental Programmes,Quarterly,Number of kilometres of accessible coastline cleaned,Not Applicable,Not  Applicable,Not Applicable,Not Applicable,2 116 km,2116 ,Not applicable,Not applicable,2 116 km,2 116 km,N/A,N/A,2 116 km,"2 116 km

To ensure adequate maintenance and management of the coastal environment and ensure protection of coastal ecosystem  
",N/A,N/A,2 116 km,"1 976 km

Coastline cleaned included areas such Garden Route National Park, Table Mountain National Park, Cape Agulus and West Coast National Park


","Rollout on new project of Ezemvelo Wildlife delayed due to new procurement processes that had to be followed by Working for the Coast projects
","Ezemvelo Wildlife project will be considered for inclusion in 2024/25 procurement plan
",2 116 km,-,"1 976 km
","Rollout on new project of Ezemvelo Wildlife delayed due to new procurement processes that had to be followed by Working for the Coast projects
","Implement regular monitoring and oversight measures to track and expedite appointment of service provider(s) for the Working for Coast projects in 2024/25 financial year
",1 976 kilometres,204
Environmental Affairs,"Environment, Forestry and Fisheries",National,Programme 6: Environmental Programmes,Programme 6: Environmental Programmes,Quarterly,Number of overnight visitor and staff accommodation units constructed or renovated,Not Applicable,Not  Applicable,Not Applicable,Not Applicable,5,5 units renovated,Not applicable,Not applicable,5,"5 units constructed 
",N/A,NN/A,5,"6 constructed

Providing secure and habitable/decent staff accommodation within national parks/conservation areas and increase overnight visitor accommodation capacity of parks
",Implementing agent propelled to complete 6 facilities due to demand on visitor’s accommodation around St Lucia area,N/A,6,"6 renovated

Silaka Nature Reserve in Eastern Cape upgraded security features

",N/A,N/A,"21 (10 constructed, 11
renovated)",-,"22:
 
11 constructed
11 renovated
","Accelerated completion of additional units due to demand on visitor’s accommodation
",N/A,"22
(11 constructed,
11 renovated)",204
Environmental Affairs,"Environment, Forestry and Fisheries",National,Programme 6: Environmental Programmes,Programme 6: Environmental Programmes,Quarterly,Number of wetlands under rehabilitation,Not Applicable,Not  Applicable,Not Applicable,Not Applicable,16,8,"Delays in finalising wetlands rehabilitation tenders


South African National Parks could not achieve target due to floods","Wetlands rehabilitation tenders to be finalised by Bid Evaluation Committee in July 2023

Additional wetlands rehabilitation targeted for Q2 as part of catch up plan
",29,29,N/A,N/A,35,Target reviewed,N/A,N/A,35,Target reviewed,N/A,N/A,115,-,Target reviewed,N/A,N/A,Target reviewed,204
Environmental Affairs,"Environment, Forestry and Fisheries",National,Programme 6: Environmental Programmes,Programme 6: Environmental Programmes,Quarterly,Number of wetlands under rehabilitation,Not Applicable,Not  Applicable,Not Applicable,Not Applicable,Not applicable,Not applicable,Not applicable,Not applicable,Not applicable,,,,10,"26

To rehabilitate and protect degraded wetlands
","Additional 16 wetlands recorded which comply to revised scope of wetland rehabilitation activities, which include interventions such as invasive alien plant clearing, ecologs and silt fencing",N/A,10,"15

Provinces rehabilitated include Mpumalanga and wetlands under SANParks such as Agulhas and Mapungubwe
","Public entities encouraged to increase hectares of wetlands rehabilitated
",N/A,65,-,78,"Public entities encouraged to increase hectares of  wetlands rehabilitated
",N/A,78,204
Environmental Affairs,"Environment, Forestry and Fisheries",National,Programme 6: Environmental Programmes,Programme 6: Environmental Programmes,Quarterly,Number of work opportunities created,Not Applicable,Not  Applicable,Not Applicable,Not Applicable,"Total: 13 152
EP: 12 709
Forestry: 443","Total: 30 809

•	EP: 29 417
•	Forestry: 1 392",Multi-year projects introduced late in Q4 2022/23 carried over to 2023/24,Not applicable,"Total: 18 078
EP: 16 738
Forestry: 1 340","12 935

EP: 11 680 
Forestry: 1 255

","Delay in finalisation of recruitment processes by stakeholders
",Recruitment processes by stakeholders commenced in late Q2,"Total: 20 088
EP: 18 752
Forestry: 1 336",Target reviewed,N/A,N/A,"Total: 19 717
EP: 18 752
Forestry: 965",Target reviewed,N/A,N/A,"Total: 71 035
EP: 66 951
Forestry: 4 084
60% Women
55% Youth",-,Target reviewed,N/A,N/A,Target reviewed,204
Environmental Affairs,"Environment, Forestry and Fisheries",National,Programme 6: Environmental Programmes,Programme 6: Environmental Programmes,Quarterly,Number of work opportunities created,Not Applicable,Not  Applicable,Not Applicable,Not Applicable,Not applicable,Not applicable,Not applicable,Not applicable,Not applicable,,,,"Total: 7 505

EP: 6 169
Forestry: 1 336","Total: 17 288 

• EP: 16 396 
• Forestry: 892

Purpose to create employment opportunity for a period equivalent to 1 full working year for beneficiaries employed on projects funded by DFFE 
equivalent to 1 full working year for beneficiaries employed on projects funded by DFFE 
","Activation of presidential expansion of the Municipal Cleaning and Greening Programme, based on compliance of municipalities to the terms and conditions of Municipal Cleaning and Greening Programme",N/A,"Total: 3 567

EP: 2 602
Forestry: 965","**Total: 7 611

•	EP: 6 782
•	Forestry: 829

Employment opportunities created focused in areas such as Working for Water, Working for Wetlands, Forestry Operations, Working on Waste, greening and open space management and Working for Coast, Working for Fire


","Some of the local municipalities had made sufficient progress in the recruitment process to enable roll-out of projects under Greening and Cleaning inhouse model, which resulted in the target being exceeded
",N/A,"Total: 42 302

EP: 38 218
Forestry: 4 084

60% Women
55% Youth",-,"80 918

EP: 75 710
Forestry: 5 208

60% women (48 377/80 918)
58% youth (46 599/80 918)
","Some local municipalities made sufficient progress in recruitment processes to enable roll-out of projects under Greening and Cleaning in-house model
",N/A,"80 918
• EP: 75 710
• Forestry: 5 208
• 60% women
(48 377/80 918)
• 58% youth
(46 599/80 918)",204
Environmental Affairs,"Environment, Forestry and Fisheries",National,Programme 6: Environmental Programmes,Programme 6: Environmental Programmes,Quarterly,Percentage of wildfires suppressed,Not Applicable,Not  Applicable,Not Applicable,Not Applicable,90%,100% (276/276),"Currently fire season inland 

North West and Limpopo experiencing high fires
",Not applicable,90%,"100% (599/599) 
","Prioritised suppression of all fires as it is fire season inland for parts of Eastern Cape, Limpopo, Free State, North-West and Northern Cape ",N/A,90%,"100% (228/228)

All reported fires are successfully suppressed to prevent damage that can potentially be caused on natural environment and protect public and private property and human life 
","More intense and longer fire seasons in the northern regions 

All fires attended by the Working on Fire Programme were contained
",N/A,90%,"100% (101/101)

Fires suppressed were veld fires and were in all provinces expect North West 

","All fires fully suppressed to prevent any fatality
",N/A,90%,-,"100% (101/101)
","All fires fully suppressed to prevent any fatality
",N/A,100% (101/101),204
Environmental Affairs,"Environment, Forestry and Fisheries",National,Programme 7: Chemicals and Waste Management,Programme 7: Chemicals and Waste Management,Quarterly,Number of chemicals management legislative and regulatory instruments developed,Not Applicable,Not  Applicable,Not Applicable,Not Applicable,"Comments and responses
report prepared",Comments and responses report prepared in June 2023,Not applicable,Not applicable,"Draft mercury regulations
updated","Draft mercury regulations updated in July 2023
",N/A,N/A,"Amended mercury
regulations consulted on","Amended Mercury Regulations consulted on in November 2023

Re-published in December 2023 for public comments due to substantial changes made on them as result of stakeholder comments received and accepted

Purpose is to eliminate anthropogenic releases of mercury, manage processes releasing mercury into environment, phase out mercury added products, phase down dental amalgam and regulate mercury storage facilities, including mercury added products
",Not applicable,N/A,"Mercury regulations
published for implementation","Mercury regulations updated with comments from stakeholders and vetted

Purpose to eliminate anthropogenic releases of mercury, manage processes releasing mercury into environment, phase out mercury added products, phase down dental amalgam and regulate mercury storage facilities

 ","Mercury regulations unexpectedly published 3 times due to extensive stakeholder inputs that necessitated republishing to show effected changes
","Mercury regulations enroute to Minister to publish media notice for 30 days to close comments. Minister to present regulations to Parliament during 2024/25 financial year
","1 instrument developed:
Mercury regulations
published for implementation",-,"Mercury regulations updated with comments from stakeholders and vetted
","Mercury regulations unexpectedly published 3 times due to extensive stakeholder inputs that necessitated republishing to show effected changes
","Mercury Regulations notice will be published and tabled in Parliament during 2024/25 financial year
","Mercury Regulations
updated with
comments from
stakeholders and
vetted",204
Environmental Affairs,"Environment, Forestry and Fisheries",National,Programme 7: Chemicals and Waste Management,Programme 7: Chemicals and Waste Management,Quarterly,Number of municipal cleaning campaigns conducted,Not Applicable,Not  Applicable,Not Applicable,Not Applicable,7,"8:

1.	Nelson Mandela Metropolitan Municipality in April 2023
2.	City of Johannesburg Metropolitan Municipality in April 2023
3.	Ekurhuleni Metropolitan Municipality in May 2023
4.	City of Mbombela Local Municipality in June 2023
5.	City of Cape Town Metropolitan Municipality in June 2023
6.	Nkomazi Local Municipality in June 2023
7.	Rand West Local Municipality in June 2023
8.	eThekwini Metropolitan Municipality in June 2023
",Extra cleaning campaign conducted during the World Environmental Day Commemoration held at City of Cape Town in June 2023,Not applicable,8,"10:
• Ga-Mutodi Village - Fetakgomo-Tubatse Local Municipality   in July 2023
• Grabouw Theewaterskloof Limpopo in July 2023
• Tsomo – Ntsikayethu Local Municipality   in August 2023
• Polokwane Local Municipality    in September 2023
• Msunduzi Local Municipality   in September 2023
• Thulamela Local Municipality    in September 2023
• Nelson Mandela Bay Metro in September 2023
• eThekwini Metro in September 2023
• Mangaung Metro in September 2023
• uMhlathuze LM in September 2023 
",Annual Clean-up and Recycle Programme conducted in September with additional cleaning campaigns held in celebration of International Coastal Clean-up Day in Nelson Mandela Bay Metro and eThekwini Metro in September 2023,N/A,7,"7: 

•	Lekwa-Teemane Local Municipality in October 2023
•	JB Marks Local Municipality in October 2023
•	Msunduzi Local Municipality in October 2023
•	Emfuleni Local Municipality in November2023
•	Phumelela Local Municipality in November2023
•	Maluti-a-Phofung Local Municipality in November 2023
•	Matjhabeng Local Municipality in December 2023

Included educational awareness to communities and focused on reducing illegal dumping hotspots whilst assisting municipalities on sustainable waste management planning
",N/A,N/A,7,"7 in following local municipalities:

1.	Sol Plaatjie in February 2024
2.	Lekwa in February 2024
3.	Rustenburg in March 2024
4.	Umngeni in March 2024
5.	Greater Kokstad in March 2024
6.	Greater Taung in March 2024
7.	Sundays River LM in March 2024

Addresses most common problems identified in South Africa (littering and illegal dumping). Included educational awareness to communities and focused on reducing illegal dumping hotspots whilst assisting municipalities on sustainable waste management planning

",N/A,N/A,29,-,32,"Addtional cleaning campaigns conducted during World Environmental Day Commemoration held at City of Cape Town and International Coastal Clean-Up Day in Nelson Mandela Bay Metro and eThekwini Metro 
",N/A,32,204
Environmental Affairs,"Environment, Forestry and Fisheries",National,Programme 7: Chemicals and Waste Management,Programme 7: Chemicals and Waste Management,Quarterly,Number of Municipal Councillors and/or officials trained on waste management,Not Applicable,Not  Applicable,Not Applicable,Not Applicable,"Training needs analysis
conducted",Training needs analysis conducted in June 2023,Not applicable,Not applicable,Training manual developed,"Training manual developed in September 2023
",N/A,N/A,150,"181 (1 Councillor and 180 officials) trained

To capacitate waste officials and/or Councillors in municipalities to implement sustainable waste management practices
",Target exceeded by 31 due to more participants during November 2023 training session,N/A,150,"157

Some local municipalities trained include Makana, Dr Beyers Naude and Moqhaka
","Ad hoc training requests from municipalities 
",N/A,300,-,338,"Ad hoc training requests from municipalities 
",N/A,338,204
Environmental Affairs,"Environment, Forestry and Fisheries",National,Programme 7: Chemicals and Waste Management,Programme 7: Chemicals and Waste Management,Quarterly,Number of tonnages of waste tyres processed,Not Applicable,Not  Applicable,Not Applicable,Not Applicable,6 500,"13 052,41: 
•	Secondary =304,71
•	Processors =12 747,70
","2 new processing companies included in Q1 report 

4 new Secondary Industry processors approved 

Cement kilns and waste tyre crumbing facilities have increased tonnages processed
",Not applicable,7 800,"14 661,03
","New processing companies included in the waste tyres industry in Q2:
• 2 primary processing companies
• 7 secondary processing companies 

Cement kilns and waste tyre crumbing facilities increased tonnage processed",N/A,7 300,"11 782,61

Waste tyres processed for different uses as part of diversion of waste tyres from landfill sites to protect natural environment 	
","Additional processing companies (1 new processor and 4 new secondary industry processors) included in waste tyres industry in Q3
Cement kilns and crumbing plants increased tonnages processed
",N/A,7 345,"10 463,85

Waste tyres processed for different uses as part of diversion of waste tyres from landfill sites to protect natural environment 	

","Additional processing companies (1 new processor and 4 new secondary industry processors) included in waste tyres industry in Q3 

Cement kilns and crumbing plants increased tonnages processed 
",N/A,28 945,-,"53 333 tonnages
","Additional processing companies included in waste tyres industry 
 
Cement kilns and crumbing plants increased tonnages processed 
",N/A,53 333,204
Environmental Affairs,"Environment, Forestry and Fisheries",National,Programme 7: Chemicals and Waste Management,Programme 7: Chemicals and Waste Management,Quarterly,Number of waste management legislative and regulatory instruments developed,Not Applicable,Not  Applicable,Not Applicable,Not Applicable,No milestone,Not applicable,Not applicable,Not applicable,No milestone,No milestone for the period under review,N/A,N/A,"Producers and Producer
Responsibility Organisations
of Portable Batteries, Oils
and Pesticides registered","8 Producers and Producer Responsibility Organisations of Portable Batteries, Oils and Pesticides registered

Waste management regulatory instruments developed to protect environment and effectively manage and minimise potential negative impact of waste on human health
",N/A,N/A,"EPR fee structures for
Portable Batteries, Oils
and Pesticides submitted
to National Treasury for
concurrence","EPR fee for 17 structures for Portable Batteries, Oils and Pesticides submitted to National Treasury for concurrence in February 2024 for concurrence

For fee structure, Minister considered inflation rate. Furthermore, creation of economic incentives to promote waste reduction, encourage product design to cater for recyclability, re-use and treatment, and facilitate to circular economy 

",N/A,N/A,"1 legal instrument
developed:
EPR fee structures for
Portable Batteries, Oils
and Pesticides submitted
to National Treasury for
concurrence",-,"EPR fee structures for Portable Batteries, Oils and Pesticides submitted to National Treasury for concurrence in February 2024
",N/A,N/A,"1 legal instrument
developed:
EPR fee structures
for Portable Batteries,
Oils and Pesticides
submitted to
National Treasury
for concurrence in
February 2024",204
Environmental Affairs,"Environment, Forestry and Fisheries",National,Programme 7: Chemicals and Waste Management,Programme 7: Chemicals and Waste Management,Quarterly,Number of waste tonnes diverted from landfill sites (prioritised waste streams) (14 771 tons diverted (Lighting waste)),Not Applicable,Not  Applicable,Not Applicable,Not Applicable,No milestone,Not applicable,Not applicable,Not applicable,"Mid-year report for diversion
of Lighting waste produced","Mid-year report for diversion of Lighting waste produced in September 2023
",N/A,N/A,No milestone,Target removed from 2023-24 APP,N/A,N/A,"14 771 tons diverted
(Lighting waste)",Target removed from APP,N/A,N/A,"14 771 tons diverted
(Lighting waste)",-,Target removed from 2023-24 APP,N/A,N/A,Target removed from 2023-24 APP,204
Environmental Affairs,"Environment, Forestry and Fisheries",National,Programme 7: Chemicals and Waste Management,Programme 7: Chemicals and Waste Management,Quarterly,Number of waste tonnes diverted from landfill sites (prioritised waste streams) (2 481 000 tons diverted (Paper and packaging)),Not Applicable,Not  Applicable,Not Applicable,Not Applicable,No milestone,Not applicable,Not applicable,Not applicable,"Mid-year report for the
diversion of Paper and
Packaging waste produced","Mid-year report for the diversion of Paper and Packaging waste produced in September 2023
",N/A,N/A,No milestone,Target removed from 2023-24 APP,N/A,N/A,"2 481 000 tons diverted
(Paper and packaging)",Target removed from APP,N/A,N/A,"2 481 000 tons diverted
(Paper and packaging)",-,Target removed from 2023-24 APP,N/A,N/A,Target removed from 2023-24 APP,204
Environmental Affairs,"Environment, Forestry and Fisheries",National,Programme 7: Chemicals and Waste Management,Programme 7: Chemicals and Waste Management,Quarterly,Number of waste tonnes diverted from landfill sites (prioritised waste streams) (47 000 tons diverted (E-waste)),Not Applicable,Not  Applicable,Not Applicable,Not Applicable,No milestone,Not applicable,Not applicable,Not applicable,"Mid-year report for diversion
of E-waste produced","Mid-year report for diversion of E-waste produced in September 2023
",N/A,N/A,No milestone,Target removed from 2023-24 APP,N/A,N/A,"47 000 tons diverted
(E-waste)",Target removed from APP,N/A,N/A,"47 000 tons diverted
(E-waste)",-,Target removed from 2023-24 APP,N/A,N/A,Target removed from 2023-24 APP,204
Environmental Affairs,"Environment, Forestry and Fisheries",National,Programme 7: Chemicals and Waste Management,Programme 7: Chemicals and Waste Management,Quarterly,Percentage decrease of HCFC consumption,Not Applicable,Not  Applicable,Not Applicable,Not Applicable,"HCFC consumption reduced
by 50%","Consumption = Import (0,96) minus Exports (75,888) = 0 Metric tonnes
 
HCFC %Reduced = QR/BL x 100 = 2570,1T/ 5140.20 T x 100 = 50% reduction
",Not applicable,Not applicable,"HCFC consumption reduced
by 50%","HCFC consumption reduced by 88.78%

HCFC% Reduced Quantity Reduction/Baseline x 100 = 4 563,63992 Tonnes /5140,2 Tonnes x 100 = 88.78% 

Quantity consumption = Import - Export= 632,72808T – 56,168T = 576,56008 T
Quantity Reduction = Baseline – Quantity Consumption = 5140,2 Tonnes – 576,56008 Tonnes = 4 563,63992 Tonnes 
",N/A,N/A,"HCFC consumption reduced
by 50%","HCFC consumption reduced by 50%

Quantity Consumed = Import - Export = 0,96 T – 121,1352T = 0 T
Quantity Reduced = Allowable Consumption – Quantity Consumed = 2570,1 T – 0 T = 2570,1 T/5140,2 = 50%

To ensure that South Africa complies with relevant international chemicals management protocols by reducing consumption of HCFC’s to mitigate its negative impacts on humans and on natural environment
",N/A,N/A,"HCFC consumption reduced
by 50%","HCFC consumption reduced by 62% -  3 206,80412 tons from baseline of 5 140.20 tons (not exceed allowable 2 570.10 tons – consumption was 1 933.39588 tons)

To ensure South Africa complies with relevant international chemicals management protocols by reducing consumption of HCFC’s to mitigate its negative impacts on humans and on natural environment
","Effective management and control of quota allocation and issuance of import and export recommendations for permits
",N/A,"HCFC consumption reduced
by 50% - 2 570.10 tons from
baseline of 5 140.20 tons
(not exceed allowable 2
570.10 tons)",-,"HCFC consumption reduced by 62% -  3 206.80412 tons from baseline of 5 140.20 tons (not exceed allowable 2 570.10 tons – consumption was 1 933.39588 tons)
","Effective management and control of quota allocation and issuance of import and export recommendations for permits
",N/A,"HCFC consumption
reduced by 62%
-3 206.80412 tons from
baseline of 5 140.20
tons (not exceed
allowable 2 570.10
tons – consumption
was 1 933.39588 tons)",204
Environmental Affairs,"Environment, Forestry and Fisheries",National,Programme 7: Chemicals and Waste Management,Programme 7: Chemicals and Waste Management,Quarterly,Section 29 Tyre IndWMP published,Not Applicable,Not  Applicable,Not Applicable,Not Applicable,"Comments and responses
incorporated in the plan",Comments and responses incorporated in the plan in June 2023,Not applicable,Not applicable,"Section 29 Tyre IndWMP
published for implementation","Comments and responses incorporated in 29 Tyre IndWMP Plan in September 2023
","Decision to re-publish Plan for public comment recommended by Minister in June 2023
Significant changes made on latest draft Plan warranted re-publishing the plan for public comment  
",Engaging stakeholders to revise and process the revised IndWMP plan for publishing to solicit public comments in Q3,No milestone,Target reviewed,N/A,N/A,No milestone,Target reviewed,N/A,N/A,"Section 29 Tyre IndWMP
published for implementation",-,Target reviewed,N/A,N/A,Target reviewed,204
Environmental Affairs,"Environment, Forestry and Fisheries",National,Programme 7: Chemicals and Waste Management,Programme 7: Chemicals and Waste Management,Quarterly,Section 29 Tyre IndWMP published,Not Applicable,Not  Applicable,Not Applicable,Not Applicable,Not applicable,Not applicable,Not applicable,Not applicable,Not applicable,,,,Section 29 Tyre IndWMP published for public comments,"Section 29 Tyre IndWMP published for public comments in October 2023

Outlines guidelines and requirements, which must be adhered to and complied with by relevant role players. It also puts criteria which prospective implementers must meet to be eligible for operationalising and executing waste tyre management
",N/A,N/A,Section 29 Tyre IndWMP published for implementation,"Section 29 Tyre IndWTMP published for implementation in March 2024

Outlines guidelines and requirements, which must be adhered to and complied with by relevant role players. It also puts criteria which prospective implementers must meet to be eligible for operationalising and executing waste tyre management

",N/A,N/A,Section 29 Tyre IndWMP published for implementation,-,"Section 29 Tyre IndWTMP published for implementation in March 2024
",N/A,N/A,"Section 29 Tyre
IndWTMP published
for implementation in
March 2024",204
Environmental Affairs,"Environment, Forestry and Fisheries",National,Programme 8: Forestry Management,Programme 8: Forestry Management,Quarterly,Number of hectares of Temporary Unplanted Areas (TUPs) planted,Not Applicable,Not  Applicable,Not Applicable,Not Applicable,No milestone,Not applicable,Not applicable,Not applicable,No milestone,"Eastern Cape: 47,12 ha",N/A,N/A,900 ha,"1 073,36 ha

•	Eastern Cape: 856,50 ha
•	KwaZulu-Natal: 205,62 ha
•	Limpopo: 11,24 ha

To ensure reduction of TUPs as a result of clear-felling operations that took place or other factors such as fire damage
",Availability of seedlings that remained in 2022/23 since target was not achieved and seedlings were already procured,Not applicable,900 ha,"728,08 ha:

•	Eastern Cape = 357,48 ha
•	KwaZulu-Natal = 277,58 ha
•	Limpopo/Mpumalanga= 93,02 ha

To ensure continuous planting of trees to meet South Africa’s needs

","External factors such as unfavourable weather conditions affected planting operation
",N/A,1 800 ha,-,"1 848.56 ha
","Availability of seedlings that remained in 2022/23 since target was not achieved and seedlings were already procured 
",N/A,1 848.56 ha,204
Environmental Affairs,"Environment, Forestry and Fisheries",National,Programme 8: Forestry Management,Programme 8: Forestry Management,Quarterly,"Number of hectares under silvicultural practice (i.e. weeding, pruning, coppice reduction, thinning)",Not Applicable,Not  Applicable,Not Applicable,Not Applicable,200 ha,"1 217,64 ha:

Eastern Cape:  687,16 ha 
KwaZulu Natal: 478,58 ha
Limpopo: 51,90 ha
",Silvicultural activities prioritised with intention to focus on planting from Q3,Not applicable,650 ha,"2 789,53 ha:

• Eastern Cape:1 956,72 ha
• KwaZulu-Natal: 471,34 ha
• Limpopo: 361,47 ha
",Silvicultural activities prioritised with intention to focus on planting in Q3&4 (planting season),N/A,650 ha,"1 310,26 ha

•	Eastern Cape: 931,75 ha
•	KwaZulu-Natal: 268,30 ha
•	Limpopo: 110,21 ha

To maintain growth, composition and health quality of plantations
",Implementation of biological assets audit action plan which addresses maintenance of plantations,N/A,600 ha,"1 732,25 ha:
 
•	Eastern Cape = 1 260,60 ha
•	KwaZulu-Natal = 329,33 ha 
•	Limpopo = 142,32 ha

To maintain growth, composition and health quality of plantations	

",Implementation of biological assets audit action plan which addresses maintenance of plantations,N/A,2 100 ha,-,"7 049.43 ha
","Implementation of biological assets audit action plan which addresses maintenance of plantations
",N/A,7 049.43 ha,204
Environmental Affairs,"Environment, Forestry and Fisheries",National,Programme 8: Forestry Management,Programme 8: Forestry Management,Quarterly,Number of nurseries refurbished,Not Applicable,Not  Applicable,Not Applicable,Not Applicable,"Terms of reference
developed",Terms of Reference developed in June 2023,Not applicable,Not applicable,No milestone,Procurement of Personal Protective Equipment (PPE) finalised in September 2023 and delivery is underway,N/A,N/A,Service provider appointed,Target reviewed,N/A,N/A,"3 Nurseries refurbished:
• Wolseley
• Rusplaas
• Qwaqwa",Target reviewed,N/A,N/A,"3 nurseries refurbished:
• Wolseley
• Rusplaas
• Qwaqwa",-,Target reviewed,N/A,N/A,Target reviewed,204
Environmental Affairs,"Environment, Forestry and Fisheries",National,Programme 8: Forestry Management,Programme 8: Forestry Management,Quarterly,Number of nurseries refurbished,Not Applicable,Not  Applicable,Not Applicable,Not Applicable,Not applicable,Not applicable,Not applicable,Not applicable,Not applicable,,,,Procurement of nursery supplies completed,"Procurement of nursery supplies completed in December 2023

Refurbishment will improve productivity of seedlings, viability of nurseries, create job opportunities and for greening programme
",N/A,N/A,"3 nurseries refurbished:
• Wolseley
• Rusplaas
• Qwaqwa","3 nurseries refurbished:

•	Wolseley
•	Rusplaas
•	Qwaqwa

During refurbishment process, 75 EPWP workers employed to improve the efficiency of nurseries

",N/A,N/A,"3 nurseries refurbished:
• Wolseley
• Rusplaas
• Qwaqwa",-,"3 nurseries refurbished:

Wolseley
Rusplaas
Qwaqwa
",N/A,N/A,"3 nurseries
refurbished:
• Wolseley
• Rusplaas
• Qwaqwa",204
Environmental Affairs,"Environment, Forestry and Fisheries",National,Programme 8: Forestry Management,Programme 8: Forestry Management,Quarterly,Number of plantations transferred to communities,Not Applicable,Not  Applicable,Not Applicable,Not Applicable,"Investigations on Community
Forestry Agreement (CFA)
offers conducted","Investigations on Community Forestry Agreement offers conducted in May and June 2023 to confirm the status of land claims for the 8 plantations (Mashamba, Mbutho, Zibungu, Mbophelelo, Lithubeni, Nqunqu, Umzimkhulu and Hlokozi) to be transferred",Not applicable,Not applicable,"Stakeholder consultations
conducted","8 stakeholder consultations conducted as follows:
KwaZulu-Natal: 
• Presentation of Community Forestry Agreement (CFA) to Fodo Traditional Authority for Summerfield and Ronderdraai plantation in August 2023
• Community Resolutions conducted and approved with community members for Summerfield and Rondedraai plantations in August 2023
• Draft CFA for Rondedraai and Summerfield presented at Fodo Traditional Authority in September 2023 
Limpopo:
• Mashamba Community Resolutions for transfer of Mabama plantation adopted in August 2023
• CFA presentation done and signed by community in August 2023
Eastern Cape: 
• Communities (Mbopelelo-Mbuto, Lithubeni and Zibungu and Nququ) consulted in July 2023 
• Communities resolutions done for Nququ and Ngunduza (Butterworth) plantations in August 2023
• Mgomazi community consulted in September 2023 
",N/A,N/A,Negotiations conducted,"Negotiations conducted with communities for draft Community Forestry Agreement (CFAs) on all 8 plantations in Q2 
3 CFAs vetted by Legal Services in December 2023 – 
Eastern Cape: 
•	Zandukwana (lithubeni))
KwaZulu-Natal: 
•	Fodo Traditional Authority for Summerfield and Rondedraai plantations
Limpopo:
•	Mashamba Community for transfer of Mabama plantation

4 CFAs vetting in progress:
Eastern Cape communities: (Mbopelelo-Mbuto, Zibungu, Ngunduza (Butterworth) and Mgomazi 

Transfer of plantations will advance transformation goals of forestry sector and ensure that Department is repositioned as regulator instead of an active commercial participant in sector
","Master plan catchup plan and task team formed to deal with transfer process

More human resources deployed
",N/A,8,"8 transferred in March 2024:

1.	Lithubeni plantation
2.	Mabama plantation
3.	Mbophelelo plantation
4.	Mbutho plantation
5.	Nququ plantation
6.	Rondedraai plantations
7.	Summerfield plantations
8.	Zibungu plantation

Transfer of plantations will advance transformation goals of forestry sector and ensure that Department repositioned as regulator instead of active commercial participant in sector

",N/A,N/A,8,-,"8 plantations transferred in March 2024:

1. Lithubeni plantation
2. Mabama plantation
3. Mbophelelo plantation
4. Mbutho plantation
5. Nququ plantation
6. Rondedraai plantation
7. Summerfield plantation
8. Zibungu plantation
",N/A,N/A,"8 plantations
transferred in March
2024:
1. Lithubeni
plantation
2. Mabama
plantation
3. Mbophelelo
plantation
4. Mbutho
plantation
5. Nququ
plantation
6. Rondedraai
plantation
7. Summerfield
plantation
8. Zibungu
plantation",204
Environmental Affairs,"Environment, Forestry and Fisheries",National,Programme 8: Forestry Management,Programme 8: Forestry Management,Quarterly,Number of trees planted outside forests footprint,Not Applicable,Not  Applicable,Not Applicable,Not Applicable,No milestone,"31 506:
Eastern Cape: 456
Free State: 320
Limpopo: 9 728
Gauteng: 5 224
Western Cape: 6 887
KwaZulu-Natal: 1 448
Mpumalanga: 7 443
",Implementing Presidential commitments for accelerated Cleaning and Greening Programme,Not applicable,50 000,"69 840

• Northern Cape – 5 107
• Western Cape – 16 168
• Eastern Cape- 7 153
• Gauteng – 7 311
• Kwazulu-Natal – 6 039
• Mpumalanga – 4 989
• North West – 12 368 
• Free State – 2 070
• Limpopo – 8 635
",Accelerated planting of tress due to additional trees that had to planted as part of Presidential commitments on Cleaning and Greening done in collaboration with municipalities and other stakeholders ,N/A,50 000,"59 577

•	Eastern Cape: 5 779
•	Free State: 5 169
•	Gauteng: 8 016
•	KwaZulu-Natal: 2 236 
•	Limpopo: 7 852
•	Mpumalanga: 7 546
•	Northern Cape: 9 617
•	North-West: 8 016
•	Western Cape: 5 346

Mitigate environmental threats by provide oxygen, improving air quality and absorbing harmful gases from atmosphere 
",Additional trees planted as part of Presidential commitments on Cleaning and Greening done in collaboration with municipalities and other stakeholders,N/A,50 000,"52 117:

•	Eastern Cape = 6 857
•	Free State = 6 855
•	Gauteng =7 539
•	KwaZulu-Natal = 5 810
•	Limpopo = 2 188
•	Mpumalanga = 2 060
•	Northern Cape = 6 758
•	North West = 9 753
•	Western Cape = 4 292

Mitigate environmental threats by providing oxygen, improving air quality and absorbing harmful gases from atmosphere 

","Presidential Accelerated Cleaning and Greening Programme where excess trees planted
",N/A,150 000,-,"213 047
","Presidential Accelerated Cleaning and Greening Programme where excess trees planted
",N/A,213 047,204
Environmental Affairs,"Environment, Forestry and Fisheries",National,Programme 9: Fisheries Management,Programme 9: Fisheries Management,Quarterly,Aquaculture regulatory framework developed,Not Applicable,Not  Applicable,Not Applicable,Not Applicable,"Aquaculture Development
Bill submitted Cabinet","Aquaculture Development Bill pre-certified by the Office of the Chief State Law Advisor (OCSLA) and feedback received in June 2023
 Socio-Economic Impact Assessment completed and certificate approved in June 2023
","Pre-certification of Bill by OCSLA received 10 weeks after submission, resulting in delayed submission of the Bill to Cabinet","Parallel execution of certain processes such as consultations at Economic Sectors, Investment, Employment and Infrastructure Development (ESIEID), Directors-General Cluster, departmental working groups and preparation of approval documents to save time",No milestone,Aquaculture Bill endorsed by Cabinet for public comments and consultations in September 2023,N/A,N/A,No milestone,Target reviewed,Not applicable,N/A,"Aquaculture Development
Bill submitted to Parliament",Target reviewed,N/A,N/A,"Aquaculture Development
Bill submitted to Parliament",-,Target reviewed,N/A,N/A,Target reviewed,204
Environmental Affairs,"Environment, Forestry and Fisheries",National,Programme 9: Fisheries Management,Programme 9: Fisheries Management,Quarterly,Aquaculture regulatory framework developed,Not Applicable,Not  Applicable,Not Applicable,Not Applicable,Not applicable,Not applicable,Not applicable,Not applicable,Not applicable,,,,Public consultation on the Aquaculture Development Bill conducted,"Public consultations on Aquaculture Development Bill conducted in all provinces in October 2023

Bill published in gazette and in Sowetan newspaper in November 2023, requesting public comments

Aims to promote the development of sector to ensure meaningful contribution to country’s priorities such as food and nutrition security, economic growth and job
creation while addressing historical imbalances in accessing aquaculture opportunities
",N/A,N/A,Draft Aquaculture Development Bill developed,"Public comments review process concluded in March 2024

Aims to promote development of sector to ensure meaningful contribution to country’s priorities such as food and nutrition security, economic growth and job creation while addressing historical imbalances in accessing aquaculture opportunities

","Public consultation extended beyond 30 days to afford stakeholders more time to consider Bill and provide inputs
","Bill will be submitted to Parliament during 2023/24 financial year
",Draft Aquaculture Development Bill developed,-,"Public comments review process concluded in March 2024
","Public consultation extended beyond 30 days to afford stakeholders more time to consider Bill and provide inputs
","Bill will be submitted to Parliament during 2023/24 financial year
","Public comments
review process
concluded in March
2024",204
Environmental Affairs,"Environment, Forestry and Fisheries",National,Programme 9: Fisheries Management,Programme 9: Fisheries Management,Quarterly,Fishing rights allocated to all declared small-scale fishing cooperatives,Not Applicable,Not  Applicable,Not Applicable,Not Applicable,"Declaration of small-scale
fishing communities and
small-scale fishers in
Western Cape published",Declaration of small-scale fishing communities and small-scale fishers in Western Cape published in June 2023 ,Not applicable,Not applicable,"50% of small-scale fishing
cooperatives registered from
declared small-scale fishing
communities in Western
Cape","94% (58/62) small-scale fishing co-operatives registered from declared small-scale fishing communities in Western Cape
",Accelerated registration of additional fishing co-operatives due to pressure from communities,N/A,"100% of small-scale fishing
cooperatives registered from
declared small-scale fishing
communities in Western
Cape","100% (62/62) of small-scale fishing cooperatives registered from declared small-scale fishing communities in Western Cape

To ensure that small-scale fisheries operate legally and derive socio-economic benefits from fishing in a sustainable manner which does not compromise natural resources
",Additional human capacity resulted in coverage to more communities than initially planned,N/A,"Fishing rights allocated to all
declared small-scale fishing
cooperatives in Western
Cape","Annual target achieved in Q3 

To ensure that small-scale fisheries operate legally and derive socio-economic benefits from fishing in a sustainable manner which does not compromise natural resources
",Additional human capacity resulted in coverage to more communities than initially planned ,N/A,"Fishing rights allocated to all
declared small-scale fishing
co-operatives in Western
Cape",-,"Fishing rights allocated to all (62/62) declared small-scale fishing co-operatives in Western Cape
",N/A,N/A,"Fishing rights
allocated to all
(62/62) declared
small-scale fishing
co-operatives in
Western Cape",204
Environmental Affairs,"Environment, Forestry and Fisheries",National,Programme 9: Fisheries Management,Programme 9: Fisheries Management,Quarterly,National West Coast Rock Lobster (WCRL) Strategy developed,Not Applicable,Not  Applicable,Not Applicable,Not Applicable,"Draft National WCRL
Strategy responding to CAF
recommendations developed",Draft National WCRL Strategy responding to Consultative Advisory Forum (CAF) recommendations developed in May 2023,Not applicable,Not applicable,"Socia economic study
commissioned","Terms of reference for National West Coast Rock Lobster (WCRL) Socio Economic study developed in September 2023
","Extensive work needs to be conducted for National Rock Lobster Strategy and there is insufficient funds to cover this work
",Additional funds to be sourced to ensure that socio-economic study is commissioned in Q3 ,"Stakeholder engagements
with small-scale and
commercial rightholders
conducted on the
development of the National
WCRL Strategy",Target removed from 2023-24 APP,,,"Draft National WCRL
Strategy developed",Target removed from APP,N/A,N/A,"Draft National WCRL
Strategy developed",-,Target removed from 2023-24 APP,N/A,N/A,Target removed from 2023-24 APP,204
Environmental Affairs,"Environment, Forestry and Fisheries",National,Programme 9: Fisheries Management,Programme 9: Fisheries Management,Quarterly,"Number of inspections conducted in the 6 priority fisheries (hake; abalone; rock lobster; line fish, squid and pelagic)",Not Applicable,Not  Applicable,Not Applicable,Not Applicable,1 400,1 674,More inspections conducted due to landings on 6 priority fisheries,Not applicable,1 000,"1 590
",More inspections conducted due to additional capacity provided from Working for Fisheries Programme,N/A,1 600,"2 284

To ensure compliance and enforcement by rights and permit holders in terms of Marine Living Resources Act and its regulations 
",Additional inspections conducted due to additional Honorary Marine Conservation Inspectors employed through Working for Fisheries Programme,N/A,1 500,"3 453

To ensure compliance and enforcement by rights and permit holders in terms of Marine Living Resources Act and its regulations

","More work opportunities created from Working for Fisheries Programme
",N/A,5 500,-,"8 508
","More work opportunities created from Working for Fisheries Programme
",N/A,8 540,204
Environmental Affairs,"Environment, Forestry and Fisheries",National,Programme 9: Fisheries Management,Programme 9: Fisheries Management,Quarterly,Number of key deliverables in the Revised National Plan of Action (NPOA) for Sharks implemented,Not Applicable,Not  Applicable,Not Applicable,Not Applicable,"Research plan on sharks
impacted by fisheries
developed",Research plan on sharks impacted by fisheries developed in June 2023,Not applicable,Not applicable,"2 Shark identification
training workshops held","Shark identification training workshop conducted in August 2023 in Kalk Bay
","Unavailability of trainer due to other commitments 
",Outstanding workshop to be conducted in Q3,"Scientific Working Group
report produced with
information for all fisheries-affected
shark species","Scientific Working Group report produced with information for all fisheries-affected shark species in December 2023 

Data will be used as a baseline to determine progress in research needed for prioritised species
",N/A,N/A,"Review of the Regulatory
tools for all sectors that
catch sharks conducted","Review of regulatory tools (Permit Conditions) reviewed and amended for all sectors that catch sharks (Demersal Shark Longline, Large Pelagic Longline and Traditional Linefish)

Data will be used as a baseline to determine progress in research needed for prioritised species

",N/A,N/A,"4 key deliverables from the
Annual NPOA for Sharks
implemented",-,"4 key deliverables from the annual NPOA for sharks implemented
",N/A,N/A,"4 key deliverables
from the annual
NPOA for Sharks
implemented",204
Environmental Affairs,"Environment, Forestry and Fisheries",National,Programme 9: Fisheries Management,Programme 9: Fisheries Management,Quarterly,"Number of verifications of right holders conducted (hake; abalone; rock lobster; line fish, squid and pelagic)",Not Applicable,Not  Applicable,Not Applicable,Not Applicable,72,101,More verifications conducted due to busy fishing season ,Not applicable,73,98,Additional verifications conducted as infringements were identified and necessitated further verifications of additional rights holders,N/A,73,"73

To ensure compliance and enforcement by rights and permit holders in terms of Marine Living Resources Act and its regulations
",N/A,N/A,72,"101

To ensure compliance and enforcement by rights and permit holders in terms of Marine Living Resources Act and its regulations 

","More infringement identified, which led to more verifications of right holders
",N/A,290,-,"373
","More infringement identified, which led to more verifications of right holders
",N/A,373,204
Environmental Affairs,"Environment, Forestry and Fisheries",National,Programme 9: Fisheries Management,Programme 9: Fisheries Management,Quarterly,Percentage of Integrated Development Support Programme action plan implemented (smallscale fishing cooperatives supported),Not Applicable,Not  Applicable,Not Applicable,Not Applicable,"Annual plan for Intergraded
Development Support
Programme approved
(small-scale fishing
cooperatives supported)",Annual plan for Integrated Development Support Programme approved in June 2023 (small-scale fishing co-operatives supported),Not applicable,Not applicable,"100% Q2 key deliverables
of the Integrated
Development Support
Programme 2023/24 action
plan implemented (smallscale
fishing cooperatives
supported)",100% (4/4) Q2 key deliverables of the Integrated Development Support Programme 2023/24 action plan implemented (small-scale fishing cooperatives supported),NN/A,N/A,"100% Q3 key deliverables
of the Integrated
Development Support
Programme 2023/24 action
plan implemented (smallscale
fishing cooperatives
supported)","100% (6/6) Q3 key deliverables of the Integrated Development Support Programme 2023/24 action plan implemented (small-scale fishing cooperatives supported)

Deliverables included:
•	Appointment of mentors for 10 cooperatives in KwaZulu-Natal 
•	Small-scale Fishing co-operative Readiness Assessment for 5 co-operatives in Western Cape
•	Operational Support Training for 5 identified small-fishing cooperative conducted in Western Cape
•	Facilitation of small-fishing cooperative  Annual General Meeting in Eastern Cape
•	Appointment of service provider to establish co-management in Port St John
•	Co-management introduction workshop with representatives in Port St John
",N/A,N/A,"100% Q4 key deliverables
of the Integrated
Development Support
Programme 2023/24 action
plan implemented (smallscale
fishing cooperatives
supported)","100% of Q4, key deliverables of the Integrated Development Support Programme 2023/24 action plan implemented

Some of the key deliverables was to provide training and support to small scale fishing cooperatives

",N/A,N/A,"100% Integrated
Development Support
Programme 2023/24 action
plan implemented (small-scale
fishing cooperatives
supported)",-,"100% (18/18) Integrated Development Support Programme 2023/24 action plan implemented (small-scale fishing cooperatives supported) 
",N/A,N/A,"100% (18/18)
Integrated
Development
Support Programme
2023/24 action
plan implemented
(small-scale fishing
cooperatives
supported)",204
Environmental Affairs,"Environment, Forestry and Fisheries",National,Programme 9: Fisheries Management,Programme 9: Fisheries Management,Quarterly,Percentage of National Freshwater (inland) Wild Capture Fisheries Policy action plan implemented,Not Applicable,Not  Applicable,Not Applicable,Not Applicable,"100% Q1 key deliverables
of the National Freshwater
(Inland) Wild Capture
Fisheries 2023/24 action
plan implemented",100% Q1 key deliverables for National Freshwater (Inland) Wild Capture Fisheries Policy were implemented,Not applicable,Not applicable,"100% Q2 key deliverables
of the National Freshwater
(Inland) Wild Capture
Fisheries 2023/24 action
plan implemented",100% (1/1) Q2 key deliverables of the National Freshwater (Inland) Wild Capture Fisheries 2023/24 action plan implemented,N/A,N/A,"100% Q3 key deliverables
of the National Freshwater
(Inland) Wild Capture
Fisheries 2023/24 action
plan implemented","100% (4/4) Q3 key deliverables on the National Freshwater
(Inland) Wild Capture Fisheries 2023/24 action plan implemented

Deliverables included consultation with provincial departments and visit to waterbodies in Free State
",N/A,N/A,"100% Q4 key deliverables
of the National Freshwater
(Inland) Wild Capture
Fisheries 2023/24 action
plan implemented","88% (7/8) Q4 key deliverables of the National Freshwater (Inland) Wild Capture Fisheries 2023/24 action plan implemented in March 2024


Deliverables included consultation with provincial departments and visit to waterbodies in Free State

","Amendment of advertisement to appoint service provider to undertake review of legislative framework governing freshwater (inland) fisheries sector and republishing thereof caused unforeseen delays
","Service provider to undertake review of legislative framework governing freshwater (inland) fisheries sector to be appointed in Q1 of 2024/25 financial year
","100% National Freshwater
(Inland) Wild Capture
Fisheries 2023/24 action
plan implemented",-,"94% (17/18) National Freshwater (Inland) Wild Capture Fisheries 2023/24 action plan implemented in March 2024
","Amendment of advertisement to appoint service provider to undertake review of legislative framework governing freshwater (inland) fisheries sector and republishing thereof caused unforeseen delays
","Service provider to undertake review of legislative framework governing freshwater (inland) fisheries sector to be appointed in Q1 of 2024/25 financial year
","94% (17/18)
National Freshwater
(Inland) Wild
Capture Fisheries
2023/24 action plan
implemented in
March 2024",204
Health,Health,National,PROGRAMME 1:ADMINISTRATION,CHIEF FINANCIAL OFFICER,Annually,Audit outcome of National DoH,Non-Standardized,Not  Applicable,"Priority 3: Education, Skills And Health","The Social Protection, Community and Human Development cluster",,,,,,,,,,,,,,,,,Unqualified Audit Opinion,,Audit outcome for 2023/24 to be reported once audit is finalised,Not applicable,Not applicable,,204
Health,Health,National,PROGRAMME 1:ADMINISTRATION,CHIEF FINANCIAL OFFICER,Quarterly,Number of valid invoices paid after 30 days of receiving valid invoices from suppliers,Non-Standardized,Not  Applicable,"Priority 3: Education, Skills And Health","The Social Protection, Community and Human Development cluster","0 invoices paid after 30 days of receiving valid invoices from 
suppliers"," 81 out of total of 611 invoices paid after 30 days of receiving valid invoices from suppliers
","1. No funds allocated during the 2023/24 financial year to fund COVID-19 expenditure.
2. Payment of several overdue medical-legal claims on behalf of provincial health department.","1. Approval was granted to pay COVID-19 related expenditure against a suspense account until funding is identified/secured.
2. This was a national intervention to get medical-legal claims paid.  thousand were paid but late payments could not be prevented since invoices were already older than 30 days when received.","0 invoices paid after 30 days of receiving valid invoices from suppliers
",360 invoices paid after 30 days of receiving valid invoices from suppliers (out of 1891 payments made),Payment of the last long outstanding medical-legal claims on behalf of Provincial Health Departments.,Nil report,"0 invoices paid after 30 days of receiving valid invoices from suppliers
",61 invoices out of 1218 paid after 30 days  of receiving valid invoices from suppliers,Late confirmation of goods delivered or services rendered.,"Investigation was conducted on the validity/correctness of invoices received from a supplier
Top Management to address the late confirmation of goods delivered or services rendered in cases where delays were not justified.","0 invoices paid after 30 days of receiving valid invoices from suppliers
",14 invoices out of 1424 were paid after 30 days of receiving valid invoices from suppliers,"Managers had to confirm if service delivery was in line with procurement specifications , resulting in late payments. In some instances there was late confirmation of service delivery by Managers/delegates.",Branch Heads had to investigate the invoices  to ensure that only valid invoices were paid. Branch Heads requested to investigate and put procedures in place to prevent late confirmation of service/goods delivery.,"0 invoices paid after 30 days of receiving valid invoices from suppliers
",-,516 (10%) invoices out of 5144 were paid after 30 days of receiving valid invoices from suppliers,"Payment of Provincial medical legal claims that contributed 72.7% of the number of late payments.
The remaining NDoH 141 late payment of invoices mainly resulted from:
•Proof of delivery not attached.
•Late confirmation of delivery/rendering of goods/services by Managers or their delegates.
•Suppliers changing bank accounts.
•Managers at first disputing invoices.
•Insufficient funds.
•Interventions on payment of medico-legal claims from provinces that are already over 30 days


","Branch Heads had to investigate the invoices  to ensure that only valid invoices were paid. Branch Heads requested to investigate and put procedures in place to prevent late confirmation of service/goods delivery
",,204
Health,Health,National,PROGRAMME 1:ADMINISTRATION,COMMUNICATIONS,Quarterly,Number of Health Imbizos with communities,Non-Standardized,Not  Applicable,"Priority 3: Education, Skills And Health","The Social Protection, Community and Human Development cluster","0 Health Imbizos with communities
",Not applicable,Not applicable,Not applicable,"1 Health Imbizos with communities
",0 Health Imbizos with communities,"The ministry conducted a number of community engagement activities in different provinces, but there were no specific health imbizo conducted.","Review the output and change ""imbizos"" to health community engagements","0 Health Imbizos with communities
","1 Health Imbizo with held (7-8 December 2023 in Free State, Mathabeng local municipality in Welkom)",Busiest period of the year,None required,"1 Health Imbizos with communities
","3 Health Imbizos with communities (01 March- NCDs campaign launch in UNtunjambili, Maphumulo Municipality, KwaZulu-Natal; 23 March 2024- Civil Society engagement in Evaton, Gauteng, as part of pre-World TB Day commemorative activities;  9th January 2024- Cheka Impilo Health Screening and testing Imbizo held in Bushbuckridge, Mpumalanga)",Better planning,None required,"2 Health Imbizos with communities
",-,"4 Health Imbizos
with communities",Better planning,None required,,204
Health,Health,National,PROGRAMME 1:ADMINISTRATION,COMMUNICATIONS,Quarterly,Number of Health promotion messages broadcasted on Social Media to supplement other channels of communication,Non-Standardized,Not  Applicable,"Priority 3: Education, Skills And Health","The Social Protection, Community and Human Development cluster","25 health promotion messages published on social media 
",55 health promotion messages published on social media ,"Cholera and measles outbreaks prevention campaign.  Promotion of health awareness and the National Health Hotline
",None required,"25 health promotion messages published on social media 
",53 health promotion messages published on social media,COVID-19 vaccination rollout of the 5-11-years old was introduced; and there were more annual health awareness campaigns in September,None required,"25 health promotion messages published on social media 
",342 health promotion messages published on social media,Busiest period of the year,None required,"25 health promotion messages published on social media 
",288 health promotion messages published on social media,More campaigns conducted ,None required,"100 health promotion messages on NDOH social media placed 
",-,"738 health promotion messages published on social media
messages published on social media",More campaigns conducted ,None required,,204
Health,Health,National,PROGRAMME 1:ADMINISTRATION,COMMUNICATIONS,Quarterly,Number of Un- announced visits to health facilities by NDOH/ Minister/ Deputy Minister/DG /DDGs,Non-Standardized,Not  Applicable,"Priority 3: Education, Skills And Health","The Social Protection, Community and Human Development cluster","2 unannounced visits to health facilities
",0 unannounced visits to health facilities,The events calendar for the quarter under review was full and could not accommodate the activity,"To be implemented in quarter 2
","2 unannounced visits to health facilities
",2 unannounced visits to health facilities,Not applicable,None required,"2 unannounced visits to health facilities
","2 unannounced visits to health facilities (17 Nov 2023 in Northern Cape, at Robert Mangaliso Sobukwe hospital; 23 Nov 2023 in Gauteng Tshwane District at Eersterus clinic)",Not applicable,None required,"2 unannounced visits to health facilities
","2 unannounced visits to health facilities (28 February 2024, Westvaal Hospital in Northwest- Deputy Minister addressed ex-mineworkers and stakeholders; 05 March 2024, Lenasia South Hospital-
Deputy Minister visited the hospital to engage workers)",Not applicable,None required,"8 unannounced visits to health facilities NDOH/
Minister Deputy Minister/ DG/DDGs
to observe service delivery
",-,"6 unannounced
visits to health
facilities NDOH/
Minister Deputy
Minister/DG/DDGs
to observe service
delivery
",The events calendar  was full and could not accommodate all visits to health facilities,None required,,204
Health,Health,National,PROGRAMME 1:ADMINISTRATION,CORPORATE SERVICES,Quarterly,Draft Bill to manage medico-legal claims in South Africa developed,Non-Standardized,Not  Applicable,"Priority 3: Education, Skills And Health","The Social Protection, Community and Human Development cluster","Draft Discussion Paper from SALRC
","Draft Discussion Paper from SALRC produced
","Not applicable
","None required
","Review the draft Discussion Paper from SALRC
",Draft Discussion Paper from SALRC reviewed,Not applicable,None required,"Review the final Discussion Paper from SALRC
",Final  Discussion Paper from SALRC reviewed,Not applicable,None required,"Draft Bill to manage medico- legal claims in South Africa deve- loped
",Draft Bill to manage medico-legal claims has been developed,Not applicable,None required,"Draft Bill to manage medico-
legal claims in South Africa is finalised
",-,Draft Bill to manage medico-legal claims in South Africa has been developed  ,The Draft Bill still needs to be presented to the Minister of Justice,None required,,204
Health,Health,National,PROGRAMME 1:ADMINISTRATION,CORPORATE SERVICES,Quarterly,Number of provinces participating in the case management system pilot,Standardized,Not  Applicable,"Priority 3: Education, Skills And Health","The Social Protection, Community and Human Development cluster","Reports of captured cases from at least
4 participating Provinces
","Reports of captured cases from five participating Provinces
",Not applicable,None required,"Reports of captured cases from at least
4 partici- pating Provinces
",Process underway for facilitation of the  Service Provider to hand-over the Case Management System to NDoH,"Due to the expiry of the contract and the risk of incurring costs without a contract, NDoH not able to report on the information captured in the System pending the handover of the System from the Service Provider",DG wrote a letter to the Service Provider for the handover Report to enable the internal ICT to run with the System,"Reports of captured cases from at least
4 partici- pating Provinces
",Process underway to facilitate for the service provider to hand over the Case Management system to NDoH,NDoH is not able to report on the information captured on the system,The Service Provider has responded to the DG's Letter and the Internal ICT is considering the response to provide guidance on way forward,"Reports of captured cases from at least
4 partici- pating Provinces
",he contract for the case management system has expired and the process to contract data capturers to capture historical data for the 5 Provinces is underway ,NDoH is not able to report on the information captured on the system,"Consultations underway  on resources, expertise & systems required","Case Management system piloted in
at least 4 participating Provinces
",-,"Case management system not piloted in Provinces
","The contract for the case management system has expired. NDoH is not able to report on the information captured on the system
","The process to contract data capturers to capture historical data for the 5 Provinces is underway for medico-legal case management system. Consultations underway  on resources, expertise & systems required for management of the medico legal claims
",,204
Health,Health,National,PROGRAMME 1:ADMINISTRATION,HUMAN RESOURCE MANAGEMENT AND DEVELOPMENT,Annually,Percentage of People with disabilities employed according to the equity targets,Standardized,Not  Applicable,"Priority 3: Education, Skills And Health","The Social Protection, Community and Human Development cluster",,,,,,,,,,,,,,,,,7% of People with disabilities employed in NDoH,,"0,11% of People with disabilities employed in NDoH","Non-disclosure, 
Lower post internally advertised","Targeted recruitment, 
Use other advertisement platforms such as social media",,204
Health,Health,National,PROGRAMME 1:ADMINISTRATION,HUMAN RESOURCE MANAGEMENT AND DEVELOPMENT,Annually,"Percentage of Women, employed at SMS level  according to the equity targets",Standardized,Not  Applicable,"Priority 3: Education, Skills And Health","The Social Protection, Community and Human Development cluster",,,,,,,,,,,,,,,,,50% of women employed at SMS level in NDoH,,45% of Women employed at SMS level in NDoH,"Retirement, Death, Transfers from Promotions and Resignations",Posts to be advertised 3 months prior the exit of officials. Prioritisation of vacant posts,,204
Health,Health,National,PROGRAMME 1:ADMINISTRATION,HUMAN RESOURCE MANAGEMENT AND DEVELOPMENT,Annually,Percentage of Youth employed according to the equity targets,Standardized,Not  Applicable,"Priority 3: Education, Skills And Health","The Social Protection, Community and Human Development cluster",,,,,,,,,,,,,,,,,30% of Youth employed in NDoH,,5% of Youth employed in NDoH,Cost containment measures,Prioritizing internship appointments,,204
Health,Health,National,PROGRAMME 2: NATIONAL HEALTH INSURANCE,NATIONAL HEALTH INSURANCE,Annually,"Model for CUPs developed and documented, and model concepts tested in identified CUPs",Standardized,Not  Applicable,"Priority 3: Education, Skills And Health","The Social Protection, Community and Human Development cluster",,,,,,,,,,,,,,,,,Model for contracting developed and concepts tested in 9 CUPs,,"1 CUP proof-of-concept area identified and a steering committee convened in each Province, ready to commence testing when relevant systems and processes finalised for testing. These include draft capitation manual; draft framework for accreditation; and a draft contract
",During the Portfolio Committee hearings the clause that deals with CUPs and the Schedule to the NHA were substantively amended.  The project was temporarily suspended until the Bill was through Parliament,The project on Model for PHC CUPs will resume in 2024/25 financial year since the NHI Bill has gone through Parliament,,204
Health,Health,National,PROGRAMME 2: NATIONAL HEALTH INSURANCE,NATIONAL HEALTH INSURANCE,Quarterly,Total number of parcels delivered to pick up points from the Central Chronic Medication Dispensing and Distribution (CCMDD) programme,Standardized,Not  Applicable,"Priority 3: Education, Skills And Health","The Social Protection, Community and Human Development cluster","1 250 000
Parcels delivered to PUPs
","2 328 354 Parcels delivered to PUPs
","CCMDD is patient centric. Provinces are overachieving, due to high patient demand to be  in the programme","None required

","1 250 000
Parcels delivered to PUPs
",2 246 331 Parcels delivered to PUPs,This is a new indicator. The programme is very popular given all its benefits and is patient driven. The programme also assists in decongesting the health facilities.,None required,"1 250 000
Parcels delivered to PUPs
",2 423 837,The programme is currently on an upward trend due to its popularity ,None required,"1 250 000
Parcels delivered to PUPs
",2 076 618 Parcels delivered to PUPs,Not applicable,None required,"5 million Parcels delivered to (Pick up
points) PUPs
",-,9 075 140 million Parcels Delivered,The programme is very popular given all its benefits and is patient driven. The programme also assists in decongesting the health facilities,None required,,204
Health,Health,National,PROGRAMME 3: COMMUNICABLE AND NON COMMUNICABLE DISEASES,"CHILD, YOUTH and SCHOOL HEALTH",Quarterly,"Number of districts with a non- polio Acute Flaccid Paralysis (NPAFP) detection rate of = 4 per 100,000 amongst children < 15 years",Non-Standardized,Not  Applicable,"Priority 3: Education, Skills And Health","The Social Protection, Community and Human Development cluster",33 districts,5 Districts,"There are no dedicated surveillance officers in some provinces and districts
-Shortage of WHO approved specimen cooler boxes","Motivate for provinces to appoint surveillance officers 
-Support has been sourced from WHO to donate specimen cooler boxes
",36 districts,"0 district with a non- polio Acute Flaccid Paralysis (NPAFP) detection rate of = 4 per 100,000 amongst children < 15 years","There are no dedicated surveillance officers in most provinces and some  at district level (EC,KZN and MP)
Lack of resources to support AFP priory districts for retrospective review of missed cases","Motivate for provinces to appoint surveillance officers 
Enhance supportive supervision at all and training for doctors 
Provinces to advocate for resources",39 districts,"18 districts with a non- polio Acute Flaccid Paralysis (NPAFP) detection rate of = 4 per 100,000 amongst children < 15 years","Limited capacity on national coordination of AFP surveillance.
Shortage of surveillance officers at district level.
Travel restrictions of officials to conduct Non Polio AFP active case search due to cost curtailment.","National Surveillance Manager deployed by WHO to coordinate AFP and Measles surveillance.
Surveillance Officer: Appointed by WHO to support AFP and measles surveillance in KZN, E Cape and Mpumalanga.
Enhance supportive supervision at all levels and training for doctors on Non-Polio AFP. 
Provinces to advocate for resources.",42 districts,"18 districts with a non-polio Acute Flaccid Paralysis (NPAFP) detection rate of = 4 per 100,000 amongst children < 15 years",Limited capacity at national for AFP surveillance;  Shortage of surveillance officers at district level; Travel restrictions of officials to conduct Non Polio AFP active case search due to cost containment measures,"Provinces to advocate for resources. National Surveillance Manager deployed by WHO to coordinate AFP and Measles surveillance. Surveillance Officer: Appointed by WHO to support AFP and measles surveillance in KZN, E Cape and Mpumalanga. Enhance supportive supervision at all levels and training for doctors on Non-Polio AFP",42 districts,-,18 districts,Limited capacity for national coordination of AFP surveillance. Shortage of surveillance officers at district level. Travel restrictions of officials to conduct Non Polio AFP active case search due to cost curtailment.,"Provinces were encouraged to advocate for resource, to improve vaccination coverage and improve surveillance of the Vaccine Preventable Diseases including polio. A National Surveillance Manager was deployed by WHO to coordinate AFP and Measles surveillance. Surveillance Officers were appointed by WHO to support AFP and measles surveillance in KwaZulu-Natal, Eastern Cape and Mpumalanga. Supportive supervision will be enhanced at all levels and training for doctors on Non-Polio AFP",,204
Health,Health,National,PROGRAMME 3: COMMUNICABLE AND NON COMMUNICABLE DISEASES,COMMUNICABLE DISEASES,Quarterly,Number of Schistosomiasis endemic districts administering Praziquante for school attending children (SAC),Non-Standardized,Not  Applicable,"Priority 3: Education, Skills And Health","The Social Protection, Community and Human Development cluster","Schistos- omiasis stakeholders engagement
","Schistosomiasis stakeholders engagement held  (National Essential Medicines List Committee, Department of Basic Education, Integrated School Health Programme, Provinces) ",Not Applicable,None required,"Training of Trainers workshop
",Training of Trainers not done,Request to implement the training not approved due to cost containment measures,Training postponed while motivating for approval to conduct training during Quarter 3,"Pilot MDA in one endemic district
",Pilot MDA not conducted,Inadequate stakeholder engagement and resources,Intensive resource mobilization and stakeholder engagement,"Roll out Praziquante MDA for school attending children (SAC) in
5 schisto- somiasi endemic districts
",Praziquantel Mass Drug Administration (MDA) for school attending children rolled out in 6 schistosomiasis endemic districts,Increased demand for MDA due to high prevalence of Schistosomiasis among school attending children in KwaZulu-Natal,None required,"5 Schisto- somiasis endemic districts admini- stering Praziquante for school attending children (SAC)
",-,"6 Schistosomiasis
Endemic districts
administered
Praziquante for school
Attending children (SAC)
",Intensive community engagement and cooperation from the Province ,None required,,204
Health,Health,National,PROGRAMME 3: COMMUNICABLE AND NON COMMUNICABLE DISEASES,COMMUNICABLE DISEASES,Quarterly,Number of subdistricts implementing the FOCI clearing programme,Non-Standardized,Not  Applicable,"Priority 3: Education, Skills And Health","The Social Protection, Community and Human Development cluster","Quarterly review of the implementation of the foci clearing programme
","Quarterly review of the implementation of the foci clearing programme conducted.
",Not Applicable,None required,"Quarterly review of the implementation of the foci clearing programme
",Quarterly review of the implementation of the FOCI-clearing programme was conducted in Mpumalanga Province.,Not applicable,None required,"Quarterly review of the imple- mentation of the foci clearing programme
",Quarterly review of the implementation of the FOCI-clearing programme was conducted.,Not applicable,None required,"2 Sub Districts imple- menting the FOCI Clearing programme
",2 Sub Districts are Implementing the FOCI-Clearing Programme,Not applicable,None required,"2
subdistricts implementing the Foci clearing programme
",-,2 subdistricts implementing the Foci clearing programme,Not applicable,None required,,204
Health,Health,National,PROGRAMME 3: COMMUNICABLE AND NON COMMUNICABLE DISEASES,HEALTH PROMOTION AND NUTRITION,Quarterly,Number of hospitals compliant with the food service policy,Non-Standardized,Not  Applicable,"Priority 3: Education, Skills And Health","The Social Protection, Community and Human Development cluster","16 hospitals obtain 75% and above on the food service policy assessment tool
","20 hospitals obtain 75% and above on the food service policy assessment tool
","Support from NDoH to hospitals and provinces on how to comply with food services policy
","None required
","46
hospitals obtain 75% and above on the food service policy assessment tool
",51 hospitals obtain 75% and above on the food service policy assessment tool,Hospitals were supported to adhere to the minimum food service standards outlined in the  policy for food service management,None required,"71 hospitals obtain 75% and above on the food service policy assessment tool
",72 hospitals obtained 75% and above on the food service policy assessment tool,Not applicable,None required,"96 hospitals obtain 75% and above on the food service policy assessment tool
",97 hospitals obtained 75% and above on the food service policy assessment tool,Not applicable,None required,"296
hospitals (Additional 96) obtain 75% and above on the food service policy assessment tool
",-,"Additional 97 hospitals obtained 75% and above on the food service
policy assessment tool
",Not applicable,None required,,204
Health,Health,National,PROGRAMME 3: COMMUNICABLE AND NON COMMUNICABLE DISEASES,HEALTH PROMOTION AND NUTRITION,Quarterly,Position paper on restricting advertising of unhealthy food targeted at Children,Non-Standardized,Not  Applicable,"Priority 3: Education, Skills And Health","The Social Protection, Community and Human Development cluster","Draft position paper on restricting advertising of unhealthy foods to children developed
","Draft position paper on restricting advertising of unhealthy foods to children developed
",Not Applicable,None required,"Relevant government departments consulted on the draft position paper and inputs collated
",A process was underway to seek legal clarification on the powers of the Minister of Health regarding restricting advertising of unhealthy foods ,There was a need to sought legal opinion in terms of the powers of the Minister of Health regarding Marketing Restrictions before consultations with stakeholders,Consultations with Government departments and Non government organisations  will be convened during Q3,"Non- government organisations consulted on the draft position paper and inputs collated
","Restriction of advertising of unhealthy foods targeted at children is included in the Draft Regulations that was published for comments, collation of inputs is underway",Comments received are voluminous,Consultations based on the comments received will take place during Q4,"Final position paper on restricting advertising of unhealthy foods to children developed
",Final position paper on restricting the advertising of unhealthy food to children developed,Not applicable,None required,"Position paper on restricting advertising of unhealthy food during children TV times and on other children’s platform developed
",-,"Position paper on
Restricting advertising of unhealthy food during children TV times and on other children’s platform
developed
",Not applicable,None required,,204
Health,Health,National,PROGRAMME 3: COMMUNICABLE AND NON COMMUNICABLE DISEASES,HIV and AIDS and STIs,Quarterly,Number of facilities offering HIV Self Screening,Non-Standardized,Not  Applicable,"Priority 3: Education, Skills And Health","The Social Protection, Community and Human Development cluster",230,768,"Three provinces, Free State, North West & Western Cape increased the number of facilities offering the HIVSS modality in the province
",None required,260,810 facilities offering HIV Self Screening,"High demand creation and partner support led to overachievement of the target. Three provinces, Free State, North West & Western Cape increased the number of facilities offering the HIVSS modality in the province.",Continuous support and monitoring of implementation,300,801 Facilities offering HIV Self Screening,"The provinces supported 
implementation of the 
HSS to increase access 
to HIV services",None required,340,810 facilities offering HIV Self Screening,Provinces are sustaining the current facilities implementing the modality,None required,340,-,"810 facilities offering
HIV Self Screening
",Provinces are sustaining the current facilities implementing the modality,None required,,204
Health,Health,National,PROGRAMME 3: COMMUNICABLE AND NON COMMUNICABLE DISEASES,HIV and AIDS and STIs,Quarterly,Number of PHC facilities with youth zones,Non-Standardized,Not  Applicable,"Priority 3: Education, Skills And Health","The Social Protection, Community and Human Development cluster","2025 PHC
facilities with youth zones
","1963 PHC
facilities with youth zones","Change of management. First quarter was more on capacity building and planning
","Provincial support visit and development of guidelines
","2050 PHC
facilities with youth zones
",1807 PHC facilities with youth zones,Provinces focused on capacity building of Health care workers on youth friendly services for the established youth zones to ensure functionality. ,Efforts will be intensified to reach targets for expansion of youth zones in the upcoming quarters. provincial support visits and development of guidelines in progress,"2075 PHC
facilities with youth zones
",2077 PHC facilities with youth zones,"Provinces accelerated
the establishment of 
youth zones which 
increased access to 
services to the young 
people",None required,"2100 PHC
facilities with youth zones
",2101 PHC facilities with youth zones,Not applicable,None required,"2100 PHC
facilities with youth zones
",-,2101 PHC facilities with youth zones,The National Youth program manager supported the province in data verification and reporting,None required,,204
Health,Health,National,PROGRAMME 3: COMMUNICABLE AND NON COMMUNICABLE DISEASES,NON COMMUNICABLE DISEASES,Quarterly,An implementation plan to strengthen the public health system’s capacity to cater for the mental health needs of children and adolescents developed,Non-Standardized,Not  Applicable,"Priority 3: Education, Skills And Health","The Social Protection, Community and Human Development cluster","A
preliminary report of the study to determine the public mental health system’s capacity to cater for the needs of children and adolescents with
psychosocial disabilities and mental disorders
","Process of data analysis is underway  to determine the public mental health system’s capacity to cater for the needs of children and adolescents with
psychosocial disabilities and mental disorders
","There were unexpectedly long delays in obtaining permission to access the research sites from some stakeholder government departments
",Permissions have now been obtained from most of the targeted sites,"A final report of the study to determine the public mental health system’s capacity to cater for the needs of children and adolescents with
psycho- social disabilities and mental disorders
","A final report of the study to determine the public mental health system’s capacity to cater for the needs of children and adolescents with
psychosocial disabilities and mental disorders",Not applicable,None required,"A stake- holder’s workshop to disseminate the finding of the study
",A stakeholders workshop to disseminate the findings of the study was held at Weskoppies Hospital Auditorium on 8 December 2023. 91 stakeholders attended (47 in-person and 44 virtual),Not applicable,None required,"A draft national implementation plan to strengthen the public health system’s capacity
to cater for the mental health needs of children and adolescents
",A draft national implementation plan to strengthen the public health system's capacity to cater for the mental health needs of children and adolescents developed,Not applicable,None required,"A draft national imple- mentation plan to strengthen the public health system’s capacity
to cater for the mental health needs of children and adolescent developed",-,"A draft national
implementation
plan to strengthen the public health system’s
capacity to cater for the mental health needs of children and
adolescent was developed
",Not applicable,None required,,204
Health,Health,National,PROGRAMME 3: COMMUNICABLE AND NON COMMUNICABLE DISEASES,NON COMMUNICABLE DISEASES,Quarterly,Number of National NCD Campaigns conducted,Non-Standardized,Not  Applicable,"Priority 3: Education, Skills And Health","The Social Protection, Community and Human Development cluster","1 National Campaign to create awareness on the risk of tobacco and related product use
",1 National Campaign to create awareness on the risk of tobacco and related product use,Not Applicable,None required,"1 National Campaign to create awareness on the risk of physical inactivity
",Various physical activity event took place during the period under eview,Not applicable,None required,"1 National Campaign to create awareness on prevention and management of diabetes
","World Diabetes day campaign was commemorated on 14 November 2023, additional events promoting physical activity were including the promotion of  Parkruns. A webinar on Physical activity and a community event",Not applicable ,None required,"1 National Campaign to create awareness on the
risk of overweight and obesity
",1 National Campaign to create awareness of the risk of being overweight and obesity conducted,Not applicable,None required,"4 National NCD
Campaigns conducted
",-,4 National NCD Campaign conducted,Not applicable,None required,,204
Health,Health,National,PROGRAMME 3: COMMUNICABLE AND NON COMMUNICABLE DISEASES,NON COMMUNICABLE DISEASES,Quarterly,Number of new State patients admitted into designated psychiatric hospitals,Non-Standardized,Not  Applicable,"Priority 3: Education, Skills And Health","The Social Protection, Community and Human Development cluster","40 new State patients admitted into designated psychiatric hospitals
",62 new State patients admitted into designated psychiatric hospitals,"Increased collaboration with stakeholders and visits to facilities
","None required
","90 new State patients admitted into designated psychiatric hospitals
",154 new State patients admitted into designated psychiatric hospitals,Not applicable,None required,"150 new State patients admitted into designated psychiatric hospitals
",248 new State patients admitted into designated psychiatric hospitals,Increased collaboration with relevant stakeholders and support visits to psychiatric hospitals,None required,"200 new State patients admitted into designated psychiatric hospitals
",338 new State patients admitted into designated psychiatric hospitals,Increased support to provinces and stakeholders collaboration,None required,"200 new State patients admitted into designated psychiatric hospitals
",-,338 new state patients admitted into designated psychiatric hospitals,Increased support to provinces and intersectoral collaboration,None required,,204
Health,Health,National,PROGRAMME 3: COMMUNICABLE AND NON COMMUNICABLE DISEASES,NON COMMUNICABLE DISEASES,Quarterly,Percentage of Clients 18+ screened for diabetes,Non-Standardized,Not  Applicable,"Priority 3: Education, Skills And Health","The Social Protection, Community and Human Development cluster","30% of clients 18+ screened for diabetes
",23% of clients 18+ screened for diabetes,"Report includes data for only 2 months viz March - April 23.
","Update report with data from May 2023 as soon as possible.
","40% of clients 18+ screened for diabetes
",49.1% of clients 18+ screened for diabetes,"Screening has been increased through the support provided to Provinces for the NCD Campaign, procuring of point of care testing  devices",None required,"50% of clients 18+ screened for diabetes
",37.3% of clients 18+ screened for diabetes,Only two months data    (September and October 2023) available at the time of reporting,All outstanding data will be updated and reported at the end of the financial year,"60% of clients 18+ screened for diabetes
",37%,Not enough capacity for screening,Increase capacity for screening through NCD Campaign,"9 provinces screen overall 60% of clients 18+ for diabetes
",-,"9 provinces screen overall 79 % of clients
18+ for diabetes",Extended screening into the community,None required,,204
Health,Health,National,PROGRAMME 3: COMMUNICABLE AND NON COMMUNICABLE DISEASES,NON COMMUNICABLE DISEASES,Quarterly,Percentage of Clients 18+ screened for hypertension,Non-Standardized,Not  Applicable,"Priority 3: Education, Skills And Health","The Social Protection, Community and Human Development cluster","30% of clients 18+ screened for hyper- tension
",38% of clients 18+ screened for hyper tension,"Improved capacity for screening in community (training of Community Health Workers) and Primary Health Care facilities
",None required,"40% of clients 18+ screened for hyper- tension
",82.4% of clients 18+ screened for hypertension,"Screening has been increased through the support provided to Provinces for the NCD Campaign, procuring of point of care testing  devices",None required,"50% of clients 18+ screened for hyper- tension
",62.1% of Clients 18+ screened for hypertension,"Screening has been increased through the support provided to Provinces for the NCD Campaign, procuring of point of care testing  devices",None required,"60% of clients 18+ screened for hyper- tension
",62%,Rolling out of the NCD Campaign,None required,"9 provinces screen overall 60% of clients 18+ for hyper- tension
",-,"9 provinces screen overall 79% of clients
18+ for hypertension
",Extended screening into the community,None required,,204
Health,Health,National,PROGRAMME 3: COMMUNICABLE AND NON COMMUNICABLE DISEASES,TB,Quarterly,Drug- susceptible (DS) - TB Treatment Success Rate,Standardized,Not  Applicable,"Priority 3: Education, Skills And Health","The Social Protection, Community and Human Development cluster",87%,76.5%,"This is due to the adverse outcomes which are as follows:  patients who died during treatment (7.5.%), those who were loss to follow up (9.8%) and those not evaluated (5.4%) and treatment failure of (0.7%)
","The programme is  strengthening the adherence counseling package which is aimed at reducing the death and loss to follow up rates. Data audits also conducted continuously.
",88%,71.7% Drug-susceptible (DS) - TB Treatment Success Rate,"The following adverse outcomes contributed to the lower TB success rate: 

Death rate is at 7,0%

Loss to follow up is at 9.5% ","Death audits will be conducted to determine the reasons for high death rates amongst people with TB disease
Health providers will be trained on adherence package .",89%,75.2%,"Lack of outreach teams to trace treatment interrupters and screen for TB at community level, provide ongoing support. Weak participation of TB in existing HIV adherence clubs. Inadequate Social Behavioral Change Communication implementation to an extent that stigma is not well addressed at community level.                              Inadequate TB patient’s support by families and communities. TIER.NET introduction has shown consistent decrease in favorable outcomes due to various unattended challenges reported. Hoping the Electronic Medical Record is the solution to this challenge.
","Death audits will be conducted to determine the reasons for high death rates amongst people with TB disease. Community
Health Workers will be deployed in the districts with high rate of loss to follow up",90%,71.5%,"Lack of outreach teams to trace treatment interrupters and screen for TB at community level, provide ongoing support.
                                              Weak participation of TB in existing HIV adherence clubs.
                                  Inadequate Social Behavioral Change Communication implementation to an extent that stigma is not well addressed at community level.
                                  Inadequate TB patient’s support by families and communities.
                                     TIER.NET introduction has shown consistent decrease in favourable outcomes due to various unattended challenges reported. Hoping the EMR is the solution to this challenge.","Mortality audits were conducted in four provinces (LP, GP, MP & KZN) to determine the reasons for high death rates amongst people with TB disease ",90%,-,71.5%,"Poorly coordinated outreach teams to trace treatment interrupters and screen for TB at community level.                                          
Weak participation of TB in existing HIV adherence clubs.
Inadequate Social Behavioural Change Communication implementation to address the community                                  Inadequate TB patient’s support by families and communities.

","Mortality audits are being conducted in provinces with high death rate & remedial actions put in place. Provinces were advised to update patient referral care pathway. The need to intensify the tracing and retention of the TB and HIV patients. This will be through the cooperation and collaboration with the community and other stakeholders, working on TB programme. The full implementation of the TB Recovery plan version 3.0. The closer collaboration between the Community Health Worker programme and the TB programme to align the numbers of TB patients traced and linked to care. Intensification for the Social and Behavioural Communication and Change, to encourage people to come for treatment and remain on treatment. ",,204
Health,Health,National,PROGRAMME 3: COMMUNICABLE AND NON COMMUNICABLE DISEASES,TB,Quarterly,Number of people started TB treatment,Standardized,Not  Applicable,"Priority 3: Education, Skills And Health","The Social Protection, Community and Human Development cluster",55913,28151,"Due to reporting timelines, only for 2 months data (April-May 2023) was available at the time of reporting
",Performance information will be updated in the next quarter,111826,78804 people started TB treatment,Patients are confirmed with TB and end up not started on treatment due to various factors,Provinces and districts with high numbers of patients not started on treatment will be identified and deep dives will be conducted in those provinces to identify reasons for not starting these patients on treatment,167740,132 494,Patients are confirmed with TB and end up not started on treatment due to various factors,"Provinces and 
districts with high 
numbers of patients 
not started on 
treatment were 
identified and deep 
dives are being 
conducted in those 
provinces and 
districts to identify 
reasons for not 
starting these 
patients on 
treatment",223654,"180,421",Patients are confirmed with TB and end up not started on treatment due to various factors.,Deep dives are being conducted in those provinces and districts to identify reasons for not starting these patients on treatment (8 districts were targeted),223654,-,180421,"Patients are confirmed with TB and end up not started on treatment due to various factors such as transport, social behavioural issues, lack of income and food. 
","deep dives are being conducted in those Provinces and districts to identify reasons for not starting these patients on treatment (8 districts were targeted)
",,204
Health,Health,National,PROGRAMME 3: COMMUNICABLE AND NON COMMUNICABLE DISEASES,TB,Quarterly,RR/MDF- TB clients treatment success rate,Standardized,Not  Applicable,"Priority 3: Education, Skills And Health","The Social Protection, Community and Human Development cluster","78%
",58.9%,The adverse outcomes contributed to the lower success rate: 19.2% death rate & 16.9% loss to follow up rate. This is the cohort which was also  affected by the COVID pandemic.,"The programme will conduct mortality audits to first establish the causes of high death rates, Adherence counselling packages will also be strengthened.
",78%,60.9% RR/MDF-TB clients treatment success rate,"The following adverse outcomes contributed to the lower success rate: Death rate at 15.5%;  loss to follow up rate at 16.8% & patients not evaluated at 4,3%.                              This cohort started treatment during level 3-4 of the COVID-19 and this might have contributed to high loss to follow up, some DR-TB decentralized facilities  were converted to COVID-19 wards and patients were deferred to nearest facilities contributing to loss to follow up","Training to intensify patient counseling regarding treatment adherence. Mortality audits are being conducted & remedial actions put in place. Communication sent to the provinces regarding patients not evaluated (EC, KZN, & WC). Western Cape training on EDRWeb conducted for the new data capturers",78%,61.2%,"Lack of outreach teams to trace treatment interrupters and screen for TB at community level, provide ongoing support. Weak participation of TB in existing HIV adherence clubs. Inadequate Social Behavioral Change Communication implementation to an extent that stigma is not well addressed at community level.                              Inadequate TB patient’s support by families and communities. TIER.NET introduction has shown consistent decrease in favorable outcomes due to various unattended challenges reported. Hoping the Electronic Medical Record is the solution to this challenge.","Training is being conducted to intensify patient counseling regarding treatment adherence. Mortality audits are being conducted & remedial actions put in place. Communication sent to the provinces regarding patients not evaluated (EC, KZN, & WC). Western Cape training on EDRWeb conducted for the new data capturers",78%,60.7%,"Lack of outreach teams to trace treatment interrupters and screen for TB at community level, provide ongoing support.
                                              Weak participation of TB in existing HIV adherence clubs.
                                  Inadequate Social Behavioral Change Communication implementation to an extent that stigma is not well addressed at community level.
                                  Inadequate TB patient’s support by families and communities.
                                     TIER.NET introduction has shown consistent decrease in favourable outcomes due to various unattended challenges reported. Hoping the EMR is the solution to this challenge.","Mortality audits are being conducted in provinces with high death rate & remedial actions put in place. Provinces advised to update patient referral care pathway.Communication sent to the provinces with ""not evaluated"" patients.",78%,-,60.7%,"Poorly coordinated outreach teams to trace treatment interrupters and screen for TB at community level.                                        
Weak participation of TB in existing HIV adherence clubs.
Inadequate Social Behavioural Change Communication implementation to address the community                                  Inadequate TB patient’s support by families and communities.

","Mortality audits are being conducted in provinces with high death rate & remedial actions put in place. Provinces were advised to update patient referral care pathway. The need to intensify the tracing and retention of the TB and HIV patients. This will be through the cooperation and collaboration with the community and other stakeholders, working on TB programme. The full implementation of the TB Recovery plan version 3.0. The closer collaboration between the Community Health Worker programme and the TB programme to align the numbers of TB patients traced and linked to care. Intensification for the Social and Behavioural Communication and Change, to encourage people to come for treatment and remain on treatment. ",,204
Health,Health,National,PROGRAMME 3: COMMUNICABLE AND NON COMMUNICABLE DISEASES,"WOMEN, MATERNAL and REPRODUCTIVE HEALTH",Quarterly,Number of clinicians trained and certified competent in any of the 14 SRH modules,Non-Standardized,Not  Applicable,"Priority 3: Education, Skills And Health","The Social Protection, Community and Human Development cluster","32
clinicians trained and certified competent in any of the 14 SRH modules
",21 clinicians trained and certified competent in any of the 14 SRH modules,"Invited clinicians had conflict in priorities between clinical obligations and attending the training session.
",Second training session planned for Q2.,"64
clinicians trained and certified competent in any of the 14 SRH modules
",75 Clinicians trained and certified competent in any of the 14 SRH modules,New guidelines were approved in 1st quarter and more clinicians completed the modules to learn about the update on the new guidelines.,None required,"96
clinicians trained and certified competent in any of the 14 SRH modules
",135 clinicians trained and certified competent in any of the 14 SRH modules,Not applicable,None required,"128
clinicians who completed one of
the SRH module online.
",Nil report,"Due to budget cuts in Q4, no face-to-face training conducted in Provinces",The NDoH is busy sourcing new service provider that will assist to access data in the Kowledge Hub,"128
clinicians trained and certified competent in any of the 14 SRH modules
",-,"78 clinicians trained 
","The Knowledge Hub was not functional during Q1-Q3. The Department did not have soft skills to access the training data from the knowledge Hub
","The NDoH is busy sourcing new service provider that will assist to access data in the Knowledge Hub on clinicians who completed the SRH modules.
",,204
Health,Health,National,PROGRAMME 3: COMMUNICABLE AND NON COMMUNICABLE DISEASES,"WOMEN, MATERNAL and REPRODUCTIVE HEALTH",Quarterly,Number of Districts introduced HPV screening for cervical cancer,Non-Standardized,Not  Applicable,"Priority 3: Education, Skills And Health","The Social Protection, Community and Human Development cluster",1,0 District introduced HPV screening for cervical cancer,"Internal processes for granting districts approval to implement HPV screening was presented to National Health Council.
","Costing processes from National Health Laboratory Services was requested before approval for implementation is granted.
",2,0 district introduced HPV screening for cervical cancer ,Request for provinces to transition to HPV screening is yet to be tabled at the NHC for final approval in October,Provinces will be supported with preparatory processes during the third quarter and implementation planned for the forth quater.,3,0,Districts have not initiated the HPV screening yet pending the finalization and sign off of the National Cervical Cancer Elimination Strategy and setting up of systems at key selected facilities at district level,"Cervical Cancer strategy for approval and signing off, Engagements with districts to commence",4,Engagement meetings commenced in preparation to start with HPV screenings ,Delays in internal processes to get NHLS costings for NHC to approve Districts to start implementing HPV screening,The HPV screenings will commence during the next financial year,4,-,0,"The Cervical Cancer Elimination Strategy that includes the algorithm on how to implement HPV screening was not finalised. Provinces have not completed all preparatory steps to commence with the implementation of HPV screening.
","The HPV screenings for cervical cancer will commence during the new financial year, following the development and approval of the algorithms at the provincial levels. 
",,204
Health,Health,National,PROGRAMME 4: PRIMARY HEALTH CARE,DISTRICT HEALTH SERVICES,Quarterly,District Health System Policy framework and strategy for 2024-2029 developed,Non-Standardized,Not  Applicable,"Priority 3: Education, Skills And Health","The Social Protection, Community and Human Development cluster","1st Draft of the 
District Health System Policy Framework and Strategy for 2024-2029
developed","1st draft of the 
District Health System Policy Framework and strategy for 2024 - 2029 developed
",Not applicable,None required,Stakeholder Consultation on the Draft District Health System Policy framework and strategy for 2024-2029,Stakeholder consultation on the draft District Health system Policy Framework and strategy for 2024-2029 conducted,Not applicable,None required,Stakeholder input incorporated into the Draft District Health System Policy framework and strategy for 2024-2029,"Stakeholder input incorporated into the Draft District Health System Policy framework and strategy for
2024-2029",Not applicable,None required,Final Draft of the District Health System Policy framework and strategy for 2024-2029 developed,Final Draft of the District Health policy framework and strategy for 2024-2029 developed,Not applicable,None required,District Health System Policy framework and strategy for 2024-2029 developed,-,"Final Draft District Health System
Policy framework and
strategy for 2024-2029
developed",There was extensive consultation with the Provinces and external stakeholders,The Final Draft District Health System Policy framework and strategy for 2024-2029 will be taken through the processes of formal approval during the 2024/2025 financial year,,204
Health,Health,National,PROGRAMME 4: PRIMARY HEALTH CARE,DISTRICT HEALTH SERVICES,Quarterly,Number of Community Outreach Services to household 1st and follow-up visits,Non-Standardized,Not  Applicable,"Priority 3: Education, Skills And Health","The Social Protection, Community and Human Development cluster",5125000,3112401,"Due to reporting timelines, only 2 months dat
a (April-May 2023) was available at the time of reporting","Performance information will be updated once the three months data is imported into the Web-DHIS National instance
",5125000,3 498 429 Community Outreach Services to household 1st and follow-up visits,"Due to the DHIS reporting timelines, data for the month of September was not yet available at the time of preparing the report",All outstanding data will be updated and reported at the end of the financial year,5125000,3 505 468,Only two months of data (October and November 2023 ) was available at the time of reporting,Outstanding data will be updated and reported at the end of Financial Year,5125000,2 996 029 Community Outreach Services to household 1st and follow-up visits,"Only 2 months data available at the time of reporting (January and February 2024). Only Q2 target was achieved with the full 3 months data, while Q1 and Q3 targets were not achieved ",Review Community Outreach Services targets,20500000,-,"19,549,643
"," A large number of community health workers have left the programme and not replaced due to budget cuts
","The targets for Community Outreach Services will be reviewed
",,204
Health,Health,National,PROGRAMME 4: PRIMARY HEALTH CARE,DISTRICT HEALTH SERVICES,Quarterly,Percentage of PHC facilities with a Clinic Committee,Non-Standardized,Not  Applicable,"Priority 3: Education, Skills And Health","The Social Protection, Community and Human Development cluster",34%,51%,"Offices of Members of Executive 

Councils in provinces had prioritized the appointments of clinics and Community Health Centers 
 committees based on discussions in the National Health Council 
",None required,40%,50% of PHC facilities with a Clinic Committee,Provinces prioritised the establishment of governance structures following a plea during the 2nd Presidential Health Summit held in  May 2023,None required,45%,"43% of PHC facilities with a Clinic Committee

",Slow in appointments of committees by the offices of MECs,Province to push for the speedy appointment of committee members by the offices of MECs,50%,52% of PHC facilities with a Clinic Committee,Formal communication from the Minister to request MECs to prioritize the appointment of clinic committees yielded  positive results,None required,50%,-,52%,"Engagements with Provincial leadership  requesting MECs to prioritize the appointment of clinic committees yielded  positive results 
",None required,,204
Health,Health,National,PROGRAMME 4: PRIMARY HEALTH CARE,DISTRICT HEALTH SERVICES,Quarterly,Revised District Health Management Office (DHMO) guidelines developed and approved,Non-Standardized,Not  Applicable,"Priority 3: Education, Skills And Health","The Social Protection, Community and Human Development cluster","1st Draft of the 
District Health Management Office (DHMO) guidelines developed","Consultation on District Health Management Office (DHMO) guidelines
underway","Consultation with the relevant directorates and stakeholders
 took longer than anticipated",Fast track consultations with Provinces in relation to DHMO Revisions,Stakeholder Consultation District Health Management Office (DHMO) guidelines,Stakeholder consultation on District Health Management office ( DHMO) guidelines,Not applicable,None required,Final Draft of the District Health Management Office (DHMO) guidelines developed and submitted for approval,Nil report,Consultation took longer than anticipated due to inadequate capacity,Solicit the development partner's technical assistance,"District Health Management Office (DHMO)
guidelines published",District Health Management Office guidelines not published,The content of the reviewed District Health Management Office (DHMO) guidelines is dependent on the structure and functions of CUPs (contracting units for Primary care) which are still being piloted,Pilot report  will contribute and guide the Review  and publishing of the District Health Management Office (DHMO) guidelines,Revised District Health Management Office (DHMO) guidelines developed and approved,-,"Final Draft District
Health Management
Office (DHMO)
Guidelines developed
","The content of these guidelines is dependent on the structure and functions of the contracting units for primary health care (CUPS). 
","The content of the revised District Health Management Office Guidelines will only be confirmed after the structure and functions of contracting units for Primary care have been piloted. 
",,204
Health,Health,National,PROGRAMME 4: PRIMARY HEALTH CARE,EMERGENCY MEDICAL SERVICES and TRAUMA,Quarterly,Number of provinces assessed for compliance with Regulations relating to Standards for Emergency Medical Services,Non-Standardized,Not  Applicable,"Priority 3: Education, Skills And Health","The Social Protection, Community and Human Development cluster","2 Provinces 
assessed for compliance with Regulations relating to Standards for Emergency Medical Services
","2 Provinces
 assessed for compliance with Regulations relating to Standards for Emergency Medical Services",Not applicable,None required,3 Provinces assessed for compliance with Regulations relating to Standards for Emergency Medical Services,3 Provinces assessed for compliance with Regulations relating to Standards for Emergency Medical Services,Not applicable,None required,2 Provinces assessed for compliance with Regulations relating to Standards for Emergency Medical Services,2 Provinces assessed for compliance with Regulations relating to Standards for Emergency Medical Services,Not applicable,None required,2 Provinces assessed for compliance with Regulations relating to Standards for Emergency Medical Services,2 Provinces were assessed for compliance with Regulations relating to Standards for Emergency Medical Services,Not applicable,None required,9 Provinces assessed for compliance with Regulations relating to Standards for Emergency Medical Services,-,"9 Provinces assessed for
Compliance with
Regulations relating to
Standards for Emergency
Medical Services
",Not applicable,None required,,204
Health,Health,National,PROGRAMME 4: PRIMARY HEALTH CARE,ENVIRONMENTAL HEALTH and PORT HEALTH SERVICES,Quarterly,Number of Metropolitan and District Municipalities assessed for compliance to National Environmental Health Norms and Standards,Non-Standardized,Not  Applicable,"Priority 3: Education, Skills And Health","The Social Protection, Community and Human Development cluster","4 Metropolit
an and District Municipalities assessed for compliance to National Environmental Health Norms and Standards","6 Metropolit
an and District Municipalities were assessed for compliance to National Environmental Health Norms and Standards","Provinces assisted with the assessment after they were workshopped
d and taken through capacity building processes. This is in preparation for provinces to assess and monitor municipalities in future


",None required,10 Metropolitan and District Municipalities assessed for compliance to National Environmental Health Norms and Standards,11 Metropolitan and District Municipalities cumulative were assessed for compliance to National Environmental Health Norms and Standards,1 additional municipality was assessed with the assistance of provincial managers conducting the assessments.,None required,18 Metropolitan and District Municipalities assessed for compliance to National Environmental Health Norms and Standards,18 cumulative metropolitan and district municipalities assessed for compliance to national environmental health norms and standards,Not applicable,None required,26 Metropolitan and District Municipalities assessed for compliance to National Environmental Health Norms and Standards,26 metropolitan and district municipalities were assessed for compliance to the national environmental health norms and standards,Not applicable,None required,26 Metropolitan and District Municipalities were assessed for compliance with National Environmental Health Norms and Standards,-,"26 Metropolitan and
District Municipalities were
assessed for compliance
to National Environmental
Health Norms and
Standards
",Not applicable,None required,,204
Health,Health,National,PROGRAMME 4: PRIMARY HEALTH CARE,ENVIRONMENTAL HEALTH and PORT HEALTH SERVICES,Quarterly,Number of ports of entry compliant with international health regulations,Non-Standardized,Not  Applicable,"Priority 3: Education, Skills And Health","The Social Protection, Community and Human Development cluster","8 ports of entry 
compliant with international health regulations","2 Ports of Entry 
compliant with international health regulations","Port Health Services was transferred
 to Board of Management Authority  on 01 April 2023, which has resulted in changes in the reporting lines and other operational activities. Operational documents for the 6 ports of entry must be updated to reflect the current changes for the compliance to be achieved.","Managers were requested to update the 
operational documents during the assessment. Formal reports on the status of compliance will be forwarded to the BMA senior Management for their intervention and ensuring compliance.",16 ports of entry compliant with international health regulations,6 ports  of entry were compliant with international health regulations out of the 16 thatt were assessed,"Port Health Services was transferred to the Border Management Authority on 01 April 2023, which has resulted in changes in the reporting lines and other operational activities. Operational documents for the 4  ports of entry must be updated to reflect the current changes for compliance to be achieved.",Managers were requested to update the operational documents during the assessment. Formal reports on  the status of compliance will be forwarded to the Border Management Authority senior Management for their intervention and ensuring compliance.,24 ports of entry compliant with international health regulations,13 Ports of Entry compliant with international health regulations,"Port Health Services was transferred to the Border Management Authority on 01 April 2023, which has resulted in changes in the reporting lines and other operational activities. Operational documents for the 11 ports of entry must be updated to reflect the current changes for compliance to be achieved","Managers were requested to update the operational documents during the assessment. Formal reports on  the status of compliance have been  forwarded to the Border Management Authority senior Management for their intervention and to ensure compliance. Furthermore, follow-ups are being conducted with managers of the affected ports of entry and the senior managers for health specialists",30 ports of entry compliant with international health regulations,42 Ports of Entry were assessed and 30  were found to be compliant with international health regulations,Not applicable,None required,30 ports of entry compliant with international health regulations,-,"30 ports of entry
Compliant with international
Health regulations
",Not applicable,None required,,204
Health,Health,National,PROGRAMME 5: HOSPITAL SYSTEMS,HEALTH FACILITIES and INFRASTRUCTURE PLANNING,Quarterly,Number of Hospitals constructed or revitalised,Non-Standardized,Not  Applicable,"Priority 3: Education, Skills And Health","The Social Protection, Community and Human Development cluster","0 Hospitals
 constructed or revitalised","1 Hospital
constructed or revitalised","This project reached practical 
completion in Q1","Continue to conduct monitoring 
and evaluation",2 Hospitals revitalised,4 Hospitals revitalised,Additional projects were completed before time,None required,5 Hospitals revitalised,3 Hospitals revitalised,2 projects did not reach practical completion stage,Ongoing monitoring and evaluation,23 (1 hospital constructed and 22 hospitals revitalised),0 hospitals constructed and 6 hospitals revitalised,"Most of the hospital projects did not reach completion stage. These are upgrades and additions projects. However, 2 the annual target of 30 is achieved.",Meeting with provinces to discuss loading of certificates on time should be held and monitored monthly.,30 Hospitals constructed or revitalised,-,"30 Hospitals
constructed
or revitalised
",Not applicable,None required,,204
Health,Health,National,PROGRAMME 5: HOSPITAL SYSTEMS,HEALTH FACILITIES and INFRASTRUCTURE PLANNING,Quarterly,Number of PHC facilities constructed or revitalised,Non-Standardized,Not  Applicable,"Priority 3: Education, Skills And Health","The Social Protection, Community and Human Development cluster","0 PHC Facilities 
revitalised or constructed","4 PHC 
Facilities revitalised or constructed","These four projects reached 
practical completion in Q1","Continue to conduct monitoring 
and evaluation",3 PHC Facilities revitalised,3 PHC Facilities revitalised,Not applicable,None required,10 (2 PHC facilities constructed and 8 PHC Facilities revitalised),7 (0 PHC facility-newly constructed and 7 PHC facilities revitalized),3 projects did not reach practical completion stage,Ongoing monitoring and evaluation,32 ( PHC facilities constructed and 27 PHC Facilities Revitalised),0 PHC facilities constructed and 18 PHC facilities revitalised,Late reporting of certificates of completion  by provinces,Meeting with provinces to discuss loading of certificates on time should be held and monitored monthly.,45 PHC facilities constructed or revitalised,-,"45 PHC facilities
Constructed or
revitalised",Not applicable,None required,,204
Health,Health,National,PROGRAMME 5: HOSPITAL SYSTEMS,HEALTH FACILITIES and INFRASTRUCTURE PLANNING,Quarterly,"Number of Public Health Facilities (Clinics, Hospitals, nursing colleges, EMS base stations) maintained, repaired and/or refurbished",Non-Standardized,Not  Applicable,"Priority 3: Education, Skills And Health","The Social Protection, Community and Human Development cluster","20 public health 
Facilities (Clinics, Hospitals, nursing colleges, EMS base stations) maintained, repaired and/or refurbished","8 public health 
Facilities (Clinics, Hospitals, nursing colleges, EMS base stations) maintained, repaired and/or refurbished","twelve projects failed to reach practical completion as expected
.",Continue to conduct monitoring and evaluation,"40 -public health Facilities (Clinics, Hospitals, nursing colleges, EMS base stations) maintained, repaired and/or refurbished","37 public health Facilities (Clinics, Hospitals, nursing colleges, EMS base stations) maintained, repaired and/or refurbished",3 projects were not completed as expected,Meeting was held with provinces to push them to load all completion certificates to relevant quarters.,"60- public health Facilities (Clinics, Hospitals, nursing colleges, EMS base stations) maintained, repaired and/or refurbished","60- public health Facilities (Clinics, Hospitals, nursing colleges, EMS base stations) maintained, repaired and/or refurbished",Not applicable,None required,"180 public health Facilities (Clinics, Hospitals, nursing colleges, EMS base stations) maintained, repaired and/or refurbished","43 public health facilities maintained, repaired and or refurbished",Late reporting of certificates of completion  by provinces,Meeting with provinces to discuss loading of certificates on time should be held and monitored monthly.,"300 public health Facilities (Clinics, Hospitals, nursing colleges, EMS base stations) maintained, repaired and/or refurbished",-,"299 public health
Facilities (Clinics,
Hospitals, nursing
colleges, EMS base stations) maintained,
repaired and/or
refurbished
",Delays by Provinces to present maintenance completion certificates ,Provinces have been encouraged to load project completion certificates on time and this will be monitored on monthly basis,,204
Health,Health,National,PROGRAMME 5: HOSPITAL SYSTEMS,HOSPITAL SERVICES,Quarterly,Hospital Strategy concept document developed,Non-Standardized,Not  Applicable,"Priority 3: Education, Skills And Health","The Social Protection, Community and Human Development cluster","Draft concept 
document",Nil report,"There was no Chief Director 
appointed during the time of review to guide the process. Therefore, the team that was present could not go ahead with 
the plan.","Chief Director appointed 
and commenced duty 
 from the 1st of July 2023. The planning for the concept document is underway and a draft document will be produced during Quarter 2.",Finalise concept document for internal consultation with provincial health departments,Draft hospital strategy concept document is completed for consultation with the Provincial Health Departments,Not applicable,None required,Hospital Strategy concept document ready for consultation,The hospital strategy concept document has been developed and ready for consultation,Not applicable,None required,ospital Strategy concept document is finalised and submitted to NHC for approval,Hospital Strategy concept document finalized,Delays in approval by National Hospital Coordinating Commitee due to inputs,The hospital strategy concept document has been shared with all the HODs and it has been agreed that the Hospital Services can go ahead with the planned consultation meeting to develop the  strategy,Hospital strategy concept document is finalised for NHC approval,-,"Hospital Strategy
Concept document
is finalized 
",Delays in approval by National Hospital Coordinating Committee due to inputs,"The cluster Hospital and Tertiary Health Services was strengthened through the employment of the Chief Director halfway during the period under review.  The Hospital Strategy Concept document was presented at National Hospital Coordinating Committee which recommended for it to be adopted at NHC Tech. The National Hospital Coordinating Committee and all Heads of Department have been informed about the planned consultations.
",,204
Health,Health,National,PROGRAMME 6: HEALTH SYSTEM GOVERNANCE and HUMAN RESOURCES FOR HEALTH,FOOD CONTROL,Quarterly,Draft Food labelling regulations published,Non-Standardized,Not  Applicable,"Priority 3: Education, Skills And Health","The Social Protection, Community and Human Development cluster","Review of written 
comments on draft regulations","Reviewing of 
comments commenced. Organised Industry engagement held on 30 May 2023","Draft Regulations published 21 April 2023 
with deadline for comments 21 July 2023. Due to incorrect Regulations being published and correct Regulations end of comment period being 21 July, the full review of comments is not possible.","Officials are consolidating comments received, however the quarterly target will not be achievable due to the alternate and extended  deadline proposed as 30 September 2023",Meetings with key stakeholders on comments,Capturing of comments received  on the Draft Food labelling regulations,"The comment period only ended on 21 July, so comments have not been reviewed in order to determine Stakeholder Engagement List.  Additionally Stakeholders requested an extension and this was extended to 21 September 2023",Officials are capturing the comments as received. Review can only begin after the comment period has closed,Prepare revisions to regulations for submission to Legal services,Preparation of revisions to the regulations for submission to Legal Services commenced,Industry requested Extension to Comment Period.  This was granted to 21 September 2023,Donor funding will be pursued to assist with capturing of comments as in excess of 400 voluminous sets of comments were received,Legal services to review amendments on regulations,Collation and Capturing of Comments,Industry requests for additional time to comment,Industry requests for additional time to comment. Delays from the Donor in recruitment,Review comments on Food Labelling Regulations,-,Comments on the Draft Food labelling regulations were captured and analyzed,Republication of the draft regulations following request from stakeholders for additional opportunity for consultation process,Additional resources accessed through Donor funding to assist with capturing of comments as in excess of the received 400 voluminous sets of comments on Draft Food labelling regulations,,204
Health,Health,National,PROGRAMME 6: HEALTH SYSTEM GOVERNANCE and HUMAN RESOURCES FOR HEALTH,HUMAN RESOURCES FOR HEALTH,Quarterly,Community Service Policy reviewed with recommendations,Non-Standardized,Not  Applicable,"Priority 3: Education, Skills And Health","The Social Protection, Community and Human Development cluster","Consultation with 
Provincial Human Resources for Health divisions on proposed recommendations by NDOH","Consultations 
conducted with National and Provincial Human Resources for Health divisions on proposed recommendations by NDOH.",Not applicable,None required,Broad consultation of key stakeholders on proposed policy changes,"Consultations with stakeholders on proposed policy changes underway, to date with Professional Associations and South African Committee of Medical Deans (SACMD) and National Human Resources Committee (NHRC)",Not applicable,None required,Alignment of the Professionals Regulator with the approved and adopted reviewed Policy outcomes,"NHC resolved that Internship and Community Service programme be continued in the same method for the next five years,
with emphasis on strengthened clinical governance for monitoring, support and mentoring/coaching community service personnel",Not applicable,None required,"Recommendations of the Reviewed
Community service Policy finalised for NHC approval",Presentation done at during the NHC Tech meeting held on 27 March 2024 to capture way forward on the Community Service Policy review approval.,Financial Constraints,None required,"Recommendations of the Reviewed
Community service Policy finalised",-,Presentation done during the NHC Tech meeting held on 27 March 2024 to capture way forward on the Community Service Policy review approval,Financial Constrains,Review of recommendations on the Community service Policy will commence in the new financial year. The process will be strengthened to focus and intensely critic the following aspects: Service delivery needs; Inclusivity of all health professional categories; Social obligation for employing professionals by Government; and Shared services platforms with social cluster departments.,,204
Health,Health,National,PROGRAMME 6: HEALTH SYSTEM GOVERNANCE and HUMAN RESOURCES FOR HEALTH,HUMAN RESOURCES FOR HEALTH,Quarterly,Number of Health Districts Implementing the Human Resource Information solution (HRIS),Non-Standardized,Not  Applicable,"Priority 3: Education, Skills And Health","The Social Protection, Community and Human Development cluster","	Developm
ent of a change management plan for the implementation of the HRIS by Health Districts","Change Managem
ent Plan for the implementation of the HRIS by Health District developed.",Not applicable,None required,Rollout the HRIS solution in 10 Health Districts,"Conducted Provincial consultation engagements in accelerating the rollout of HRIS to 10 Health Districts in 7 Provinces (EC, FS, KZN, MP, NC, NW, WC) with all Districts representatives in attendance",Not applicable,None required,Rollout the HRIS solution in 10 Health Districts,HRIS has been rolled out to 37 districts. All these districts have trained and most have registered end-users,Not applicable,None required,Rollout the HRIS solution in 10 Health Districts,HRIS solution rolled out in 38 Districts. A total of 330 users were trained in HRIS,Not applicable,None required,Roll out the Human Resource information solution (HRIS) in 30 Health Districts,-,HRIS solution rolled out in 38 Districts,Not applicable,None required,,204
Health,Health,National,PROGRAMME 6: HEALTH SYSTEM GOVERNANCE and HUMAN RESOURCES FOR HEALTH,NURSING SERVICES,Quarterly,Number of nursing colleges supported to develop curricula for nurse/ midwife specialist training,Non-Standardized,Not  Applicable,"Priority 3: Education, Skills And Health","The Social Protection, Community and Human Development cluster","To support 3 public 
Nursing Colleges in curriculum development for prioritized Nurse and Midwife Specialist training programmes","Supported 3 public 
Nursing Colleges in curriculum development for prioritized Nurse and Midwife Specialist training programmes, namely the Forensic Nursing Programme",Not applicable,None required,To support 3 public Nursing Colleges in curriculum development for prioritized Nurse and Midwife Specialist training programmes,"Supported 3 public Nursing Colleges in curriculum development for prioritized Nurse and Midwife Specialist training programmes,ie: Eastern Cape (Lilitha) College of Nursing; Limpopo College of Nursing and North West College of Nursing",Not applicable,None required,To support 3 public Nursing Colleges in curriculum development for prioritized Nurse and Midwife Specialist training programmes,"Supported 3 public Nursing Colleges in curriculum development for prioritized Nurse and Midwife Specialist training programmes, ie: Free State School of Nursing;  Mpumalanga College of Nursing and Henrietta Stockdale (Northern Cape) Nursing College",Not applicable,None required,"Develop a report for 9 public Nursing
Colleges on curriculum development for prioritized nurse and midwife specialist training pro- grammes",A report was developed with regards to  curriculum development for prioritized nurse and midwife specialist training programs in the 9 public Nursing Colleges,Not applicable,None required,9 Public Nursing Colleges supported to develop curricula for prioritized Nurse and Midwife Specialist training programmes,-,"9 public Nursing
Colleges supported to develop curricula for prioritized Nurse and
Midwife Specialist
Training programmes
",Not applicable,None required,,204
Health,Health,National,PROGRAMME 6: HEALTH SYSTEM GOVERNANCE and HUMAN RESOURCES FOR HEALTH,PUBLIC ENTITIES,Quarterly,Number of Boards/Councils appointment recommendations made prior expiry of the term of office ,Non-Standardized,Not  Applicable,"Priority 3: Education, Skills And Health","The Social Protection, Community and Human Development cluster","Call for nominations
published in the National newspapers and in the Gazette for the SAPC and SANC","Call for 
nominations published in the National Newspapers and the gazette for the SANC.","The SAPC published a Correction notice: 
regarding 
the election/appointment of council members (board notice 184/2018) on 12 May 2023. In terms of the correction notice, the term of office of the current Council expires on the 31st of December 2023. 

","The call for nominations for members of the SAPC will be 
published in July 2023 - six months prior to the expiry of the term of office.",Call for nominations published in the National newspapers and in the Gazette for the CMS; Appointment of SAPC and SANC for the new term of office,Appointment of the SANC for the new term of office. Call for nominations not published in the National Newspapers and the gazette for the CMS and SAPC,"The SAPC published a Correction notice: regarding the election/appointment of council members (board notice 184/2018) on 12 May 2023. In terms of the correction notice, the term of office of the current Council expires on the 31st of December 2023.",SAPC will be appointed by December 2023,CMS appointed for the new term of office,Appointment of the CMS Board for the new term of office,Not applicable,None required,Not Applicable,Not applicable,Not applicable,None required,"Three (3) Boards/ 
Council appointed for the new term of office (SAPC, SANC and CMS",-,"Four (4) Boards/Council appointment recommendations 
made prior expiry of the term of office (SAPC,SANC, ITHPCSA and CMS)
",The term of office of the ITHPCSA expired in April 2019. The process to appoint the new council was put on hold owing to various processes that needed to be undertaken including consultation by the Minister with Traditional Health Practitioners Stakeholders. The Traditional Medicine Summit took place on 23-24 February 2023 wherein a resolution was made for the  ITHPCSA to be appointed within three months from the summit date. ,None required,,204
Health,Health,National,PROGRAMME 6: HEALTH SYSTEM GOVERNANCE and HUMAN RESOURCES FOR HEALTH,PUBLIC ENTITIES,Quarterly,Statutory Health Professional Councils and Public Entities governance report produced,Non-Standardized,Not  Applicable,"Priority 3: Education, Skills And Health","The Social Protection, Community and Human Development cluster","Not applicable
","Not applicable
","Not applicable
",None required,Statutory Health Professional Councils and Public Entities governance report produced,Statutory Health Professional Councils and Public Entities Bi-Annual Governance Report Produced,Not applicable,None required,Not Applicable,Not applicable,Not applicable,Not applicable,Statutory Health Professional Councils and Public Entities governance report produced,Statutory Health Professional Councils and Public Entities governance report produced,Not applicable,None required,Bi-annual governance report produced,-,"Bi-annual governance 
report produced",Not applicable,None required,,204
Health,Health,National,PROGRAMME 6: HEALTH SYSTEM GOVERNANCE and HUMAN RESOURCES FOR HEALTH,QUALITY ASSURANCE,Quarterly,Number of health facilities implementing the National Health Quality Improvement Programme,Non-Standardized,Not  Applicable,"Priority 3: Education, Skills And Health","The Social Protection, Community and Human Development cluster","50 PHC Facilities 
and 40 Hospitals implementing the National Health Quality Improvement Programme","1584 PHC Facilities
 and 7 Hospitals implementing the National Health Quality Improvement Programme","The Ideal Hospital 
module was only opened
 for capturing by mid-June 2023 as the system was updated to be aligned with Office of Health Standards Compliance  measures.","The system was opened to allow hospitals to 
capture self-assessments. Continuous communication with provincial Quality Assurance managers to ensure they capture self-assessments by end of the 2nd quarter.",100 PHC Facilities and 80 Hospitals implementing the National Health Quality Improvement Programme,2492 PHC Facilities and 211 Hospitals implementing the National Health Quality Improvement Programme,Increased cooperation by provinces through conducting self-assessment and capturing such on the system,Encourage and offer support to provinces to have all health establishments self-assessments conducted,150 PHC Facilities and 120 Hospitals implementing the National Health Quality Improvement Programme,2560 PHC Facilities and 245 Hospitals implementing the National Health Quality Improvement Programme,Increased cooperation by provinces to conduct self-assessment and capturing such on the system,Encourage and offer support to provinces to have all health establishments self-assessments conducted,200 PHC Facilities and 160 Hospitals implementing the National Health Quality Improvement Programme,"2907 PHCs and 270
Hospitals implementing the National Health Quality Improvement Programme",Increased cooperation by provinces,None required,200 PHC Facilities and 160 Hospitals implementing the National Health Quality Improvement Programme,-,"2907 PHC Facilities
and 270 Hospitals
implementing the National Health Quality Improvement
Programme 

","Increased cooperation by provinces 
",None required,,204
Health,Health,National,PROGRAMME 6: HEALTH SYSTEM GOVERNANCE and HUMAN RESOURCES FOR HEALTH,QUALITY ASSURANCE,Quarterly,Number of primary health care facilities that qualify as ideal clinics,Non-Standardized,Not  Applicable,"Priority 3: Education, Skills And Health","The Social Protection, Community and Human Development cluster","Baseline status 
determination commencing for 3400 PHC
facilities
","2672 Primary 
Health Care facilities conducted baseline status determination
","Agreement of tool 
elements with all stakeholders (provinces and Office of Health Standards Compliance) was delayed and the system was opened  only in June 2023 for health facilities

","Outstanding data upload should be completed by 14 July as
 per the official extension period given to facilities and  both districts and provinces will monitor the task
","Baseline status determination completed for 3400 PHC facilities
",Baseline status determination completed for 3376 PHC facilities,Some facilities could not conduct baseline status determinations due to temporary closure to allow for renovations or major infrastructure construction projects,Facilities are encouraged to conduct baseline status determination as soon as the infrastructure projects are completed,"Develop scale-up plan and conduct cross district peer reviews of Ideal clinic status
",A scale-up plan was developed  and cross-district peer reviews were  conducted on 15 primary healthcare facilities for  Ideal clinic status,Not applicable,None required,"Peer review updated with
2600 PHC
facilities that Qualify as Ideal Clinic
",Peer review updated with 2706 PHC facilities that Qualify as Ideal Clinic,Facility managers and District PPTICRMs have prioritized the Quality Improvement Plans,None required,2600PHC Facilities that qualify as ideal clinic,-,"2706 PHC Facilities that qualify as ideal clinics
","Facility managers and the District Perfect Permanent Teams for Ideal Clinic Realisation and Maintenance (PPTICRMs) have prioritized the Quality Improvement Plans
",None required,,204
Labour,Employment and Labour,National,Programme 1: Administration,Programme 1: Administration,Quarterly,1.1 Percentage vacant funded posts maintained ,Non-Standardized,Not  Applicable,"Priority 1: A Capable, Ethical and Developmental State","Governance, State Capacity and Institutional Development cluster",7% or less per quarter,6.83% achieved (380 vacant out of 5 562 posts) as on last day of quarter,Management of the department is committed to ensure that vacancies are prioritized as a result they are included as an agenda item in all our strategic and operational meetings.,None,7% or less per quarter,Achieved. 6.78%  (377 vacant out of 5 559 posts) as on last day of quarter,Management of the department is committed to ensure that vacancies are prioritized as a result they are included as an agenda item in all our strategic and operational meetings.,To continue with the current measures.,7% or less per quarter,7.66%,"The department increased the intensity on filling of vacancies irrespective of the moratorium, the revision of the target added to this as it was anticipated that the moratorium will have a negative impact on filling of vacant posts.",To prioritize filing of identified critical/priority posts. ,7% or less per quarter,"Achieved
8.63% achieved (480 vacant out of 5 559 posts) as on last day of quarter","The department had already filled a substantial amount 
of vacancies just before the moratorium.",None - as the percentage were adjusted to 9.9% in October 2023 after the moratorium was issued,7% or less per quarter,-,"Achieved

Q1 - 6.83%
Q2 - 6.78%
Q3 - 7.66%
Q4 - 8.63%
","The Department had already filled a substantial amount of vacancies just before the moratorium was issued.
Since then the number of vacancies increased due to retirements, transfers, passing of officials and resignations.  These positions remain unfilled
",None as the target was adjusted,"Achieved

Q1 - 6.83%
Q2 - 6.78%
Q3 - 7.66%
Q4 - 8.63%
",204
Labour,Employment and Labour,National,Programme 1: Administration,Programme 1: Administration,Quarterly,2.1 % of SMS positions occupied by women per annum,Non-Standardized,Not  Applicable,"Priority 1: A Capable, Ethical and Developmental State","Governance, State Capacity and Institutional Development cluster",N/A,N/a,,,49% of SMS positions occupied by women,Not achieved. 46.8% of SMS positions occupied by women	,"Service termination through retirements, resignations and/or termination of employment contract.
Male candidate(s) appointed during recruitment and selection processes based on their performance during the interviews which results in not achieving the target and there needs to deliberate efforts by panelists to appoint females at SMS and it should be obvious from the onset through the shortlisting process.
","•A need to be deliberate about achieving set target during recruitment and selection processes by the recruitment and selection panels.
•Prioritise development of Women at MMS and SMS levels to prepare them for upward mobility.
•Explore head hunting during recruitment and selection processes where necessary
",N/A,N/A,,N/A,49% of SMS positions occupied by women,"Achieved
46% (36 of 79)",N/A,None - as the percentage were adjusted to 46% in October 2023 after the moratorium was issued,49% of SMS positions occupied by women,-,"Achieved

46% (36 of 79 filled posts)
",n/a,None as the target was adjusted,"Achieved

46% (36 of 79 filled posts)
",204
Labour,Employment and Labour,National,Programme 1: Administration,Programme 1: Administration,Quarterly,2.2  % of positions occupied by youth per annum,Non-Standardized,Not  Applicable,"Priority 1: A Capable, Ethical and Developmental State","Governance, State Capacity and Institutional Development cluster",N/A,n/a,,,23.5%,Not achieved. 23.02% of positions occupied by youth per annum,Transfer out of the Department and termination of service.,"•Need to deliberate about the set targets during recruitment and selection processes
•Prioritise development of  youth through granting of bursaries and formal training programmes to prepare them for upward mobility.
",N/A,N/A,N/A,N/A,25%,"Not Achieved
21.2% (1077 of 5079)","The directive on the implementation of 
control measures aimed at assisting 
executive authorities in managing fiscal 
sustainability during the process of 
creating and filling vacant posts in 
departments. (All vacancies are frozen 
owing to this Directive).","The management should focus on 
employment of youth during 
recruitment and selection process.",25% ,-,"Not Achieved

21.2% (1 077 of 5 079 filled posts)
","26% of terminations in the Department are from the youth. 

The vacancy rate in the Department has increased compared to previous financial year.  ",,"Not Achieved

21.2% (1 077 of 5 079 filled posts)
",204
Labour,Employment and Labour,National,Programme 1: Administration,Programme 1: Administration,Quarterly,2.3 % of positions occupied by PwDs per annum,Non-Standardized,Not  Applicable,"Priority 1: A Capable, Ethical and Developmental State","Governance, State Capacity and Institutional Development cluster",N/A,n/a,,,2.6%,Not achieved. 2.45% positions occupied by PwDs per annum,Service terminations resignations / transfers (termination of service),"•Improved access to Departmental vacancies through availing adverts to organisations responsible for people with disabilities.
•Capacitate the targeted group within the Department to prepare them for upward mobility when opportunities arise.
•To be deliberate about advising the set targets during recruitment and selection processes.
•Advocacy sessions to create awareness and improved disclosure.
",N/A,N/A,N/A,N/A,3% ,"Not Achieved
2.5% (127 of 5079)","The directive on the 
implementation of control 
measures aimed at assisting 
executive authorities in 
managing fiscal sustainability 
during the process of creating 
and filling vacant posts in 
departments. (All vacancies 
are frozen owing to this 
Directive.","The management should focus on employing people 
with disabilities.",3% ,-,"Not Achieved

2.5% (127 of 5 079 filled posts)","The vacancy rate in the Department has increased compared to previous financial year.  The moratorium made it difficult to fill all positions including attracting PwDs

",,"Not Achieved

2.5% (127 of 5 079 filled posts)",204
Labour,Employment and Labour,National,Programme 1: Administration,Programme 1: Administration,Quarterly,3.1 % implementation of the roadmap to improve Information Security status of the department per annum,Non-Standardized,Not  Applicable,"Priority 1: A Capable, Ethical and Developmental State","Governance, State Capacity and Institutional Development cluster",25% Implementation of roadmap  phase 1  ,25% implementation of roadmap Phase 1 achieved for the quarter 1.,,,50% Implementation of roadmap  phase 1  ,"Achieved 
50% implementation of roadmap achieved for the quarter 2.
",None,None,75% Implementation of roadmap  phase 1  ,75% implementation of roadmap achieved for the quarter 3.,None,N/A,100% Implementation of roadmap  phase 1  ,"Achieved 
100% 
implementation 
of roadmap 
achieved for 
the quarter 4.",N/A,N/A,100% Implementation of roadmap  phase 1  ,-,"Achieved

100% Implementation of roadmap phase 1 completed

",n/a,,"Achieved

100% Implementation of roadmap phase 1 completed
",204
Labour,Employment and Labour,National,Programme 1: Administration,Programme 1: Administration,Quarterly,3.2 Legacy systems transitioned to modern integrated SAP Platform per annum,Non-Standardized,Not  Applicable,"Priority 1: A Capable, Ethical and Developmental State","Governance, State Capacity and Institutional Development cluster",N/A,n/a,,,User acceptance testing submitted to user for sign-off,"Not achieved. Show and Tell for Employment Equity, Collective Bargaining, LMIS and Employment Standard is completed. For International Relations Show and Tell, Unit and Integration Testing and UAT Complete",LPIR should have been fully deployed by the service provider by 3/7/2023. The delays can be attributed to the Service Providers deploying all their resources for the IES and PES Go Live on 1/7/2023 at the expense of their commitment to have LPIR done by 7 July 2023.,"For UATs not achieved, the following are revised dates:
Employment Standards- 21 February 2024
Collective Bargaining- 22 January 2024
Employment Equity- 22 November 2023
LMIS- 4 March 2024
",Super user training conducted,"Not Achieved  
For International Relations the super user training is concluded and the system has been deployed.
",LPIR should have been fully deployed by the service provider by 3/7/2023. The delays can be attributed to the Service Providers deploying all their resources for the IES and PES Go Live on 1/7/2023 at the expense of their commitment to have LPIR as originally planned 7 July 2023.,"For UATs not achieved, the following are revised dates:
Employment Standards- 17 July 2024
Collective Bargaining- 23 July 2024
Employment Equity- 10 July 2024
LMIS- 24 July 2024
",LP & IR system go life,"Not Achieved 
For International Relations the 
system went live on 30 November 
2023.
For Employment Equity unit show 
and tell and integration testing is 
complete and the UAT testing 
signoff is scheduled for 13 May 
2024.
Show and Tell for Collective 
Bargaining, LMIS and Employment 
Standard is completed. UAT 
signoffs remain outstanding.","LPIR should have been fully 
deployed by the service 
provider by 3/7/2023. The 
delays can be attributed to 
the Service Providers 
deploying all their resources 
for the IES and PES Go Live on 
1/7/2023 at the expense of 
their commitment to have 
LPIR as originally planned on 7 
July 2023.","For Go Live’s not achieved, the following are the 
revised Go Live dates:
Employment Standards- 23 October 2024
Employment Equity- 8 August 2024
Collective Bargaining- 26 July 2024
LMIS- 24 July 2024
Employment Standards- 23 October 2024.",Provisioning of LP & IR systems on an integrated ICT Platform ,-,"Not Achieved

For International Relations the system went live on 30 November 2023.
For Employment Equity unit show and tell and integration testing is complete and the UAT testing signoff is scheduled for 13 May 2024.
Show and Tell for Collective Bargaining, LMIS and Employment Standard is completed. UAT signoffs remain outstanding.
",LPIR should have been fully deployed by the service provider by 3/7/2023. The delays can be attributed to the Service Providers deploying all their resources to prioritise the IES and PES Go Live on 1/7/2023 at the expense of their commitment to have LPIR as originally planned on 7 July 2023,,"Not Achieved

For International Relations the system went live on 30 November 2023.
For Employment Equity unit show and tell and integration testing is complete and the UAT testing signoff is scheduled for 13 May 2024.
Show and Tell for Collective Bargaining, LMIS and Employment Standard is completed. UAT signoffs remain outstanding.
",204
Labour,Employment and Labour,National,Programme 1: Administration,Programme 1: Administration,Quarterly,4.1 Ensure functionality of ethics structures and adequate capacity per annum,Non-Standardized,Not  Applicable,"Priority 1: A Capable, Ethical and Developmental State","Governance, State Capacity and Institutional Development cluster",Roll Out of the Ethics Management Plan activities for Q1 ,100% achieved  of the Ethics Management Plan,,,Roll Out of the Ethics Management Plan activities for Q2 ,Not achieved. 87.5%,Ethics Committee meeting rescheduled to Q3 due to appointment of new members.,Ethics Committee meeting rescheduled to Q3.,Roll Out of the Ethics Management Plan activities for Q3 ,"Achieved

100%
",N/A,N/A,Roll Out of the Ethics Management Plan activities for Q4,"Achieved
100%",N/A,N/A,Roll out of the Ethics Management Plan for the year,-,"Not Achieved

Ethics Strategy and implementation plan not in place and therefore achievements cannot be confirmed
",Ethics strategy and Ethics implementation plan has not been compiled and approved due to limited human resources,,"Not Achieved

Ethics Strategy and implementation plan not in place and therefore achievements cannot be confirmed
",204
Labour,Employment and Labour,National,Programme 1: Administration,Programme 1: Administration,Quarterly,4.2 Percentage of corruption/fraud cases finalised by Department through investigations within 6 months of receipt,Non-Standardized,Not  Applicable,"Priority 1: A Capable, Ethical and Developmental State","Governance, State Capacity and Institutional Development cluster",N/A,n/a,,,75% of cases finalised within 6 months of receipt,Not achieved. 63 % of cases finalised within 6 months of receipt," Capacity constrains to deal with the backlog and new cases received.

",A panel of service providers which can provide the Department of Employment and Labour (DEL) with Forensic and Investigation service has been appointed. ,N/A,N/A,N/A,N/A,75% of cases finalised within 6 months of receipt,"Not Achieved
40% (8 of 20)","Capacity Constrains to deal with the 
backlog and new cases received.","A panel of service providers which 
can provide the Department of 
Employment and Labour (DEL) with 
Forensic and Investigation service 
has been appointed.",75% of cases finalised within 6 months of receipt,-,"Not Achieved

54% of cases finalised within 6 months of receipt
(27 out of 50 cases)
",Capacity constrains to deal with the backlog and new cases received.,,"Not Achieved

54% of cases finalised within 6 months of receipt
(27 out of 50 cases)
",204
Labour,Employment and Labour,National,Programme 1: Administration,Programme 1: Administration,Quarterly,4.3 Percentage of consequence management cases related to corruption cases finalised by Employment Relations (ER) through investigation within 90 days,Non-Standardized,Not  Applicable,"Priority 1: A Capable, Ethical and Developmental State","Governance, State Capacity and Institutional Development cluster",80% percent of consequence management cases related to corruption cases finalised within 90 days,The current cases are still within the 90 day period we cannot provide a measure of achievement at this stage,"Employment Relations has 90 working days to finalize all misconduct cases. The case received within the quarter is still within the required time frame.

There are no departmental cases

(Cases finalized during period are UIF and Compensation fund cases).

",Employment Relations will endeavor to finalize the remaining cases within the prescribed time frame of 90 days.,80% percent of consequence management cases related to corruption cases finalised within 90 days,Achieved. Total number of actual DEL Fraud cases finalized within 90 days during Q2 = 0 (The case is still within 90 days).  ,Employment Relations has 90 working days to finalize all misconduct cases. The case received within the quarter is still within the required time frame.,Employment Relations will endeavor to finalize the remaining cases within the prescribed time frame.,80% percent of consequence management cases related to corruption cases finalised within 90 days,"Achieved

Total number of actual DEL Fraud cases finalized within 90 days during Q3 = 0 (The case is still within 90 days).
",Employment Relations has 90 working days to finalize all misconduct cases. The case received within quarter 3 is still within the required timeframe.,Employment Relations will endeavor to finalize the outstanding cases within the prescribed timeframe of 90 days.,80% percent of consequence management cases related to corruption cases finalised within 90 days,"Achieved
Total number of actual DEL 
Fraud cases finalized within 
90 days during Q = 0 (The 
case is still within 90 days).","Employment Relations has 90 working days 
to finalize all misconduct cases. The case 
received within quarter 4 are still within 
the required timeframe.","Employment Relations will 
endeavor to finalize the 
outstanding cases within the 
prescribed timeframe of 90 
days.",80% percent of consequence management cases related to corruption cases finalised within 90 days,-,"Achieved 

83% (5 of 6 cases received for the year) 
","Employment Relations has 90 working days to finalise all misconduct cases. The outstanding case was received within the last quarter and is still within the required time frame
",,"Achieved 

83% (5 of 6 cases received for the year) 
",204
Labour,Employment and Labour,National,Programme 1: Administration,Programme 1: Administration,Quarterly,5.1 Business Continuity Plan evaluated annually,Non-Standardized,Not  Applicable,"Priority 1: A Capable, Ethical and Developmental State","Governance, State Capacity and Institutional Development cluster",Conduct threat and vulnerability assessment to identify and assess threats of disruptions,"Threat and vulnerability assessments were conducted except for PES Branch within the quarter.
The threat and vulnerability for the following business units were conducted however still waiting for the submissions of the questionnaires:
1. Chief Directorate: OHS 
2. Chief Directorate: International Relations
3. Directorate: Labour Market Information and Statistics
4. Directorate: Security Services
",Unavailability of required stakeholders,"The threat and vulnerability assessment for PES took place on the 21st July 2023. Follow up sessions for incomplete questionnaires are held to speed up submission of questionnaires.

",Consultation and gathering of all disaster management plans to develop Business Continuity Plan,Achieved. The DRP (Disaster Recovery Plan) and Incident management plan (Contingency Plan) were obtained from ICT and Security  Services as part of gathering of disaster management plans.,None,None,Consultation and gathering of all disaster management plans to develop Business Continuity Plan,"Achieved
The Incident Management and ICT Business Continuity Plan were obtained, including the results of Business Impact Analysis are currently being incorporated into the Draft Business Continuity Plan. 
",N/A,N/A,Finalise and approve the Business Continuity Plan,"Not Achieved
The Business Continuity Plan has been finalised and 
recommended for approval by the National Risk Management 
Committee to the Director-General in the meeting held in 
February 2024. ",Awaiting sign-off by DG.,Submission is with the DG.,Development of the Business Continuity Plans,-,"Not Achieved

The Business Continuity Plan has been finalised and recommended for approval by the National Risk Management Committee to the Director-General in the meeting held in February 2024. Awaiting sign-off by DG.
","Process was delayed and the Business Continuity Plan was approved in April 2024

",,"Not Achieved

The Business Continuity Plan has been finalised and recommended for approval by the National Risk Management Committee to the Director-General in the meeting held in February 2024
",204
Labour,Employment and Labour,National,Programme 1: Administration,Programme 1: Administration,Quarterly,6.1 Number of Annual Financial Statements (AFS) and Interim Financial Statements (IFS) submitted per year that comply with guidelines issued by the National Treasury,Non-Standardized,Not  Applicable,"Priority 1: A Capable, Ethical and Developmental State","Governance, State Capacity and Institutional Development cluster",1 AFS submitted by 31 May,AFS submitted by the 31 May 2022,,,1 IFS by 31 July 2023,Achieved. IFS submitted by the 31 July 2023.,None,None,1 IFS by 31 October 2023,"Achieved
IFS submitted by the 31 October 2023.
",N/A,N/A,1 IFS by 31 January 2024,"Achieved
IFS submitted by the 31 January 2024",None,None,"1 AFS by 31 May, and 3 IFS 30 days after each quarter",-,"Achieved
AFS submitted by the 31 May 2023
IFS1 submitted by the 31 July 2023
IFS2 submitted by the 31 October 2023
IFS3 by 31 January 2024
",,,"Achieved
AFS submitted by the 31 May 2023
IFS1 submitted by the 31 July 2023
IFS2 submitted by the 31 October 2023
IFS3 by 31 January 2024
",204
Labour,Employment and Labour,National,Programme 1: Administration,Programme 1: Administration,Quarterly,"7.1 Percentage reporting of all detected Irregular and/or Unauthorised expenditure cases per financial year, to the Accounting Officer",Non-Standardized,Not  Applicable,"Priority 1: A Capable, Ethical and Developmental State","Governance, State Capacity and Institutional Development cluster",100% reporting of the detected occurrences,100% achieved  (5 of 5),,,100% reporting of the detected occurrences,Achieved. 100% (Irregular Expenditure detected and reported)    ,None,None,100% reporting of the detected occurrences,"Achieved
No Irregular Expenditure cases for the reporting period.    
",N/A,N/A,100% reporting of the detected occurrences,"Achieved
No Irregular Expenditure 
cases for the reporting period.",None,None,100% reporting of the detected occurrences,-,"Achieved
100% Irregular Expenditure cases for the reporting period reported (12 of 12 cases)
Amounts will be disclosed after the audit before tabling
",,,"Achieved
100% Irregular Expenditure cases for the reporting period reported (12 of 12 cases)
R62 787 000
",204
Labour,Employment and Labour,National,Programme 1: Administration,Programme 1: Administration,Quarterly,"8.1 Percentage reporting of all detected Fruitless and Wasteful Expenditure cases per financial year, to the Accounting Officer",Non-Standardized,Not  Applicable,"Priority 1: A Capable, Ethical and Developmental State","Governance, State Capacity and Institutional Development cluster",100% reporting of the detected occurrences,100% achieved  (27 of 27),,,100% reporting of the detected occurrences,Achieved. 100% (Fruitless and Wasteful Expenditure detected and reported)    ,None,None,100% reporting of the detected occurrences,"Achieved
100% (Fruitless and Wasteful Expenditure detected and reported).    
",N/A,N/A,100% reporting of the detected occurrences,"Achieved
100% (57 cases detected and reported) Fruitless and Wasteful 
Expenditure detected and 
reported).",None,None,100% reporting of the detected occurrences,-,"Achieved

100% (Fruitless and Wasteful Expenditure 122 detected and 122 reported)

Amounts will be disclosed after the audit and before tabling

",,,"Achieved

100% (Fruitless and Wasteful Expenditure 122 detected and 122 reported)

R981 000
",204
Labour,Employment and Labour,National,Programme 2: Inspection and Enforcement Services,Programme 2: Inspection and Enforcement Services,Quarterly,1.1 Number of employers / workplaces /users inspected per year to determine compliance with employment law,Non-Standardized,Not  Applicable,Priority 2: Economic Transformation And Job Creation,"The Economic Sectors, Employment and Infrastructure Development cluster",74 526,75 272,The overachievement is as a result of blitz inspections conducted and improved planning.,"None, the Branch encourages over achievement as it benefits vulnerable workers.",149 052,Achieved. 149 112,"The overachievement is as a result of improved and proper planning. Where needed, blitz inspections were conducted. Inspectors are encouraged to embrace optimum performance.",None. The Branch encourages over achievement as it benefits vulnerable workers.,223 578,"Achieved
227 067
","The overachievement is as a result of improved and proper planning. Where needed, blitz inspections were conducted. Inspectors are encouraged to embrace optimum performance.","None, the Branch encourages over achievement as it benefits vulnerable workers.",298 104,"Achieved
308 799","The overachievement is as a result of 
improved and proper planning. Where 
needed, blitz inspections were
conducted. Inspectors are encouraged 
to embrace optimum performance.","None, the Branch encourages over 
achievement as it benefits vulnerable 
workers.",298 104,-,"Achieved

308 799
",,,"Achieved

308 799
",204
Labour,Employment and Labour,National,Programme 2: Inspection and Enforcement Services,Programme 2: Inspection and Enforcement Services,Quarterly,1.2 Percentage of non-compliant employers/ workplaces/users of those inspected served with a notice in terms of relevant employment law within 14 calendar days of the inspection,Non-Standardized,Not  Applicable,Priority 2: Economic Transformation And Job Creation,"The Economic Sectors, Employment and Infrastructure Development cluster",95%,100% of non-compliant employers / workplaces / users inspected served with a notice within 14 days   (17 353 of 17 385),A concerted effort was made to achieve the target. The Branch encourages the issuing of notices to non-compliant employers as it benefits the vulnerable workers and improves enforcement.,None,95%,"Achieved.
100%",A concerted effort was made to achieve the target. The Branch encourages the issuing of notices to non-compliant employers as it benefits the vulnerable workers and improves enforcement.,None,95%,"Achieved
99%
",A concerted effort was made to achieve the target. The Branch encourages the issuing of notices to non-compliant employers as it benefits the vulnerable workers and improves enforcement.,None,95%,"Achieved
99% (74 305 of 74 858)","A concerted effort was made to achieve the 
target. The Branch encourages the issuing 
of notices to non-compliant employers as it 
benefits the vulnerable workers and 
improves enforcement.",None,95%,-,"Achieved 
99% (74305 of 74858)
",,,"Achieved 
99% (74 305 of 74 858)
",204
Labour,Employment and Labour,National,Programme 2: Inspection and Enforcement Services,Programme 2: Inspection and Enforcement Services,Quarterly,1.3  Percentage of non-compliant employers/workplaces/users received by Statutory Services settled out of Court or CCMA / referred for prosecution within 30 working days,Non-Standardized,Not  Applicable,Priority 2: Economic Transformation And Job Creation,"The Economic Sectors, Employment and Infrastructure Development cluster",65%,71% of non-compliant employers / workplaces / users referred for prosecution within 30 days (1217 of 1712),The Branch puts a premium on decisively dealing with recalcitrant workplaces/employers. In instances where there would still be noncompliance after the issuance of notices; it is ascertained that these be dealt with.,None,65%,Achieved. 80%,The Branch puts a premium on decisively dealing with recalcitrant workplaces/employers. In instances where there would still be noncompliance after the issuance of notices; it is ascertained that these be dealt with.,None,65%,"Achieved
84%
","The Branch puts a premium on decisively dealing with recalcitrant workplaces/employers. In instances where there would still be noncompliance after the issuance of notices, it is ascertained that these be dealt with.",None,65%,"Achieved
89%
(6709 of 7583)","The Branch puts a premium on decisively dealing with 
recalcitrant workplaces/employers. In instances where 
there would still be noncompliance after the issuance of 
notices, it is ascertained that these be dealt with.",None,65%,-,"Achieved
89% (6 719 
 of 7 583)
",,,"Achieved
89% (6 719 
 of 7 583)
",204
Labour,Employment and Labour,National,Programme 2: Inspection and Enforcement Services,Programme 2: Inspection and Enforcement Services,Quarterly,1.4 Number of formal Advocacy sessions conducted per year to increase awareness of employment law,Non-Standardized,Not  Applicable,Priority 2: Economic Transformation And Job Creation,"The Economic Sectors, Employment and Infrastructure Development cluster","1 Seminar
Q1 - Occupational Health and Safety 
",1 Seminars and 0 conferences held,,,"1 seminar
Q2 - Employment Standards and Occupational Health and Safety 
1 Conference
","Achieved. 2 x Seminars and 
1 x Employment Standards Conference held.
","An additional Seminar on the Informal Economy was also held in addition to the Advocacy Seminar in Richards Bay, KZN. This was as a result of implementing the project on offering services to the informal economy.",None,"1 seminar
Q3 - Occupational Health and Safety and Employment Standards
","Achieved
2 x Conference
2 X Seminars
",The number of seminars and conferences planned for is an annual target. These will be spread throughout the financial year.,The achievement of the target is on course therefore there isn’t any remedial action needed in this regard.,"1 seminar
Q4 - Employment Standards
1 Conference
","Achieved
1 X Seminar","The Employment Standards Conference 
was held in Q3.","The achievement of the target is on 
course therefore there isn’t any 
remedial action needed in this regard.",4 x Seminars and 2 conferences to be held,-,"Achieved

9 X Seminars (Advocacy Sessions)
2 X Conferences

","The IES Branch responds to the ever changing and evolving South African Labour Market.  This essentially means that working and employment conditions in workplaces change all the time which necessitates that the IES Branch respond with the hosting of Advocacy Seminars/Workshops/Information Sessions/Conferences/Breakfast Sessions & Awareness Sessions in order to address a particular need and challenge as and when it arises.

Therefore, in as much as we can plan ahead during the start of a particular Financial Year to host a fixed number of Advocacy Sessions, the reality is that often we have to host more Advocacy Activities to timeously respond to challenges and issues confronting both employers, employees, employer organisations and trade unions

",,"Achieved

9 X Seminars (Advocacy Sessions)
2 X Conferences
",204
Labour,Employment and Labour,National,Programme 3: Public Employment Services,Programme 3: Public Employment Services,Annually,5.1 Number of Partnership Agreements concluded with various stakeholders by the DDG: PES per year,Non-Standardized,Not  Applicable,Priority 2: Economic Transformation And Job Creation,"The Economic Sectors, Employment and Infrastructure Development cluster",,,,,,,,,,,,,,,,,24,,"Achieved

25
",Increased co-operation with stake-holders to utilise ESSA for recruitment ,N/A,"Achieved

25
",204
Labour,Employment and Labour,National,Programme 3: Public Employment Services,Programme 3: Public Employment Services,Annually,6.1 Number of Job or Career Fairs conducted per year,Non-Standardized,Not  Applicable,Priority 2: Economic Transformation And Job Creation,"The Economic Sectors, Employment and Infrastructure Development cluster",,,,,,,,,,,,,,,,,6.1 Number of Jobs and or Career Fairs conducted in provinces per year,,"Achieved

13
",Additional fairs were conducted per request of the Minister,N/A,"Achieved

13
",204
Labour,Employment and Labour,National,Programme 3: Public Employment Services,Programme 3: Public Employment Services,Annually,7.1 A National Labour Migration Policy (NLMP) and Employment Services Amendment Bill  (ESAB) finalised and approved by the Minister for submission to Cabinet by end of the year,Non-Standardized,Not  Applicable,Priority 2: Economic Transformation And Job Creation,"The Economic Sectors, Employment and Infrastructure Development cluster",,,,,,,,,,,,,,,,,"1
NLMP and ESAB finalised and approved for submission to Cabinet by the Minister.
",,"Not Achieved

The NEDLAC consultations with social partners on NLMP & ESAB commenced in August 2023.
In December 2023 the Branch conducted a workshop for the Social Partners at NEDLAC on Labour Migration.
The second SEIAS certificate has been received from Presidency. 
The preliminary certification has been received from office of the Chief State Law Advisor.  
",Delays encountered in consultations with social partners and affected Departments.,"The pending submission to the Cabinet will pursued soonest in the new Administration. 
The Draft Implementation plan has been developed.
The Draft Policy and Bill will be presented to Cabinet and Parliament during the seventh administration between August/September 2024.
","Not Achieved

The NEDLAC consultations with social partners on NLMP & ESAB commenced in August 2023
In December 2023 the Branch conducted a workshop for the Social Partners at NEDLAC on Labour Migration
The second SEIAS certificate has been received from Presidency 
The preliminary certification has been received from office of the Chief State Law Advisor 
",204
Labour,Employment and Labour,National,Programme 3: Public Employment Services,Programme 3: Public Employment Services,Quarterly,1.1 Number of work-seekers registered on Employment Services of South Africa per year,Non-Standardized,Not  Applicable,Priority 2: Economic Transformation And Job Creation,"The Economic Sectors, Employment and Infrastructure Development cluster",207 000,268 947,High levels of unemployment and Increased capacity within the PES establishment,,432 000,"Achieved. 
472 180",High levels of unemployment and Increased capacity within the PES establishment.,N/A,639 000,"Achieved
753 051
",High levels of unemployment and Increased capacity within the PES establishment.,N/A,900 000,"Achieved
1 087 858","High levels of unemployment and 
Increased capacity within the PES 
establishment.",N/A,900 000,-,"Achieved

1 087 858 
",,,"Achieved

1 087 858 
",204
Labour,Employment and Labour,National,Programme 3: Public Employment Services,Programme 3: Public Employment Services,Quarterly,2.1 Number of employment opportunities registered on the Employment Services South Africa per year,Non-Standardized,Not  Applicable,Priority 2: Economic Transformation And Job Creation,"The Economic Sectors, Employment and Infrastructure Development cluster",27 500,57 159,Increase in capacity in the form of new 250 Interns recruited under the Presidential Stimulus Initiative and ESPs dedicated service to employers to register opportunities.,,55 000,"Achieved. 
91 760",Increase in capacity in the form of new 250 Interns recruited under the Presidential Stimulus Initiative and ESPs dedicated service to employers to register opportunities.,N/A,82 500,"Achieved
129 079
",Increase in capacity in the form of new 250 Interns recruited under the Presidential Stimulus Initiative and ESPs dedicated service to employers to register opportunities.,N/A,110 000,"Achieved
154 817","Increase in capacity in the form of new 250 
Interns recruited under the Presidential 
Stimulus Initiative and ESPs dedicated service 
to employers to register opportunities.",N/A,110 000,-,"Achieved

154 817
",,,"Achieved

154 817
",204
Labour,Employment and Labour,National,Programme 3: Public Employment Services,Programme 3: Public Employment Services,Quarterly,3.1 Number of registered work-seekers provided with employment counselling per year,Non-Standardized,Not  Applicable,Priority 2: Economic Transformation And Job Creation,"The Economic Sectors, Employment and Infrastructure Development cluster",60 000,105 055,Increase in capacity in the form of new  250 Interns recruited under the Presidential Stimulus Initiative and Employment Counsellor dedicated service to employers to assess and refer candidates.,,130 000,"Achieved.
185 255",Increase in capacity in the form of new  250 Interns recruited under the Presidential Stimulus Initiative and Employment Counselor dedicated service to employers to assess and refer candidates,N/A,185 000,"Achieved
261 893
",Increase in capacity in the form of new  250 Interns recruited under the Presidential Stimulus Initiative and Employment Counselor dedicated service to employers to assess and refer candidates.,N/A,250 000,"Achieved
333 395","Increase in capacity in the form of new 250 
Interns recruited under the Presidential 
Stimulus Initiative and Employment Counselor 
dedicated service to employers to assess and 
refer candidates.",N/A,250 000,-,"Achieved

333 395
",,,"Achieved

333 395
",204
Labour,Employment and Labour,National,Programme 3: Public Employment Services,Programme 3: Public Employment Services,Quarterly,4.1 Number of registered employment opportunities filled by registered work seekers per year,Non-Standardized,Not  Applicable,Priority 2: Economic Transformation And Job Creation,"The Economic Sectors, Employment and Infrastructure Development cluster",15 000,28 279,"Increased capacity at Labour Centre level, increase in the number of opportunities registered, high levels of matching , extensive counselling sessions, resulted in the higher uptake of referred candidates by employers.",,30 000,"Achieved.
47 519","Increased capacity at Labour Centre level, increase in the number of opportunities registered, high levels of matching , extensive counselling sessions, resulted in the higher uptake of referred candidates by employers.",N/A,45 000,"Achieved
71 017
","Increased capacity at Labour Centre level, increase in the number of opportunities registered, high levels of matching , extensive counselling sessions, resulted in the higher uptake of referred candidates by employers.",N/A,60 000,"Achieved
89 345","Increased capacity at Labour Centre level, increase 
in the number of opportunities registered, high 
levels of matching , extensive counselling sessions, 
resulted in the higher uptake of referred 
candidates by employers.",N/A,60 000,-,"Achieved

89 345
",,,"Achieved

89 345
",204
Labour,Employment and Labour,National,Programme 4: Labour Policy & Industrial Relations,Programme 4: Labour Policy & Industrial Relations,Annually,2.1 Annual EE Report and Public Register published per annum ,Non-Standardized,Not  Applicable,Priority 2: Economic Transformation And Job Creation,"The Economic Sectors, Employment and Infrastructure Development cluster",,,,,,,,,,,,,,,,,2022-2023 Annual EE Report published by 30 June 2023,,"ACHIEVED
2022-2023 Annual EE Report and Public Register published and launched on 23 June 2023
",None,None,"Achieved
2022-2023 Annual EE Report and Public Register published and launched on 23 June 2023
",204
Labour,Employment and Labour,National,Programme 4: Labour Policy & Industrial Relations,Programme 4: Labour Policy & Industrial Relations,Annually,2.2 Annual EE report  and Public Register developed per annum ,Non-Standardized,Not  Applicable,Priority 2: Economic Transformation And Job Creation,"The Economic Sectors, Employment and Infrastructure Development cluster",,,,,,,,,,,,,,,,,2023-2024 Annual EE report and Public Register developed by 31 March 2024,,"ACHIEVED
2023-2024 Annual EE Report and Public Register developed prior to 31 March 2024 (i.e. 2023-2024 EE Annual Report on 20 March 2024 and Public Register on 21 February 2024)
",N/A,N/A,"Achieved
2023-2024 Annual EE Report and Public Register developed prior to 31 March 2024 (i.e. 2023-2024 EE Annual Report on 20 March 2024 and Public Register on 21 February 2024)
",204
Labour,Employment and Labour,National,Programme 4: Labour Policy & Industrial Relations,Programme 4: Labour Policy & Industrial Relations,Annually,3.1  National minimum wage reviewed and approved by the Minister of Employment and Labour by 31 March each year,Non-Standardized,Not  Applicable,Priority 2: Economic Transformation And Job Creation,"The Economic Sectors, Employment and Infrastructure Development cluster",,,,,,,,,,,,,,,,,Review of the National Minimum Wage level by 31 March 2024,,"ACHIEVED
The National Minimum Wage level reviewed and published in the Government Gazette number 50073 dated 2 February 2024
",N/A,N/A,"Achieved
The National Minimum Wage level reviewed and published in the Government Gazette number 50073 dated 2 February 2024
",204
Labour,Employment and Labour,National,Programme 4: Labour Policy & Industrial Relations,Programme 4: Labour Policy & Industrial Relations,Quarterly,4.1  Percentage of collective agreements where parties are not representative assessed and verified within 120 working days of receipt per annum,Non-Standardized,Not  Applicable,Priority 2: Economic Transformation And Job Creation,"The Economic Sectors, Employment and Infrastructure Development cluster",100% of collective agreements where parties are not representative assessed and verified within 120 working days of receipt by 30 June 2023,No collective agreements received,,,100% of collective agreements where parties are not representative assessed and verified within 120 working days of receipt by 30 September 2023 ,Achieved. No collective agreements received.,N/A,N/A,100% of collective agreements where parties are not representative assessed and verified within 120 working days of receipt by 31 December 2023 ,"Achieved
No collective agreements received
",N/A,N/A,100% of collective agreements where parties are not representative assessed and verified within 120 working days of receipt by 31 March 2024,"Achieved
No collective agreements 
received.",N/A,N/A,100% of collective agreements where parties are not representative assessed and verified within 120 working days of receipt by 31 March 2024,-,"ACHIEVED
0 applications
",,,"Achieved
0 applications
",204
Labour,Employment and Labour,National,Programme 4: Labour Policy & Industrial Relations,Programme 4: Labour Policy & Industrial Relations,Quarterly,4.2 Percentage of collective agreements assessed and verified within 60 working days of receipt per annum,Non-Standardized,Not  Applicable,Priority 2: Economic Transformation And Job Creation,"The Economic Sectors, Employment and Infrastructure Development cluster",100% of collective agreements where parties are representative assessed and verified within 60 working days of receipt by 30 June 2023,100% (10/10),None,None, 100% of collective agreements where parties are representative assessed and verified within 60 working days of receipt by 30 September 2023,"Achieved.
100%",N/A,N/A,100% of collective agreements where parties are representative assessed and verified within 60 working days of receipt by 31 December 2023,"Achieved
100%
",N/A,N/A,100% of collective agreements where parties are representative assessed and verified within 60 working days of receipt by 31 March 2024,"Achieved
100% (5 of 5)",N/A,N/A,100% of collective agreements where parties are representative assessed and verified within 60 working days of receipt by 31 March 2024,-,"ACHIEVED

29 received: 
29 verified and extended to non-parties 
",,,"Achieved

29 received: 
29 verified and extended to non-parties 
",204
Labour,Employment and Labour,National,Programme 4: Labour Policy & Industrial Relations,Programme 4: Labour Policy & Industrial Relations,Quarterly,4.3 Social Compact Framework developed and submitted to NEDLAC for adoption by 31 March 2024,Non-Standardized,Not  Applicable,Priority 2: Economic Transformation And Job Creation,"The Economic Sectors, Employment and Infrastructure Development cluster",N/A,N/A,N/A,N/A,Draft Framework on Social Compact developed by 30 September 2023,"Not achieved.
Government has reached an agreement with Business South Africa on the following matters: Security of electricity supply, addressing the logistics, ports and rail, crime and skills challenges. Both Government and Business see these three priorities critical for stimulating economic growth and attracting direct investment imperative to fight unemployment, inequalities, and poverty.","It is because Government met with the social partners and agreed with Business to address issues of electricity, logistics, crime and skills. It was agreed Government must address these issues. ",N/A,N/A,The process was concluded in Q2.,N/A,N/A,Implementation report of the framework on agreed areas submitted by 31 March 2024,"Achieved Implementation report of the framework on agreed 
areas submitted by 31 March 2024","The process was concluded in 
Q2.",N/A,"Final Framework on Social Compact developed, tabled, and adopted at NEDLAC by 31 March 2024",-,"ACHIEVED
NEDLAC Social partners agreed on addressing electricity, crime, skills and port challenges 
",,,"Achieved
NEDLAC Social partners agreed on addressing electricity, crime, skills and port challenges 
",204
Labour,Employment and Labour,National,Programme 4: Labour Policy & Industrial Relations,Programme 4: Labour Policy & Industrial Relations,Quarterly,5.1  Percentage of labour organisations’ applications for registration approved or refused within 90 working days of receipt per annum,Non-Standardized,Not  Applicable,Priority 2: Economic Transformation And Job Creation,"The Economic Sectors, Employment and Infrastructure Development cluster",100% of labour organisations’ applications for registration approved or refused within 90 working days of receipt by 30 June 2023,"100% (39 Received, 38 refused and 1 Approved within 90 workdays)",None,None,100% of labour organisations’ applications for registration approved or refused within 90 working days of receipt by 30 September 2023,"Achieved.
100% (100% (35 Received, 31 refused and 4 Approved within 90 workdays).",N/A,N/A,100% of labour organisations’ applications for registration approved or refused within 90 working days of receipt by 31 December 2023,"Achieved
100% 
(100% (26 Received, 25 refused and 1 Approved within 90 workdays)
",N/A,N/A,100% of labour organisations’ applications for registration approved or refused within 90 working days of receipt by 31 March 2024,"Achieved
100%(28 received, 26 refused and 
2 approved within 90 workdays).",N/A,N/A,100% of labour organisations’ applications for registration approved or refused within 90 working days of receipt by 31 March 2024 ,-,"ACHIEVED
128 received:
120 Refused
•	8 Approved
",,,"Achieved
128 received:
120 Refused
8 Approved
",204
Labour,Employment and Labour,National,Programme 4: Labour Policy & Industrial Relations,Programme 4: Labour Policy & Industrial Relations,Quarterly,6.1 Number of progress reports on bilateral cooperation and multilateral obligations submitted to the minister annually,Non-Standardized,Not  Applicable,Priority 2: Economic Transformation And Job Creation,"The Economic Sectors, Employment and Infrastructure Development cluster",1 Annual implementation report submitted by 30 April 2023,1 Annual implementation report submitted by 28 April 2023,None,None,N/A,N/A,N/A,N.A,1 Mid-term implementation report submitted by 31 October 2023,"Achieved
Report on submitted on 30 October 2023 to Ministry
",N/A,N/A,N/A,N/A,N/A,N/A,"2 Reports on the implementation of bilateral cooperation and multilateral obligations signed off by the Minister annually:
•	Annual implementation report submitted to the Minister for sign-off by 30 April 2023
•	1 Mid –term implementation report submitted to the Minister by 31 October 2023 for sign-off
",-,"ACHIEVED
1 Annual implementation report submitted to Minister for sign off after 30 April 2023

ACHIEVED
1 Mid-term implementation report submitted to Minister for sign off by 31 October 2023

",,,"Achieved
1 Annual implementation report submitted to Minister for sign off after 30 April 2023

Achieved
1 Mid-term implementation report submitted to Minister for sign off by 31 October 2023

",204
Labour,Employment and Labour,National,Programme 4: Labour Policy & Industrial Relations,Programme 4: Labour Policy & Industrial Relations,Quarterly,7.1 Number of labour market trend reports produced per annum,Non-Standardized,Not  Applicable,Priority 2: Economic Transformation And Job Creation,"The Economic Sectors, Employment and Infrastructure Development cluster",N/A,N/A,N/A,N/A,,"Achieved.
Two annual labour market reports were produced and submitted for the Minister’s approval for further dissemination.",N/A,N/A,"2 Annual Labour market trend reports produced 

These annual reports include:
1. Annual Labour Market Bulletin 2022/23
2. Job Opportunity and Unemployment in the SA 2022/23
",N/A,N/A,N/A,N/A,"Achieved
Two annual labour market 
reports were produced as per 
the planned target and 
submitted for the Minister’s 
approval for further 
dissemination.",N/A,N/A,"4 Annual Labour market trend reports produced by 31 March 2024
These annual reports include:
1. Annual Labour Market Bulletin 2022/23
2. Job Opportunity and Unemployment in the SA 2022/23
3. Industrial Action Report 2023
4. Annual Administrative Statistics report 2023
",-,"ACHIEVED
4 Annual Labour market trend reports produced by 31 March 2024

These annual reports include:
1. Annual Labour Market Bulletin 2022/23
2. Job Opportunity and Unemployment in the SA 2022/23
3. Industrial Action Report 2023
4. Annual Administrative Statistics report 2023
All reports are in the process to be printed And disseminated
",,,"Achieved
4 Annual Labour market trend reports produced by 31 March 2024

These annual reports include:
1. Annual Labour Market Bulletin 2022/23
2. Job Opportunity and Unemployment in the SA 2022/23
3. Industrial Action Report 2023
4. Annual Administrative Statistics report 2023
All reports are in the process to be printed And disseminated
",204
Labour,Employment and Labour,National,Programme 4: Labour Policy & Industrial Relations,Programme 4: Labour Policy & Industrial Relations,Quarterly,8.1 Number of Research reports on the impact of labour legislation to the labour market produced per annum,Non-Standardized,Not  Applicable,Priority 2: Economic Transformation And Job Creation,"The Economic Sectors, Employment and Infrastructure Development cluster",1 Final report completed,Draft Research report developed.,Discrepancy in the data set resulting in fixing the problems by locating sources of error per data entry and correcting them and in most cases one error affect all other pieces on the data in the set.,Finalizing the report writing planned for 31 August 2023. ,N/A,N/A,N/A,N/A,N/A,N/A,N/A,N/A,1 Final report completed,"Achieved
1 research report 
completed- Benchmark 
study on the reduction of 
silicosis in the non-mining 
sectors.",N/A,N/A,2 research reports completed by 31 March 2024,-,"ACHIEVED

1.	Benchmark study on Silicosis in the non-mining sector.
2.	Assessment of policy solutions adopted by the South African government on young people’s entry into employment.
3.	Client Satisfaction Survey (CSS).
4.	Ensuring Social Security for all

",,,"Achieved

1.	Benchmark study on Silicosis in the non-mining sector.
2.	Assessment of policy solutions adopted by the South African government on young people’s entry into employment.
3.	Client Satisfaction Survey (CSS).
4.	Ensuring Social Security for all

",204
