Sector,Institution,Programme,SubProgramme,Location,Frequency,Indicator,Type,SubType,Outcome,Cluster,Target_Q1,ActualOutput_Q1,Target_Q2,ActualOutput_Q2,Target_Q3,ActualOutput_Q3,Target_Q4,ActualOutput_Q4,AnnualTarget_Summary2,Preliminary_Summary2,PrelimaryAudited_Summary2,ReasonforDeviation_Summary,CorrectiveAction_Summary,ValidatedAudited_Summary2,ReasonforDeviation_Q1,CorrectiveAction_Q1,ReasonforDeviation_Q2,CorrectiveAction_Q2,ReasonforDeviation_Q3,CorrectiveAction_Q3,ReasonforDeviation_Q4,CorrectiveAction_Q4,DesiredPerformance,UID
,"Sport, Arts and Culture",National,Programme  1: Administration ,Programme  1: Administration ,Annually, Percentage of interns enrolled against funded posts,Non-Standardized,Not  Applicable,Priority 6: Social Cohesion and Safer Communities,"The Social Protection, Community and Human Development cluster",,,,,,,,,5 %,,,,,,,,,,,,,,,304
,"Sport, Arts and Culture",National,Programme  1: Administration ,Programme  1: Administration ,Annually,30 Years of democracy celebration hosted.,Non-Standardized,Not  Applicable,Priority 6: Social Cohesion and Safer Communities,"The Social Protection, Community and Human Development cluster",,,,,,,1,31,1,,,"The Human Rights and Swimming Pool Handover Weekend was done additionally to ensure at least one event took place in all 9 provinces.

",-,,,,,,,,,,,304
,"Sport, Arts and Culture",National,Programme  1: Administration ,Programme  1: Administration ,Annually,Number of systems developed to automize manual functions,Non-Standardized,Not  Applicable,Priority 6: Social Cohesion and Safer Communities,"The Social Protection, Community and Human Development cluster",,,,,,,2,2,2,,,-,-,,,,,,,,,,,304
,"Sport, Arts and Culture",National,Programme  1: Administration ,Programme  1: Administration ,Quarterly, Percentage of councils/boards that are fully  constituted,Non-Standardized,Not  Applicable,Priority 6: Social Cohesion and Safer Communities,"The Social Protection, Community and Human Development cluster",100 %,96 %,100 %,82 %,100 %,96 %,100 %,100 %,100 %,374 %,,,,,,,"Boxing SA and National Film Video Foundation boards were dissolved by the Minister. The appointment of a board for PanSALB has not been finalised due to Parliamentary processes. 

The National Museum and KwaZulu-Natal Museum boards expired on 31 August 2024 and no appointments have been made as a result of the halt on the amalgamation process.

","The Boards/ Council for the following four Entities will be constituted on or before 31 December 2024:
Boxing SA;
National Film and  Video Foundation ( NFVF);
National Museum;
KwaZulu-Natal Museum

PanSALB: The appointment of the Board is not yet finalised and is contingent to Parliamentary processes which the Department has already initiated. To close the governance vacuum, departmental officials were seconded to be acting CEOs in Boxing SA and  NFVF. 
In PANSLAB and the National Museum, the CEOs were appointed as the acting  Accounting Authorities. 
Furthermore, the Director of the KwaZulu-Natal Museum was appointed as the Accounting Authority.  



","PanSALB board matter is still outstanding as it was referred to Parliament.

The appointment process for the PanSALB board is done through the Portfolio Committee, which shortlist, and interview nominated individuals in line with the provisions of the Pan South African Language Board Act, Act 59 of 1995 as amended. 

The root cause of this lack of appointment is that the previous portfolio committee started with the process but did not finish. They conducted interviews and names were not submitted as the parliamentary process was not done. When the 7th Administration started, the process was revived and the current portfolio committee submitted the proposed names to the Executive Authority (Minister) for appointment, as per the PanSALB Act. The Executive Authority, however rejected the names submitted as they were deemed not representative of the country's demographics. 
",It is envisaged that the appoint PanSALB board will occur before the 31st of March 2025.,-,-,,304
,"Sport, Arts and Culture",National,Programme  1: Administration ,Programme  1: Administration ,Quarterly, Percentage of valid invoices paid within 30 days,Non-Standardized,Not  Applicable,Priority 6: Social Cohesion and Safer Communities,"The Social Protection, Community and Human Development cluster",100 %,100 %,100 %,100 %,100 %,100 %,100 %,100 %,100 %,400 %,0,,,,,,-,-,-,-,-,-,,304
,"Sport, Arts and Culture",National,Programme  1: Administration ,Programme  1: Administration ,Quarterly,Number of events hosted in support of the 30 Years of democracy celebration.,Non-Standardized,Not  Applicable,"Priority 1: A Capable, Ethical and Developmental State",Governance and Administration cluster,1,,2,,1,5 ,1,2,5,7,,,,,,,,, The planned (6th) 30  Year close-out event had to be postponed due to low number of confirmations. This would have been impacted the targeted reach of the message the event carries  and would have impacted the successful execution of the event ,It is planned that the close-out event  will be undertaken in  February 2025,"The close out event of Q3 was postponed to Q4.

During the year there was no presence of 30 Years in the Eastern Cape. The Human Rights weekend took place in Eastern Cape to ensure at least one event took place in all 9 provinces
",- ,30,304
,"Sport, Arts and Culture",National,Programme  1: Administration ,Programme  1: Administration ,Quarterly,"Number of Sport, Arts and Culture Izimbizo held",Non-Standardized,Not  Applicable,Priority 6: Social Cohesion and Safer Communities,"The Social Protection, Community and Human Development cluster",1,1,1,1,1,1,6,1,9,4,,,,,,,-,-,-,-,"The Izimbizo were reprioritised to structured meetings to address urgent matters affecting the sport, arts and culture sector ","To enable seamless implementation of the Izimbizo, The Department opt to align this programme within line functions in the 2025/26 financial year",,304
,"Sport, Arts and Culture",National,Programme  1: Administration ,Programme  1: Administration ,Quarterly,Percentage of national federations meeting 50% or more of their self-set transformation targets.,Non-Standardized,Not  Applicable,Priority 2: Economic Transformation And Job Creation,"Governance, State Capacity and Institutional Development cluster",0 %,0 %,0 %,,0 %,,100 %,67 %,100 %,67 %,,,,,,,,,,,"
Capacity challenges in the execution of the indicator. Also, at the time of the reporting the Department was still collecting the data from the federations that had not submitted.",Already implemented.  The service provider has been appointed to conduct the data analysis and develop the report.,50% or more,304
,"Sport, Arts and Culture",National,Programme 2: Recreation Development and Sport Development,Programme 2: Recreation Development and Sport Development,Annually,Number of community outdoor gyms and children's parks constructed ,Non-Standardized,Not  Applicable,Priority 6: Social Cohesion and Safer Communities,"The Social Protection, Community and Human Development cluster",,,,,,,10,11,10,0,,There was one  additional gym installed; this was due to specific request informed by service delivery demand by the community in Centani Mnguma local municipality in Eastern Cape,-,,,,,,,,,,,304
,"Sport, Arts and Culture",National,Programme 2: Recreation Development and Sport Development,Programme 2: Recreation Development and Sport Development,Quarterly,Number of Athlete Development programmes supported.,Standardized,Not  Applicable,Priority 6: Social Cohesion and Safer Communities,"The Social Protection, Community and Human Development cluster",9,6,9,9,9,9,9,9,9,9,,,,,"The KwaZulu-Natal province was not supported in the first quarter in line with their Business Plan. 


", All provinces are due to report in the second quarter of the financial year ,-,-,-,-,-,-,,304
,"Sport, Arts and Culture",National,Programme 2: Recreation Development and Sport Development,Programme 2: Recreation Development and Sport Development,Quarterly,"Number of hubs, clubs or schools provided with equipment and/or attire to enable participation in sport and/or recreation",Standardized,Not  Applicable,Priority 6: Social Cohesion and Safer Communities,"The Social Protection, Community and Human Development cluster",0,,1000,,1250,,1250,1 354,3500,1354,,,,,,,,,,,"The
overachievement was
caused by the
following
reasons:

FS: 34 schools
were provided
with equipment
and attire in 4th
quarter to
cover for the
underachievement of Q2

GP:47
Community
clubs benefited
equipment and
attire during
Ministerial
Outreach
Programme

KZN: The
province has a quarter target of 50
clubs but
additional 84
more clubs got
support to
address
distribution
delays for
previous
quarters.

LM: School
Sport Has 0
Q4 target but
113 schools
supported to
address
previous
quarter.
","None

Department
will ensure
Districts comply with
norms and
standard to
ensure
impact on
the support
provided

Engagement
with schools to adhere to
the distribution
plan.












None










Department
will ensure
Districts comply with
norms and
standard to
ensure
impact on
the support
provided






Engagement
with schools to adhere to
the distribution
plan.
",3 500,304
,"Sport, Arts and Culture",National,Programme 2: Recreation Development and Sport Development,Programme 2: Recreation Development and Sport Development,Quarterly,Number of learners participating in the National School Sport Championship.,Non-Standardized,Not  Applicable,Priority 6: Social Cohesion and Safer Communities,"The Social Protection, Community and Human Development cluster",0,0,1500,2892 ,0,0,2500,1438,4000,4330,,,,,,,"The overachievement was due to following reasons:
1.The department supported the hosting of the Chess NSSC to assist the South African Schools Chess Association to prepare for the FIDE World Youth Chess Championships 2024 to be held in Brazil in October 2024 and the African Schools Chess Championship 2025. 

Furthermore, the department supported the hosting of the Football U15 NSSC to assist the South African Football Association to participate in the Council of Southern Africa Football Association (COSAFA) Schools Championship in Namibia to be held in October 2024 and the Continental African Schools Championship to be held in May 2025.
",-,-,-,"The reason for deviation were as follows:  

1.	For 2024/25, School Sport System and Development Programme planned two National School Sport Championships, that is;  Autumn and Summer (December).
2.	Due to Football and Chess plans to participate internationally, their NSSC were moved to earlier dates. 
3.	Football and Chess NSSC took place in Q2 (August and September),  instead of Q3
4.	Thus, number of codes for Summer(December) NSSC were reduced due to this early participation in the financial year.
5.	The other factor is that provinces could not bring all teams for disability (wheelchair and blind).

","The DSAC is providing direction to the school sport structures and other stakeholders to align all
programmes for the 2025/26 year and the MTDP.
",,304
,"Sport, Arts and Culture",National,Programme 2: Recreation Development and Sport Development,Programme 2: Recreation Development and Sport Development,Quarterly,Number of monitoring reports compiled on the heritage legacy facilities developed and/or maintained.,Non-Standardized,Not  Applicable,Priority 6: Social Cohesion and Safer Communities,"The Social Protection, Community and Human Development cluster",2,2,2,2,2,2,2,2,8,8,,,,,,,-,-,-,-,"In terms of progress: Follow ups have been made
to the DPWI Minister on the request by the DSAC
to take over the implementation of the project.
",-,,304
,"Sport, Arts and Culture",National,Programme 2: Recreation Development and Sport Development,Programme 2: Recreation Development and Sport Development,Quarterly,Number of municipalities supported during the planning and implementation of sport and recreation infrastructure projects to ensure compliance with the applicable Norms and Standards.,Non-Standardized,Not  Applicable,Priority 6: Social Cohesion and Safer Communities,"The Social Protection, Community and Human Development cluster",52,52,52,52,52,52,52,52,52,52,,,,,,,-,-,-,-,-,-,,304
,"Sport, Arts and Culture",National,Programme 2: Recreation Development and Sport Development,Programme 2: Recreation Development and Sport Development,Quarterly,Number of national sport and recreation events implemented.,Non-Standardized,Not  Applicable,Priority 6: Social Cohesion and Safer Communities,"The Social Protection, Community and Human Development cluster",1,1,2,2,1,1,1,1,5,5,,,,,,,-,-,-,-,-,-,,304
,"Sport, Arts and Culture",National,Programme 2: Recreation Development and Sport Development,Programme 2: Recreation Development and Sport Development,Quarterly,Number of organised community - based sport and recreation activities supported.,Non-Standardized,Not  Applicable,Priority 6: Social Cohesion and Safer Communities,"The Social Protection, Community and Human Development cluster",10,10,30,30,30,30,20,20,90,90,,,,,-,-,-,-,-,-,-,-,,304
,"Sport, Arts and Culture",National,Programme 2: Recreation Development and Sport Development,Programme 2: Recreation Development and Sport Development,Quarterly,Number of school sport leagues supported at a district level.,Non-Standardized,Not  Applicable,Priority 6: Social Cohesion and Safer Communities,"The Social Protection, Community and Human Development cluster",25,25,30,30,20,22,15,29,90,106,,,,,,,-,-,"The overachievement of 2 leagues is due to Provinces prepare for the National school sport championships which took place in December 2024, Pretoria, Gauteng. ",-,"The
overachievement of
fourteen (14)
leagues is
due to Provinces
preparing for
the Autumn
National
school sport
championship
s taking place
in April 2025.
This is due to
the increased
number of
age groups
and activities
within
athletics and
swimming
and the
increased
number for
learners with regular
participation,
which is the
purpose of
the indicator.


","In order to
promote
regular

participation
n across all
provinces
in line with
guidelines and code
specific
requirements, the Unit
has
presented
an annual
calendar of
school
sport
programme
s in
consultation with
Provinces
and
Provincial
federations
to align
their programme
s with the
national
federations’
competition
s. This will
ensure that
all leagues,
festivals,
athletics
meetings
and gala’s
will be
reported in
line with
the new
TID which
encompass
es the school
sport
programmes.



",,304
,"Sport, Arts and Culture",National,Programme 2: Recreation Development and Sport Development,Programme 2: Recreation Development and Sport Development,Quarterly,"Number of schools, hubs and clubs provided with equipment and/or attire to enable participation in sport and/or recreation.",Standardized,Not  Applicable,Priority 6: Social Cohesion and Safer Communities,"The Social Protection, Community and Human Development cluster",0,0,1000,1756,1250,1030,1250,1 354,3500,4140,,,,,,,"The overachievement is attributed to more hubs participating in the district and provincial Indigenous Games festival.
Also, more clubs affiliated with the local leagues in provinces.
",-,"In most schools, hubs and clubs there were delays in the delivery of the equipment and/or attire to enable participation in sport and/or recreation.","The outstanding equipment and /or attire for schools, hubs and clubs will be distributed in the 4th quarter.","The
overachievement was
caused by the
following
reasons:

FS: 34 schools
were provided
with equipment
and attire in 4th
quarter to
cover for the
underachievement of Q2

GP:47
Community
clubs benefited
equipment and
attire during
Ministerial
Outreach
Programme

KZN: The
province has a quarter target of 50
clubs but
additional 84
more clubs got
support to
address
distribution
delays for
previous
quarters.

LM: School
Sport Has 0
Q4 target but
113 schools
supported to
address
previous
quarter.
","None

Department
will ensure
Districts comply with
norms and
standard to
ensure
impact on
the support
provided

Engagement
with schools to adhere to
the distribution
plan.
",,304
,"Sport, Arts and Culture",National,Programme 2: Recreation Development and Sport Development,Programme 2: Recreation Development and Sport Development,Quarterly,Number of sport and recreation bodies supported.,Non-Standardized,Not  Applicable,Priority 6: Social Cohesion and Safer Communities,"The Social Protection, Community and Human Development cluster",20,22,20,17,10,13,0,6,50,58,,,,,"The federation support is dependent on meeting funding compliance requirements. For the 1st quarter, more federations met the compliance requirements which was more than expected resulting in the department supporting more federations. that federation support is dependent on meeting funding compliance requirements. For the quarter under review which is the 1st quarter more federations met the compliance requirements which was more than expected resulting in the department managing to support more federations.",,"The reason for the deviation is that the Department dependent on Sport and Recreation Bodies meeting funding compliance requirements for them to be supported.
For the quarter under review the number of Sport and Recreation 
Bodies which met the compliance requirements were 17 which is less than the targeted number of 20.  The observation is that non compliance is primarily due to the administrative matters such as ensuring compliance with Tax Requirements.


","The Department  is engaging Sport and Recreation Bodies to expedite compliance.  Remarkable progress has been made in this regard. It is envisaged that in the third quarter, more Sport and Recreation Bodies will comply with funding requirements and eventually achieve the annual target.",The department had to support additional 3 sport and recreation Bodies to recover the shortfall from quarter 2.,-,,,,304
,"Sport, Arts and Culture",National,Programme 2: Recreation Development and Sport Development,Programme 2: Recreation Development and Sport Development,Quarterly,Percentage of national federations meeting 50% or more of their self-set transformation targets,Non-Standardized,Not  Applicable,Priority 2: Economic Transformation And Job Creation,"Governance, State Capacity and Institutional Development cluster",0 %,,0 %,,0 %,,100 %,67 %,100 %,67 %,,,,,,,,,,,"Capacity challenges in the execution of the indicator. Also, at the time of the reporting the Department was still collectiong the data from the federations that had not submitted ","Already implemented.  The service provider has been
appointed to conduct the data analysis and develop the report
",50% or more,304
,"Sport, Arts and Culture",National,Programme 3: Arts and Culture Promotion and Development ,Programme 3: Arts and Culture Promotion and Development ,Annually,Number of advocacy platforms on social cohesion and nation building implemented,Standardized,Not  Applicable,Priority 6: Social Cohesion and Safer Communities,"The Social Protection, Community and Human Development cluster",,,,,,,,20,,,,-,-,,,,,,,,,,20 or >,304
,"Sport, Arts and Culture",National,Programme 3: Arts and Culture Promotion and Development ,Programme 3: Arts and Culture Promotion and Development ,Annually,Number of artists placed in schools.,Non-Standardized,Not  Applicable,Priority 6: Social Cohesion and Safer Communities,"The Social Protection, Community and Human Development cluster",,,,,,,340,318,340,,,"Noteworthy and for completeness of reporting 314 artist were placed in schools, 118 artists were supported with adequate evidence in Gauteng, Western Cape and Mpumalanga.”",,,,,,,,,,,,304
,"Sport, Arts and Culture",National,Programme 3: Arts and Culture Promotion and Development ,Programme 3: Arts and Culture Promotion and Development ,Annually,"Number of films and documentaries supported telling stories of the history of liberation, cultural and heritage importance",Non-Standardized,Not  Applicable,Priority 6: Social Cohesion and Safer Communities,"The Social Protection, Community and Human Development cluster",,,,,,,2,2,2,,,-,-,,,,,,,,,,,304
,"Sport, Arts and Culture",National,Programme 3: Arts and Culture Promotion and Development ,Programme 3: Arts and Culture Promotion and Development ,Annually,Number of initiatives against gender-based violence and femicide supported. ,Non-Standardized,Not  Applicable,Priority 6: Social Cohesion and Safer Communities,"The Social Protection, Community and Human Development cluster",,,,,,,2,2,2,,,-,-,,,,,,,,,,,304
,"Sport, Arts and Culture",National,Programme 3: Arts and Culture Promotion and Development ,Programme 3: Arts and Culture Promotion and Development ,Annually,Number of projects through which target groups are supported,Non-Standardized,Not  Applicable,Priority 6: Social Cohesion and Safer Communities,"The Social Protection, Community and Human Development cluster",,,,,,,8,10,8,,,"Due to high number of applications received for funding, ten (10) NPOs were selected and funded within the annual allocations",-,,,,,,,,,,,304
,"Sport, Arts and Culture",National,Programme 3: Arts and Culture Promotion and Development ,Programme 3: Arts and Culture Promotion and Development ,Annually,Number of Provincial Community Arts Development Programmes supported.,Non-Standardized,Not  Applicable,Priority 6: Social Cohesion and Safer Communities,"The Social Protection, Community and Human Development cluster",,,,,,,9,9,9,,,-,-,,,,,,,,,,,304
,"Sport, Arts and Culture",National,Programme 3: Arts and Culture Promotion and Development ,Programme 3: Arts and Culture Promotion and Development ,Annually,Number of reports produced by SACO,Non-Standardized,Not  Applicable,Priority 6: Social Cohesion and Safer Communities,"The Social Protection, Community and Human Development cluster",,,,,,,16,16,16,,,-,-,,,,,,,,,,,304
,"Sport, Arts and Culture",National,Programme 3: Arts and Culture Promotion and Development ,Programme 3: Arts and Culture Promotion and Development ,Annually,Number of university students supported to study languages.,Non-Standardized,Not  Applicable,Priority 6: Social Cohesion and Safer Communities,"The Social Protection, Community and Human Development cluster",,,,,,,140,187,140,,,"The additional 47 students have no bearing on the
allocated funds to nine
universities by DSAC. Awarding
of the bursary is at the
discretion of individual university
based on the cost of their
courses and language related
modules registered for. Some
universities are cheaper than
others.
",-,,,,,,,,,,,304
,"Sport, Arts and Culture",National,Programme 3: Arts and Culture Promotion and Development ,Programme 3: Arts and Culture Promotion and Development ,Quarterly, Number of multi-year human language technology projects supported,Non-Standardized,Not  Applicable,Priority 6: Social Cohesion and Safer Communities,"The Social Protection, Community and Human Development cluster",0,0,0,-,2,2,6,6,8,0,,,,,,,-,-,-,-,-,-,,304
,"Sport, Arts and Culture",National,Programme 3: Arts and Culture Promotion and Development ,Programme 3: Arts and Culture Promotion and Development ,Quarterly, Number of National Days’ celebrations held,Non-Standardized,Not  Applicable,Priority 6: Social Cohesion and Safer Communities,"The Social Protection, Community and Human Development cluster",2,2,2,2,1,1,1,1,6,6,,,,,,,-,-,-,-,-,-,,304
,"Sport, Arts and Culture",National,Programme 3: Arts and Culture Promotion and Development ,Programme 3: Arts and Culture Promotion and Development ,Quarterly,Number of advocacy platforms on social cohesion and nation building implemented,Non-Standardized,Not  Applicable,Priority 6: Social Cohesion and Safer Communities,"The Social Protection, Community and Human Development cluster",5,,5,,5,2,5,6,20,8,,,,,,,,,"Reason for Deviation
-
-
Awarding of the bursaries is at the discretion of universities depending on the cost of their courses and the number of language-related modules that are being registered for, some universities have a cheaper fee structure than others hence the additional 47 students supported.

Two (2) planned projects were not supported due inadequate evidence.
-
-
-
-
-
-
-
The target was not achieved given that previously the indicator was implemented through the SCAs whose term has ended, and the appointment of the new cohort was put on hold. The indicator has now been revised to allow for implementation without the SCAs.
",The outstanding 6 advocacy platforms will be implemented in the 4th quarter in line with the revised indicator.,The programme overachieved due to collaboration request received from the NGOs that had to be commemorated within the quarter 4 such as human rights commemoration.,-,20 or >,304
,"Sport, Arts and Culture",National,Programme 3: Arts and Culture Promotion and Development ,Programme 3: Arts and Culture Promotion and Development ,Quarterly,Number of advocacy platforms on social cohesion implemented by social cohesion advocates,Non-Standardized,Not  Applicable,Priority 6: Social Cohesion and Safer Communities,"The Social Protection, Community and Human Development cluster",5,7,5,5,5,2,5,6,20,20,,,,,"The overachievement of 2, due to the partnership that sought the participation of the SCA in the activation.",,-,-,,,The programme overachieved due to collaboration request received from the NGOs that had to be commemorated within the quarter 4 such as human rights commemoration.,-,,304
,"Sport, Arts and Culture",National,Programme 3: Arts and Culture Promotion and Development ,Programme 3: Arts and Culture Promotion and Development ,Quarterly,Number of capacity building projects supported ,Non-Standardized,Not  Applicable,Priority 6: Social Cohesion and Safer Communities,"The Social Protection, Community and Human Development cluster",0,0,0,-,0,-,22,22,22,0,,,,,,,-,-,-,-,-,-,,304
,"Sport, Arts and Culture",National,Programme 3: Arts and Culture Promotion and Development ,Programme 3: Arts and Culture Promotion and Development ,Quarterly,Number of community conversations/dialogues implemented to foster social interaction per year,Non-Standardized,Not  Applicable,Priority 6: Social Cohesion and Safer Communities,"The Social Protection, Community and Human Development cluster",5,5,5,5,3,3,2,2,15,15,,,,,,,-,-,-,-,-,-,,304
,"Sport, Arts and Culture",National,Programme 3: Arts and Culture Promotion and Development ,Programme 3: Arts and Culture Promotion and Development ,Quarterly,Number of creative industry projects supported through an Open Call.,Non-Standardized,Not  Applicable,Priority 6: Social Cohesion and Safer Communities,"The Social Protection, Community and Human Development cluster",0,0,10,12,20,21,35,40,65,73,,,,,,,"Due to the high quality of applications received, the decision was to support Two (2) more projects within the allocated budget. This is because the cost differs per project (where projects cost less, more can be supported). 

",The likelihood is that the overall achievement in the coming quarters will result in overachievement as the approved number of projects is higher as per the explanation provided in the reasons for deviation.,-,-,More projects were approved for the open call. The higher projection happened on the basis of the analysis of the budgets put forward by the applicants and it was deemed fit to support more based on the availability of budget,-,,304
,"Sport, Arts and Culture",National,Programme 3: Arts and Culture Promotion and Development ,Programme 3: Arts and Culture Promotion and Development ,Quarterly,Number of moral regeneration movement projects supported.,Non-Standardized,Not  Applicable,Priority 6: Social Cohesion and Safer Communities,"The Social Protection, Community and Human Development cluster",1,1,1,0,0,0,3,3,5,4,,,,,,,"When the 2nd tranche was due for disbursement it was found that the MRM still had a substantial amount of R1.8m unspent. This was due to some of the projects that they had postponed, such as the MRM Summit which was scheduled for September 2024. In this regard, Finance advised that they must spend the remaining amount or commit to spending the remaining funds before any disbursement can be affected. ",The Department has already requested the implementation plan/schedule which outlines the costed activities and timelines. The disbursement of funds will be informed by the aforementioned implementation plan/schedule. ,-,- ,-,-,,304
,"Sport, Arts and Culture",National,Programme 3: Arts and Culture Promotion and Development ,Programme 3: Arts and Culture Promotion and Development ,Quarterly,Number of National and Provincial flagship projects supported.,Non-Standardized,Not  Applicable,Priority 6: Social Cohesion and Safer Communities,"The Social Protection, Community and Human Development cluster",0,0,2,2,8,5,15,16,25,23,,,,,,,-,-,"The Moretele Tribute concert that normally takes place in August was rescheduled for December 2024. 

OR Tambo Choral Festival and uMthiza was reported as not achieved due to outstanding evidence i.e. payment stubs as per the MoA requirement.
","The Moretele Tribute is schedule to take place on the 15th  of March 2025.



The department will expedite the support to 2 outstanding projects and make regular follow ups with beneficiary to submit evidence before 31 March 2025 or as per the MoA requirement.
",The Flagships were overachieved due to the fact that a Province like Northern Cape nominated more than two projects than the standard two flagships. The nomination of more was done within the framework of R4m per Province,-,,304
,"Sport, Arts and Culture",National,Programme 3: Arts and Culture Promotion and Development ,Programme 3: Arts and Culture Promotion and Development ,Quarterly,Number of progress reports on the implementation of the International Relations Strategy,Non-Standardized,Not  Applicable,Priority 6: Social Cohesion and Safer Communities,"The Social Protection, Community and Human Development cluster",1,1,1,1,1,1,1,1,4,4,,,,,,,-,-,-,-,-,-,,304
,"Sport, Arts and Culture",National,Programme 3: Arts and Culture Promotion and Development ,Programme 3: Arts and Culture Promotion and Development ,Quarterly,Number of projects supported to enable Local and International market access.,Non-Standardized,Not  Applicable,Priority 6: Social Cohesion and Safer Communities,"The Social Protection, Community and Human Development cluster",0,0,0,-,9,7,6,7,15,0,,,,,,,-,-,Two (2) planned projects were not supported due inadequate evidence.,The department will expedite the support to 2 outstanding projects and make regular follow ups with beneficiary to submit evidence before 31 March 2025 or as per the MoU/MoA requirement.,One additional project was implemented as the result of backlog from the previous quarter ,-,,304
,"Sport, Arts and Culture",National,Programme 3: Arts and Culture Promotion and Development ,Programme 3: Arts and Culture Promotion and Development ,Quarterly,Number of youth focused arts development programmes supported.,Non-Standardized,Not  Applicable,Priority 6: Social Cohesion and Safer Communities,"The Social Protection, Community and Human Development cluster",0,0,1,"1
",1,1,2,2,4,4,,,,,,,-,-,-,-,-,-,,304
,"Sport, Arts and Culture",National,Programme 3: Arts and Culture Promotion and Development ,Programme 3: Arts and Culture Promotion and Development ,Quarterly,Percentage of received and accepted official documents that are translated and / or edited.,Non-Standardized,Not  Applicable,Priority 6: Social Cohesion and Safer Communities,"The Social Protection, Community and Human Development cluster",0,0,100,"100% 

",0,100,100,100,100,0,,,,,,,-,-,-,-,-,-,,304
,"Sport, Arts and Culture",National,Programme 4: Heritage Promotion and Preservation ,Programme 4: Heritage Promotion and Preservation ,Annually, Number of books documenting Living Human Treasures published,Non-Standardized,Not  Applicable,Not Applicable,Not Applicable,,,,,,,3,3,3,,,-,-,,,,,,,,,,,304
,"Sport, Arts and Culture",National,Programme 4: Heritage Promotion and Preservation ,Programme 4: Heritage Promotion and Preservation ,Annually,Number of heritage legacy projects where exhibition content is developed.,Non-Standardized,Not  Applicable,Not Applicable,Not Applicable,,,,,,,2,2,2,,,-,-,,,,,,,,,,,304
,"Sport, Arts and Culture",National,Programme 4: Heritage Promotion and Preservation ,Programme 4: Heritage Promotion and Preservation ,Annually,Number of public awareness programmes conducted about archival services.,Standardized,Not  Applicable,Priority 6: Social Cohesion and Safer Communities,"The Social Protection, Community and Human Development cluster",,,,,,,1,1,1,,,-,-,,,,,,,,,,,304
,"Sport, Arts and Culture",National,Programme 4: Heritage Promotion and Preservation ,Programme 4: Heritage Promotion and Preservation ,Annually,Number of tertiary students supported to study heritage practice.,Non-Standardized,Not  Applicable,Priority 6: Social Cohesion and Safer Communities,"The Social Protection, Community and Human Development cluster",,,45,,,,,,45,,,,,,,,,,,,,,,304
,"Sport, Arts and Culture",National,Programme 4: Heritage Promotion and Preservation ,Programme 4: Heritage Promotion and Preservation ,Quarterly, Number of progress reports on resistance and liberation heritage route programmes received and analysed.,Non-Standardized,Not  Applicable,Priority 6: Social Cohesion and Safer Communities,"The Social Protection, Community and Human Development cluster",1,1,1,1,1,1,1,1,4,4,,,,,,,-,-,-,-,-,-,,304
,"Sport, Arts and Culture",National,Programme 4: Heritage Promotion and Preservation ,Programme 4: Heritage Promotion and Preservation ,Quarterly, Number of records digitised,Non-Standardized,Not  Applicable,Not Applicable,Not Applicable,125,706,125,631,125,470,125,441,500,2248,,,,,Over achievement was due to the PESP 5 Interns are assisting in the Section.,,"553 TRC Audio Tapes and
78 Treason Trial Dictabelts over achievement reasons: the PESP 5 Interns are assisting in the Section 
",-,345 TRC tapes over-achievement: PESP 5 interns are assisting in the section.,-,45 Treason Trial Dictabelts and 271 TRC Tapes over achievement.  Additional capacity of 140 interns were appointed through PESP 5 to assist in the digitisation of archives.,Should ad-hoc/ additional funding be allocated; targets will be aligned/adjusted accordingly. ,,304
,"Sport, Arts and Culture",National,Programme 4: Heritage Promotion and Preservation ,Programme 4: Heritage Promotion and Preservation ,Quarterly,Number of Gazette notices on standardised geographical names published,Non-Standardized,Not  Applicable,Not Applicable,Not Applicable,0,0,1,1,1,1,1,1,3,3,,,,,,,-,-,-,-,-,-,,304
,"Sport, Arts and Culture",National,Programme 4: Heritage Promotion and Preservation ,Programme 4: Heritage Promotion and Preservation ,Quarterly,Number of initiatives implemented to raise awareness of the national symbols.,Standardized,Not  Applicable,Priority 6: Social Cohesion and Safer Communities,"The Social Protection, Community and Human Development cluster",3,,3,,3,,3,3,3,3,,,,,,,,,,,-,-,3 or >,304
,"Sport, Arts and Culture",National,Programme 4: Heritage Promotion and Preservation ,Programme 4: Heritage Promotion and Preservation ,Quarterly,Number of initiatives implemented to raise awareness on the national symbols.,Standardized,Not  Applicable,Priority 6: Social Cohesion and Safer Communities,"The Social Protection, Community and Human Development cluster",3,3,3,3,3,3,3,3,3,12,,,,,,,-,-,-,-,-,-,,304
,"Sport, Arts and Culture",National,Programme 4: Heritage Promotion and Preservation ,Programme 4: Heritage Promotion and Preservation ,Quarterly,Number of libraries financially supported per year,Standardized,Not  Applicable,Priority 6: Social Cohesion and Safer Communities,"The Social Protection, Community and Human Development cluster",20,20,20,20,20,23,20,23,20,23,,,,,,,-,-,Additional 3 projects were supported through 2023/24 roll-over funding.,-,Three projects supported through rollover funding.,-,,304
Police,South African Police Service,National,Programme 1: Administration,Programme 1: Administration,Annually,Dates of completion of the releases of the Firearm Control Solution,Not Applicable,Not  Applicable,Priority 6: Social Cohesion and Safer Communities,"Justice, Crime Prevention and Security cluster",,,,,,,"Release 02, by 31 March 2025",,"Release 02, by 31 March 2025",,,,,,,,,,,,,,,304
Police,South African Police Service,National,Programme 1: Administration,Programme 1: Administration,Annually,Number of new entry level police trainees enlisted annually,Not Applicable,Not  Applicable,Priority 6: Social Cohesion and Safer Communities,"Justice, Crime Prevention and Security cluster",,,,,,,10 000,,10 000,,,,,,,,,,,,,,,304
Police,South African Police Service,National,Programme 1: Administration,Programme 1: Administration,Annually,Number of new mobile contact points procured,Not Applicable,Not  Applicable,Priority 6: Social Cohesion and Safer Communities,"Justice, Crime Prevention and Security cluster",,,,,,,15,,15,,,,,,,,,,,,,,,304
Police,South African Police Service,National,Programme 1: Administration,Programme 1: Administration,Annually,"Number of new police stations established, as per the SAPS Infrastructure Development Programme",Not Applicable,Not  Applicable,Priority 6: Social Cohesion and Safer Communities,"Justice, Crime Prevention and Security cluster",,,,,,,5,,5,,,,,,,,,,,,,,,304
Police,South African Police Service,National,Programme 1: Administration,Programme 1: Administration,Annually,Percentage of planned forensic investigations finalised,Not Applicable,Not  Applicable,Priority 6: Social Cohesion and Safer Communities,"Justice, Crime Prevention and Security cluster",,,,,,,100%,,100%,,,,,,,,,,,,,,,304
Police,South African Police Service,National,Programme 1: Administration,Programme 1: Administration,Quarterly,Date of approval of the Information Systems and Information and Communication Technology Business Continuity Plan,Not Applicable,Not  Applicable,Priority 6: Social Cohesion and Safer Communities,"Justice, Crime Prevention and Security cluster",-,"The Business Continuity Plan was approved, on 24 June 2024.",30 September 2024,"The Information Systems and Information and Communication Technology Business Continuity Plan was approved, on 24 June 2024.",-,The target was achieved in the first quarter.,-,The Business Continuity Plan was approved on 24 June 2024.,30 September 2024,-,,,,,Not applicable,Not applicable,Not applicable,Not applicable,Not applicable,Not applicable,Not applicable,Not applicable,,304
Police,South African Police Service,National,Programme 1: Administration,Programme 1: Administration,Quarterly,Number of Closed-Circuit Television (CCTV) systems implemented at identified sites,Not Applicable,Not  Applicable,Priority 6: Social Cohesion and Safer Communities,"Justice, Crime Prevention and Security cluster",12,2 sites,34,8 sites,30,20 sites,20,34 sites,96,-,,,,,"The 
procurement process was delayed by activities conducted at police stations, such as site visits, obtaining quotations and approval, which must take place prior to implementation of the planned sites.","To ensure timely implementation at each site, the SAPS will leverage internal expertise in procurement processes to expedite all previously planned activities.","The procurement was delayed by activities conducted at local police stations, including the request for quotation and site visits and approvals, which impacted the implementation of the planned sites.","The SAPS will utilise its internal expertise in procurement processes to expedite all previously planned activities at each site, thereby ensuring timely implementation.","Underperformance can be attributed to a lack of suppliers, as well as delays in preceding activities undertaken at local police stations related to the procurement process. These activities include the request for quotation, site visits and necessary approvals, all of which impacted the execution of the planned sites.","The South African Police Service (SAPS) continues to utilise its internal expertise in procurement processes to accelerate all preceding planned activities, thereby ensuring the timely execution of operations at each site.","In addition to the planned sites for Q4, additional sites carried over from previous quarters were also finalised, due to the assistance and guidance provided to the provinces regarding the completeness of the procurement files.",Not applicable,,304
Police,South African Police Service,National,Programme 1: Administration,Programme 1: Administration,Quarterly,Number of identified National Network Communication Infrastructure sites modernised,Not Applicable,Not  Applicable,Priority 6: Social Cohesion and Safer Communities,"Justice, Crime Prevention and Security cluster",30,2 sites,35,0 sites,35,41 sites,30,51 sites,130,-,,,,,The initiation of the network infrastructure at prioritised sites in the Western Cape was delayed by the administration and approval of the change in scope for the contracted implementation model between SITA and the service provider. ,"A resolution to the change in scope between the SAPS, SITA and the service provider implementation model has been sought since. SITA to expedite the approval procedure.","Performance was negatively impacted by the challenges that arose as a result of scope variations and contracting specifications, as SITA was required to conclude its negotiations with the appointed service provider before commencing installation. Both parties were required to complete and approve the change controls.",Installations have commenced following the completion of change controls. ,"In addition to the planned sites for the third quarter, additional sites carried over from previous quarters have also been finalised.",Not applicable,"In addition to the planned Q4 sites, overflow sites from previous quarters were also finalised. The SAPS and SITA completed the change controls for priority sites, enabling the service provider to commence installations on time. These controls were based on the available equipment delivered to the Western Cape. The SAPS is monitoring installations on a weekly basis to address any issues promptly.",Not applicable,,304
Police,South African Police Service,National,Programme 1: Administration,Programme 1: Administration,Quarterly,Number of police stations at which the Intergrated Persons Management (IPM) is implemented,Not Applicable,Not  Applicable,Priority 6: Social Cohesion and Safer Communities,"Justice, Crime Prevention and Security cluster",9,1 site,9,12 sites,9,18 sites,9,56,36,-,,,,,The development and construction of IPM functionalities were hindered by delays in the procurement process and the approval of the service provider.,"The deviation was resolved by extending the contract.
The service provider has been appointed and has been actively engaged in the development and construction of IPM functions. The implementation of this deviation will be incorporated into the prioritised sites for quarter 2.",Additional sites from the previous quarter were finalised.,Not applicable,"In addition to the planned sites for the third quarter, TMS members provided assistance to the provinces with additional implementations.",Not applicable,"In addition to the planned Q4 sites, National TMS members supported the provinces with additional implementations.",Not applicable,,304
Police,South African Police Service,National,Programme 1: Administration,Programme 1: Administration,Quarterly,Number of SAPS-owned firearms confirmed as lost,Not Applicable,Not  Applicable,Priority 6: Social Cohesion and Safer Communities,"Justice, Crime Prevention and Security cluster",147,149,294,309,440,474,587,572,587,-,,,,,"The Department has implemented several measures to reduce firearm losses, including providing members with safes and retention cords. Despite these efforts, the rise in robberies in townships and other areas, as well as incidents of housebreaking, vehicle theft, and personal theft, contribute to ongoing losses. Given the nature of police work, the risk of firearm loss is ever-present. It is the responsibility of each member to safeguard their issued firearm, following the preventive measures established by the department. Preventing firearm losses remains a top priority for the Department.","Every
loss is thoroughly investigated regardless of the circumstances.","The escalation of robbery in township or other place, as well as housebreaking (property locked), negligence of members, theft from a dwelling and loss from person. ","In order to prevent the loss of SAPS-owned firearms, the following measures are implemented: the barcoding and marking of all SAPS-owned firearms with the SAPS emblem, IBIS testing to generate firearm profiles, biannual inspections, the issuance of safes to members for the safekeeping of firearms, the issuance of retention cords, daily parade inspections, control over and the safekeeping of firearms not under the direct and physical control of a member and inspections by Designated Supply Chain Management Armourers. Additionally, provincial corrective measures will involve the implementation and enforcement of the provincial directive on the safe custody of state firearms, the establishment of a Firearm Risk Committee at business units, the enhancement of the Firearm Management Plan and the conducting of unannounced firearm inspections by District Commissioners.","The increase in incidents of robbery, whether in townships or other places, as well as housebreaking (property locked), loss from person, as well as theft from offices or store.","Measures taken to prevent the loss of SAPS-owned firearms, include the bar coding and the marking of all SAPS-owned firearms with the SAPS emblem, IBIS testing to create firearm profiles, biannual inspections, the issuing of safes to members for the safekeeping of firearms, the issuing of retention cords, daily parade inspections, control over and the safekeeping of firearms not under the direct and physical control of a member and inspections by Designated Supply Chain Management Armorers. Furthermore, the Firearm tracking solution was evaluated by Technology Management Service (TMS).","The implementation of the revised Loss Management 
Process, as outlined in National Instruction 6 of 2024 on the Management of Losses in the SAPS, along with the updated Standard Operating Procedure for Balance Adjustments on the Provisioning Administration System, contributed significantly to the overachievement. These measures enhanced the management of losses and improved overall data integrity. A noticeable decline was also recorded in serious crimes against SAPS members, including robberies in townships and other areas, housebreaking, property losses and theft from private vehicles. Furthermore, provinces and divisions conducted regular inspections and awareness drives to educate members on the safe storage of firearms. Quarterly communication was maintained through letters sent to all provinces and divisions, aimed at streamlining processes, enhancing information integrity and strengthening system controls, all of which contributed positively to the reduction in losses.",Not applicable,,304
Police,South African Police Service,National,Programme 1: Administration,Programme 1: Administration,Quarterly,"Percentage of audits completed, in terms of the Internal Audit Plan",Not Applicable,Not  Applicable,Priority 6: Social Cohesion and Safer Communities,"Justice, Crime Prevention and Security cluster",29%,25% (31 from a total of 124).,54%,"53,60% (67 from a total of 125).",75%,"75,2% (94 from a total of 125).",100%,100% (125 from a total of 125).,100%,-,,,,,"The quarterly target was reduced from 29% to 28% as a result of the decrease in the budget allocation, which necessitated a readjustment of the internal audit plans following the approval of the Annual Operational Plan. The engagement of clients in the policing of the elections (pre, during and post elections), for audits in KwaZulu-Natal and Mpumalanga.
The unavailability of the audit manager for a planned performance audit.
Delays by a client in confirming the commencement date of a performance audit.","The three audits that were not conducted during the first quarter have been carried over to the second quarter.
An application to defer one performance audit to the next financial year will be submitted to the Audit Committee and the Accounting Officer for consideration.
Enhancing the monitoring of audit projects by conducting weekly progress inspections and issuing exception reports to senior management for corrective action.
Approval was granted to postpone one performance audit until the next quarter.","One ad hoc request was completed by Risk-Based and Compliance during the quarter, thereby increasing the planned target from 124 to 125. In order to minimise disruptions during the festive season operations in the North West, a project that was scheduled for quarter three was concluded in quarter two.",The quarterly target was reduced from 54% to 53% following the approval of the Internal Audit plans after the tabling of the Annual Performance Plan,Not applicable,Not applicable,Not applicable,Not applicable,,304
Police,South African Police Service,National,Programme 1: Administration,Programme 1: Administration,Quarterly,Percentage of inspections executed in terms of the approved Inspection Plan,Not Applicable,Not  Applicable,Priority 6: Social Cohesion and Safer Communities,"Justice, Crime Prevention and Security cluster",24% (65),"29,67% (81 from a total of 273).",52% (143),"62,64% (171 from a total of 273).",76% (208),"83,88% (229 from a total of 273).",100% (273),100% (273 from a total of 273).,100% (273),-,,,,,"Ten
emerging inspections (additional) were conducted during the first quarter, which were in addition to the initial approved inspections that were scheduled in accordance with service delivery requirements.",Not applicable,"The Inspectorate executed 24 emerging inspections (additional), which include 10 Frontline Service Delivery inspections by Operational/Organisational Compliance in support of the Public Service month. This exceeds the initial approved inspections planned, based on service delivery requirements.",Not applicable,"Performance was in line with the approved tactical plans for the third quarter. The Inspectorate normally plans fewer inspections for the third quarter, due to tasks connected to the Auditor General's audit findings that must be addressed. The Inspectorate is on track to meet its annual target for the financial year. A total of 27 emerging inspections (additional) were completed (based on service delivery requirements), in addition to the initial approved inspections planned.",Not applicable,"Additional inspections were carried out, exceeding the initial approved inspection plan. A total of 369 inspections were executed, including 273 priority inspections. The performance is aligned with the approved tactical plans. In the 4th quarter, 35 additional inspections were executed.",Not applicable,,304
Police,South African Police Service,National,Programme 1: Administration,Programme 1: Administration,Quarterly,Percentage of IPID-related cases finalised within the prescribed timeframe,Not Applicable,Not  Applicable,Priority 6: Social Cohesion and Safer Communities,"Justice, Crime Prevention and Security cluster",90% finalised within 60 calendar days,100% (7 cases were finalised within the prescribed timeframe). A total number of 3 of the 10 cases that were placed on roll were still pending within 60 calendar days.,90% finalised within 60 calendar days,"96,43% (27 from a total of 28 cases were finalised within the pre scribed time frame). A total number of 14 of the 42 cases that were placed on roll were still pending within 60 calendar days as reported and one case is pending beyond 60 calendar days.
",90% finalised within 60 calendar days,"94,12% (80 form a total of 85 cases were finalised within the prescribed timeframe). A total number of 18 of the 103 cases that were placed on roll were still pending within 60 calendar days).",90% finalised within 60 calendar days,"93,37% (155 from a total of 166 cases were finalised within the prescribed time frame). A total number of 26 of the 192 cases that were placed on roll were still pending within 60 calendar days.",90% finalised within 60 calendar days,-,,,,,The majority of the reported cases were resolved as a result of the well-managed control measures and the limited number of cases.,Not applicable,Constant monitoring and early warning reminders to provinces.,Not applicable,"Continuous monitoring and early warning reminders to provinces, including early warning emails as deadlines are approaching.",Not applicable,Continuous monitoring and early warning reminders to the provinces.,Not applicable,,304
Police,South African Police Service,National,Programme 1: Administration,Programme 1: Administration,Quarterly,Percentage of learners assessed and declared competent upon completion of specified training in Leadership and Management Development Programmes,Not Applicable,Not  Applicable,Priority 6: Social Cohesion and Safer Communities,"Justice, Crime Prevention and Security cluster",97%,"99,77% (438 learners were assessed and 437 learners were declared competent).",97%,"99,85% (1 378 learners were assessed and 1 376 learners were declared competent).",97%,"99,74% (1 143 learners were assessed and 1 140 learners were declared competent).",97%,100% (All 1 157 learners were assessed and were declared competent).,97%,-,,,,,"Trainers went above and beyond to prepare learners for assessments, devoting special attention to those with learning difficulties.
Learners teach each other after hours.
Monitoring the time spent studying.",Not applicable,"Trainers went above and beyond to prepare learners for assessments, devoting special attention to those with learning difficulties.
Learners teach each other after hours.
Monitoring the time spent studying.",Not applicable,"Trainers went above and beyond to prepare learners for assessments, devoting special attention to those with learning difficulties.
Learners teach each other after hours.
Monitoring the time spent studying.",Not applicable,"Trainers went above and beyond to prepare learners for assessments, devoting special attention to those with learning difficulties.
Learners teach each other after hours.
Monitoring the time spent studying.",Not applicable,,304
Police,South African Police Service,National,Programme 1: Administration,Programme 1: Administration,Quarterly,Percentage of learners assessed and declared competent upon completion of specified training in prioritised training areas: Crime Investigations,Not Applicable,Not  Applicable,Priority 6: Social Cohesion and Safer Communities,"Justice, Crime Prevention and Security cluster",97%,100% (All 716 learners that were assessed were declared competent).,97%,"99,93% (2 934 learners were assessed and 2 932 learners were declared competent).",97%,"99,90% (8 008 learners were assessed and 8 000 learners were declared competent).",97%,100% (All 2 005 learners were assessed and were declared competent).,97%,-,,,,,"Trainers 
went above and beyond to prepare learners for assessments, devoting special attention to those with learning difficulties.
Learners teach each other after hours.
Monitoring the time spent studying.",Not applicable,"Trainers went above and beyond to prepare learners for assessments, devoting special attention to those with learning difficulties.
Learners teach each other after hours.
Monitoring the time spent studying.",Not applicable,"Trainers went above and beyond to prepare learners for assessments, devoting special attention to those with learning difficulties.
Learners teach each other after hours.
Monitoring the time spent studying.",Not applicable,"Trainers went above and beyond to prepare learners for assessments, devoting special attention to those with learning difficulties.
Learners teach each other after hours.
Monitoring the time spent studying.",Not applicable,,304
Police,South African Police Service,National,Programme 1: Administration,Programme 1: Administration,Quarterly,Percentage of learners assessed and declared competent upon completion of specified training in prioritised training areas: Crime Prevention,Not Applicable,Not  Applicable,Priority 6: Social Cohesion and Safer Communities,"Justice, Crime Prevention and Security cluster",97%,"99,97% (3 941 learners were assessed and 3 940 learners were declared competent).",97%,"99,89% (1 740 learners were assessed and 1 738 learners were declared competent).",97%,"99,96% (7 165 learners were assessed and 7 162 learners were declared competent).",97%,"99,60% (756 learners were assessed and 753 learners were declared competent).",97%,-,,,,,"Trainers went above and beyond to prepare learners for assessments, devoting special attention to those with learning difficulties.
Learners teach each other after hours.
Monitoring the time spent studying.",Not applicable,"Trainers went above and beyond to prepare learners for assessments, devoting special attention to those with learning difficulties.
Learners teach each other after hours.
Monitoring the time spent studying.",Not applicable,"Trainers went above and beyond to prepare learners for assessments, devoting special attention to those with learning difficulties.
Learners teach each other after hours.
Monitoring the time spent studying.",Not applicable,"Trainers went above and beyond to prepare learners for assessments, devoting special attention to those with learning difficulties.
Learners teach each other after hours.
Monitoring the time spent studying.",Not applicable,,304
Police,South African Police Service,National,Programme 1: Administration,Programme 1: Administration,Quarterly,Percentage of learners assessed and declared competent upon completion of specified training in prioritised training areas: Gender-based violence and crimes against vulnerable groups,Not Applicable,Not  Applicable,Priority 6: Social Cohesion and Safer Communities,"Justice, Crime Prevention and Security cluster",97%,"99,88% (1 716 learners were assessed and 1 714 learners were declared competent).",97%,"99,82% (4 471 learners were assessed and 4 463 learners were declared competent).",97%,"99,93% (10 140 learners were assessed and 10 133 learners were declared competent).",97%,"99,74% (2 349 learners were assessed and 2 343 learners were declared competent).",97%,-,,,,,"Trainers went above and beyond to prepare learners for assessments, devoting special attention to those with learning difficulties.
Learners teach each other after hours.
Monitoring the time spent studying.",Not applicable,"Trainers went above and beyond to prepare learners for assessments, devoting special attention to those with learning difficulties.
Learners teach each other after hours.
Monitoring the time spent studying.",Not applicable,"Trainers went above and beyond to prepare learners for assessments, devoting special attention to those with learning difficulties.
Learners teach each other after hours.
Monitoring the time spent studying.",Not applicable,"Trainers went above and beyond to prepare learners for assessments, devoting special attention to those with learning difficulties.
Learners teach each other after hours.
Monitoring the time spent studying.",Not applicable,,304
Police,South African Police Service,National,Programme 1: Administration,Programme 1: Administration,Quarterly,Percentage of learners assessed and declared competent upon completion of specified training in specialised capabilities: Crime Intelligence,Not Applicable,Not  Applicable,Priority 6: Social Cohesion and Safer Communities,"Justice, Crime Prevention and Security cluster",97%,100% (All 25 learners that were assessed were declared competent).,97%,"98,36% (183 learners were assessed and 180 learners were declared competent).",97%,100% (All 210 learners were assessed and were declared competent).,97%,100% (All 145 learners were assessed and were declared competent).,97%,-,,,,,"Trainers went above and beyond to prepare learners for assessments, devoting special attention to those with learning difficulties.
Learners teach each other after hours.
Monitoring the time spent studying.",Not applicable,"Trainers went above and beyond to prepare learners for assessments, devoting special attention to those with learning difficulties.
Learners teach each other after hours.
Monitoring the time spent studying.",Not applicable,"Trainers went above and beyond to prepare learners for assessments, devoting special attention to those with learning difficulties.
Learners teach each other after hours.
Monitoring the time spent studying.",Not applicable,"Trainers went above and beyond to prepare learners for assessments, devoting special attention to those with learning difficulties.
Learners teach each other after hours.
Monitoring the time spent studying.",Not applicable,,304
Police,South African Police Service,National,Programme 1: Administration,Programme 1: Administration,Quarterly,Percentage of learners assessed and declared competent upon completion of specified training in specialised capabilities: Cybercrime,Not Applicable,Not  Applicable,Priority 6: Social Cohesion and Safer Communities,"Justice, Crime Prevention and Security cluster",97%,100% (All 59 learners that were assessed were declared competent).,97%,100% (281 learners were assessed and 281 learners were declared competent).,97%,100% (All 2 558 learners were assessed and were declared competent).,97%,100% (All 126 learners were assessed and were declared competent).,97%,-,,,,,"Trainers went above and beyond to prepare learners for assessments, devoting special attention to those with learning difficulties.
Learners teach each other after hours.
Monitoring the time spent studying.",Not applicable,"Trainers went above and beyond to prepare learners for assessments, devoting special attention to those with learning difficulties.
Learners teach each other after hours.
Monitoring the time spent studying.",Not applicable,"Trainers went above and beyond to prepare learners for assessments, devoting special attention to those with learning difficulties.
Learners teach each other after hours.
Monitoring the time spent studying.",Not applicable,"Trainers went above and beyond to prepare learners for assessments, devoting special attention to those with learning difficulties.
Learners teach each other after hours.
Monitoring the time spent studying.",Not applicable,,304
Police,South African Police Service,National,Programme 1: Administration,Programme 1: Administration,Quarterly,Percentage of learners assessed and declared competent upon completion of specified training in specialised capabilities: Forensic Science,Not Applicable,Not  Applicable,Priority 6: Social Cohesion and Safer Communities,"Justice, Crime Prevention and Security cluster",97%,"99,10% (222 learners were assessed and 220 learners were declared competent).",97%,"99,04% (2 081 learners were assessed and 2 061 learners were declared competent).",97%,"98,73% (864 learners were assessed and 853 learners were declared competent).",97%,"99,59% (484 learners were assessed and 482 learners were declared competent).",97%,-,,,,,"Trainers went above and beyond to prepare learners for assessments, devoting special attention to those with learning difficulties.
Learners teach each other after hours.
Monitoring the time spent studying.",Not applicable,"Trainers went above and beyond to prepare learners for assessments, devoting special attention to those with learning difficulties.
Learners teach each other after hours.
Monitoring the time spent studying.",Not applicable,"Trainers went above and beyond to prepare learners for assessments, devoting special attention to those with learning difficulties.
Learners teach each other after hours.
Monitoring the time spent studying.",Not applicable,"Trainers went above and beyond to prepare learners for assessments, devoting special attention to those with learning difficulties.
Learners teach each other after hours.
Monitoring the time spent studying.",Not applicable,,304
Police,South African Police Service,National,Programme 1: Administration,Programme 1: Administration,Quarterly,Percentage of learners assessed and declared competent upon completion of specified training in specialised capabilities: Public Order Policing,Not Applicable,Not  Applicable,Priority 6: Social Cohesion and Safer Communities,"Justice, Crime Prevention and Security cluster",97%,100% (All 600 learners that were assessed were declared competent).,97%,100% (321 learners were assessed and 321 learners were declared competent).,97%,100% (All 546 learners were assessed and were declared competent). ,97%,100% (All 483 learners were assessed and were declared competent).,97%,-,,,,,"Trainers went above and beyond to prepare learners for assessments, devoting special attention to those with learning difficulties.
Learners teach each other after hours.
Monitoring the time spent studying.",Not applicable,"Trainers went above and beyond to prepare learners for assessments, devoting special attention to those with learning difficulties.
Learners teach each other after hours.
Monitoring the time spent studying.",Not applicable,"Trainers went above and beyond to prepare learners for assessments, devoting special attention to those with learning difficulties.
Learners teach each other after hours.
Monitoring the time spent studying.",Not applicable,"Trainers went above and beyond to prepare learners for assessments, devoting special attention to those with learning difficulties.
Learners teach each other after hours.
Monitoring the time spent studying.",Not applicable,,304
Police,South African Police Service,National,Programme 1: Administration,Programme 1: Administration,Quarterly,Percentage of planned ethics and integrity advocacy and awareness programmes completed,Not Applicable,Not  Applicable,Priority 6: Social Cohesion and Safer Communities,"Justice, Crime Prevention and Security cluster",25% (14),"32,14% (18 from a total of 56).",25% (14),25% (14 from a total of 56).,25% (14),25% (14 from a total of 56).,25% (14),"26,79% (15 from a total of 56).",100% (56),-,,,,,Additional requests from the provinces.,Not applicable,Not applicable,Not applicable,Not applicable,Not applicable,The station management requested that an ad-hoc session be conducted.,Not applicable,,304
Police,South African Police Service,National,Programme 2: Visible Policing,Border Security,Quarterly,Percentage of crime-related hits reacted to as a result of the Enhanced Movement Control System (EMCS) screening on circulated stolen or robbed vehicles,Not Applicable,Not  Applicable,Priority 6: Social Cohesion and Safer Communities,"Justice, Crime Prevention and Security cluster",100%,100% (421),100%,100% (408),100%,100% (425),100%,100% (349),100%,-,,,,,Not applicable,Not applicable,Not applicable,Not applicable,Not applicable,Not applicable,Not applicable,Not applicable,,304
Police,South African Police Service,National,Programme 2: Visible Policing,Border Security,Quarterly,Percentage of crime-related hits reacted to as a result of the Enhanced Movement Control System (EMCS) screening on wanted persons ,Not Applicable,Not  Applicable,Priority 6: Social Cohesion and Safer Communities,"Justice, Crime Prevention and Security cluster",100%,100% (336),100%,100% (301),100%,100% (410),100%,100% (304),100%,-,,,,,Not applicable,Not applicable,Not applicable,Not applicable,Not applicable,Not applicable,Not applicable,Not applicable,,304
Police,South African Police Service,National,Programme 2: Visible Policing,Border Security,Quarterly,"Percentage of profiled cargo consignment at airports searched for illegal facilitation of persons, contraband, illicit goods and/or stolen robbed property",Not Applicable,Not  Applicable,Priority 6: Social Cohesion and Safer Communities,"Justice, Crime Prevention and Security cluster",100%,100% (833),100%,100% (900),100%,100% (799),100%,100% (752),100%,-,,,,,Not applicable,Not applicable,Not applicable,Not applicable,Not applicable,Not applicable,Not applicable,Not applicable,,304
Police,South African Police Service,National,Programme 2: Visible Policing,Border Security,Quarterly,"Percentage of profiled containers at sea ports searched for illegal facilitation of persons, contraband, illicit goods and/or stolen robbed property",Not Applicable,Not  Applicable,Priority 6: Social Cohesion and Safer Communities,"Justice, Crime Prevention and Security cluster",100%,100% (538),100%,100% (543),100%,100% (514),100%,100% (451),100%,-,,,,,Not applicable,Not applicable,Not applicable,Not applicable,Not applicable,Not applicable,Not applicable,Not applicable,,304
Police,South African Police Service,National,Programme 2: Visible Policing,Border Security,Quarterly,"Percentage of profiled vehicles at land ports searched for illegal facilitation of persons, contraband, illicit goods and/or stolen robbed property",Not Applicable,Not  Applicable,Priority 6: Social Cohesion and Safer Communities,"Justice, Crime Prevention and Security cluster",100%,100% (1 567),100%,100% (1 522),100%,100% (1 409),100%,100% (1 325),100%,-,,,,,Not applicable,Not applicable,Not applicable,Not applicable,Not applicable,Not applicable,Not applicable,Not applicable,,304
Police,South African Police Service,National,Programme 2: Visible Policing,Crime Prevention,Quarterly,"Number of arrests for economic infrastructure-related crimes, for cases allocated to the EITTs",Not Applicable,Not  Applicable,Priority 6: Social Cohesion and Safer Communities,"Justice, Crime Prevention and Security cluster",322,453,644,1 142,976,1 400,1 288,1 888,1 288,-,,,,,"In numerous cases, multiple suspects have been arrested in a single case.",Not applicable,"In numerous cases, multiple suspects have been arrested in a single case.",Not applicable,A surge in reported cases of economic infrastructure was accompanied by a corresponding increase in arrests made by the SAPS.,Not applicable,"Investigations are conducted following the reported cases, resulting in arrests.",Not applicable,,304
Police,South African Police Service,National,Programme 2: Visible Policing,Crime Prevention,Quarterly,Number of arrests of identified crimes at specified construction sites for cases allocated to EITTs,Not Applicable,Not  Applicable,Priority 6: Social Cohesion and Safer Communities,"Justice, Crime Prevention and Security cluster",2,0,2,0,2,4,3,0,9,-,,,,,"During the election period, a substantial number of members were deployed to various locations to provide security support. The deployment necessitated their undivided attention and resources, which limited their capability to perform EITT functions.","Since the deployment for elections has been finalised, members will focus on EITT functions.",No extortion cases were allocated to EITTs for investigation. These cases are investigated by Serious Organised Crime.,An extortion Action Plan has been compiled and is being  implemented through awareness/community engagement to encourage community to report cases of extortion and  extortion at construction sites.,Multiple suspects were associated with a single case.,Not applicable,"No extortion cases were allocated to EITTs for investigation, as these cases are handled by Serious Organised Crime.","The Extortion Action Plan has been compiled and implemented. Awareness and community engagement initiatives have been conducted to encourage the reporting of extortion cases, including those occurring at construction sites.",,304
Police,South African Police Service,National,Programme 2: Visible Policing,Crime Prevention,Quarterly,Number of escapees from police custody,Not Applicable,Not  Applicable,Priority 6: Social Cohesion and Safer Communities,"Justice, Crime Prevention and Security cluster",100,68,200,163,300,256,399,336,Decrease to 399 (10%),-,,,,,"In order to prevent escapes from police custody, members are complying with the relevant directives and instructions.",Not applicable,Members are complying with the directives regarding the prevention of escapes from lawful custody.,Not applicable,Members are complying with the relevant directives to prevent escapes from police custody.,Not applicable,Members have shown improved adherence to directives and national instructions aimed at preventing escapes from police custody.,Not applicable,,304
Police,South African Police Service,National,Programme 2: Visible Policing,Crime Prevention,Quarterly,Number of identifiable SAPS-owned firearms recovered,Not Applicable,Not  Applicable,Priority 6: Social Cohesion and Safer Communities,"Justice, Crime Prevention and Security cluster",67,67,134,109,201,175,268,244,Increase to 268 (10%),-,,,,,Not applicable,Not applicable,"Failure to adhere to the prescripts of the National Instruction.
Poor or lack of command and control to ensure the circulation of recovered firearms.
No consequence management for non-compliance to national instructions and internal controls.
Lack of communication to align monthly targets with planned and targeted operations.","Recirculation of policy (National instructions and directives) related to Firearm circulation.
Provinces to revisit planned operations to ensure the achievement of targets. 
The establishment and activation of an action plan that prioritises the rapid recovery of lost or stolen firearms by districts and stations.
Designated firearm officers at stations to ensure the timely capture of recovered or found firearms.","Failure to adhere to the prescripts outlined in the National Instruction.
Inadequate command and control to facilitate the circulation of recovered firearms.
No consequence management for non-compliance with national instructions and internal controls.
There is a lack of communication that effectively aligns monthly targets with the planned and targeted operations.","Recirculation of all policies, including national instructions and directives, pertaining to the circulation of firearms.                                                  
Provinces are required to closely monitor their monthly performance and promptly communicate any shortcomings to their operational business units.                                                  Provinces to review their planned operations to ensure the achievement of targets.
Districts and police stations are to establish and implement an action plan aimed at rapid recovery of lost or stolen firearms.
Station DFO to ensure the timely capturing of recovered and found firearms.","There is a lack of communication aligning provincial and district targets with planned and targeted operations. Delays have occurred in activating action plans to recover lost or stolen firearms. There is poor or insufficient command and control to ensure the proper circulation of recovered firearms. Additionally, there is no consequence management for non-compliance with national instructions and internal controls, particularly regarding the timely reporting of lost or stolen firearms.",Visible Policing and OPS (FLASH Monitoring and Evaluation) to recirculate all relevant policies (national instructions and directives) regarding firearm circulation. Provinces to revisit planned operations to ensure target achievement. Provinces and districts to implement stricter controls and monitor firearms in the SAPS13 against the capturing of recovered firearms. Districts and stations to establish and activate an action plan focused on the speedy recovery of stolen/lost firearms. Station DFO to ensure the timely capturing of recovered/found firearms.,,304
Police,South African Police Service,National,Programme 2: Visible Policing,Crime Prevention,Quarterly,Number of illegal firearms recovered,Not Applicable,Not  Applicable,Priority 6: Social Cohesion and Safer Communities,"Justice, Crime Prevention and Security cluster",1 348,1 635,2 696,2 993,4 044,4 506,5 392,6 372,Increase to 5 392 (1%),-,,,,,"Advised provinces to circulate firearms and the monitoring of firearms recovered during Operation Shanela.
Provinces were provided with monthly feedback on their actual performance, with an emphasis on their shortcomings.
The introduction of an early warning reminder regarding firearm circulation in accordance with National Instruction 6/2019: Notification of lost, stolen, or found firearms.",Not applicable,"Provinces were informed of discrepancies (non-circulation, incomplete, or late circulations) through continuous monitoring of systems (EFRS and J-Track) for the purpose of rectification.                                                                                                                                                                                Weekly early warning reminder on firearm circulation, in terms of National Instruction 6/2019: Notification of lost, stolen or found firearms.                                                                                           Capacity-building work sessions are conducted during inspections to address the practical approach to the circulation of firearms, including those owned by the state. In addition, station visits were utilised to conduct in-service training.                                                                                                                                                                      Feedback to provinces regarding their actual performance, highlighting shortcomings.",Not applicable,"Ongoing monitoring of systems (EFRS and SharePoint) was conducted to identify discrepancies, including non-circulation, incomplete circulations, or late circulations, which were subsequently communicated to the provinces for rectification.                                                                                                                                                                                Weekly early warning reminder on the circulation of firearms, in accordance with National Instruction 6 of 2019: Notification of lost, stolen or found firearms.
Capacity-building work sessions conducted during inspections focus on the practical approaches pertaining to the circulation of firearms, including those owned by the state. In addition, in-service training was conducted during station visits.                                                                                                                                                                               Feedback regarding actual performance, highlighting shortcomings, was communicated to the provinces.",Not applicable,"Continuous monitoring of systems (EFRS and SharePoint) identified discrepancies such as non-circulation, incomplete, or late circulations, which were communicated to the provinces for rectification. Weekly early warning reminders on firearm circulation, in line with National Instruction 6/2019 (Notification of lost, stolen, or found firearms), were sent. Capacity-building work sessions, including in-service training on firearm circulation processes, were conducted during inspections. Quarterly feedback on actual performance and identified shortfalls was provided to the provinces.",Not applicable,,304
Police,South African Police Service,National,Programme 2: Visible Policing,Crime Prevention,Quarterly,Number of national Izimbizos and/or community engagements conducted,Not Applicable,Not  Applicable,Priority 6: Social Cohesion and Safer Communities,"Justice, Crime Prevention and Security cluster",5,19,5,4,5,4,5,6,20 national crime awareness campaigns,-,,,,,The Ministry's Office identified the areas where Izimbizos were conducted as criminal hotspots and election hotspots.,Not applicable,"There is a dependency on the planned schedule of the Minister, Deputy Minister's and SAPS Top Management.",Constant reminders to the Ministry and SAPS Executive on the implementation of the 2024/25 National Imbizo Plan.,"This is contingent upon the planned commitments of the Minister, Deputy Minister and the senior management of the SAPS.","Execution of the National Imbizo Plan for 2024/25.
The cumulative year-end annual target was attained in the second quarter.",Community outcry led the Ministry of Police to conduct an additional community engagement to address crime.,Not applicable,,304
Police,South African Police Service,National,Programme 2: Visible Policing,Crime Prevention,Quarterly,Number of provincial Izimbizos and/or community engagements conducted,Not Applicable,Not  Applicable,Priority 6: Social Cohesion and Safer Communities,"Justice, Crime Prevention and Security cluster",45 (5 per province),66,45 (5 per province),91,45 (5 per province),90,45 (5 per province),69,180 provincial crime awareness campaigns (20 per province),-,,,,,"Despite the fact that two of the provinces were unable to achieve the target of conducting five awareness campaigns during the quarter, more campaigns were conducted than planned. Deployment of members for the elections and inauguration of the Premiers.",Increase number of community outreach programs/Izimbizo by some provinces in the second quarter.,The second quarter saw an increase in the implementation of community engagement or outreach programmes and awareness campaigns regarding GBV. ,Not applicable,"Launch of the festive season and an increase in awareness campaigns regarding gender-based violence, alongside enhanced community engagement and outreach programmes during the third quarter.",Not applicable,"The Department implemented cost containment measures, which affected Eastern Cape and Free State in Quarter 4. Eastern Cape achieved 2 and Free State achieved 4, falling short of the quarterly target of five per province.",The Department will change the method of calculation from cumulative year-end to cumulative year-to-date. ,,304
Police,South African Police Service,National,Programme 2: Visible Policing,Crime Prevention,Quarterly,"Number of quarterly reports addressing identified crimes at specified construction sites, by the EITTs ",Not Applicable,Not  Applicable,Priority 6: Social Cohesion and Safer Communities,"Justice, Crime Prevention and Security cluster",Quarter 4 and Annual Report 2023/24,0,Quarter 1 report,1,Quarter 2 report,0,Quarter 3 report,1,"4 reports, within 10 working days",-,,,,,A quarterly and annual report report detailing the successes and activities of EITTs in combating identified crimes at specified construction sites and economic infrastructure-related crimes was not submitted by the relevant key performance indicator owner.,Sensitisation of the key performance indicator owner to the reporting responsibility and the requirement specified in the Technical Indicator Description.,Not applicable,Not applicable,"The quarterly EITT Progress Report for the third quarter weren't aligned to the stipulated requirements outlined in the TID, as it failed to incorporate the actual outcomes for the third quarter and instead presented only proportional information for that quarter, which was not required.",Compliance with the reporting requirements as outlined in the TID will be implemented. ,Not applicable,Not applicable,,304
Police,South African Police Service,National,Programme 2: Visible Policing,Crime Prevention,Quarterly,"Number of quarterly reports on the implementation of the Increased Crime Prevention and Combating Action Plan (ICPCAP), within the National Policing Strategy",Not Applicable,Not  Applicable,Priority 6: Social Cohesion and Safer Communities,"Justice, Crime Prevention and Security cluster",Quarter 4 and Annual Report 2023/24,1,Quarter 1 report,1,Quarter 2 report,1,Quarter 3 report,1,"4 reports, within 10 working days",-,,,,,Not applicable,Not applicable,Not applicable,Not applicable,Not applicable,Not applicable,Not applicable,Not applicable,,304
Police,South African Police Service,National,Programme 2: Visible Policing,Crime Prevention,Quarterly,Number of reported cases of economic infrastructure-related crimes allocated to EITTs,Not Applicable,Not  Applicable,Priority 6: Social Cohesion and Safer Communities,"Justice, Crime Prevention and Security cluster",528,1 137,1 056,3 026,1 584,4 251,2 112,5 764,2 112,-,,,,,The election deployment resulted in a significant increase in police visibility.,Not applicable,"EITT personnel are not exclusively dedicated to economic infrastructure-related duties and are not permanently focused on economic infrastructure. Consequently, their focus on the prevention of economic infrastructure crime is reduced.
Inaccurate data submitted by provinces.","The Component: Firearms Liquor and Second-Hand Good Services (FLASH) will be conducting physical assessments on the functioning of the EITTs at relevant Provinces or Districts to ensure in-service training (inclusive of defining Economic Infrastructure and Extortion at Specified Construction Sites) and to clarify data requirements.

Additionally, at the end of quarter 2, the relevant component had registered personnel on the CAS system, with the function to verify and purify the data received from Provinces.","The personnel of EITTs are not continually focused on economic infrastructure and are not exclusively committed to tasks associated with economic infrastructure, which may distract from their attention and focus on the prevention of crimes related to economic infrastructure. Inaccurate information obtained from the provinces.",Strengthen the verification of cases and related arrests.,"There has been inaccurate reporting of cases not related to EITTs. Additionally, a backlog exists in the verification of EITT cases, likely due to members being engaged in duties outside of their EITT responsibilities.","Encourage the registration of more FLASH members on CAS to strengthen capacity for timely and accurate verification of EITT-related cases. Additionally, conduct awareness sessions with the provinces to clarify reporting requirements, enhancing accuracy and accountability.",,304
Police,South African Police Service,National,Programme 2: Visible Policing,Crime Prevention,Quarterly,"Number of reported cases of identified crimes at specified construction sites, allocated to the EITTs",Not Applicable,Not  Applicable,Priority 6: Social Cohesion and Safer Communities,"Justice, Crime Prevention and Security cluster",1,0,1,0,1,1,1,0,4,-,,,,,"The election deployment resulted in a significant increase in 
police visibility. No cases were reported for extortion and robbery at specific construction sites.","Since the deployment for elections has been finalised, members will focus on EITT functions.",Random visits at specified construction sites by EITTs.,Not applicable,Not applicable,Not applicable,Not applicable,Not applicable,,304
Police,South African Police Service,National,Programme 2: Visible Policing,Crime Prevention,Quarterly,Number of reports on the 10111 Command Centre Reform Project,Not Applicable,Not  Applicable,Priority 6: Social Cohesion and Safer Communities,"Justice, Crime Prevention and Security cluster",Quarter 4 and Annual Report 2023/24,0,Quarter 1 report,0,Quarter 2 report,0,Quarter 3 report,0,4 quarterly project progress reports to the Presidency,-,,,,,In a process to finalise the quarterly report for submission.,The timeous submission of the quarterly report in the next quarter.,Non-compliance by the Section Head: Emergency Response Services. ,The Section Head will be subject to corrective measures by the Acting Component Head: Rapid Rail and Police Emergency Services. ,"Although the report was submitted timeously, management considered it necessary to supplement the report with additional information to facilitate a more appropriate interpretation. The provision of supplementary information led to a delayed submission.",The enhanced reporting requirement will be incorporated into the instructions disseminated to the various stakeholders tasked with presenting progress in accordance with the 10111 Quarterly Report.,"Additional information required for the report was system-generated, causing delays, particularly when performance statistics need to be retrieved for verification and submission.",The retrieval of performance statistics will be done promptly to ensure the report is submitted on time.,,304
Police,South African Police Service,National,Programme 2: Visible Policing,Crime Prevention,Quarterly,Number of vehicles recovered,Not Applicable,Not  Applicable,Priority 6: Social Cohesion and Safer Communities,"Justice, Crime Prevention and Security cluster",7 167,"A total 
number of 6 857 vehicles were recovered, including 6 636 identified vehicles, 183 unidentified vehicles and 38 cross-border vehicles.",14 334,"A total number of 14 241 vehicles were recovered, including 13 733 identified vehicles, 394 unidentified vehicles and 114 cross-border vehicles.",21 501,"A total number of 21 493 vehicles were recovered, including 20 772 identified vehicles, 565 unidentified vehicles and 156 cross-border vehicles.",28 668,"A total number of 28 726 vehicles were recovered, including 27 737 identified vehicles, 776 unidentified vehicles and 213 vehicles recovered during cross-border operations.",Increase to 28 668 (1%),-,,,,,"The 
capturing of stolen or robbed vehicles continues to be a challenge as a result of a lack of communication and training regarding the directive. The complexity and nature of vehicle crime, as well as the expertise of criminals, make it increasingly challenging to track and trace stolen or robbed vehicles. Additionally, a significant portion of the vehicles are dismantled for the second-hand parts market and exported beyond our borders.","A letter will be prepared and sent to all provinces that failed to meet their targets, requesting an underperformance action plan. Continuous in-service training regarding the recording of recovered stolen/robbed vehicles on the Circulation System Vehicle using function 1.2.24 will be conducted during the evaluation and visits of districts, stations, Vehicle Crime Investigation Units and Vehicle Safeguarding Units. Analysis and implementation of measures to enhance vehicle recoveries in provinces that are underperforming will be conducted through discussions and engagements with the Detective Service.","The capturing of stolen or robbed vehicles continues to be a challenge as a result of a lack of communication and training regarding the directive. The complexity and nature of vehicle crime, as well as the expertise of criminals, make it increasingly challenging to track and trace stolen or robbed vehicles. Additionally, a significant portion of the vehicles are dismantled for the second-hand parts market and exported beyond our borders.","A letter will be prepared and sent to all provinces that have not met their targets, requesting an underperformance action plan.","The process for capturing stolen or robbed vehicles and subsequently placing them in police custody has demonstrated only marginal improvement. This improvement can be attributed to the enhanced communication and training regarding the directive for handling such vehicles, which has been implemented across various provinces.
The complex nature of vehicle-related offences, coupled with the sophisticated abilities of perpetrators, persistently complicates the tracking and tracing of stolen or robbed vehicles. Moreover, inadequate efforts have been implemented to prevent the dismantling of vehicles for the second-hand parts market and a considerable quantity continues to be exported across borders. Some vehicles have been recovered and subsequently classified as not stolen, thereby excluding them from this report.",A letter requesting the formulation of an underperformance action plan has been prepared and will be issued to all provinces that did not achieve their targets. This correspondence will outline the necessity for corrective measures and strategies aimed at addressing identified gaps and improving overall performance.,"The strategic  
operations to recover vehicles, along with enhancements to the Circulation System: Vehicles (Function 1.2.24), have improved the capturing of all recovered stolen or robbed vehicles on the system.",Not applicable,,304
Police,South African Police Service,National,Programme 2: Visible Policing,Crime Prevention,Quarterly,Percentage of  police stations that have functional Community Police Forums,Not Applicable,Not  Applicable,Priority 6: Social Cohesion and Safer Communities,"Justice, Crime Prevention and Security cluster","99,57%","99,74% (1 155 functional CPF's from a total of 1 158 functional police stations have functional CPF's).","99,57%","99,82% (1 157 functional CPF's from a total of 1 159 functional police stations have functional CPFs).","99,57%",100% (1 159 functional CPF's from a total of 1 159 functional police stations have functional CPF's.,"99,57%","99,91% (1 160 from a total of 1 161 functional police stations have functional CPF's).","99,57%",-,,,,,"Boetsap, Belmont, Kubusiedrift and Mokopong Police Stations are exempt from the establishment of CPFs, due to the absence of a community within the policing precinct. The provincial office dissolved the CPF at Ravensmead Police Station, in the Western Cape, due to disputes and the CPFs at Makgobistad and Khuma Police Stations, in the North West are non-functional.",Not applicable,"Boetsap, Belmont, Kubusiedrift and Mokopong Police Stations are exempt from the establishment of CPFs, due to the absence of a community within the policing precinct. The provincial office dissolved the CPF at Ravensmead Police Station, in the Western Cape, due to disputes. Makhaza Police Station is currently a new station and have no functional CPF.  ",Not applicable,"All identified police stations have functional CPF's. The Boetsap, Belmont, Kubusiedrif and Mokopong Police Stations are exempt from the establishment of CPFs due to the absence of a community within their respective policing precincts.",Not applicable,"Majola Police Station in the Eastern Cape is newly opened and in the process of establishing a CPF. Boetsap, Belmont, Kubusiedrif, and Mokopong Police Stations are exempt from establishing CPFs, as they have no communities within their policing precincts",Not applicable,,304
Police,South African Police Service,National,Programme 2: Visible Policing,Crime Prevention,Quarterly,Percentage of applications for new firearm licenses finalised within 120 working days ,Not Applicable,Not  Applicable,Priority 6: Social Cohesion and Safer Communities,"Justice, Crime Prevention and Security cluster",90%,"95,02% (33 511 from a total of 35 266).",90%,"96,39% (37 459 from a total of 38 863).",90%,"97,26% (43 183 from 44 398).",90%,"95,56% (37 409 from 39 146).",90%,-,,,,,The continuous monitoring of applications beyond 60 working days on a monthly basis at the provincial office and weekly monitoring is conducted at the Central Firearms Register to ensure that applications are finalised within the specified time frame.,Not applicable,The continuous monthly monitoring of applications beyond 60 working days by the provincial office and weekly monitoring by the Central Firearms Register to ensure that applications are finalised within the specified time frame.,Not applicable,"Continuous monitoring of weekly performance to ensure quality and facilitate the proactive identification of areas requiring 
optimisation and intervention.",Not applicable,Consistently monitoring weekly performance to ensure quality and proactively identify areas requiring optimisation and intervention.,Not applicable,,304
Police,South African Police Service,National,Programme 2: Visible Policing,Crime Prevention,Quarterly,"Percentage of police stations rendering a victim-friendly service to victims of crime, including GBV&F",Not Applicable,Not  Applicable,Priority 6: Social Cohesion and Safer Communities,"Justice, Crime Prevention and Security cluster",100% compliant with all 3 of the set criteria,"100% (All 1 162 
police stations are rendering a victim-friendly service).",100% compliant with all 3 of the set criteria,100% (All 1 163 functional police stations).,100% compliant with all 3 of the set criteria,100% (All 1 163 functional police stations).,100% compliant with all 3 of the set criteria,100% (1 165 from a total of 1 165 functional police stations).,100% compliant with all 3 of the set criteria,-,,,,,Not applicable,Not applicable,Not applicable,Not applicable,Not applicable,Not applicable,Not applicable,Not applicable,,304
Police,South African Police Service,National,Programme 2: Visible Policing,Crime Prevention,Quarterly,Percentage reduction in the number of reported contact crimes,Not Applicable,Not  Applicable,Priority 6: Social Cohesion and Safer Communities,"Justice, Crime Prevention and Security cluster","14,50% (144 574)","Reported contact crimes decreased, by 8,2% from 150 211 during the first quarter, in 2023/24, compared to 137 870, during the first quarter, in 2024/25.","14,50% (289 147)","Reported contact crimes decreased, by 0,4% from 315 791 during the 1st semester, in 2023/24, compared to 314 469 during the 1st semester, in 2024/25.","14,50% (433 721)","Reported contact crimes decreased, by 1,0% from 507 275 during the nine month period, in 2023/24, compared to 502 368 during the nine month period, in 2024/25.","14,50% (578 294)","Reported contact crimes decreased, by 2,2% from 679 460, in 2023/24, compared to 664 758, in 2024/25.","14,50% (578 294)",-,,,,,"While it is important to track crime rates, it is essential to consider various factors that can affect these statistics. Crime rates are influenced by a range of complex factors and in particular violence or contact crime, including socio-economic conditions, inequality, education levels, drug abuse, community dynamics and more. Addressing these underlying causes of crime requires long-term economic, social and developmental interventions that extend beyond the scope of immediate police responses. Police responses primarily focus on dealing with the symptoms of the problem by enforcing the law, apprehending offenders and maintaining public order. While these efforts are necessary, they are not sufficient to address the root causes or crime, completely.","The SAPS
 initiated Operation Shanela, in May 2023, which is supported by the Enhanced Crime Prevention and Combating Action Plan (ICPCAP). The Operation provides for coordinated weekly mandatory (simultaneous and high density) integrated and multidiscipllinary operations in priority police station areas. The Operation, which has now been renamed High Density since 1 June 2024 also provide for an increased community mobilisation against crime in collaboration with Community Police Forums and other relevant concerned partners, focusing on the top 30 national and top 10 provincial police stations contributing to the highest reported incidence of contact crime and Gender-Based Violence (GBV). In addition, Operation High Density targets wanted suspects sought for murder, GBV and other serious crimes.","A variety of complex factors, including socio-economic conditions, inequality, education levels, substance abuse, community dynamics and more, all contribute to crime rates, particularly violence or contact crime. Addressing these underlying causes of crime requires long-term economic, social and developmental interventions that extend beyond the scope of immediate police responses. The primary objective of police responses is to address the symptoms of the problem by enforcing the law, apprehending offenders and preserving public order. Although these efforts are essential, they are inadequate for addressing the root causes of crime, completely.","The Integrated Crime and Violence Prevention Strategy was adopted by Cabinet in March 2022. This Strategy promotes a comprehensive, government-wide and community-based approach to the prevention of crime and violence. The National Policing Strategy 2022-2025 was developed by combining the National Development Plan and the White Paper on Safety and Security. The National Policing Strategy gives effect to SAPS commitment towards using an inclusive approach addressing violence and criminality. The SAPS initiated an Increased Crime Prevention and Combating Action Plan (ICPCAP) which culminated into Operation Shanela. The ICPCAP includes the implementation of weekly intelligence-led high-density operations that are designed to target all hotspots in collaboration with all law enforcement partners. The primary focus is on the top 30 national and top 10 provincial police stations contributing to the highest reported incidence of Gender-Based Violence (GBV) and contact crime. Furthermore, Operation High Density targets suspects who are wanted for murder, GBV and other serious crimes.","A variety of complex factors, including socio-economic conditions, inequality, education levels, substance abuse, community dynamics and more, all contribute to crime rates, particularly violence or contact crime. Addressing these underlying causes of crime requires long-term economic, social and developmental interventions that extend beyond the scope of immediate police responses. The primary objective of police responses is to address the symptoms of the problem by enforcing the law, apprehending offenders and preserving public order. Although these efforts are essential, they are inadequate for addressing the root causes of crime, completely.","The SAPS initiated an Increased Crime Prevention and Combating Action Plan (ICPCAP) which culminated into Operation Shanela. The ICPCAP includes the implementation of weekly intelligence-led high-density operations that are designed to target all hotspots in collaboration with all law enforcement partners. The primary focus is on the top 30 national and top 10 provincial police stations contributing to the highest reported incidence of Gender-Based Violence (GBV) and contact crime. Furthermore, Operation High Density targets suspects who are wanted for murder, GBV and other serious crimes. Operation Safer Festive Season, which emphasises a high-density, simultaneous approach across all provinces, has also been initiated to run concurrently with Operation Shanela. In addition, these high-density interventions targets wanted suspects sought for murder, GBV and other serious crimes.","Six provinces, the Eastern Cape, Gauteng, Limpopo, Mpumalanga, North West and the Western Cape recorded a reduction in contact crime, though they fell short of the set target. Three provinces, the Free State, KwaZulu-Natal and the Northern Cape experienced an increase in contact crime. All provinces that did not meet the set target must revisit their plans and crime analysis to determine why contact crime did not respond to the implemented interventions. However, it must be acknowledged that the causes and contributing factors of contact crime may not always respond to police interventions. Preventing crime, especially violent crime, requires a comprehensive and integrated effort from all sectors, levels of government and civil society.","The National Policing Strategy mandates that provinces failing to meet their targets must revisit their crime analysis and plans, developing comprehensive strategies based on this analysis. The process must identify key contributing police stations, districts and priority crimes for targeted intervention. Best practices from stations and districts that met their targets should also be considered for benchmarking. Police intervention should be driven by the analysis and not limited to specific days of the week. Districts and provinces must support prioritised police stations accordingly. If stabilisation is needed beyond provincial capacity, submissions should be made to the DNC Policing for consideration of national intervention.",,304
Police,South African Police Service,National,Programme 2: Visible Policing,Crime Prevention,Quarterly,Percentage reduction in the number of reported contact crimes at the Top 30 High Contact Crime Stations (HCCS) ,Not Applicable,Not  Applicable,Priority 6: Social Cohesion and Safer Communities,"Justice, Crime Prevention and Security cluster","12,30% (19 871)","Reported contact 
crimes at the Top 30 stations decreased, by 12,3% from 20 922 during the first quarter, in 2023/24 compared to 18 347, during the first quarter, in 2024/25.","12,30% (39 742)","Reported contact crimes at the Top 30 HCCS decreased by, 4,9% from 43 461 during the 1st Semester in 2023/24, compared to 41 337, during the 1st Semester, in 2024/25.","12,30% (59 613)","Reported contact crimes at the Top 30 HCCS decreased, by 3,7% from 67 972 during the nine month period, in 2023/24, compared to 65 457 during the nine month period, in 2024/25.","12,30% (79 482)","Reported contact crimes decreased, by 4,7% from 90 669, in 2023/24, compared to 86 406, in 2024/25.","12,30% (79 482)",-,,,,,Not applicable,Not applicable,"A variety of complex factors, including socio-economic conditions, inequality, education levels, substance abuse, community dynamics and more, all contribute to crime rates, particularly violence or contact crime. Addressing these underlying causes of crime requires long-term economic, social and developmental interventions that extend beyond the scope of immediate police responses. The primary objective of police responses is to address the symptoms of the problem by enforcing the law, apprehending offenders and preserving public order. Although these efforts are essential, they are inadequate for addressing the root causes of crime, completely.","The Integrated Crime and Violence Prevention Strategy was adopted by Cabinet in March 2022. This Strategy promotes a comprehensive, government-wide and community-based approach to the prevention of crime and violence. The National Policing Strategy 2022-2025 was developed by combining the National Development Plan and the White Paper on Safety and Security. The National Policing Strategy gives effect to SAPS commitment towards using an inclusive approach addressing violence and criminality. The SAPS initiated an Increased Crime Prevention and Combating Action Plan (ICPCAP) which culminated into Operation Shanela. The ICPCAP includes the implementation of weekly intelligence-led high-density operations that are designed to target all hotspots in collaboration with all law enforcement partners. The primary focus is on the top 30 national and top 10 provincial police stations contributing to the highest reported incidence of Gender-Based Violence (GBV) and contact crime. Furthermore, Operation High Density targets suspects who are wanted for murder, GBV and other serious crimes.","A variety of complex factors, including socio-economic conditions, inequality, education levels, substance abuse, community dynamics and more, all contribute to crime rates, particularly violence or contact crime. Addressing these underlying causes of crime requires long-term economic, social and developmental interventions that extend beyond the scope of immediate police responses. The primary objective of police responses is to address the symptoms of the problem by enforcing the law, apprehending offenders and preserving public order. Although these efforts are essential, they are inadequate for addressing the root causes of crime, completely.","The SAPS initiated an Increased Crime Prevention and Combating Action Plan (ICPCAP) which culminated into Operation Shanela. The ICPCAP includes the implementation of weekly intelligence-led high-density operations that are designed to target all hotspots in collaboration with all law enforcement partners. The primary focus is on the top 30 national and top 10 provincial police stations contributing to the highest reported incidence of Gender-Based Violence (GBV) and contact crime. Furthermore, Operation High Density targets suspects who are wanted for murder, GBV and other serious crimes. Operation Safer Festive Season, which emphasises a high-density, simultaneous approach across all provinces, has also been initiated to run concurrently with Operation Shanela. In addition, these high-density interventions targets wanted suspects sought for murder, GBV and other serious crimes.","Five police stations, Johannesburg Central, Eldorado Park, Randfontein, Pretoria Central and Harare, recorded a reduction in contact crime and met the set target. Thirteen police stations, Mitchel's Plain, Hillbrow, Tembisa, Nyanga, Temba, Honeydew, Plessislaer, Moroka, Jeppe, Durban Central, Ivory Park, Rietgat and Witbank recorded a reduction in contact crime but fell below the set target. Twelve) police stations, Delft, Khayelitsha, Umlazi, Dobsonville, Inanda, Mfuleni, Mamelodi East, Alexander, Kagiso, Kraaifontein, Phoenix and Cape Town Central recorded an increase in contact crime. Stations that did not meet the set target must revisit their plans and crime analysis to determine why contact crime did not respond to the implemented interventions. It must also be acknowledged that the causes and contributing factors of contact crime may not always respond to police intervention. Preventing crime, particularly violent crime, requires comprehensive and integrated investment from all sectors, levels of government and civil society.","The National Policing Strategy mandates that HCCS that did not meet their target must revisit their crime analysis and plans, developing comprehensive strategies to address the findings. Districts and provinces must support HCCS in this process, ensuring that police interventions are aligned with crime trends and patterns. Police interventions should not be restricted to specific days of the week but must be implemented based on the analysis. If stabilisation is needed beyond provincial capacity, submissions must be made to the DNC Policing for consideration of national intervention.",,304
Police,South African Police Service,National,Programme 2: Visible Policing,Specialised Interventions,Quarterly,"Percentage of high-risk incidents responded to, in relation to requests received",Not Applicable,Not  Applicable,Priority 6: Social Cohesion and Safer Communities,"Justice, Crime Prevention and Security cluster",100%,100% (71),100%,100% (45),100%,100% (41),100%,100% (54),100%,-,,,,,Not applicable,Not applicable,Not applicable,Not applicable,Not applicable,Not applicable,Not applicable,Not applicable,,304
Police,South African Police Service,National,Programme 2: Visible Policing,Specialised Interventions,Quarterly,"Percentage of medium to high-risk incidents responded to, in relation to requests received",Not Applicable,Not  Applicable,Priority 6: Social Cohesion and Safer Communities,"Justice, Crime Prevention and Security cluster",100%,100% (138),100%,100% (97),100%,100% (147),100%,100% (109),100%,-,,,,,Not applicable,Not applicable,Not applicable,Not applicable,Not applicable,Not applicable,Not applicable,Not applicable,,304
Police,South African Police Service,National,Programme 2: Visible Policing,Specialised Interventions,Quarterly,"Percentage of peaceful crowd management incidents policed, in relation to requests received",Not Applicable,Not  Applicable,Priority 6: Social Cohesion and Safer Communities,"Justice, Crime Prevention and Security cluster",100%,100% (1 414),100%,100% (1 176),100%,100% (1 187),100%,100% (1 228),100%,-,,,,,Not applicable,Not applicable,Not applicable,Not applicable,Not applicable,Not applicable,Not applicable,Not applicable,,304
Police,South African Police Service,National,Programme 2: Visible Policing,Specialised Interventions,Quarterly,"Percentage of unrest crowd management incidents stabilised, in relation to requests received",Not Applicable,Not  Applicable,Priority 6: Social Cohesion and Safer Communities,"Justice, Crime Prevention and Security cluster",100%,100% (541),100%,100% (436),100%,100% (290),100%,100% (475),100%,-,,,,,Not applicable,Not applicable,Not applicable,Not applicable,Not applicable,Not applicable,Not applicable,Not applicable,,304
Police,South African Police Service,National,Programme 3: Detective Services,Crime Investigations,Quarterly,Detection rate for contact crimes ,Not Applicable,Not  Applicable,Priority 6: Social Cohesion and Safer Communities,"Justice, Crime Prevention and Security cluster","48,75%","45,72% (423 475 from a total of 926 255).","48,75%","46,73% (441 301 from a total of 
944 449).","48,75%","46,47% (444 402 from a total of 956 222).","48,75%","47,55% (447 477 from a total of 941 079).","48,75%",-,,,,,"Due to retirement, death, resignation, or promotion to other environments, the attrition rate of detectives contributes negatively to the high case dockets per detective ratio.  Increased caseload per investigator as a result of the increased volume of reported cases. Cases involving assault common and certain assault GBH, are referred to Senior Public prosecutors (SPPs) for deliberation. The decision-making process regarding these offences is lengthy and it often takes an extended period of time before arrests are executed. Decided cases (Bobbert vs Minister of Law and Order 1990 (1) SACR 404C and Rv Jones 1952 (1) SA 327E have an impact in this regard. Detectives are responsible for the detection rate, whereas the caseload of dockets includes other entities such as the DPCI and IPID, over which they do not have full control. Units are experiencing a shortage of vehicles, and those that are available often require maintenance due to mechanical problems and high mileage.","The initiative to monitor the return of specific levels of skilled detectives who have been promoted to other operational and support positions is in place. This also includes the re-enlistment of trained detectives who exited the Service. To expedite decision dockets, close collaboration with the National Prosecuting Authority (NPA) is required. Tracing and tracking teams are in place is to apprehend wanted suspects. Conclude the process for separating case dockets on the system based on their allocation (the SAPS6 will be divided according to cases allocated to IPID, the DPCI and Components. Forensic Leads Investigative Teams are in place to deal with all outstanding leads to address contact crime. A request for new vehicles, depending on the availability of funds, continuous communication with the Supply Chain Management Division to ensure the prompt completion of repairs and intensified vehicle inspections by commanders.","Due to retirement, death, resignation, or promotion to other environments, the attrition rate of detectives contributes negatively to the high case dockets per detective ratio. 
 Increased caseload per investigator as a result of the increased volume of reported cases.                        
Accountability for the detection rate lies with the Detective Service, whereas the caseload of dockets includes other entities such as the DPCI and IPID, over which they do not have full control.","The initiative to monitor the return of specific levels of skilled detectives who have been promoted to other operational and support positions is in place. This also include the re-enlistment of trained detectives who exited the service.                                                                                                                                                             
Close cooperation with the National Prosecuting Authority (NPA) to fast track decision dockets.
Tracking and tracing teams are in place to apprehend wanted suspects.
Conclude the process for separating case dockets on the system based on their allocation (the SAPS6 will be divided according to cases allocated to IPID, the DPCI and Components. 
Forensic Leads Investigative Teams are in place to deal with all outstanding leads to address contact crime.","Due to retirement, death, resignation, or promotion to other environments, the attrition rate of detectives contributes negatively to the high case dockets per detective ratio. 
Increased caseload per investigator as a result of the increased volume of reported cases.                        
Accountability for the detection rate lies with the Detective Service, whereas the caseload of dockets includes other entities such as the DPCI and IPID, over which they do not have full control.","The initiative to monitor the return of specific levels of skilled detectives who have been promoted to other operational and support positions is in place. This also include the re-enlistment of trained detectives who exited the service.
Close cooperation with the National Prosecuting Authority (NPA) to fast track decision dockets.
Tracking and tracing teams are in place to apprehend wanted suspects.
Conclude the process for separating case dockets on the system based on their allocation (the SAPS6 will be divided according to cases allocated to IPID, the DPCI and Components. 
Forensic Leads Investigative Teams are in place to deal with all outstanding leads to address contact crime.","The attrition rate of detectives, due to retirement, death, resignation, or promotion, negatively impacts the ratio of case dockets per detective. This, combined with the increased workload from a high number of reported cases, contributes to a challenging environment. While the Division: Detective and Forensic Services is accountable for the detection rate, the docket case load also includes other entities, such as DPCI and IPID, which fall outside the Division’s full control.","Efforts to return trained detectives, who have been promoted to other operational and support roles, are in place and being monitored. This also includes the reenlistment of trained detectives who have exited the service. Close cooperation with the National Prosecuting Authority (NPA) is underway to fast-track decision dockets. Tracking and tracing teams are operational to address wanted suspects. The process of separating case dockets on the system, based on their allocation, is being finalised. SAPS 6 will be split according to cases managed by IPID, DPCI and other components. Forensic Leads Investigative Teams are in place to address all outstanding leads and tackle contact crime.
",,304
Police,South African Police Service,National,Programme 3: Detective Services,Crime Investigations,Quarterly,Detection rate for contact crimes against children (below 18 years),Not Applicable,Not  Applicable,Priority 6: Social Cohesion and Safer Communities,"Justice, Crime Prevention and Security cluster","61,99%","62,79% (38 603 from a total of 61 483).","61,99%","63,62% (39 755 from a total of 
62 493).","61,99%","62,90% (40 043 from a total of 63 658).","61,99%","63,85% (40 620 from a total of 63 619).","61,99%",-,,,,,"Improved collaboration with the National Prosecuting Authority (NPA) to expedite the enrollment of cases and the processing of decision dockets.
Tracing and tracking teams are in place to deal with apprehend wanted suspects.
Forensic Leads Investigative Teams are in place dealing with all outstanding leads to address contact crime. ",Not applicable,"Enhanced relationship with the NPA to enrol cases and fast track decision dockets.
Tracking and tracing teams are in place to apprehend wanted suspects.
Forensic Leads Investigative Teams are in place to deal with all outstanding leads to address contact crime.",Not applicable,"Enhanced relationship with the NPA to enroll cases and fast track decision dockets.
Tracking and tracing teams are in place to deal with wanted suspects.
Forensic Leads Investigative Teams are in place dealing with all outstanding leads to address contact crime.",Not applicable,The relationship with the NPA has been enhanced to expedite case enrolments and fast-track decision dockets. Tracking and tracing teams are operational to address wanted suspects. Forensic Leads Investigative Teams are in place to resolve outstanding leads and address contact crime. ,Not applicable,,304
Police,South African Police Service,National,Programme 3: Detective Services,Crime Investigations,Quarterly,Detection rate for contact crimes against women (18 years and above),Not Applicable,Not  Applicable,Priority 6: Social Cohesion and Safer Communities,"Justice, Crime Prevention and Security cluster","68,13%","69,39% (167 752 from a total of 241 744).","68,13%","70,47% (174 061 from a total of 
246 996).","68,13%","69,35% (175 548 from a total of 253 142).","68,13%","70,67% (176 535 from a total of 249 804).","68,13%",-,,,,,"Improved collaboration with the National Prosecuting Authority (NPA) to expedite the enrollment of cases and the processing of decision dockets.
Tracing and tracking teams are in place to deal with apprehend wanted suspects.
Forensic Leads Investigative Teams are in place dealing with all outstanding leads to address contact crime.   ",Not applicable,"Enhanced relationship with the National Prosecuting Authority (NPA) to enrol cases and fast track decision dockets.
Tracking and tracing teams are in place to deal with wanted suspects.
Forensic Leads Investigative Teams are in place dealing with all outstanding leads to address contact crime.",Not applicable,"Enhanced relationship with the NPA to enroll cases and fast track decision dockets.
Tracking and tracing teams are in place to deal with wanted suspects.
Forensic Leads Investigative Teams are in place dealing with all outstanding leads to address contact crime.",Not applicable,The relationship with the NPA has been enhanced to expedite case enrolments and fast-track decision dockets. Tracking and tracing teams are operational to address wanted suspects. Forensic Leads Investigative Teams are in place to resolve outstanding leads and address contact crime.,Not applicable,,304
Police,South African Police Service,National,Programme 3: Detective Services,Crime Investigations,Quarterly,Detection rate for contact crimes at the Top 30 HCCS,Not Applicable,Not  Applicable,Priority 6: Social Cohesion and Safer Communities,"Justice, Crime Prevention and Security cluster","31,62%","32,91% (43 601 from a total of 132 505).","31,62%","33,41% (44 611 from a total of 
133 509).","31,62%","33,54% (45 021 from a total of 134 240).","31,62%","34,54% (44 684 from a total of 129 379).","31,62%",-,,,,,Tracing and tracking teams are in place to apprehend wanted suspects and Forensic Leads Investigative Teams are in place to deal with all outstanding leads to address contact crime at the 30 HCCS.,Not applicable,"Tracking and tracing teams are in place to apprehend wanted suspects at the 30 HCCS.
Forensic Leads Investigative Teams are in place to deal with all outstanding leads at the 30 HCCS. ",Not applicable,"Tracking and tracing teams are in place to apprehend wanted suspects at the 30 HCCS.
Forensic Leads Investigative Teams are in place to deal with all outstanding leads at the 30 HCCS.  ",Not applicable,Tracking and tracing teams are in place to address wanted suspects at the 30 HCCS. Forensic Leads Investigative Teams are handling all outstanding leads at the 30 HCCS.,Not applicable,,304
Police,South African Police Service,National,Programme 3: Detective Services,Crime Investigations,Quarterly,Percentage compliance with the taking of buccal samples from schedule 8 arrested offenders,Not Applicable,Not  Applicable,Priority 6: Social Cohesion and Safer Communities,"Justice, Crime Prevention and Security cluster",100%,"94,17% (75 981 from a total of 80 686).",100%,"96,64% (164 150 from a total of 169 853).",100%,"96,92% (258 702 from a total of 266 910).",100%,"94,87% (339 052 from a total of 357 373).",100%,-,,,,,"Lack of coordination regarding the collection of Buccal Sample Kits from Supply Chain Management. Detectives are responsible for the detection rate, whereas the caseload of dockets includes other entities such as the DPCI and IPID, over which the Detectives do not have full control. ","Provincial and national buccal sample coordinators have been appointed to ensure stations maintain optimal stock levels. Monitoring of daily inventory levels in conjunction with Supply Chain Management. For appropriate accountability, performance information is purified to exclude entities such as the DPCI and IPID.","Lack of coordination in relation to the collection of Buccal Samples Kits from Supply Chain Management.
Accountability for the detection rate lies with the Detective Service, whereas the caseload of dockets includes other entities such as the DPCI and IPID, over which they do not have full control.  ","Provincial and national buccal sample coordinators have been appointed to ensure stations maintain optimal stock levels. Monitoring of daily inventory levels in conjunction with Supply Chain Management. For appropriate accountability, performance information is purified to exclude entities such as the DPCI and IPID.","Lack of coordination in relation to the collection of Buccal Samples Kits from Supply Chain Management.
Accountability for the detection rate lies with the Detective Service, whereas the caseload of dockets includes other entities such as the DPCI and IPID, over which they do not have full control.","Provincial and national buccal sample coordinators have been appointed to ensure stations maintain optimal stock levels. Monitoring of daily inventory levels in conjunction with Supply Chain Management. For appropriate accountability, performance information is purified to exclude entities such as the DPCI and IPID.","There is a lack of coordination regarding the collection of Buccal Sample Kits from Supply Chain Management. 
While detectives are accountable for the detection rate, the docket case load also includes cases handled by entities such as DPCI and IPID, over which detectives do not have full control.    ","National and Provincial Buccal Sample Coordinators have been appointed to ensure maximum stock levels at stations, with daily stock level monitoring in collaboration with Supply Chain Management. Performance information will be purified to exclude entities such as DPCI and IPID, ensuring proper accountability.",,304
Police,South African Police Service,National,Programme 3: Detective Services,Crime Investigations,Quarterly,"Percentage of cases of identified crimes at specified construction sites investigated by Organised Crime Investigations (OCI), in respect of which arrests are made",Not Applicable,Not  Applicable,Priority 6: Social Cohesion and Safer Communities,"Justice, Crime Prevention and Security cluster",50%,"42,86% (3 from a total of 7), with 12 arrests.",50%,"51,85% (14 from a total of 27), with 44 arrests.",50%,"50,00% (15 from a total of 30), with 51 arrests.",50%,"51,35% (19 from a total of 37, with 61 arrests).",50%,-,,,,,The late reporting of cases was a contributing factor to the underperformance.,The stakeholder engagement with roleplayers will be enhanced to raise awareness and facilitate the sharing of information.,Enhanced stakeholder engagement with role players to raise awareness and facilitate the sharing of information.,Not applicable,Enhanced stakeholder engagement with role players to raise awareness and facilitate the sharing of information.,Not applicable,Enhanced stakeholder engagement with key role players aimed to raise awareness and facilitate the sharing of information.,Not applicable,,304
Police,South African Police Service,National,Programme 3: Detective Services,Crime Investigations,Quarterly,"Percentage of cases of specified infrastructure-related crimes investigated by OCI, in respect of which arrests are made",Not Applicable,Not  Applicable,Priority 6: Social Cohesion and Safer Communities,"Justice, Crime Prevention and Security cluster",48%,"56,36% 
(31 from a total of 55) with 52 arrests.",48%,"19,72% (57 from a total of 289), with 91 arrests.",48%,"22,80% (145 from a total of 636), with 236 arrests.",48%,"24,07% (181 from a total of 752, with 314 arrests).",48%,-,,,,,"The SAPS 
has established 20 EITTs in priority areas of the provinces, with eighteen at the district level and two at the provincial level.
The following areas are the primary focus of the EITTs: 
• Essential infrastructure crimes, such as the tampering, damaging, or destruction of infrastructure related to energy, transport, water, sanitation and communication services;
• Critical infrastructure crimes, such as pipeline fuel theft, extortion and robbery at construction and economic sites;
• Combating illegal mining and illicit trafficking of controlled metals, such as precious metals, copper, aluminium and chrome.",Not applicable,"The interventions implemented in the Eastern Cape Province led to an increase in the number of cases reported, thereby reducing the desired performance. 
The engagement of stakeholders with role players increased awareness and facilitated the sharing of information, which in turn led to an increase in the number of cases reported in other provinces. ",Strengthening stakeholder engagement with role players to facilitate the sharing of information and increase awareness. ,"The interventions implemented in the Eastern Cape Province led to an increase in the number of cases reported, thereby reducing the desired performance. 
The engagement of stakeholders with role players increased awareness and facilitated the sharing of information, which in turn led to an increase in the number of cases reported in other provinces. ",Strengthening stakeholder engagement with role players to facilitate the sharing of information and increase awareness. ,"The interventions 
implemented in the Eastern Cape resulted in an increase in reported cases, which affected the desired performance. Stakeholder engagement with key role players enhanced awareness and facilitated information sharing, leading to an increase in reported cases across other provinces as well.",Stakeholder engagement with role players will be strengthened to enhance awareness and information sharing.,,304
Police,South African Police Service,National,Programme 3: Detective Services,Crime Investigations,Quarterly,Percentage of crime-to-crime DNA leads finalised,Not Applicable,Not  Applicable,Priority 6: Social Cohesion and Safer Communities,"Justice, Crime Prevention and Security cluster","11,75%","15,40% (107 from a total of 695).","23,50%","26,47% (184 from a total of 695).","35,25%","45,04% (313 from a total of 695).",47%,"56,69% (394 from a total of 695).",47%,-,,,,,Structured monitoring system implemented at divisional and provincial levels.,Not applicable,Structured monitoring system implemented at divisional and provincial levels.,Not applicable,Structured monitoring system implemented at divisional and provincial levels.,Not applicable,A structured monitoring system has been implemented at both the Divisional and Provincial levels.,Not applicable,,304
Police,South African Police Service,National,Programme 3: Detective Services,Crime Investigations,Quarterly,Percentage of fingerprint leads finalised,Not Applicable,Not  Applicable,Priority 6: Social Cohesion and Safer Communities,"Justice, Crime Prevention and Security cluster","11,75%","26,56% (209 from a total of 787).","23,50%","43,46% (342 from a total of 787).","35,25%","54,89% (432 from a total of 787).",47%,"63,91% (503 from a total of 787).",47%,-,,,,,Structured monitoring system implemented at divisional and provincial levels.,Not applicable,Structured monitoring system implemented at divisional and provincial levels.,Not applicable,Structured monitoring system implemented at divisional and provincial levels.,Not applicable,A structured monitoring system has been implemented at both the Divisional and Provincial levels.,Not applicable,,304
Police,South African Police Service,National,Programme 3: Detective Services,Crime Investigations,Quarterly,Percentage of identified drug syndicates neutralised with arrests,Not Applicable,Not  Applicable,Priority 6: Social Cohesion and Safer Communities,"Justice, Crime Prevention and Security cluster",50%,"100% (4 from a total of 4), with 17 arrests.",50%,"62,50% (10 from a total of 16), with 38 arrests.",50%,"81,25% (13 from a total of 16), with 54 arrests.",50%,"82,35% (14 from a total of 17, with 48 arrests).",50%,-,,,,,Projects that were at an advanced stage at the end of the 2023/24 financial year were terminated during the first quarter. ,Not applicable,Continuous monitoring of projects through the National and Provincial Organised Crime Secretariats. ,Not applicable,Continuous monitoring of projects through the National and Provincial Organised Crime Secretariats.,Not applicable,Ongoing monitoring of projects through the National and Provincial Organised Crime Secretariats.,Not applicable,,304
Police,South African Police Service,National,Programme 3: Detective Services,Crime Investigations,Quarterly,"Percentage of identified organised criminal groups that are related to prioritised crime threats, neutralised with arrests",Not Applicable,Not  Applicable,Priority 6: Social Cohesion and Safer Communities,"Justice, Crime Prevention and Security cluster",50%,"20% (1 from a total of 5), with 22 arrests.",50%,"42,86% (6 from a total of 14), with 38 arrests.",50%,"47,06% (8 from a total of 17), with 50 arrests.",50%,"55,56% (15 from a total of 27), with 89 arrests",50%,-,,,,,"One significant issue is the under capacitation of the environment, leading to a deficiency in skills and expertise required. The lack of training and workshops further exacerbates this situation, hindering the development of essential capabilities among detectives.","Recognising the importance of skilled individuals in combating organised crime, there is an initiative in place to monitor and facilitate the return of experienced detectives who have been promoted to different operational and support roles. This effort extends to the re-enlistment of previously trained detectives who have exited the service.","Under capacitation of the organised crime environment, including investigators and specialised skills.","The drive on the return of specified levels of trained detectives who have been promoted to other operational and support roles, is in place and monitored. This also include the re-enlistment of trained detectives who exited the service. ","Under capacitation of the organised crime environment, including investigators and specialised skills.","The drive on the return of specified levels of trained detectives who have been promoted to other operational and support roles, is in place and monitored. This also include the re-enlistment of trained detectives who exited the service. ",Ongoing monitoring of projects through the National and Provincial Organised Crime Secretariats.,Not applicable,,304
Police,South African Police Service,National,Programme 3: Detective Services,Crime Investigations,Quarterly,Percentage of Integrated Ballistics Identification System (IBIS) leads finalised,Not Applicable,Not  Applicable,Priority 6: Social Cohesion and Safer Communities,"Justice, Crime Prevention and Security cluster","9,65%","11,54% (36 from a total of 312).","19,30%","27,88% (87 from a total of 312).","28,95%","38,46% (120 from a total of 312).","38,60%","44,55% (139 from a total of 312).","38,60%",-,,,,,Structured monitoring system implemented at divisional and provincial levels.,Not applicable,Structured monitoring system implemented at divisional and provincial levels.,Not applicable,Structured monitoring system implemented at divisional and provincial levels.,Not applicable,A structured monitoring system has been implemented at both the Divisional and Provincial levels.,Not applicable,,304
Police,South African Police Service,National,Programme 3: Detective Services,Crime Investigations,Quarterly,Percentage of person-to-crime DNA leads finalised,Not Applicable,Not  Applicable,Priority 6: Social Cohesion and Safer Communities,"Justice, Crime Prevention and Security cluster","12,50%","23,17% (573 from a total of 2 473).",25%,"39,22% (970 from a total of 2 473).","37,50%","51,88% (1 283 from a total of 2 473).",50%,"62,35% (1 542 from a total of 2 473).",50%,-,,,,,Structured monitoring system implemented at divisional and provincial levels.,Not applicable,Structured monitoring system implemented at divisional and provincial levels.,Not applicable,Structured monitoring system implemented at divisional and provincial levels.,Not applicable,A structured monitoring system has been implemented at both the Divisional and Provincial levels.,Not applicable,,304
Police,South African Police Service,National,Programme 3: Detective Services,Criminal Record Centre,Quarterly,"Percentage of original previous conviction reports generated, within 15 calendar days",Not Applicable,Not  Applicable,Priority 6: Social Cohesion and Safer Communities,"Justice, Crime Prevention and Security cluster",92%,"92,68% (242 647 from a total of 261 818).",92%,"96,40% (259 253 from a total of 
268 943).",92%,"93,56% (255 516 from a total of 273 117).",92%,"94,76% (277 216 from a total of 292 549).",92%,-,,,,,"There were minimal system interruptions during the reporting period, which led to a greater volume of work being processed. 
To optimise workload management, workload was redistributed.",Not applicable,"There were minimal system interruptions during the reporting period, which led to a greater volume of work being processed. 
To optimise workload management, workload was redistributed.",Not applicable,"Reallocation of tasks to effectively manage the workload.
Overtime allocation.",Not applicable,Re-distribution of work to better manage the workload and allocation of overtime.,Not applicable,,304
Police,South African Police Service,National,Programme 3: Detective Services,Criminal Record Centre,Quarterly,"Percentage of results of trial updated in respect of guilty verdicts, within 20 calendar days",Not Applicable,Not  Applicable,Priority 6: Social Cohesion and Safer Communities,"Justice, Crime Prevention and Security cluster",91%,"94,80% (36 433 from a total of 38 433).",91%,"95,64% (40 906 from a total of 
42 769).",91%,"97,09% (37 540 from a total of 38 664).",91%,"97,40% (35 317 from a total of 36 259).",91%,-,,,,,"There were minimal 
system interruptions during the reporting period, which led to a greater volume of work being processed. 
To optimise workload management, workload was redistributed.",Not applicable,"There were minimal system interruptions during the reporting period, which led to a greater volume of work being processed. 
To optimise workload management, workload was redistributed.",Not applicable,"Reallocation of tasks to effectively manage the workload.
Overtime allocation.",Not applicable,Re-distribution of work to better manage the workload and allocation of overtime.,Not applicable,,304
Police,South African Police Service,National,Programme 3: Detective Services,Forensic Science Laboratory,Quarterly,"Percentage of Ballistics Intelligence (IBIS) case exhibits (entries) finalised, within 35 calendar days",Not Applicable,Not  Applicable,Priority 6: Social Cohesion and Safer Communities,"Justice, Crime Prevention and Security cluster","95%, within 35 calendar days","99,10% (14 448 from a total of 14 579).","95%, within 35 calendar days","99,69% (13 784 from a total of 
13 827).","95%, within 35 calendar days","99,24% (11 862 from a total of 11 953).","95%, within 35 calendar days","70,01% (9 001 from a total of 12 857).","95%, within 35 calendar days",-,,,,,Effective utilisation of resources including daily monitoring of cases and effective supervision by Management. ,Not applicable,Effective utilisation of resources including daily monitoring of cases and effective supervision by Management. ,Not applicable,"The optimisation of human resources.
Process re-engineering",Not applicable,The section is facing a significant increase in case volume and is under-capacitated exacerbating the challenge of handing the high case volume.,"The focus remains on providing reports for court-driven cases, with priority given to addressing the oldest cases while simultaneously finalising newer cases within their prescribed timelines. To enhance capacity, there is a continuous allocation of new posts and ongoing training for newly appointed analysts. The continuous allocation of new posts and the training of newly appointed analysts to increase capacity and developing retention strategies.",,304
Police,South African Police Service,National,Programme 3: Detective Services,Forensic Science Laboratory,Quarterly,"Percentage of Biology DNA Intelligence case exhibits (entries) finalised, within 90 calendar days",Not Applicable,Not  Applicable,Priority 6: Social Cohesion and Safer Communities,"Justice, Crime Prevention and Security cluster","80%, within 90 calendar days","35,65% (23 866 from a total of 66 946).","80%, within 90 calendar days","20,90% (11 516 from a total of 
55 107).","80%, within 90 calendar days","20,39% (25 414 from a total of 124 665).","80%, within 90 calendar days","22,06% (16 794 from a total of 76 118).","80%, within 90 calendar days",-,,,,,"Loss of personnel without replacement.
The influx of case exhibits (entries) is indicated by an increase in the number of cases. The volume of case exhibit (entries) increased by approximately 23,07% from 536 350 registered, in 2021/22 to 660 102 registered, in 2022/23. However, it decreased by 4%, reaching 19,13%, in 2023/24 (registered: 638 969) from 2021/22.
Instrumentation is adversely affected by malfunctioning air conditioners, which leads to inadequate ventilation and accommodation. 
Disruptions in the water supply at the Biology Laboratory in Arcadia.
The efficiency of the Laboratory Information Management System (LIMS) is consistently low or nonexistent. 
The time it takes for TMS to resolve system challenges is excessive.","Acquire posts as soon as possible and expedite the training process. 
Continuous communication between Supply Chain Management and the DPW&I regarding environmental and accommodation conditions. 
Acquisition of a water reserve system.
Continued communication with TMS regarding system performance.","Under capacitation (loss of personnel without replacement).
The influx of case exhibits (entries). 
Instrumentation is adversely affected by malfunctioning air conditioners, which leads to inadequate ventilation and accommodation. 
The efficiency of the Laboratory Information Management System (LIMS) is consistently low or non-existent. 
The time it takes for TMS to resolve system challenges is excessive.","Acquire posts as soon as possible and expedite the training process. 
Continuous communication between Supply Chain Management and the DPW&I regarding environmental and accommodation conditions. 
Acquisition of a water reserve system.
Continued communication with TMS regarding system performance.","Water supply disruptions at the Biology Laboratory, in Arcadia.
The turnaround time has been impacted by an increase in the number of cases received.
Accommodation and environmental conditions are compromised due to the malfunctioning of building equipment, such as extractors and air conditioning systems, which adversely affects instrumentation and ventilation. The KZN laboratory has not been utilised to its full potential since the occurrence of the flooding.
The efficiency of the LIMS is consistently slow or non-functional.","Acquisition of a water backup system.  
Focussing on the provisioning of reports for court-driven cases. Prioritising the finalisation of the oldest, balanced with the finalisation of new cases before they exceed their specified timelines.
Continuous communication between the SCM Division and the DPWI. 
The needs assessments, along with the USAS document, have been forwarded to the SMC Division for further processing in collaboration with the DPWI concerning both permanent accommodation in Pinetown and alternative accommodation options. 
Ongoing communication with the TMS Division regarding system performance.
System challenges takes too long to be addressed by TMS.","Since the flooding in 2016, KZN lacks a fully functional laboratory. As a result, drug analysis cases are received and registered in Pretoria, then transported to the Western Cape for processing by KZN personnel. Additionally, due to the absence of DNA processing capabilities in KZN (except for Evidence Recovery), DNA cases are sent to Pretoria for analysis. Maintenance and repairs to the building infrastructure (e.g., taps, water pipes, air conditioners, toilets) are delayed due to lengthy approval processes, which hinders optimal instrument functionality and causes delays in case processing. While the decentralisation of services in Mpumalanga is expected to improve space constraints, its implementation has been slow, despite its prior approval. The Biology Laboratory at Arcadia was closed due to flooding, exacerbating the existing infrastructure issues. The influx of complex cases has resulted in longer turnaround times. The turnaround time has been affected by the high volume of cases being received. The introduction of the LIMS has impeded the Chemistry Section's ability to finalise entries promptly. The laboratory is under-capacitated due to personnel losses. Although new staff have been appointed, it takes nearly two years for analysts to become fully trained and work independently.","Efforts are underway to source alternative accommodation in Durban Central and permanent facilities in Pinetown, with an approach being made to acquire a suitable building as a turnkey project while closely monitoring the effectiveness of plans for the construction of a new facility. Continuous communication between the FSL, SCM and the DPW&I to prioritise the procurement of maintenance contracts for FSL Western Cape, FSL Biology, FSL Silverton, FSL KwaZulu-Natal and other affected laboratories to ensure sustained operations. Ensuring the effective implementation of the six-month interim maintenance plan while the long-term contract is being finalised. Strategic engagements with the SCM Division and the DPW&I and needs assessments for Mpumalanga were submitted to the DPW&I (currently awaiting a feasibility study between the DPW&I and the SCM Division) and engagement to secure approvals for the SAPS to execute urgent maintenance. The focus on delivering reports for court-driven cases, addressing the oldest cases, while finalising new cases before their timelines are exceeded. Additionally, continuous collaboration with TMS and SITA aims to resolve any operational gaps affecting the output and the ongoing appointment and training of new analysts to increasing capacity and developing long-term retention strategies.",,304
Police,South African Police Service,National,Programme 3: Detective Services,Forensic Science Laboratory,Quarterly,"Percentage of case exhibits (entries) not yet finalised, exceeding the prescribed time frames",Not Applicable,Not  Applicable,Priority 6: Social Cohesion and Safer Communities,"Justice, Crime Prevention and Security cluster",Backlog not exceeding 10% of registered case exhibits (entries) ,"77,82 (161 565 from a total of 207 608).",Backlog not exceeding 10% of registered case exhibits (entries) ,"56,07% (222 277 from a total of 
396 397).",Backlog not exceeding 10% of registered case exhibits (entries) ,"35,49% (208 743 from a total of 588 187).",Backlog not exceeding 10% of registered case exhibits (entries) ,"33,09% (258 678 from a total of 781 810).",Backlog not exceeding 10% of registered case exhibits (entries) ,-,,,,,"Loss of personnel without replacement.
The influx of case exhibits (entries) is indicated by an increase in the number of cases. The volume of case exhibit (entries) increased by approximately 23,07% from 536 350 registered, in 2021/22 to 660 102 registered, in 2022/23. However, it decreased by 4%, reaching 19,13%, in 2023/24 (registered: 638 969) from 2021/22.
Instrumentation is adversely affected by malfunctioning air conditioners, which leads to inadequate ventilation and accommodation. 
Disruptions in the water supply at the Biology Laboratory in Arcadia.
The efficiency of the Laboratory Information Management System (LIMS) is consistently low or nonexistent. 
The time it takes for TMS to resolve system challenges is excessive.","Acquire posts as soon as possible and expedite the training process. 
Continuous communication between Supply Chain Management and the DPW&I regarding environmental and accommodation conditions. 
Acquisition of a water reserve system.
Continued communication with TMS regarding system performance.","Under capacitation (loss of personnel without replacement).
The influx of case exhibits (entries). 
Instrumentation is adversely affected by malfunctioning air conditioners, which leads to inadequate ventilation and accommodation. 
The efficiency of the Laboratory Information Management System (LIMS) is consistently low or non-existent. 
The time it takes for TMS to resolve system challenges is excessive.","Acquire posts as soon as possible and expedite the training process. 
Continuous communication between Supply Chain Management and the DPW&I regarding environmental and accommodation conditions. 
Acquisition of a water reserve system.
Continued communication with TMS regarding system performance.","Shortage of personnel due to the attrition of personnel without subsequent replacement.
The turnaround time has been impacted by an increase in the number of cases received.
Accommodation and environmental conditions are compromised due to the malfunctioning of building equipment, such as extractors and air conditioning systems, which adversely affects instrumentation and ventilation. The KZN laboratory has not been utilised to its full potential since the occurrence of the flooding.
The efficiency of the LIMS is consistently slow or non-functional.","Ongoing allocation of new posts and the training for newly appointed analysts.
Focussing on the provisioning of reports for court-driven cases. Prioritising the finalisation of the oldest, balanced with the finalisation of new cases before they exceed their specified timelines.
Continuous communication between the SCM Division and the DPWI. 
The needs assessments, along with the USAS document, have been forwarded to the SMC Division for further processing in collaboration with the DPWI concerning both permanent accommodation in Pinetown and alternative accommodation options. 
Ongoing communication with the TMS Division regarding system performance.
System challenges takes too long to be addressed by TMS.","Since the flooding in 2016, KZN lacks a fully functional laboratory. As a result, drug analysis cases are received and registered in Pretoria, then transported to the Western Cape for processing by KZN personnel. Additionally, due to the absence of DNA processing capabilities in KZN (except for Evidence Recovery), DNA cases are sent to Pretoria for analysis. Maintenance and repairs to the building infrastructure (e.g., taps, water pipes, air conditioners, toilets) are delayed due to lengthy approval processes, which hinders optimal instrument functionality and causes delays in case processing. While the decentralisation of services in Mpumalanga is expected to improve space constraints, its implementation has been slow, despite its prior approval. The Biology Laboratory at Arcadia was closed due to flooding, exacerbating the existing infrastructure issues. The influx of complex cases has resulted in longer turnaround times. The turnaround time has been affected by the high volume of cases being received. The introduction of the LIMS has impeded the Chemistry Section's ability to finalise entries promptly. The laboratory is under-capacitated due to personnel losses. Although new staff have been appointed, it takes nearly two years for analysts to become fully trained and work independently.","Efforts are underway to source alternative accommodation in Durban Central and permanent facilities in Pinetown, with an approach being made to acquire a suitable building as a turnkey project while closely monitoring the effectiveness of plans for the construction of a new facility. Continuous communication between the FSL, SCM and the DPW&I to prioritise the procurement of maintenance contracts for FSL Western Cape, FSL Biology, FSL Silverton, FSL KwaZulu-Natal and other affected laboratories to ensure sustained operations. Ensuring the effective implementation of the six-month interim maintenance plan while the long-term contract is being finalised. Strategic engagements with the SCM Division and the DPW&I and needs assessments for Mpumalanga were submitted to the DPW&I (currently awaiting a feasibility study between the DPW&I and the SCM Division) and engagement to secure approvals for the SAPS to execute urgent maintenance. The focus on delivering reports for court-driven cases, addressing the oldest cases, while finalising new cases before their timelines are exceeded. Additionally, continuous collaboration with TMS and SITA aims to resolve any operational gaps affecting the output and the ongoing appointment and training of new analysts to increasing capacity and developing long-term retention strategies.",,304
Police,South African Police Service,National,Programme 3: Detective Services,Forensic Science Laboratory,Quarterly,"Percentage of DNA case exhibits (entries) not yet finalised, exceeding the prescribed time frames",Not Applicable,Not  Applicable,Priority 6: Social Cohesion and Safer Communities,"Justice, Crime Prevention and Security cluster",Backlog not exceeding 10% of registered case exhibits (entries) ,"60,99% (84 406 from a total of 138 400).",Backlog not exceeding 10% of registered case exhibits (entries) ,"57,95% (150 483 from a total of 
259 682).",Backlog not exceeding 10% of registered case exhibits (entries) ,"36,81% (141 190 from a total of 383 614). ",Backlog not exceeding 10% of registered case exhibits (entries) ,"34,93% (175 500 from a total of 502 407).",Backlog not exceeding 10% of registered case exhibits (entries) ,-,,,,,"Loss of 
personnel without replacement.
The influx of case exhibits (entries) is indicated by an increase in the number of cases. The volume of case exhibit (entries) increased by approximately 23,07% from 536 350 registered, in 2021/22 to 660 102 registered, in 2022/23. However, it decreased by 4%, reaching 19,13%, in 2023/24 (registered: 638 969) from 2021/22.
Instrumentation is adversely affected by malfunctioning air conditioners, which leads to inadequate ventilation and accommodation. 
Disruptions in the water supply at the Biology Laboratory in Arcadia.
The efficiency of the Laboratory Information Management System (LIMS) is consistently low or nonexistent. 
The time it takes for TMS to resolve system challenges is excessive.","Acquire posts as soon as possible and expedite the training process. 
Continuous communication between Supply Chain Management and the DPW&I regarding environmental and accommodation conditions. 
Acquisition of a water reserve system.
Continued communication with TMS regarding system performance.","Under capacitation (loss of personnel without replacement).
The influx of case exhibits (entries). 
Instrumentation is adversely affected by malfunctioning air conditioners, which leads to inadequate ventilation and accommodation. 
The efficiency of the Laboratory Information Management System (LIMS) is consistently low or non-existent. 
The time it takes for TMS to resolve system challenges is excessive.","Acquire posts as soon as possible and expedite the training process. 
Continuous communication between Supply Chain Management and the DPW&I regarding environmental and accommodation conditions. 
Acquisition of a water reserve system.
Continued communication with TMS regarding system performance.","Water supply disruptions at the Biology Laboratory, in Arcadia.
The turnaround time has been impacted by an increase in the number of cases received.
Accommodation and environmental conditions are compromised due to the malfunctioning of building equipment, such as extractors and air conditioning systems, which adversely affects instrumentation and ventilation. The KZN laboratory has not been utilised to its full potential since the occurrence of the flooding.
The efficiency of the LIMS is consistently slow or non-functional.","Acquisition of a water backup system.  
Focussing on the provisioning of reports for court-driven cases. Prioritising the finalisation of the oldest, balanced with the finalisation of new cases before they exceed their specified timelines.
Continuous communication between the SCM Division and the DPWI. 
The needs assessments, along with the USAS document, have been forwarded to the SMC Division for further processing in collaboration with the DPWI concerning both permanent accommodation in Pinetown and alternative accommodation options. 
Ongoing communication with the TMS Division regarding system performance.
System challenges takes too long to be addressed by TMS.","Since the flooding in 2016, KZN lacks a fully functional laboratory. As a result, drug analysis cases are received and registered in Pretoria, then transported to the Western Cape for processing by KZN personnel. Additionally, due to the absence of DNA processing capabilities in KZN (except for Evidence Recovery), DNA cases are sent to Pretoria for analysis. Maintenance and repairs to the building infrastructure (e.g., taps, water pipes, air conditioners, toilets) are delayed due to lengthy approval processes, which hinders optimal instrument functionality and causes delays in case processing. While the decentralisation of services in Mpumalanga is expected to improve space constraints, its implementation has been slow, despite its prior approval. The Biology Laboratory at Arcadia was closed due to flooding, exacerbating the existing infrastructure issues. The influx of complex cases has resulted in longer turnaround times. The turnaround time has been affected by the high volume of cases being received. The introduction of the LIMS has impeded the Chemistry Section's ability to finalise entries promptly. The laboratory is under-capacitated due to personnel losses. Although new staff have been appointed, it takes nearly two years for analysts to become fully trained and work independently.","Efforts are underway to source alternative accommodation in Durban Central and permanent facilities in Pinetown, with an approach being made to acquire a suitable building as a turnkey project while closely monitoring the effectiveness of plans for the construction of a new facility. Continuous communication between the FSL, SCM and the DPW&I to prioritise the procurement of maintenance contracts for FSL Western Cape, FSL Biology, FSL Silverton, FSL KwaZulu-Natal and other affected laboratories to ensure sustained operations. Ensuring the effective implementation of the six-month interim maintenance plan while the long-term contract is being finalised. Strategic engagements with the SCM Division and the DPW&I and needs assessments for Mpumalanga were submitted to the DPW&I (currently awaiting a feasibility study between the DPW&I and the SCM Division) and engagement to secure approvals for the SAPS to execute urgent maintenance. The focus on delivering reports for court-driven cases, addressing the oldest cases, while finalising new cases before their timelines are exceeded. Additionally, continuous collaboration with TMS and SITA aims to resolve any operational gaps affecting the output and the ongoing appointment and training of new analysts to increasing capacity and developing long-term retention strategies.",,304
Police,South African Police Service,National,Programme 3: Detective Services,Forensic Science Laboratory,Quarterly,"Percentage of non-routine case exhibits (entries) finalised, within 113 calendar days",Not Applicable,Not  Applicable,Priority 6: Social Cohesion and Safer Communities,"Justice, Crime Prevention and Security cluster","70%, within 113 calendar days","42,71% (999 from a total of 2 339).","70%, within 113 calendar days","46,36% (1 121 from a total of 2 418).","70%, within 113 calendar days","48,85% (1 186 from a total of 2 428).","70%, within 113 calendar days","42,53% (854 from a total of 2 008).","70%, within 113 calendar days",-,,,,,"Loss of personnel without replacement.
The influx of case exhibits (entries) is indicated by an increase in the number of cases. The volume of case exhibit (entries) increased by approximately 23,07% from 536 350 registered, in 2021/22 to 660 102 registered, in 2022/23. However, it decreased by 4%, reaching 19,13%, in 2023/24 (registered: 638 969) from 2021/22.
Instrumentation is adversely affected by malfunctioning air conditioners, which leads to inadequate ventilation and accommodation. 
Disruptions in the water supply at the Biology Laboratory in Arcadia.
The efficiency of the Laboratory Information Management System (LIMS) is consistently low or nonexistent. 
The time it takes for TMS to resolve system challenges is excessive.","Acquire posts as soon as possible and expedite the training process. 
Continuous communication between Supply Chain Management and the DPW&I regarding environmental and accommodation conditions. 
Acquisition of a water reserve system.
Continued communication with TMS regarding system performance.","Under capacitation (loss of personnel without replacement).
The influx of case exhibits (entries). 
Instrumentation is adversely affected by malfunctioning air conditioners, which leads to inadequate ventilation and accommodation. 
The efficiency of the Laboratory Information Management System (LIMS) is consistently low or non-existent. 
The time it takes for TMS to resolve system challenges is excessive.","Acquire posts as soon as possible and expedite the training process. 
Continuous communication between Supply Chain Management and the DPW&I regarding environmental and accommodation conditions. 
Acquisition of a water reserve system.
Continued communication with TMS regarding system performance.","Shortage of personnel due to the attrition of personnel without subsequent replacement.
The turnaround time has been impacted by an increase in the number of cases received.
Accommodation and environmental conditions are compromised due to the malfunctioning of building equipment, such as extractors and air conditioning systems, which adversely affects instrumentation and ventilation. The KZN laboratory has not been utilised to its full potential since the occurrence of the flooding.
The efficiency of the LIMS is consistently slow or non-functional.","Ongoing allocation of new posts and the training for newly appointed analysts.
Focussing on the provisioning of reports for court-driven cases. Prioritising the finalisation of the oldest, balanced with the finalisation of new cases before they exceed their specified timelines.
Continuous communication between the SCM Division and the DPWI. 
The needs assessments, along with the USAS document, have been forwarded to the SMC Division for further processing in collaboration with the DPWI concerning both permanent accommodation in Pinetown and alternative accommodation options. 
Ongoing communication with the TMS Division regarding system performance.
System challenges takes too long to be addressed by TMS.","Since the flooding in 2016, KZN lacks a fully functional laboratory. As a result, drug analysis cases are received and registered in Pretoria, then transported to the Western Cape for processing by KZN personnel. Additionally, due to the absence of DNA processing capabilities in KZN (except for Evidence Recovery), DNA cases are sent to Pretoria for analysis. Maintenance and repairs to the building infrastructure (e.g., taps, water pipes, air conditioners, toilets) are delayed due to lengthy approval processes, which hinders optimal instrument functionality and causes delays in case processing. While the decentralisation of services in Mpumalanga is expected to improve space constraints, its implementation has been slow, despite its prior approval. The Biology Laboratory at Arcadia was closed due to flooding, exacerbating the existing infrastructure issues. The influx of complex cases has resulted in longer turnaround times. The turnaround time has been affected by the high volume of cases being received. The introduction of the LIMS has impeded the Chemistry Section's ability to finalise entries promptly. The laboratory is under-capacitated due to personnel losses. Although new staff have been appointed, it takes nearly two years for analysts to become fully trained and work independently.","Efforts are underway to source alternative accommodation in Durban Central and permanent facilities in Pinetown, with an approach being made to acquire a suitable building as a turnkey project while closely monitoring the effectiveness of plans for the construction of a new facility. Continuous communication between the FSL, SCM and the DPW&I to prioritise the procurement of maintenance contracts for FSL Western Cape, FSL Biology, FSL Silverton, FSL KwaZulu-Natal and other affected laboratories to ensure sustained operations. Ensuring the effective implementation of the six-month interim maintenance plan while the long-term contract is being finalised. Strategic engagements with the SCM Division and the DPW&I and needs assessments for Mpumalanga were submitted to the DPW&I (currently awaiting a feasibility study between the DPW&I and the SCM Division) and engagement to secure approvals for the SAPS to execute urgent maintenance. The focus on delivering reports for court-driven cases, addressing the oldest cases, while finalising new cases before their timelines are exceeded. Additionally, continuous collaboration with TMS and SITA aims to resolve any operational gaps affecting the output and the ongoing appointment and training of new analysts to increasing capacity and developing long-term retention strategies.",,304
Police,South African Police Service,National,Programme 3: Detective Services,Forensic Science Laboratory,Quarterly,"Percentage of routine case exhibits (entries) finalised, within 35 calendar days",Not Applicable,Not  Applicable,Priority 6: Social Cohesion and Safer Communities,"Justice, Crime Prevention and Security cluster","75%, within 35 calendar days","30,91% (22 209 from a total of 71 842).","75%, within 35 calendar days","31,66% (21 434 from a total of 
67 691).","75%, within 35 calendar days","29,17% (18 725 from a total of 64 202).","75%, within 35 calendar days","37,98% (17 242 from a total of 45 396).","75%, within 35 calendar days",-,,,,,"Loss of personnel without replacement.
The influx of case exhibits (entries) is indicated by an increase in the number of cases. The volume of case exhibit (entries) increased by approximately 23,07% from 536 350 registered, in 2021/22 to 660 102 registered, in 2022/23. However, it decreased by 4%, reaching 19,13%, in 2023/24 (registered: 638 969) from 2021/22.
Instrumentation is adversely affected by malfunctioning air conditioners, which leads to inadequate ventilation and accommodation. 
Disruptions in the water supply at the Biology Laboratory in Arcadia.
The efficiency of the Laboratory Information Management System (LIMS) is consistently low or nonexistent. 
The time it takes for TMS to resolve system challenges is excessive.","Acquire post as soon as possible and expedite the training process. 
Continuous communication between Supply Chain Management and the DPW&I regarding environmental and accommodation conditions. 
Acquisition of a water reserve system.
Continued communication with TMS regarding system performance.","Under capacitation (loss of personnel without replacement).
The influx of case exhibits (entries). 
Instrumentation is adversely affected by malfunctioning air conditioners, which leads to inadequate ventilation and accommodation. 
The efficiency of the Laboratory Information Management System (LIMS) is consistently low or non-existent. 
The time it takes for TMS to resolve system challenges is excessive.","Acquire posts as soon as possible and expedite the training process. 
Continuous communication between Supply Chain Management and the DPW&I regarding environmental and accommodation conditions. 
Acquisition of a water reserve system.
Continued communication with TMS regarding system performance.","Shortage of personnel due to the attrition of personnel without subsequent replacement.
The turnaround time has been impacted by an increase in the number of cases received.
Accommodation and environmental conditions are compromised due to the malfunctioning of building equipment, such as extractors and air conditioning systems, which adversely affects instrumentation and ventilation. The KZN laboratory has not been utilised to its full potential since the occurrence of the flooding.
The efficiency of the Laboratory Information Management System (LIMS) is consistently slow or non-functional.","Ongoing allocation of new posts and the training for newly appointed analysts.
Focussing on the provisioning of reports for court-driven cases. Prioritising the finalisation of the oldest, balanced with the finalisation of new cases before they exceed their specified timelines.
Continuous communication between the Supply Chain Management (SCM) Division and the Department of Public Works and Infrastructure (DPWI). 
The needs assessments, along with the User Specific Accommodation Schedule (USAS) document, have been forwarded to the SMC Division for further processing in collaboration with the DPWI concerning both permanent accommodation in Pinetown and alternative accommodation options. 
Ongoing communication with the TMS Division regarding system performance.
System challenges takes too long to be addressed by TMS.","Since the flooding in 2016, KZN lacks a fully functional laboratory. As a result, drug analysis cases are received and registered in Pretoria, then transported to the Western Cape for processing by KZN personnel. Additionally, due to the absence of DNA processing capabilities in KZN (except for Evidence Recovery), DNA cases are sent to Pretoria for analysis. Maintenance and repairs to the building infrastructure (e.g., taps, water pipes, air conditioners, toilets) are delayed due to lengthy approval processes, which hinders optimal instrument functionality and causes delays in case processing. While the decentralisation of services in Mpumalanga is expected to improve space constraints, its implementation has been slow, despite its prior approval. The Biology Laboratory at Arcadia was closed due to flooding, exacerbating the existing infrastructure issues. The influx of complex cases has resulted in longer turnaround times. The turnaround time has been affected by the high volume of cases being received. The introduction of the LIMS has impeded the Chemistry Section's ability to finalise entries promptly. The laboratory is under-capacitated due to personnel losses. Although new staff have been appointed, it takes nearly two years for analysts to become fully trained and work independently.","Efforts are underway to source alternative accommodation in Durban Central and permanent facilities in Pinetown, with an approach being made to acquire a suitable building as a turnkey project while closely monitoring the effectiveness of plans for the construction of a new facility. Continuous communication between the Forensic Science Laboratory (FSL), Supply Chain Management (SCM) and the Department of Public Works and Infrastructure (DPW&I) to prioritise the procurement of maintenance contracts for FSL Western Cape, FSL Biology, FSL Silverton, FSL KwaZulu-Natal and other affected laboratories to ensure sustained operations. Ensuring the effective implementation of the six-month interim maintenance plan while the long-term contract is being finalised. Strategic engagements with the SCM Division and the DPW&I and needs assessments for Mpumalanga were submitted to the DPW&I (currently awaiting a feasibility study between the DPW&I and the SCM Division) and engagement to secure approvals for the SAPS to execute urgent maintenance. The focus on delivering reports for court-driven cases, addressing the oldest cases, while finalising new cases before their timelines are exceeded. Additionally, continuous collaboration with Technology Management Services (TMS) and the State Information Technology Agency (SITA) aims to resolve any operational gaps affecting the output and the ongoing appointment and training of new analysts to increasing capacity and developing long-term retention strategies.",,304
Police,South African Police Service,National,Programme 3: Detective Services,Specialised Investigations,Annually,Percentage of registered serious organised crime project investigations successfully closed,Not Applicable,Not  Applicable,Priority 6: Social Cohesion and Safer Communities,"Justice, Crime Prevention and Security cluster",,,,,,,70%,,70%,,,,,,,,,,,,,,,304
Police,South African Police Service,National,Programme 3: Detective Services,Specialised Investigations,Quarterly,Percentage of identified clandestine laboratories dismantled with arrests,Not Applicable,Not  Applicable,Priority 6: Social Cohesion and Safer Communities,"Justice, Crime Prevention and Security cluster",90%,"100% (3 from a total of 3), with 12 arrests.",90%,"100% (10 from a total of 10), with 28 arrests.",90%,"93,33% (14 from a total of 15), with 37 arrests.",90%,"94,74% (18 from a total of 19, with 46 arrests)
",90%,-,,,,,All relevant roleplayers were involved in the dismantling of identified clandestine laboratories. ,Not applicable,Intelligence and effective coordination.,Not applicable,Operations informed by intelligence were executed to dismantle clandestine drug laboratories. All relevant internal and external stakeholders were engaged in the process.,Not applicable,"A multidisciplinary approach is being used to identify and dismantle clandestine drug 
laboratories.",Not applicable,,304
Police,South African Police Service,National,Programme 3: Detective Services,Specialised Investigations,Quarterly,Percentage of serious cyberrelated crime support case files successfully investigated within 90 calendar days,Not Applicable,Not  Applicable,Priority 6: Social Cohesion and Safer Communities,"Justice, Crime Prevention and Security cluster",65%,100% (3 from a total of 3).,65%,"66,10% (39 from a total of 59).",65%,"78,22% (79 from a total of 101).",65%,"80,17% (93 from a total of 116).",65%,-,,,,,Enhanced collaboration with stakeholders to optimise resource utilisation.,Not applicable,Enhanced collaboration with stakeholders to optimise resource utilisation.,Not applicable,The procurement of resources increased the capability to provide cyber-related crime investigative support.,Not applicable,"Capacitation within the cyber forensic investigative support environment, coupled with collaboration with stakeholders to utilise physical resources.",Not applicable,,304
Police,South African Police Service,National,Programme 3: Detective Services,Specialised Investigations,Quarterly,Percentage of trial-ready case dockets for serious commercial crime,Not Applicable,Not  Applicable,Priority 6: Social Cohesion and Safer Communities,"Justice, Crime Prevention and Security cluster",65%,"69,29% (1 636 from a total of 2 361).",65%,"70,11% (1 621 from a total of 2 312).",65%,"73,44% (1 720 from a total of 2 342).",65%,"75,85% (1 765 from a total of 2 327).",65%,-,,,,,Investigating officers completed their investigations on court cases in a timely manner to ensure that they are ready for trial.,Not applicable,Investigating officers completed their investigations on court cases in a timely manner to ensure that they are ready for trial.,Not applicable,Investigating officers completed their investigations on court cases in a timely manner to ensure that they are ready for trial.,Not applicable,"Prioritisation of outstanding investigations, as well as prosecutorial guided investigations.",Not applicable,,304
Police,South African Police Service,National,Programme 3: Detective Services,Specialised Investigations,Quarterly,Percentage of trial-ready case dockets for serious corruption within  the private sector,Not Applicable,Not  Applicable,Priority 6: Social Cohesion and Safer Communities,"Justice, Crime Prevention and Security cluster",70%,"83,19% (193 from a total of 232).",70%,"84,68% (199 from a total of 235).",70%,"85,43% (217 from a total of 254).",70%,"85,77% (223 from a total of 260).",70%,-,,,,,"Consistent communication and collaboration between the prosecution and investigation teams.
Case planning by adhering to Prosecution-Guided Investigation, in order to ensure the finalisation of the investigation.",Not applicable,"Consistent communication and collaboration between the prosecution and investigation teams.
Prosecutors conducted case planning (prosecutors guided the investigation). The finalisation of the investigation prior to arrest and compliance with time frames.","Follow-up with prosecutors to declare matters trial-ready. Address outstanding investigations and place Provisionally Withdrawn cases back on the court roll.
Consultation with the NPA and Justice.
Establish a case management structure. Request the promotion of pre-trial hearings to speed up the processes.   
To expedite the completion of trial-ready case dockets, monthly meetings have been scheduled with the Director of Public Prosecutions.","Ongoing collaboration and consultation between the prosecution and investigative teams.
Case planning conducted by prosecutors (prosecutor-guided investigation).
Finalisation of the investigation prior to arrest and compliance with timelines.
Completion of the investigation prior to apprehension.",Not applicable,Investigations are optimally managed to ensure the migration from the court role to trial readiness. Members are regularly sensitised on investigative methodologies and exposed to in-service training when possible. Investigations undergo regular inspections with proper guidance and commanders actively contribute to investigations. Enquiries are used as a foundation for investigations and are only converted into dockets once they are ready for arrest.,Not applicable,,304
Police,South African Police Service,National,Programme 3: Detective Services,Specialised Investigations,Quarterly,Percentage of trial-ready case dockets for serious corruption within the public sector,Not Applicable,Not  Applicable,Priority 6: Social Cohesion and Safer Communities,"Justice, Crime Prevention and Security cluster",70%,"91,41%(596 from a total of 652).",70%,"91,81% (628 from a total of 684).",70%," 91,72% (620 from a total of 676).",70%,"89,80% (581 from a total of 647).",70%,-,,,,,"Consistent communication and collaboration between the prosecution and investigation teams.
Case planning by adhering to Prosecution-Guided Investigation, in order to ensure the finalisation of the investigation.",Not applicable,"Consistent communication and collaboration between the prosecution and investigation teams.
Prosecutors conducted case planning (prosecutors guided the investigation). The finalisation of the investigation prior to arrest and compliance with time frames.","Follow-up with prosecutors to declare matters trial-ready. Address outstanding investigations and place Provisionally Withdrawn cases back on the court roll.
Consultation with the NPA and Justice.
Establish a case management structure. Request the promotion of pre-trial hearings to speed up the processes.   
To expedite the completion of trial-ready case dockets, monthly meetings have been scheduled with the Director of Public Prosecutions.","Ongoing collaboration and consultation between the prosecution and investigative teams.
Case planning conducted by prosecutors (prosecutor-guided investigation).
Finalisation of the investigation prior to arrest and compliance with timelines.
Completion of the investigation prior to apprehension.",Not applicable,Investigations are optimally managed to ensure the migration from the court role to trial readiness. Members are regularly sensitised on investigative methodologies and exposed to in-service training when possible. Investigations undergo regular inspections with proper guidance and commanders actively contribute to investigations. Enquiries are used as a foundation for investigations and are only converted into dockets once they are ready for arrest.,Not applicable,,304
Police,South African Police Service,National,Programme 4: Crime Intelligence,Crime Intelligence Operations,Quarterly,Percentage of ICT security assessments finalised in the SAPS,Not Applicable,Not  Applicable,Priority 6: Social Cohesion and Safer Communities,"Justice, Crime Prevention and Security cluster",25% (550),"34,95% 769 from a total of 2 200).",50% (1 100),"77,55% (1 706 from a total of 2 200).",75% (1 650),"109,59% (2 411 from a total of 2 200).",100% (2 200),"134,91% (2 968 from a total of 2 200).",100% (2 200),-,,,,,"Proper management, planning and ongoing improvement initiatives led to an increase in productivity.",Not applicable,"Effective management, planning and ongoing improvement initiatives led to the increase in productivity.",Not applicable,"Effective management, planning and ongoing improvement initiatives led to the increase in productivity.",Not applicable,The newly established Integrity Management section within the DPCI necessitated ad-hoc assessments of ICT equipment.,Not applicable,,304
Police,South African Police Service,National,Programme 4: Crime Intelligence,Crime Intelligence Operations,Quarterly,Percentage of network operations relating to prioritised crime threats successfully terminated,Not Applicable,Not  Applicable,Priority 6: Social Cohesion and Safer Communities,"Justice, Crime Prevention and Security cluster",-,Not applicable,"21,69%","21,92% (80 from a total of 365).","43,38%","39,87% (191 from a total of 479).",67%,"81,56% (407 from a total of 499).","67% of the total number of network operations registered, annually",-,,,,,Not applicable,Not applicable,Effective cooperation between Crime Intelligence and other stakeholders. ,Not applicable,Some network operations have been extended. The primary objective was to provide coverage at the designated stations in order to ensure the successful termination of network operations associated with prioritised threats. ,"The Provincial Network Operations Executive Committee will diligently monitor operations and ensure that network operations are terminated, by 31 March 2025.",Effective coordination between Crime Intelligence and other stakeholders.,Not applicable,,304
Police,South African Police Service,National,Programme 4: Crime Intelligence,Crime Intelligence Operations,Quarterly,Percentage of overt mandatory physical security assessments finalised in the SAPS,Not Applicable,Not  Applicable,Priority 6: Social Cohesion and Safer Communities,"Justice, Crime Prevention and Security cluster",25% (109),"41,38% (180 from a total of 435).",50% (218),"73,79% (321 from a total of 435).",75% (362),"99,08% (431 from a total of 435).",100% (435),"125,52% (546 from a total of 435).",100% (435),-,,,,,"Proper management, planning and ongoing improvement initiatives led to an increase in productivity.",Not applicable,"Effective management, planning and ongoing improvement initiatives led to the increase in productivity.",Not applicable,"Proper management, planning and ongoing improvement initiatives led to the increase in productivity.",Not applicable,Additional security assessments were conducted due to the relocation and restructuring of office spaces.,Not applicable,,304
Police,South African Police Service,National,Programme 4: Crime Intelligence,Crime Intelligence Operations,Quarterly,Percentage of security clearances finalised in the SAPS,Not Applicable,Not  Applicable,Priority 6: Social Cohesion and Safer Communities,"Justice, Crime Prevention and Security cluster",25% (178),"26,62% (189 from a total of 710).",50% (355),"54,65% (388 from a total of 710).",75% (533),"81,55% (579 from a total of 710).",100% (710),"107,89% (766 from a total of 710).",100% (710),-,,,,,Capacitation of the environment.,Not applicable,The capacitation of the environment contributed positively to the achievement of the target.,Not applicable,The capacitation of the environment.,Not applicable,The capacitation of the environment with both physical and human resources.,Not applicable,,304
Police,South African Police Service,National,Programme 4: Crime Intelligence,Intelligence and Information Management,Quarterly,Percentage of proactive intelligence reports relating to prioritised crime threats that were operationalised at district level,Not Applicable,Not  Applicable,Priority 6: Social Cohesion and Safer Communities,"Justice, Crime Prevention and Security cluster",95%,"71,43% (8 548 from a total of 11 967).",95%,"97,78% (14 214 from a total of 14 536).",95%,"98,55% (12 317 from a total of 12 498). ",95%,"98,83% (18 007 from a total of 18 220).",95%,-,,,,,More intelligence reports were generated but were not yet closed off by clients at the conclusion of the quarter. ,Develop a system that enables clients to electronically submit feedback on operationalised intelligence reports.,"Efforts were made to ensure that feedback reports were received from the operational clients, which deems the disseminated products operationalised.",Not applicable.,"Efforts were made to ensure that feedback reports were received from operational clients, which deems the disseminated products operationalised.",Not applicable,"Proactive measures were implemented to solicit feedback reports from operational clients, confirming the effective use and operationalisation of disseminated intelligence products, thus validating their practical application and impact",Not applicable,,304
Police,South African Police Service,National,Programme 4: Crime Intelligence,Intelligence and Information Management,Quarterly,Percentage of proactive intelligence reports relating to prioritised crime threats that were operationalised at national level,Not Applicable,Not  Applicable,Priority 6: Social Cohesion and Safer Communities,"Justice, Crime Prevention and Security cluster",95%,"15,30% (177 from a total of 1 157).",95%,"98,56% (1 373 from a total of 1 393).",95%,"99,69% (1 932 from a total of 1 938).",95%,100% (2 584 from a total of 2 584).,95%,-,,,,,More intelligence reports were generated but were not yet closed off by clients at the conclusion of the quarter. ,Develop a system that enables clients to electronically submit feedback on operationalised intelligence reports.,"Efforts were made to ensure that feedback reports were received from the operational clients, which deems the disseminated products operationalised.",Not applicable.,"Efforts were made to ensure that feedback reports were received from operational clients, which deems the disseminated products operationalised.",Not applicable,"Collaboration between Crime Intelligence and external clients was significantly strengthened, leading to an increased volume of reports generated and corresponding utilisation of intelligence products, highlighting the value and impact of this enhanced partnership.",Not applicable,,304
Police,South African Police Service,National,Programme 4: Crime Intelligence,Intelligence and Information Management,Quarterly,Percentage of proactive intelligence reports relating to prioritised crime threats that were operationalised at provincial level,Not Applicable,Not  Applicable,Priority 6: Social Cohesion and Safer Communities,"Justice, Crime Prevention and Security cluster",95%,"66,67% (2 775 from a total of 4 162).",95%,"88,72% (4 760 from a total of 5 365).",95%,"90,59% (5 104 from a total of 5 634). ",95%,"97,31% (8 188 from a total of 8 414).",95%,-,,,,,More intelligence reports were generated but were not yet closed off by clients at the conclusion of the quarter. ,Develop a system that enables clients to electronically submit feedback on operationalised intelligence reports.,More intelligence reports were generated and an insufficient number of feedback report were received from the clients at provincial level at the end of the quarter.  ,A system will be developed that enables clients to electronically submit feedback on operationalised intelligence reports.,"Intelligence products were successfully produced and disseminated; however, challenges were encountered in obtaining feedback from the operational clients. Feedback is critical to improving quality, relevance and timelessness of intelligence products.","Define the anticipated frequency and format of client feedback and ensure that these expectations are clearly communicated in writing.
Establish standardised and simplified processes for the provision of feedback, such as implementing feedback forms, for eliminating any ambiguity regarding the requirements.
Schedule regular check-ins, either on a weekly or monthly basis, with operational clients to collect their feedback.",A monitoring tool was implemented to track progress towards targets and a comprehensive review confirmed that all disseminated information was operationalised effectively. Feedback from external clients demonstrated the success and impact of the intelligence dissemination process.,Not applicable,,304
Police,South African Police Service,National,Programme 4: Crime Intelligence,Intelligence and Information Management,Quarterly,Percentage of reactive intelligence reports relating to prioritised crime threats that were operationalised at district level,Not Applicable,Not  Applicable,Priority 6: Social Cohesion and Safer Communities,"Justice, Crime Prevention and Security cluster",95%,"70,42% (23 340 from a total of 33 142).",95%,"99,90% (19 446 from a total of 19 465).",95%,"99,65% (18 383 from total of 18 448).",95%,"98,71% (33 650 from a total of 34 089).",95%,-,,,,,More intelligence reports were generated but were not yet closed off by clients at the conclusion of the quarter. ,Develop a system that enables clients to electronically submit feedback on operationalised intelligence reports.,"Efforts were made to ensure that feedback reports were received from the operational clients, which deems the disseminated products operationalised.",Not applicable.,"Efforts were made to ensure that feedback reports were received from operational clients, which deems the disseminated products operationalised.",Not applicable,"Proactive measures were implemented to solicit feedback reports from operational clients, confirming the effective use and operationalisation of disseminated intelligence products, thus validating their practical application and impact.",Not applicable,,304
Police,South African Police Service,National,Programme 4: Crime Intelligence,Intelligence and Information Management,Quarterly,Percentage of reactive intelligence reports relating to prioritised crime threats that were operationalised at national level,Not Applicable,Not  Applicable,Priority 6: Social Cohesion and Safer Communities,"Justice, Crime Prevention and Security cluster",95%,"39,71% (1 115 from a total of 2 808).",95%,"96,33% (892 from a total of 926).",95%,"78,58 (620 from a total of 789).",95%,"97,97% (3 433 from a total of 3 504).",95%,-,,,,,More intelligence reports were generated but were not yet closed off by clients at the conclusion of the quarter. ,Develop a system that enables clients to electronically submit feedback on operationalised intelligence reports.,"Efforts were made to ensure that feedback reports were received from the operational clients, which deems the disseminated products operationalised.",Not applicable.,"Intelligence products were successfully produced and disseminated; however, challenges were encountered in obtaining feedback from the operational clients. Feedback is critical to improving quality, relevance and timelessness of intelligence products.","Define the anticipated frequency and format of client feedback and ensure that these expectations are clearly communicated in writing.
Establish standardised and simplified processes for the provision of feedback, such as implementing feedback forms, for eliminating any ambiguity regarding the requirements.
Schedule regular check-ins, either on a weekly or monthly basis, with operational clients to collect their feedback.","Collaboration between Crime Intelligence and external clients was significantly strengthened, leading to an increased volume of reports generated and corresponding utilisation of intelligence products, highlighting the value and impact of this enhanced partnership.",Not applicable,,304
Police,South African Police Service,National,Programme 4: Crime Intelligence,Intelligence and Information Management,Quarterly,Percentage of reactive intelligence reports relating to prioritised crime threats that were operationalised at provincial level,Not Applicable,Not  Applicable,Priority 6: Social Cohesion and Safer Communities,"Justice, Crime Prevention and Security cluster",95%,"54,14% (6 435 from a total of 11 886).",95%,"75,30% (20 293 from a total of 26 951).",95%,"90,64% (8 138 from total of 8 978).",95%,"98,21% (15 397 from a total of 15 678).",95%,-,,,,,More intelligence reports were generated but were not yet closed off by clients at the conclusion of the quarter. ,Develop a system that enables clients to electronically submit feedback on operationalised intelligence reports.,More intelligence reports were generated and an insufficient number of feedback report were received from the clients at provincial level at the end of the quarter.  ,A system will be developed that enables clients to electronically submit feedback on operationalised intelligence reports.,"Intelligence products were successfully produced and disseminated; however, challenges were encountered in obtaining feedback from the operational clients. Feedback is critical to improving quality, relevance and timelessness of intelligence products.","Define the anticipated frequency and format of client feedback and ensure that these expectations are clearly communicated in writing.
Establish standardised and simplified processes for the provision of feedback, such as implementing feedback forms, for eliminating any ambiguity regarding the requirements.
Schedule regular check-ins, either on a weekly or monthly basis, with operational clients to collect their feedback.",A monitoring tool was implemented to track progress towards targets and a comprehensive review confirmed that all disseminated information was operationalised effectively. Feedback from external clients demonstrated the success and impact of the intelligence dissemination process.,Not applicable,,304
Police,South African Police Service,National,Programme 5: Protection and Security Services,Government Security Regulator,Quarterly,Percentage of National Key Points (NKPs) evaluated by Protection and Security Services,Not Applicable,Not  Applicable,Priority 6: Social Cohesion and Safer Communities,"Justice, Crime Prevention and Security cluster","24,30% (52)","23,83% (51 from a total of 214).","26,64% (57)","26,64% (57 from a total of 214).","32,24% (69)","32,24% (69 from a total of 214).","16,82% (36)","16,82% (36 from a total of 214).",100% (214),-,,,,,"National Key Points are to be evaluated once a year. The KZN Legislature was not evaluated in Quarter 1, as planned, as the NKP was evaluated in the 4th Quarter, 2023/24 (27 March 2024).",Date of the evaluation of the NKP will be moved to the 4th Quarter (2024/25).,Not applicable,Not applicable,Not applicable,Not applicable,Not applicable,Not applicable,,304
Police,South African Police Service,National,Programme 5: Protection and Security Services,Government Security Regulator,Quarterly,Percentage of NKPs evaluated by Presidential Protection Service,Not Applicable,Not  Applicable,Priority 6: Social Cohesion and Safer Communities,"Justice, Crime Prevention and Security cluster","18,18% (2)","27,27% (3 from a total 11)","27,27% (3)","27,27% (3 from a total of 11).","27,27% (3)","27,27% (3 from a total of 11).","27,27% (3)","9,09% (1 from a total of 11).",100% (11),-,,,,,An opportunity presented itself to evaluate an additional NKP.,Not applicable,Not applicable,Not applicable,Not applicable,Not applicable,"An opportunity arose, allowing for the evaluation of three NKPs in the 1st Quarter, surpassing the target of 2 for Quarter 1. Freshnaye is in the process of being declassified, pending the Minister's signature. The property has been sold to a private individual.",Not applicable,,304
Police,South African Police Service,National,Programme 5: Protection and Security Services,Government Security Regulator,Quarterly,Percentage of strategic installations audited,Not Applicable,Not  Applicable,Priority 6: Social Cohesion and Safer Communities,"Justice, Crime Prevention and Security cluster","18,47% (46)","18,88% (47 from a total of 249).","9,24% (23)","9,24% (23 from a total of 249).","14,05% (35)","14,46% (36 from a total of 249).","9,24% (23)","9,24% (23 from a total of 249).",51% (127 from a total of 249),-,,,,,"The Department of Mineral Resources and Energy merged, but it has not yet relocated to a centralised facility.",Not applicable,Not applicable,Not applicable,"The Department of Mineral Resources and Energy merged, but it has not yet relocated to a centralised facility.",Not applicable,Not applicable,Not applicable,,304
Police,South African Police Service,National,Programme 5: Protection and Security Services,Static Protection,Quarterly,Number of security breaches at identified government installations and identified VIP residences protected by Presidential Protection Service,Not Applicable,Not  Applicable,Priority 6: Social Cohesion and Safer Communities,"Justice, Crime Prevention and Security cluster",Zero security breaches,Zero security breaches.,Zero security breaches,Zero security breaches,Zero security breaches,Zero security breaches.,Zero security breaches,Zero security breaches,Zero security breaches,-,,,,,Not applicable,Not applicable,Not applicable,Not applicable,Not applicable,Not applicable,Not applicable,Not applicable,,304
Police,South African Police Service,National,Programme 5: Protection and Security Services,Static Protection,Quarterly,Number of security breaches at identified government installations and identified VIP residences protected by Protection and Security Services,Not Applicable,Not  Applicable,Priority 6: Social Cohesion and Safer Communities,"Justice, Crime Prevention and Security cluster",Zero security breaches,Zero security breaches.,Zero security breaches,Zero security breaches,Zero security breaches,Zero security breaches.,Zero security breaches,Zero security breaches,Zero security breaches,-,,,,,Not applicable,Not applicable,Not applicable,Not applicable,Not applicable,Not applicable,Not applicable,Not applicable,,304
Police,South African Police Service,National,Programme 5: Protection and Security Services,VIP Protection Services,Quarterly,Number of security breaches during in-transit protection by Protection and Security Services,Not Applicable,Not  Applicable,Priority 6: Social Cohesion and Safer Communities,"Justice, Crime Prevention and Security cluster",Zero security breaches,Zero security breaches.,Zero security breaches,Zero security breaches,Zero security breaches,Zero security breaches.,Zero security breaches,Zero security breaches,Zero security breaches,-,,,,,Not applicable,Not applicable,Not applicable,Not applicable,Not applicable,Not applicable,Not applicable,Not applicable,,304
Police,South African Police Service,National,Programme 5: Protection and Security Services,VIP Protection Services,Quarterly,Number of security breaches during physical protection by Presidential Protection Service,Not Applicable,Not  Applicable,Priority 6: Social Cohesion and Safer Communities,"Justice, Crime Prevention and Security cluster",Zero security breaches,Zero security breaches.,Zero security breaches,Zero security breaches,Zero security breaches,Zero security breaches.,Zero security breaches,Zero security breaches,Zero security breaches,-,,,,,Not applicable,Not applicable,Not applicable,Not applicable,Not applicable,Not applicable,Not applicable,Not applicable,,304
Statistics South Africa,Statistics South Africa,National,Programme 1: Administration,Executive and Project Management Support,Annually,1.1 Number of reports on priority projects supported in accordance with Stats SA’s project management framework: 1 report on support provided to CPS 2024/25 compiled by March 2025 ,Standardized,Not  Applicable,"Priority 1: A Capable, Ethical and Developmental State","Governance, State Capacity and Institutional Development cluster",,,,,,,1,1,1,,,,,,,,,,,,,,,304
Statistics South Africa,Statistics South Africa,National,Programme 1: Administration,Executive and Project Management Support,Annually,1.2 Percentage of prioritised required MIR functionalities developed: 25% (Phase 3) of prioritised MIR functionalities developed by March 2025,Non-Standardized,Not  Applicable,"Priority 1: A Capable, Ethical and Developmental State","Governance, State Capacity and Institutional Development cluster",,,,,,,25 %,25 %,25 %,,,,,,,,,,,,,,,304
Statistics South Africa,Statistics South Africa,National,Programme 1: Administration,"Facilities, Transport and Security Management",Annually,5.1 Number of  MISS elements implemented: 1 MISS plan developed by March 2025,Non-Standardized,Not  Applicable,"Priority 1: A Capable, Ethical and Developmental State","Governance, State Capacity and Institutional Development cluster",,,,,,,1,1,1,,,,,,,,,,,,,,,304
Statistics South Africa,Statistics South Africa,National,Programme 1: Administration,"Facilities, Transport and Security Management",Annually,5.2 Number of reports on office accommodation plans rolled out: 1 report on accommodation plan rolled out (Phase 1) by March 2025,Standardized,Not  Applicable,"Priority 1: A Capable, Ethical and Developmental State","Governance, State Capacity and Institutional Development cluster",,,,,,,1,1,1,,,,,,,,,,,,,,,304
Statistics South Africa,Statistics South Africa,National,Programme 1: Administration,Financial Management,Annually,6.1 Percentage of fruitless and wasteful expenditure reduced: 80% of fruitless and wasteful expenditure reduced by March 2025 (Baseline: R171 thousand),Standardized,Not  Applicable,"Priority 1: A Capable, Ethical and Developmental State","Governance, State Capacity and Institutional Development cluster",,,,,,,80 %,127 %,80 %,,,HR constraints,Additionmal Human Resources,,,,,,,,,,,304
Statistics South Africa,Statistics South Africa,National,Programme 1: Administration,Financial Management,Annually,"6.2 Percentage of irregular expenditure reduced: 80% of irregular expenditure reduced by March 2025 (Baseline: R253,5 million) ",Standardized,Not  Applicable,"Priority 1: A Capable, Ethical and Developmental State","Governance, State Capacity and Institutional Development cluster",,,,,,,80 %,96 %,80 %,,,Census in previous financial year,,,,,,,,,,,,304
Statistics South Africa,Statistics South Africa,National,Programme 1: Administration,Financial Management,Annually,6.3 Percentage unqualified audit opinion attained: Unqualified audit opinion with 25% fewer findings attained by July 2024 (Baseline: 2022/23 audit report) ,Standardized,Not  Applicable,"Priority 1: A Capable, Ethical and Developmental State","Governance, State Capacity and Institutional Development cluster",,,25 %,,,,,,25 %,,,,,,,,,,,,,,,304
Statistics South Africa,Statistics South Africa,National,Programme 1: Administration,Financial Management,Annually,"6.4 Percentage of unauthorised expenditure reduced: 90% of unauthorised expenditure reduced by March 2025  (Baseline: R807,9 million)",Standardized,Not  Applicable,"Priority 1: A Capable, Ethical and Developmental State","Governance, State Capacity and Institutional Development cluster",,,,,,,90 %,76 %,90 %,,,Budget constraints,Liaison with NT for additional funding,,,,,,,,,,,304
Statistics South Africa,Statistics South Africa,National,Programme 1: Administration,Human Resource Management and Development,Annually,4.1 Number of talent management elements institutionalised: 1 skills audit conducted by March 2025,Non-Standardized,Not  Applicable,"Priority 1: A Capable, Ethical and Developmental State","Governance, State Capacity and Institutional Development cluster",,,,,,,1,0,1,,,Complexity of activity,Implementation will be done in a phased-approach over a three year period,,,,,,,,,,,304
Statistics South Africa,Statistics South Africa,National,Programme 1: Administration,Human Resource Management and Development,Annually,4.2 Number of gender-based violence programmes implemented: 1 gender-based violence programme implemented by March 2025,Standardized,Not  Applicable,Priority 6: Social Cohesion and Safer Communities,"Justice, Crime Prevention and Security cluster",,,,,,,1,0,1,,,Internal processes,GBV event will be planned in 2025/26,,,,,,,,,,,304
Statistics South Africa,Statistics South Africa,National,Programme 1: Administration,Internal Audit,Annually,7.1 Number of IA priority reports on AGSA findings compiled: 1 performance audit report on asset management compiled by March 2025,Standardized,Not  Applicable,"Priority 1: A Capable, Ethical and Developmental State","Governance, State Capacity and Institutional Development cluster",,,,,,,1,0,1,,,Internal processes,A regularity Audit on Asset management has been planned for 2025/26.,,,,,,,,,,,304
Statistics South Africa,Statistics South Africa,National,Programme 1: Administration,"Risk, Anti Corruption and Integrity Management",Annually,3.1 Number of disaster risk reduction elements implemented: 1 disaster risk reduction plan compiled by March 2025,Non-Standardized,Not  Applicable,"Priority 1: A Capable, Ethical and Developmental State","Governance, State Capacity and Institutional Development cluster",,,,,,,1,0,1,,,Human resource constraints,,,,,,,,,,,,304
Statistics South Africa,Statistics South Africa,National,Programme 1: Administration,"Strategy, Operations and Organisational Development",Annually,2.1 Number of business processes management elements institutionalised: 1 business process mapped by March 2025,Non-Standardized,Not  Applicable,"Priority 1: A Capable, Ethical and Developmental State","Governance, State Capacity and Institutional Development cluster",,,,,,,1,1,1,,,,,,,,,,,,,,,304
Statistics South Africa,Statistics South Africa,National,Programme 1: Administration,"Strategy, Operations and Organisational Development",Annually,2.2 Number of transformation and change management plans compiled: 1 transformation and change management plan (2025/26) compiled by March 2025,Non-Standardized,Not  Applicable,"Priority 1: A Capable, Ethical and Developmental State","Governance, State Capacity and Institutional Development cluster",,,,,,,1,1,1,,,,,,,,,,,,,,,304
Statistics South Africa,Statistics South Africa,National,Programme 2: Economic Statistics,Business Cycle Indicators ,Annually,8.16.1 Number of reports on improving business cycle indicator statistics compiled: 1 report on updated weights for mining indices compiled by November 2024,Non-Standardized,Not  Applicable,Priority 2: Economic Transformation And Job Creation,"The Economic Sectors, Employment and Infrastructure Development cluster",,,,,1,1,,,1,,,,,,,,,,,,,,,304
Statistics South Africa,Statistics South Africa,National,Programme 2: Economic Statistics,Business Cycle Indicators ,Annually,8.16.2 Number of reports on improving business cycle indicator statistics compiled: 1 report on updated weights for manufacturing indices compiled by November 2024,Non-Standardized,Not  Applicable,Priority 2: Economic Transformation And Job Creation,"The Economic Sectors, Employment and Infrastructure Development cluster",,,,,1,1,,,1,,,,,,,,,,,,,,,304
Statistics South Africa,Statistics South Africa,National,Programme 2: Economic Statistics,Business Cycle Indicators ,Annually,8.16.3 Number of reports on improving business cycle indicator statistics compiled: 1 report on updated weights for manufacturing production capacity indices compiled by November 2024,Non-Standardized,Not  Applicable,Priority 2: Economic Transformation And Job Creation,"The Economic Sectors, Employment and Infrastructure Development cluster",,,,,1,1,,,1,,,,,,,,,,,,,,,304
Statistics South Africa,Statistics South Africa,National,Programme 2: Economic Statistics,Business Cycle Indicators ,Annually,8.16.4 Number of reports on improving business cycle indicator statistics compiled: 1 report on results of piloting deflation of the Tourist Accommodation Survey compiled by March 2025,Non-Standardized,Not  Applicable,Priority 2: Economic Transformation And Job Creation,"The Economic Sectors, Employment and Infrastructure Development cluster",,,,,,,1,0,1,,,Data challenges,Work will continue in 2025/26 ,,,,,,,,,,,304
Statistics South Africa,Statistics South Africa,National,Programme 2: Economic Statistics,Business Cycle Indicators ,Annually,8.6 Number of releases on business cycle indicators (selected building statistics) published 6 months after year-end report:  1 annual release for 2023 on selected building plans passed and completed published by June 2024,Standardized,Not  Applicable,Priority 2: Economic Transformation And Job Creation,"The Economic Sectors, Employment and Infrastructure Development cluster",1,1,,,,,,,1,,,,,,,,,,,,,,,304
Statistics South Africa,Statistics South Africa,National,Programme 2: Economic Statistics,Business Cycle Indicators ,Annually,8.7 Number of reports on business cycle indicators (building statistics) published within two years after year-end report: 1 annual report for 2022 on building statistics published by August 2024,Standardized,Not  Applicable,Priority 2: Economic Transformation And Job Creation,"The Economic Sectors, Employment and Infrastructure Development cluster",,,1,1,,,,,1,,,,,,,,,,,,,,,304
Statistics South Africa,Statistics South Africa,National,Programme 2: Economic Statistics,Business Cycle Indicators ,Quarterly,8.1 Number of releases on business cycle indicators (mining: production and sales) published within two months after the reference month: 12 monthly releases on mining: production and sales published as scheduled,Standardized,Not  Applicable,Priority 2: Economic Transformation And Job Creation,"The Economic Sectors, Employment and Infrastructure Development cluster",3,3,3,3,3,3,3,,12,9,,,,,,,,,,,,,,304
Statistics South Africa,Statistics South Africa,National,Programme 2: Economic Statistics,Business Cycle Indicators ,Quarterly,8.10 Number of releases on business cycle indicators (wholesale trade sales) published within two months after the reference month: 12 monthly releases on wholesale trade sales published as scheduled,Standardized,Not  Applicable,Priority 2: Economic Transformation And Job Creation,"The Economic Sectors, Employment and Infrastructure Development cluster",3,3,3,3,3,3,3,,12,9,,,,,,,,,,,,,,304
Statistics South Africa,Statistics South Africa,National,Programme 2: Economic Statistics,Business Cycle Indicators ,Quarterly,8.11 Number of releases on business cycle indicators (land transport) published within two months after the reference month: 12 monthly releases on land transport published as scheduled,Standardized,Not  Applicable,Priority 2: Economic Transformation And Job Creation,"The Economic Sectors, Employment and Infrastructure Development cluster",3,3,3,3,3,3,3,,12,9,,,,,,,,,,,,,,304
Statistics South Africa,Statistics South Africa,National,Programme 2: Economic Statistics,Business Cycle Indicators ,Quarterly,8.12 Number of releases on business cycle indicators (liquidations) published within one month after the reference month: 12 monthly releases on liquidations published as scheduled,Standardized,Not  Applicable,Priority 2: Economic Transformation And Job Creation,"The Economic Sectors, Employment and Infrastructure Development cluster",3,3,3,3,3,3,3,,12,9,,,,,,,,,,,,,,304
Statistics South Africa,Statistics South Africa,National,Programme 2: Economic Statistics,Business Cycle Indicators ,Quarterly,8.13 Number of releases on business cycle indicators (civil cases for debt) published within two months after the reference month: 12 monthly releases on civil cases for debt published as scheduled,Standardized,Not  Applicable,Priority 2: Economic Transformation And Job Creation,"The Economic Sectors, Employment and Infrastructure Development cluster",3,3,3,3,3,3,3,,12,9,,,,,,,,,,,,,,304
Statistics South Africa,Statistics South Africa,National,Programme 2: Economic Statistics,Business Cycle Indicators ,Quarterly,8.14 Number of releases on business cycle indicators (food and beverages) published within two months after the reference month: 12 monthly releases on food and beverages published as scheduled,Standardized,Not  Applicable,Priority 2: Economic Transformation And Job Creation,"The Economic Sectors, Employment and Infrastructure Development cluster",3,3,3,3,3,3,3,,12,9,,,,,,,,,The August 2024 release was published later than scheduled on 30 October  instead of 22 October 2024 due to internal processes,Not applicable,,,,304
Statistics South Africa,Statistics South Africa,National,Programme 2: Economic Statistics,Business Cycle Indicators ,Quarterly,8.15 Number of releases on business cycle indicators (tourist accommodation) published within two months after the reference month: 12 monthly releases on tourist accommodation published as scheduled,Standardized,Not  Applicable,Priority 2: Economic Transformation And Job Creation,"The Economic Sectors, Employment and Infrastructure Development cluster",3,3,3,3,3,3,3,,12,9,,,,,,,,,The August 2024 release was published later than scheduled on 30 October  instead of 22 October 2024 due to internal processes,Not applicable,,,,304
Statistics South Africa,Statistics South Africa,National,Programme 2: Economic Statistics,Business Cycle Indicators ,Quarterly,8.2 Number of releases on business cycle indicators (manufacturing: production and sales) published within two months after the reference month: 12 monthly releases on manufacturing: production and sales published as scheduled,Standardized,Not  Applicable,Priority 2: Economic Transformation And Job Creation,"The Economic Sectors, Employment and Infrastructure Development cluster",3,3,3,3,3,3,3,,12,9,,,,,,,,,,,,,,304
Statistics South Africa,Statistics South Africa,National,Programme 2: Economic Statistics,Business Cycle Indicators ,Quarterly,8.3 Number of releases on business cycle indicators (manufacturing: utilisation of production capacity by large enterprises) published within one quarter after the reference month: 4 quarterly releases on manufacturing: utilisation of production capacity ,Standardized,Not  Applicable,Priority 2: Economic Transformation And Job Creation,"The Economic Sectors, Employment and Infrastructure Development cluster",1,1,1,1,1,1,1,,4,3,,,,,,,,,,,,,,304
Statistics South Africa,Statistics South Africa,National,Programme 2: Economic Statistics,Business Cycle Indicators ,Quarterly,8.4 Number of releases on business cycle indicators (electricity generated and available for distribution) published within two months after the reference month: 12 monthly releases on electricity generated and available for distribution published as sche,Standardized,Not  Applicable,Priority 2: Economic Transformation And Job Creation,"The Economic Sectors, Employment and Infrastructure Development cluster",3,3,3,3,3,3,3,,12,9,,,,,,,,,,,,,,304
Statistics South Africa,Statistics South Africa,National,Programme 2: Economic Statistics,Business Cycle Indicators ,Quarterly,8.5 Number of releases on business cycle indicators (selected building statistics of the private sector as reported by local government institutions) published within two months after the reference month: 12 monthly releases on selected building statistic,Standardized,Not  Applicable,Priority 2: Economic Transformation And Job Creation,"The Economic Sectors, Employment and Infrastructure Development cluster",3,3,3,3,3,3,3,,12,9,,,,,,,,,,,,,,304
Statistics South Africa,Statistics South Africa,National,Programme 2: Economic Statistics,Business Cycle Indicators ,Quarterly,8.8 Number of releases on business cycle indicators (retail trade sales) published within two months after the reference month: 12 monthly releases on retail trade sales published as scheduled,Standardized,Not  Applicable,Priority 2: Economic Transformation And Job Creation,"The Economic Sectors, Employment and Infrastructure Development cluster",3,3,3,3,3,3,3,,12,9,,,,,,,,,August 2024 release was published two hours later than scheduled due to internal processes,Not applicable,,,,304
Statistics South Africa,Statistics South Africa,National,Programme 2: Economic Statistics,Business Cycle Indicators ,Quarterly,8.9 Number of releases on business cycle indicators (motor trade sales) published within two months after the reference month: 12 monthly releases on motor trade sales published as scheduled,Standardized,Not  Applicable,Priority 2: Economic Transformation And Job Creation,"The Economic Sectors, Employment and Infrastructure Development cluster",3,3,3,3,3,3,3,,12,9,,,,,,,,,,,,,,304
Statistics South Africa,Statistics South Africa,National,Programme 2: Economic Statistics,Government Financial Statistics,Annually,12.1 Number of releases on the financial statistics of national government with audited data published: 1 annual release on the financial statistics of national government with audited data published by June 2024,Standardized,Not  Applicable,Priority 2: Economic Transformation And Job Creation,"The Economic Sectors, Employment and Infrastructure Development cluster",1,1,,,,,,,1,,,,,,,,,,,,,,,304
Statistics South Africa,Statistics South Africa,National,Programme 2: Economic Statistics,Government Financial Statistics,Annually,12.10 Number of reports on the use of administrative data for QFSSM compiled: 1 report on testing of administrative data for the QFSSM compiled by March 2025 ,Non-Standardized,Not  Applicable,Priority 2: Economic Transformation And Job Creation,"The Economic Sectors, Employment and Infrastructure Development cluster",,,,,,,1,1,1,,,,,,,,,,,,,,,304
Statistics South Africa,Statistics South Africa,National,Programme 2: Economic Statistics,Government Financial Statistics,Annually,12.2 Number of releases on the financial census of municipalities published: 1 annual release on the financial census of municipalities published by June 2024,Standardized,Not  Applicable,Priority 2: Economic Transformation And Job Creation,"The Economic Sectors, Employment and Infrastructure Development cluster",1,1,,,,,,,1,,,,,,,,,,,,,,,304
Statistics South Africa,Statistics South Africa,National,Programme 2: Economic Statistics,Government Financial Statistics,Annually,12.3 Number of releases on the capital expenditure of the public sector published: 1 annual release on the capital expenditure of the public sector published by October 2024,Standardized,Not  Applicable,Priority 2: Economic Transformation And Job Creation,"The Economic Sectors, Employment and Infrastructure Development cluster",,,,,1,1,,,1,,,,,,,,,,,,,,,304
Statistics South Africa,Statistics South Africa,National,Programme 2: Economic Statistics,Government Financial Statistics,Annually,12.4 Number of releases on the financial statistics of extra-budgetary accounts and funds with audited data published: 1 annual release on the financial statistics of extra-budgetary accounts and funds with audited data published by August 2024,Standardized,Not  Applicable,Priority 2: Economic Transformation And Job Creation,"The Economic Sectors, Employment and Infrastructure Development cluster",,,1,1,,,,,1,,,,,,,,,,,,,,,304
Statistics South Africa,Statistics South Africa,National,Programme 2: Economic Statistics,Government Financial Statistics,Annually,12.5 Number of releases on the financial statistics of provincial government with audited data published: 1 annual release on the financial statistics of provincial government with audited data published by September 2024,Standardized,Not  Applicable,Priority 2: Economic Transformation And Job Creation,"The Economic Sectors, Employment and Infrastructure Development cluster",,,1,1,,,,,1,,,,,,,,,,,,,,,304
Statistics South Africa,Statistics South Africa,National,Programme 2: Economic Statistics,Government Financial Statistics,Annually,12.6 Number of releases on the financial statistics of higher education institutions with audited data published: 1 annual release on the financial statistics of higher education institutions with audited data published by October 2024,Standardized,Not  Applicable,Priority 2: Economic Transformation And Job Creation,"The Economic Sectors, Employment and Infrastructure Development cluster",,,,,1,1,,,1,,,,,,,,,,,,,,,304
Statistics South Africa,Statistics South Africa,National,Programme 2: Economic Statistics,Government Financial Statistics,Annually,12.7 Number of releases on the financial statistics of consolidated general government with audited data published: 1 annual release on the financial statistics of consolidated general government with audited data published by November 2024,Standardized,Not  Applicable,Priority 2: Economic Transformation And Job Creation,"The Economic Sectors, Employment and Infrastructure Development cluster",,,,,1,1,,,1,,,,,,,,,,,,,,,304
Statistics South Africa,Statistics South Africa,National,Programme 2: Economic Statistics,Government Financial Statistics,Annually,12.9 Number of releases on the non-financial census of municipalities published: 1 annual releases on the non-financial census of municipalities published by August 2024,Standardized,Not  Applicable,Priority 2: Economic Transformation And Job Creation,"The Economic Sectors, Employment and Infrastructure Development cluster",,,1,,,,,,1,,,WP error target due March 2025,,,,,,,,,,,,304
Statistics South Africa,Statistics South Africa,National,Programme 2: Economic Statistics,Government Financial Statistics,Quarterly,12.8 Number of releases on financial statistics of municipalities published with a four-month lag: 4 quarterly releases on financial statistics of municipalities published as scheduled,Standardized,Not  Applicable,Priority 2: Economic Transformation And Job Creation,"The Economic Sectors, Employment and Infrastructure Development cluster",1,1,1,1,1,1,1,1,4,4,,,,,,,,,,,,,,304
Statistics South Africa,Statistics South Africa,National,Programme 2: Economic Statistics,National Accounts,Annually,13.2 Number of regional GDP releases published: 1 regional GDP release published by September 2024,Standardized,Not  Applicable,Priority 2: Economic Transformation And Job Creation,"The Economic Sectors, Employment and Infrastructure Development cluster",,,1,1,,,,,1,,,,,,,,,,,,,,,304
Statistics South Africa,Statistics South Africa,National,Programme 2: Economic Statistics,National Accounts,Annually,13.3 Number of supply and use tables 2021 (Excel) compiled: 1 supply and use tables 2021 (Excel) compiled by June 2024,Standardized,Not  Applicable,Priority 2: Economic Transformation And Job Creation,"The Economic Sectors, Employment and Infrastructure Development cluster",1,1,,,,,,,1,,,,,,,,,,,,,,,304
Statistics South Africa,Statistics South Africa,National,Programme 2: Economic Statistics,National Accounts,Annually,13.4 Number of discussion documents on EEA as part of the Natural Capital Accounting series published:  1 discussion document on EEA as part of the NCA series published by March 2025,Standardized,Not  Applicable,Priority 2: Economic Transformation And Job Creation,"The Economic Sectors, Employment and Infrastructure Development cluster",,,,,,,1,1,1,,,,,,,,,,,,,,,304
Statistics South Africa,Statistics South Africa,National,Programme 2: Economic Statistics,National Accounts,Quarterly,13.1 Number of GDP releases published within a quarter: 4 quarterly releases on GDP published as scheduled,Standardized,Not  Applicable,Priority 2: Economic Transformation And Job Creation,"The Economic Sectors, Employment and Infrastructure Development cluster",1,1,1,1,1,1,1,1,4,4,,,,,,,,,checked,,,,,304
Statistics South Africa,Statistics South Africa,National,Programme 2: Economic Statistics,Price Statistics,Annually,10.6 Number of RPPI discussion documents published within five months of the reference period: 2 monthly RPPI discusion documents published as scheduled,Non-Standardized,Not  Applicable,Priority 2: Economic Transformation And Job Creation,"The Economic Sectors, Employment and Infrastructure Development cluster",2,2,,,,,,,2,,,,,,,,,,,,,,,304
Statistics South Africa,Statistics South Africa,National,Programme 2: Economic Statistics,Price Statistics,Annually,10.7 Number of releases on improving price indices published: 1 release on updated CPI weights published by March 2025,Non-Standardized,Not  Applicable,Priority 2: Economic Transformation And Job Creation,"The Economic Sectors, Employment and Infrastructure Development cluster",,,,,,,1,1,1,,,Published earlier than scheduled in January due to improved processes,,,,,,,,,,,,304
Statistics South Africa,Statistics South Africa,National,Programme 2: Economic Statistics,Price Statistics,Quarterly,10.1 Number of CPI releases published within one month of the reference period: 12 monthly CPI releases published as scheduled ,Standardized,Not  Applicable,Priority 2: Economic Transformation And Job Creation,"The Economic Sectors, Employment and Infrastructure Development cluster",3,3,3,3,3,3,3,3,12,12,,,,,,,,,,,CPI for January 2025 was published a week later than scheduled due to data challenges,NA,,304
Statistics South Africa,Statistics South Africa,National,Programme 2: Economic Statistics,Price Statistics,Quarterly,10.2 Number of PPI releases published within one month of the reference period: 12 monthly PPI releases published as scheduled,Standardized,Not  Applicable,Priority 2: Economic Transformation And Job Creation,"The Economic Sectors, Employment and Infrastructure Development cluster",3,3,3,3,3,3,3,3,12,12,,,,,,,,,,,,,,304
Statistics South Africa,Statistics South Africa,National,Programme 2: Economic Statistics,Price Statistics,Quarterly,10.3 Number of CMPI releases published within one month of the reference period: 12 monthly CMPI releases published as scheduled,Standardized,Not  Applicable,Priority 2: Economic Transformation And Job Creation,"The Economic Sectors, Employment and Infrastructure Development cluster",3,3,3,3,3,3,3,3,12,12,,,,,,,,,,,,,,304
Statistics South Africa,Statistics South Africa,National,Programme 2: Economic Statistics,Price Statistics,Quarterly,10.4 Number of XMUVI releases published within two months of the reference period: 12 monthly XMUVI releases published as scheduled,Standardized,Not  Applicable,Priority 2: Economic Transformation And Job Creation,"The Economic Sectors, Employment and Infrastructure Development cluster",3,3,3,3,3,3,3,3,12,12,,,,,,,,,,,,,,304
Statistics South Africa,Statistics South Africa,National,Programme 2: Economic Statistics,Price Statistics,Quarterly,10.5 Number of RPPI releases published within five months of the reference period: 10 monthly RPPI releases published as scheduled,Standardized,Not  Applicable,Priority 2: Economic Transformation And Job Creation,"The Economic Sectors, Employment and Infrastructure Development cluster",2,2,3,3,3,3,3,3,10,11,,,,,,,,,,,,,,304
Statistics South Africa,Statistics South Africa,National,Programme 2: Economic Statistics,Private Financial Statistics,Annually,11.2 Number of annual releases on financial statistics of the private sector published: 1 annual release on financial statistics of the private sector 2023 published by November 2024 ,Standardized,Not  Applicable,Priority 2: Economic Transformation And Job Creation,"The Economic Sectors, Employment and Infrastructure Development cluster",,,,,1,1,,,1,,,,,,,,,,,,,,,304
Statistics South Africa,Statistics South Africa,National,Programme 2: Economic Statistics,Private Financial Statistics,Quarterly,11.1 Number of quarterly releases on financial statistics of private sector enterprises published with a quarterly lag: 4 quarterly releases on financial statistics of private sector enterprises published as scheduled,Standardized,Not  Applicable,Priority 2: Economic Transformation And Job Creation,"The Economic Sectors, Employment and Infrastructure Development cluster",1,1,1,1,1,1,1,1,4,4,,,,,,,,,,,,,,304
Statistics South Africa,Statistics South Africa,National,Programme 2: Economic Statistics,Private Financial Statistics,Quarterly,11.3 Number of quarterly releases on capital expenditure published: 4 quarterly releases on capital expenditure published as scheduled,Standardized,Not  Applicable,Priority 2: Economic Transformation And Job Creation,"The Economic Sectors, Employment and Infrastructure Development cluster",1,1,1,1,1,1,1,1,4,4,,,,,,,,,,,,,,304
Statistics South Africa,Statistics South Africa,National,Programme 2: Economic Statistics,Structural Industry Statistics,Annually,9.1 Number of periodic reports on trade industry statistics published (mining): 1 report on mining statistics (2022) published by June 2024,Standardized,Not  Applicable,Priority 2: Economic Transformation And Job Creation,"The Economic Sectors, Employment and Infrastructure Development cluster",1,1,,,,,,,1,,,,,,,,,,,,,,,304
Statistics South Africa,Statistics South Africa,National,Programme 2: Economic Statistics,Structural Industry Statistics,Annually,9.2 Number of periodic reports on trade industry (statistics published (wholesale trade): 1 report on wholesale trade statistics (2022) published by September 2024 ,Standardized,Not  Applicable,Priority 2: Economic Transformation And Job Creation,"The Economic Sectors, Employment and Infrastructure Development cluster",,,1,1,,,,,1,,,,,,,,,,,,,,,304
Statistics South Africa,Statistics South Africa,National,Programme 2: Economic Statistics,Structural Industry Statistics,Annually,9.3 Number of periodic reports on trade industry statistics published (retail trade): 1 report on retail trade statistics (2022) published by September 2024,Standardized,Not  Applicable,Priority 2: Economic Transformation And Job Creation,"The Economic Sectors, Employment and Infrastructure Development cluster",,,1,1,,,,,1,,,,,,,,,,,,,,,304
Statistics South Africa,Statistics South Africa,National,Programme 2: Economic Statistics,Structural Industry Statistics,Annually,9.4 Number of periodic reports on trade industry statistics published (motor trade): 1 report on motor trade statistics (2022) published by September 2024,Standardized,Not  Applicable,Priority 2: Economic Transformation And Job Creation,"The Economic Sectors, Employment and Infrastructure Development cluster",,,1,1,,,,,1,,,,,,,,,,,,,,,304
Statistics South Africa,Statistics South Africa,National,Programme 2: Economic Statistics,Structural Industry Statistics,Annually,9.5 Number of periodic reports on trade industry statistics published (accommodation): 1 report on accommodation statistics (2022) published by June 2024,Standardized,Not  Applicable,Priority 2: Economic Transformation And Job Creation,"The Economic Sectors, Employment and Infrastructure Development cluster",1,1,,,,,,,1,,,,,,,,,,,,,,,304
Statistics South Africa,Statistics South Africa,National,Programme 2: Economic Statistics,Structural Industry Statistics,Annually,9.6 Number of periodic reports on trade industry statistics published (food & beverages): 1 report on food & beverages statistics (2022) published by June 2024 ,Standardized,Not  Applicable,Priority 2: Economic Transformation And Job Creation,"The Economic Sectors, Employment and Infrastructure Development cluster",1,1,,,,,,,1,,,,,,,,,,,,,,,304
Statistics South Africa,Statistics South Africa,National,Programme 2: Economic Statistics,Structural Industry Statistics,Annually,9.7 Number of periodic reports on trade industry statistics published (post and telecommunications): 1 report on post and telecommunications statistics (2022) published by June 2024,Standardized,Not  Applicable,Priority 2: Economic Transformation And Job Creation,"The Economic Sectors, Employment and Infrastructure Development cluster",1,1,,,,,,,1,,,,,,,,,,,,,,,304
Statistics South Africa,Statistics South Africa,National,Programme 2: Economic Statistics,Structural Industry Statistics,Annually,9.8 Number of releases on agriculture statistics published: 1 release on 2023 agriculture statistics published by December 2024 ,Standardized,Not  Applicable,Priority 2: Economic Transformation And Job Creation,"The Economic Sectors, Employment and Infrastructure Development cluster",,,,,1,1,,,1,,,,,,,,,,,,,,,304
Statistics South Africa,Statistics South Africa,National,Programme 3: Population and Social Statistics,Demographic and Population Statistics,Annually,14.1.1 Number of releases on mid-year population estimates published: 1 release on mid-year population estimates at national and provincial levels published by July 2024,Standardized,Not  Applicable,Priority 6: Social Cohesion and Safer Communities,"The Social Protection, Community and Human Development cluster",,,1,1,,,,,1,,,,,,,,,,,,,,,304
Statistics South Africa,Statistics South Africa,National,Programme 3: Population and Social Statistics,Demographic and Population Statistics,Annually,14.1.2 Number of releases on mid-year population estimates published: 1 technical report on MYPE estimation published by July 2024,Standardized,Not  Applicable,Priority 6: Social Cohesion and Safer Communities,"The Social Protection, Community and Human Development cluster",,,1,1,,,,,1,,,,,,,,,,,,,,,304
Statistics South Africa,Statistics South Africa,National,Programme 3: Population and Social Statistics,Demographic and Population Statistics,Annually,14.2 Number of population estimates at district level published: 1 mid-year population estimates at district level published by September 2024,Standardized,Not  Applicable,Priority 6: Social Cohesion and Safer Communities,"The Social Protection, Community and Human Development cluster",,,1,1,,,,,1,,,,,,,,,,,,,,,304
Statistics South Africa,Statistics South Africa,National,Programme 3: Population and Social Statistics,Demographic and Population Statistics,Annually,14.3.1 Number of concept notes on local municipal MYPE estimation compiled: 1 concept note on local municipal MYPE estimation compiled by March 2025,Standardized,Not  Applicable,Priority 6: Social Cohesion and Safer Communities,"The Social Protection, Community and Human Development cluster",,,,,,,1,1,1,,,Published early in February due to reprioritisation,NA,,,,,,,,,,,304
Statistics South Africa,Statistics South Africa,National,Programme 3: Population and Social Statistics,Demographic and Population Statistics,Annually,14.3.2 Number of concept notes on local municipal MYPE estimation compiled: 1 concept note on household estimation compiled by February 2025,Standardized,Not  Applicable,Priority 6: Social Cohesion and Safer Communities,"The Social Protection, Community and Human Development cluster",,,,,,,1,1,1,,,,,,,,,,,,,,,304
Statistics South Africa,Statistics South Africa,National,Programme 3: Population and Social Statistics,Demographic and Population Statistics,Annually,14.4.1 Number of technical rep: orts on natural demographic processes compiled: 1 technical report on fertility from Census data compiled by March 2025,Standardized,Not  Applicable,Priority 6: Social Cohesion and Safer Communities,"The Social Protection, Community and Human Development cluster",,,,,,,1,1,1,,,,,,,,,,,,,,,304
Statistics South Africa,Statistics South Africa,National,Programme 3: Population and Social Statistics,Demographic and Population Statistics,Annually,14.4.2 Number of reports on natural demographic processes published: 1 report on age and sex structure from Census published by February 2025  ,Standardized,Not  Applicable,Priority 6: Social Cohesion and Safer Communities,"The Social Protection, Community and Human Development cluster",,,,,,,1,1,1,,,,,,,,,,,,,,,304
Statistics South Africa,Statistics South Africa,National,Programme 3: Population and Social Statistics,Demographic and Population Statistics,Annually,14.5.1 Number of reports on Census 2022 published: 1 homeless report published by February 2025    ,Non-Standardized,Not  Applicable,Priority 6: Social Cohesion and Safer Communities,"The Social Protection, Community and Human Development cluster",,,,,,,1,1,1,,,,,,,,,,,,,,,304
Statistics South Africa,Statistics South Africa,National,Programme 3: Population and Social Statistics,Demographic and Population Statistics,Annually,14.5.2 Number of reports on Census 2022 published: 1 Census in Brief report published by August 2024,Non-Standardized,Not  Applicable,Priority 6: Social Cohesion and Safer Communities,"The Social Protection, Community and Human Development cluster",,,1,1,,,,,1,,,,,,,,,,,,,,,304
Statistics South Africa,Statistics South Africa,National,Programme 3: Population and Social Statistics,Demographic and Population Statistics,Annually,14.5.3 Number of reports on Census 2022 published: 1 Cultural dynamics report published by March 2025,Non-Standardized,Not  Applicable,Priority 6: Social Cohesion and Safer Communities,"The Social Protection, Community and Human Development cluster",,,,,,,1,1,1,,,,,,,,,,,,,,,304
Statistics South Africa,Statistics South Africa,National,Programme 3: Population and Social Statistics,Demographic and Population Statistics,Annually,14.5.4 Number of reports on Census 2022 published: 1 Census 10% sample data and metadata published by July 2024,Non-Standardized,Not  Applicable,Priority 6: Social Cohesion and Safer Communities,"The Social Protection, Community and Human Development cluster",,,1,1,,,,,1,,,Published later than scheduled in August 2024 due to dependency on internal stakeholders,NA,,,,,,,,,,,304
Statistics South Africa,Statistics South Africa,National,Programme 3: Population and Social Statistics,Demographic and Population Statistics,Annually,14.5.5 Number of reports on Census 2022 published: 9 Census 2022 provincial profile reports published by June 2024,Non-Standardized,Not  Applicable,"Priority 5: Spatial Integration, Human Settlements and Local Government","The Social Protection, Community and Human Development cluster",9,9,,,,,,,9,,,,,,,,,,,,,,,304
Statistics South Africa,Statistics South Africa,National,Programme 3: Population and Social Statistics,Demographic and Population Statistics,Annually,14.6 Number of reports on migration statistics published: 1 report on migration statistics based on various data sources including Census 2022 published by February 2025,Non-Standardized,Not  Applicable,Priority 6: Social Cohesion and Safer Communities,"The Social Protection, Community and Human Development cluster",,,,,,,1,1,1,,,,,,,,,,,,,,,304
Statistics South Africa,Statistics South Africa,National,Programme 3: Population and Social Statistics,Health and Vital Statistics,Annually,15.2 Number of reports on international tourism statistics published: 1 annual report on international tourism (2024) published by March 2025,Standardized,Not  Applicable,Priority 2: Economic Transformation And Job Creation,"The Economic Sectors, Employment and Infrastructure Development cluster",,,,,,,1,1,1,,,,,,,,,,,,,,,304
Statistics South Africa,Statistics South Africa,National,Programme 3: Population and Social Statistics,Health and Vital Statistics,Annually,15.3 Number of releases on vital statistics (births) published:1 annual release on recorded live births (2023) published by November 2024 ,Standardized,Not  Applicable,"Priority 5: Spatial Integration, Human Settlements and Local Government","The Social Protection, Community and Human Development cluster",,,,,1,1,,,1,,,Achieved early in Q2 due to reprioritisation,,,,,,,,,,,,304
Statistics South Africa,Statistics South Africa,National,Programme 3: Population and Social Statistics,Health and Vital Statistics,Annually,15.4 Number of releases on vital statistics (deaths) published: 1 annual releases on mortality and causes of death (2021) published by February 2025,Standardized,Not  Applicable,"Priority 5: Spatial Integration, Human Settlements and Local Government","The Social Protection, Community and Human Development cluster",,,,,,,1,1,1,,,Published late in March due to dependency on completion of QMS,NA,,,,,,,,,,,304
Statistics South Africa,Statistics South Africa,National,Programme 3: Population and Social Statistics,Health and Vital Statistics,Annually,15.5 Number of releases on vital statistics (marriages and divorces) published: 1 annual release on marriages and divorces (2023) published by March 2025,Standardized,Not  Applicable,"Priority 5: Spatial Integration, Human Settlements and Local Government","The Social Protection, Community and Human Development cluster",,,,,,,1,1,1,,,,,,,,,,,,,,,304
Statistics South Africa,Statistics South Africa,National,Programme 3: Population and Social Statistics,Health and Vital Statistics,Quarterly,"15.1 Number of releases on international tourism statistics published, one month after the reference period: 12 monthly releases on international tourism published as scheduled",Standardized,Not  Applicable,Priority 2: Economic Transformation And Job Creation,"The Economic Sectors, Employment and Infrastructure Development cluster",3,3,3,3,3,3,3,3,12,12,,,,,,,,,,,,,,304
Statistics South Africa,Statistics South Africa,National,Programme 3: Population and Social Statistics,Labour Statistics,Annually,17.3 Number of reports on labour market statistics published: 1 annual report on labour market statistics (2023) published by December 2024 ,Standardized,Not  Applicable,Priority 2: Economic Transformation And Job Creation,"The Economic Sectors, Employment and Infrastructure Development cluster",,,,,1,1,,,1,,,,,,,,,,,,,,,304
Statistics South Africa,Statistics South Africa,National,Programme 3: Population and Social Statistics,Labour Statistics,Annually,17.4 Number of reports on improving labour market statistics published: 1 SESE report published by March 2025,Non-Standardized,Not  Applicable,Priority 2: Economic Transformation And Job Creation,"The Economic Sectors, Employment and Infrastructure Development cluster",,,,,,,1,1,1,,,,,,,,,,,,,,,304
Statistics South Africa,Statistics South Africa,National,Programme 3: Population and Social Statistics,Labour Statistics,Quarterly,17.1 Number of releases on employment and earnings published 13 weeks after the reference month: 4 quarterly releases on employment and earnings published as scheduled,Standardized,Not  Applicable,Priority 2: Economic Transformation And Job Creation,"The Economic Sectors, Employment and Infrastructure Development cluster",1,1,1,1,1,1,1,1,4,4,,,,,,,,,,,,,,304
Statistics South Africa,Statistics South Africa,National,Programme 3: Population and Social Statistics,Labour Statistics,Quarterly,17.2 Number of releases on labour market information published 6-7 weeks after the end of the quarter (last publication will be released 8 weeks after the end of the quarter): 4 quarterly releases on labour market information published as scheduled,Standardized,Not  Applicable,Priority 2: Economic Transformation And Job Creation,"The Economic Sectors, Employment and Infrastructure Development cluster",1,1,1,1,1,1,1,1,4,4,,,,,,,,,,,,,,304
Statistics South Africa,Statistics South Africa,National,Programme 3: Population and Social Statistics,Poverty and Inequality Statistics,Annually,"18.1.1 Number of reports on life circumstances, poverty and inequality published: 1 report on national poverty lines for 2024 published by August 2024",Standardized,Not  Applicable,"Priority 5: Spatial Integration, Human Settlements and Local Government","The Social Protection, Community and Human Development cluster",,,1,1,,,,,1,,,,,,,,,,,,,,,304
Statistics South Africa,Statistics South Africa,National,Programme 3: Population and Social Statistics,Poverty and Inequality Statistics,Annually,"18.1.2 Number of reports on life circumstances, poverty and inequality published: 1 report on food security published by March 2025",Standardized,Not  Applicable,"Priority 5: Spatial Integration, Human Settlements and Local Government","The Social Protection, Community and Human Development cluster",,,,,,,1,1,1,,,Published early in February due to reprioritisation,NA,,,,,,,,,,,304
Statistics South Africa,Statistics South Africa,National,Programme 3: Population and Social Statistics,Poverty and Inequality Statistics,Annually,18.2.1 Number of documents on the IES 2022/23 published: 1 statistical release on household income and expenditure based on IES 2022/23 published by December 2024 ,Standardized,Not  Applicable,"Priority 5: Spatial Integration, Human Settlements and Local Government","The Social Protection, Community and Human Development cluster",,,,,1,0,,,1,,,Due to dependency on internal stakeholders,It is expected to be completed in the 4th quarter,,,,,,,,,,,304
Statistics South Africa,Statistics South Africa,National,Programme 3: Population and Social Statistics,Poverty and Inequality Statistics,Annually,18.2.2 Number of documents on the IES 2022/23 compiled: 1 report on IES 2022/23 project closure compiled by December 2024,Standardized,Not  Applicable,"Priority 5: Spatial Integration, Human Settlements and Local Government","The Social Protection, Community and Human Development cluster",,,,,1,0,,,1,,,Due to dependency on internal stakeholders,It is expected to be completed in the 4th quarter,,,,,,,,,,,304
Statistics South Africa,Statistics South Africa,National,Programme 3: Population and Social Statistics,Poverty and Inequality Statistics,Annually,18.3 Number of documents on poverty and inequality statistics compiled: 1 assessment document on GHS and IES for Youth MPI compiled by March 2025,Non-Standardized,Not  Applicable,"Priority 5: Spatial Integration, Human Settlements and Local Government","The Social Protection, Community and Human Development cluster",,,,,,,1,1,1,,,,,,,,,,,,,,,304
Statistics South Africa,Statistics South Africa,National,Programme 3: Population and Social Statistics,Poverty and Inequality Statistics,Annually,18.4.1 Number of documents on the Continuous Population Survey (CPS) compiled: 1 document on CPS methodology compiled by March 2025,Non-Standardized,Not  Applicable,"Priority 5: Spatial Integration, Human Settlements and Local Government","The Social Protection, Community and Human Development cluster",,,,,,,1,1,1,,,,,,,,,,,,,,,304
Statistics South Africa,Statistics South Africa,National,Programme 3: Population and Social Statistics,Poverty and Inequality Statistics,Annually,18.4.2 Number of documents on the Continuous Population Survey (CPS) compiled: 1 CPS concept note compiled by June 2024,Non-Standardized,Not  Applicable,"Priority 5: Spatial Integration, Human Settlements and Local Government","The Social Protection, Community and Human Development cluster",1,0,,,,,,,1,,,Internal stakeholder consultation,Revised date: July 2024 ,,,,,,,,,,,304
Statistics South Africa,Statistics South Africa,National,Programme 3: Population and Social Statistics,Poverty and Inequality Statistics,Annually,18.4.3 Number of documents on the Continuous Population Survey (CPS) compiled: 1 CPS project charter compiled by September 2024,Non-Standardized,Not  Applicable,"Priority 5: Spatial Integration, Human Settlements and Local Government","The Social Protection, Community and Human Development cluster",,,1,0,,,,,1,,,Internal processes,Q4,,,,,,,,,,,304
Statistics South Africa,Statistics South Africa,National,Programme 3: Population and Social Statistics,Social Statistics,Annually,16.1 Number of releases on domestic tourism statistics published: 1 annual release on domestic tourism statistics published by October 2024,Standardized,Not  Applicable,Priority 2: Economic Transformation And Job Creation,"The Economic Sectors, Employment and Infrastructure Development cluster",,,,,1,1,,,1,,,,,,,,,,,,,,,304
Statistics South Africa,Statistics South Africa,National,Programme 3: Population and Social Statistics,Social Statistics,Annually,16.10 Number of thematic reports on household services published: 1 annual thematic report on household services published by October 2024,Non-Standardized,Not  Applicable,Priority 6: Social Cohesion and Safer Communities,"The Social Protection, Community and Human Development cluster",,,,,1,1,,,1,,,,,,,,,,,,,,,304
Statistics South Africa,Statistics South Africa,National,Programme 3: Population and Social Statistics,Social Statistics,Annually,16.2 Number of reports on improving domestic tourism statistics compiled: 1 technical report on the integration of the national domestic tourism surveys compiled by March 2025,Non-Standardized,Not  Applicable,Priority 2: Economic Transformation And Job Creation,"The Economic Sectors, Employment and Infrastructure Development cluster",,,,,,,1,1,1,,,,,,,,,,,,,,,304
Statistics South Africa,Statistics South Africa,National,Programme 3: Population and Social Statistics,Social Statistics,Annually,16.3 Number of releases on social and household service delivery statistics published: 1 annual release on social and household service delivery statistics published by May 2024,Standardized,Not  Applicable,"Priority 5: Spatial Integration, Human Settlements and Local Government","The Social Protection, Community and Human Development cluster",1,1,,,,,,,1,,,,,,,,,,,,,,,304
Statistics South Africa,Statistics South Africa,National,Programme 3: Population and Social Statistics,Social Statistics,Annually,16.4.1 Number of releases on development indicators published: 1 annual release on development indicators published by May 2024,Standardized,Not  Applicable,"Priority 5: Spatial Integration, Human Settlements and Local Government","The Social Protection, Community and Human Development cluster",1,1,,,,,,,1,,,,,,,,,,,,,,,304
Statistics South Africa,Statistics South Africa,National,Programme 3: Population and Social Statistics,Social Statistics,Annually,16.4.2 Number of releases on development indicators published: 1 annual release on metro development indicators published by May 2024,Standardized,Not  Applicable,"Priority 5: Spatial Integration, Human Settlements and Local Government","The Social Protection, Community and Human Development cluster",1,1,,,,,,,1,,,,,,,,,,,,,,,304
Statistics South Africa,Statistics South Africa,National,Programme 3: Population and Social Statistics,Social Statistics,Annually,16.5.1 Number of reports on marginalised groups published: 1 annual report on marginalised groups indicators published by February 2025 ,Standardized,Not  Applicable,"Priority 5: Spatial Integration, Human Settlements and Local Government","The Social Protection, Community and Human Development cluster",,,,,,,1,1,1,,,,,,,,,,,,,,,304
Statistics South Africa,Statistics South Africa,National,Programme 3: Population and Social Statistics,Social Statistics,Annually,16.5.2 Number of reports on marginalised groups published: 1 annual thematic report on marginalised groups published (Series 7) by February 2025 ,Standardized,Not  Applicable,"Priority 5: Spatial Integration, Human Settlements and Local Government","The Social Protection, Community and Human Development cluster",,,,,,,1,1,1,,,,,,,,,,,,,,,304
Statistics South Africa,Statistics South Africa,National,Programme 3: Population and Social Statistics,Social Statistics,Annually,16.6 Number of thematic reports on gender published: 1 annual thematic report on gender (Series 11) published by August 2024 ,Standardized,Not  Applicable,Priority 6: Social Cohesion and Safer Communities,"The Social Protection, Community and Human Development cluster",,,1,1,,,,,1,,,,checked,,,,,,,,,,,304
Statistics South Africa,Statistics South Africa,National,Programme 3: Population and Social Statistics,Social Statistics,Annually,"16.7 Number of releases on crime, safety and security statistics published: 1 annual release on victims of crime statistics published by August 2024",Standardized,Not  Applicable,Priority 6: Social Cohesion and Safer Communities,"The Social Protection, Community and Human Development cluster",,,1,1,,,,,1,,,,checked,,,,,,,,,,,304
Statistics South Africa,Statistics South Africa,National,Programme 3: Population and Social Statistics,Social Statistics,Annually,16.8 Number of thematic reports on child statistics published: 1 annual thematic report on child statistics published (Series 3) by February 2025,Standardized,Not  Applicable,Priority 6: Social Cohesion and Safer Communities,"The Social Protection, Community and Human Development cluster",,,,,,,1,1,1,,,Achieved early in Q2,NA,,,,,,,,,,,304
Statistics South Africa,Statistics South Africa,National,Programme 3: Population and Social Statistics,Social Statistics,Annually,16.9 Number of research reports on expanding education and child statistics compiled: 1 research report on alternative data sources on education and child statistics compiled by March 2025,Non-Standardized,Not  Applicable,Priority 6: Social Cohesion and Safer Communities,"The Social Protection, Community and Human Development cluster",,,,,,,1,1,1,,,,,,,,,,,,,,,304
Statistics South Africa,Statistics South Africa,National,Programme 4: Methodology and Statistical Infrastructure,Business Register,Annually,21.1 Number of reports on the identified additional sources compiled: 1 report on the evaluation of identified additional sources compiled by March 2025 (Phase 1) ,Non-Standardized,Not  Applicable,"Priority 1: A Capable, Ethical and Developmental State","Governance, State Capacity and Institutional Development cluster",,,,,,,1,0,1,,,Dependency on external stakeholders,Work will continue in 2025/26,,,,,,,,,,,304
Statistics South Africa,Statistics South Africa,National,Programme 4: Methodology and Statistical Infrastructure,Geography,Annually,22.1 Number of geo-enabled master samples updated: 1 frame of PSUs for CPS and household surveys (Phase 1) updated by March 2025,Non-Standardized,Not  Applicable,"Priority 1: A Capable, Ethical and Developmental State","Governance, State Capacity and Institutional Development cluster",,,,,,,1,1,1,,,,,,,,,,,,,,,304
Statistics South Africa,Statistics South Africa,National,Programme 4: Methodology and Statistical Infrastructure,Statistical Methods,Annually,19.1 Number of master samples redesigned: 1 master sample for CPS and other surveys redesigned by March 2025,Non-Standardized,Not  Applicable,"Priority 1: A Capable, Ethical and Developmental State","Governance, State Capacity and Institutional Development cluster",,,,,,,1,1,1,,,,,,,,,,,,,,,304
Statistics South Africa,Statistics South Africa,National,Programme 4: Methodology and Statistical Infrastructure,Statistical Standards,Annually,20.1 Number of international standards adopted: 1 preliminary report on the adoption of International Standard on Industrial Classification (ISIC Rev.5) compiled by March 2025,Non-Standardized,Not  Applicable,"Priority 1: A Capable, Ethical and Developmental State","Governance, State Capacity and Institutional Development cluster",,,,,,,1,1,1,,,,,,,,,,,,,,,304
Statistics South Africa,Statistics South Africa,National,Programme 4: Methodology and Statistical Infrastructure,Survey Monitoring and Evaluation,Annually,23.1 Number of Quality Management System elements implemented: 1 QMS Code of Practice (CoP) piloted by March 2025,Non-Standardized,Not  Applicable,"Priority 1: A Capable, Ethical and Developmental State","Governance, State Capacity and Institutional Development cluster",,,,,,,1,1,1,,,,,,,,,,,,,,,304
Statistics South Africa,Statistics South Africa,National,Programme 5: Statistical Support and Informatics,Advocacy and Dissemination,Annually,23.4 Percentage of communication and marketing support to dissemination of priority projects: 100% communication and marketing support to dissemination of Census 2022 provided by December 2024   ,Standardized,Not  Applicable,"Priority 1: A Capable, Ethical and Developmental State","Governance, State Capacity and Institutional Development cluster",,,,,100 %,0 %,,,100 %,,,The dissemination process is ongoing,The report is expected to be completed in Q4,,,,,,,,,,,304
Statistics South Africa,Statistics South Africa,National,Programme 5: Statistical Support and Informatics,Advocacy and Dissemination,Annually,24.1 Number of brand management elements implemented: 1 branding strategy aligned to the Integrated Stakeholder Engagement Strategy,Non-Standardized,Not  Applicable,"Priority 1: A Capable, Ethical and Developmental State","Governance, State Capacity and Institutional Development cluster",,,,,,,1,0,1,,,HR constraints,Work will continue in 2025/26,,,,,,,,,,,304
Statistics South Africa,Statistics South Africa,National,Programme 5: Statistical Support and Informatics,Advocacy and Dissemination,Annually,24.2 Number of Stats SA website enhancements implemented: 1 Stats SA website (Phase 4) enhanced by September 2024,Non-Standardized,Not  Applicable,"Priority 1: A Capable, Ethical and Developmental State","Governance, State Capacity and Institutional Development cluster",,,1,0,,,,,1,,,Internal stakeholder consultations,Revised date is March 2024,,,,,,,,,,,304
Statistics South Africa,Statistics South Africa,National,Programme 5: Statistical Support and Informatics,Advocacy and Dissemination,Annually,24.3 Number of User Satisfaction Surveys conducted: 1 User Satisfaction Survey conducted by March 2025,Standardized,Not  Applicable,"Priority 1: A Capable, Ethical and Developmental State","Governance, State Capacity and Institutional Development cluster",,,,,,,1,0,1,,,Dependency on internal stakeholders,Work will continue in 2025/26,,,,,,,,,,,304
Statistics South Africa,Statistics South Africa,National,Programme 5: Statistical Support and Informatics,Analytical Studies,Annually,28.1 Number of research reports on spatial analysis compiled: 2 research reports on spatial analysis compiled by March 2025,Non-Standardized,Not  Applicable,"Priority 1: A Capable, Ethical and Developmental State","Governance, State Capacity and Institutional Development cluster",,,,,,,2,2,2,,,,,,,,,,,,,,,304
Statistics South Africa,Statistics South Africa,National,Programme 5: Statistical Support and Informatics,Business Modernisation,Annually,25.1 Number of enterprise architecture domains implemented: 1 enterprise architecture digital roadmap implemented (Phase 1) by March 2025 ,Non-Standardized,Not  Applicable,"Priority 1: A Capable, Ethical and Developmental State","Governance, State Capacity and Institutional Development cluster",,,,,,,1,1,1,,,,,,,,,,,,,,,304
Statistics South Africa,Statistics South Africa,National,Programme 5: Statistical Support and Informatics,Business Modernisation,Annually,25.2 Number of business processes modernised: 2 business processes modernised by March 2025,Standardized,Not  Applicable,"Priority 1: A Capable, Ethical and Developmental State","Governance, State Capacity and Institutional Development cluster",,,,,,,2,2,2,,,,,,,,,,,,,,,304
Statistics South Africa,Statistics South Africa,National,Programme 5: Statistical Support and Informatics,Information Communication and Technology,Annually,27.1 Number of reports on ICT environment initiatives implemented: 1 report on ICT environment upgrade initiative implemented: Data Centre Segregation (Phase 2) by March 2025,Non-Standardized,Not  Applicable,"Priority 1: A Capable, Ethical and Developmental State","Governance, State Capacity and Institutional Development cluster",,,,,,,1,,1,,,,,,,,,,,,,,,304
Statistics South Africa,Statistics South Africa,National,Programme 5: Statistical Support and Informatics,Information Communication and Technology,Annually,27.2 Number of reports on ICT risk environment compiled: 1 report on ICT cybersecurity risk initiative compiled by March 2025 ,Non-Standardized,Not  Applicable,"Priority 1: A Capable, Ethical and Developmental State","Governance, State Capacity and Institutional Development cluster",,,,,,,1,,1,,,,,,,,,,,,,,,304
Statistics South Africa,Statistics South Africa,National,Programme 5: Statistical Support and Informatics,Publication Services,Annually,26.1 Number of databases to interface between generic data storage and dissemination tools developed: 60 databases within generic data storage developed by March 2025 ,Standardized,Not  Applicable,"Priority 1: A Capable, Ethical and Developmental State","Governance, State Capacity and Institutional Development cluster",,,,,,,60,60,60,,,,,,,,,,,,,,,304
Statistics South Africa,Statistics South Africa,National,Programme 6: Statistical Operations and Provincial Coordination,Data Operations,Annually,30.1 Percentage death notification forms processed: 100% death notification forms (2022) processed by March 2025,Standardized,Not  Applicable,Priority 6: Social Cohesion and Safer Communities,"The Social Protection, Community and Human Development cluster",,,,,,,100 %,100 %,100 %,,,,,,,,,,,,,,,304
Statistics South Africa,Statistics South Africa,National,Programme 6: Statistical Operations and Provincial Coordination,Data Operations,Annually,30.2 Number of reports on priority projects compiled: 1 report on innovations for the Continuous Population Survey (CPS) compiled by March 2025,Non-Standardized,Not  Applicable,"Priority 1: A Capable, Ethical and Developmental State","Governance, State Capacity and Institutional Development cluster",,,,,,,1 %,1 %,1 %,,,,,,,,,,,,,,,304
Statistics South Africa,Statistics South Africa,National,Programme 6: Statistical Operations and Provincial Coordination,Eastern Cape,Annually,29.2.1 Number of reports on Census 2022 dissemination compiled: 1 provincial report on Census 2022 dissemination compiled (Phase 2) by March 2025,Standardized,Not  Applicable,"Priority 1: A Capable, Ethical and Developmental State","Governance, State Capacity and Institutional Development cluster",,,,,,,1,1,1,,,,,,,,,,,,,,,304
Statistics South Africa,Statistics South Africa,National,Programme 6: Statistical Operations and Provincial Coordination,Eastern Cape,Annually,29.3.1 Number of reports on Income and Expenditure Survey dissemination compiled: 1  provincial report on Income and Expenditure Survey dissemination compiled by March 2025,Standardized,Not  Applicable,"Priority 1: A Capable, Ethical and Developmental State","Governance, State Capacity and Institutional Development cluster",,,,,,,1,1,1,,,,,,,,,,,,,,,304
Statistics South Africa,Statistics South Africa,National,Programme 6: Statistical Operations and Provincial Coordination,Free State,Annually,29.2.2 Number of reports on Census 2022 dissemination compiled:  1 provincial report on Census 2022 dissemination compiled (Phase 2) by March 2025,Standardized,Not  Applicable,"Priority 1: A Capable, Ethical and Developmental State","Governance, State Capacity and Institutional Development cluster",,,,,,,1,1,1,,,,,,,,,,,,,,,304
Statistics South Africa,Statistics South Africa,National,Programme 6: Statistical Operations and Provincial Coordination,Free State,Annually,29.3.2 Number of reports on Income and Expenditure Survey dissemination compiled:  1  provincial report on Income and Expenditure Survey dissemination compiled by March 2025,Standardized,Not  Applicable,"Priority 1: A Capable, Ethical and Developmental State","Governance, State Capacity and Institutional Development cluster",,,,,,,1,1,1,,,,,,,,,,,,,,,304
Statistics South Africa,Statistics South Africa,National,Programme 6: Statistical Operations and Provincial Coordination,Gauteng,Annually,29.2.3 Number of reports on Census 2022 dissemination compiled:  1 provincial report on Census 2022 dissemination compiled (Phase 2) by March 2025,Standardized,Not  Applicable,"Priority 1: A Capable, Ethical and Developmental State","Governance, State Capacity and Institutional Development cluster",,,,,,,1,1,1,,,,,,,,,,,,,,,304
Statistics South Africa,Statistics South Africa,National,Programme 6: Statistical Operations and Provincial Coordination,Gauteng,Annually,29.3.3 Number of reports on Income and Expenditure Survey dissemination compiled:  1  provincial report on Income and Expenditure Survey dissemination compiled by March 2025,Standardized,Not  Applicable,"Priority 1: A Capable, Ethical and Developmental State","Governance, State Capacity and Institutional Development cluster",,,,,,,1,1,1,,,,,,,,,,,,,,,304
Statistics South Africa,Statistics South Africa,National,Programme 6: Statistical Operations and Provincial Coordination,Household Surveys and Censuses,Annually,31.1 Number of reports on CPS field operations compiled: 1 report on CPS field operations compiled by March 2025  ,Non-Standardized,Not  Applicable,"Priority 1: A Capable, Ethical and Developmental State","Governance, State Capacity and Institutional Development cluster",,,,,,,1,1,1,,,,,,,,,,,,,,,304
Statistics South Africa,Statistics South Africa,National,Programme 6: Statistical Operations and Provincial Coordination,Household Surveys and Censuses,Annually,31.2 Number of national reports on digital data collection implemented: 1 report on improvements in national digital data collection implemented by March 2025,Non-Standardized,Not  Applicable,"Priority 1: A Capable, Ethical and Developmental State","Governance, State Capacity and Institutional Development cluster",,,,,,,1,1,1,,,,,,,,,,,,,,,304
Statistics South Africa,Statistics South Africa,National,Programme 6: Statistical Operations and Provincial Coordination,Household Surveys and Censuses,Annually,31.3 Number of reports on quality assurance tools implemented: 1 report on quality assurance tools implemented by March 2025,Non-Standardized,Not  Applicable,"Priority 1: A Capable, Ethical and Developmental State","Governance, State Capacity and Institutional Development cluster",,,,,,,1,1,1,,,,,,,,,,,,,,,304
Statistics South Africa,Statistics South Africa,National,Programme 6: Statistical Operations and Provincial Coordination,KwaZulu-Natal,Annually,29.2.4 Number of reports on Census 2022 dissemination compiled:  1 provincial report on Census 2022 dissemination compiled (Phase 2) by March 2025,Standardized,Not  Applicable,"Priority 1: A Capable, Ethical and Developmental State","Governance, State Capacity and Institutional Development cluster",,,,,,,1,1,1,,,,,,,,,,,,,,,304
Statistics South Africa,Statistics South Africa,National,Programme 6: Statistical Operations and Provincial Coordination,KwaZulu-Natal,Annually,29.3.4 Number of reports on Income and Expenditure Survey dissemination compiled:  1  provincial report on Income and Expenditure Survey dissemination compiled by March 2025,Standardized,Not  Applicable,"Priority 1: A Capable, Ethical and Developmental State","Governance, State Capacity and Institutional Development cluster",,,,,,,1,1,1,,,,,,,,,,,,,,,304
Statistics South Africa,Statistics South Africa,National,Programme 6: Statistical Operations and Provincial Coordination,Limpopo,Annually,29.2.5 Number of reports on Census 2022 dissemination compiled:  1 provincial report on Census 2022 dissemination compiled (Phase 2) by March 2025,Standardized,Not  Applicable,"Priority 1: A Capable, Ethical and Developmental State","Governance, State Capacity and Institutional Development cluster",,,,,,,1,1,1,,,,,,,,,,,,,,,304
Statistics South Africa,Statistics South Africa,National,Programme 6: Statistical Operations and Provincial Coordination,Limpopo,Annually,29.3.5 Number of reports on Income and Expenditure Survey dissemination compiled:  1  provincial report on Income and Expenditure Survey dissemination compiled by March 2025,Standardized,Not  Applicable,"Priority 1: A Capable, Ethical and Developmental State","Governance, State Capacity and Institutional Development cluster",,,,,,,1,1,1,,,,,,,,,,,,,,,304
Statistics South Africa,Statistics South Africa,National,Programme 6: Statistical Operations and Provincial Coordination,Mpumalanga,Annually,29.2.6 Number of reports on Census 2022 dissemination compiled:  1 provincial report on Census 2022 dissemination compiled (Phase 2) by March 2025,Standardized,Not  Applicable,"Priority 1: A Capable, Ethical and Developmental State","Governance, State Capacity and Institutional Development cluster",,,,,,,1,1,1,,,,,,,,,,,,,,,304
Statistics South Africa,Statistics South Africa,National,Programme 6: Statistical Operations and Provincial Coordination,Mpumalanga,Annually,29.3.6 Number of reports on Income and Expenditure Survey dissemination compiled:  1  provincial report on Income and Expenditure Survey dissemination compiled by March 2025,Standardized,Not  Applicable,"Priority 1: A Capable, Ethical and Developmental State","Governance, State Capacity and Institutional Development cluster",,,,,,,1,1,1,,,,,,,,,,,,,,,304
Statistics South Africa,Statistics South Africa,National,Programme 6: Statistical Operations and Provincial Coordination,North West,Annually,29.2.8 Number of reports on Census 2022 dissemination compiled:  1 provincial report on Census 2022 dissemination compiled (Phase 2) by March 2025,Standardized,Not  Applicable,"Priority 1: A Capable, Ethical and Developmental State","Governance, State Capacity and Institutional Development cluster",,,,,,,1,1,1,,,,,,,,,,,,,,,304
Statistics South Africa,Statistics South Africa,National,Programme 6: Statistical Operations and Provincial Coordination,North West,Annually,29.3.8 Number of reports on Income and Expenditure Survey dissemination compiled:  1  provincial report on Income and Expenditure Survey dissemination compiled by March 2025,Standardized,Not  Applicable,"Priority 1: A Capable, Ethical and Developmental State","Governance, State Capacity and Institutional Development cluster",,,,,,,1,1,1,,,,,,,,,,,,,,,304
Statistics South Africa,Statistics South Africa,National,Programme 6: Statistical Operations and Provincial Coordination,Northern Cape,Annually,29.2.7 Number of reports on Census 2022 dissemination compiled:  1 provincial report on Census 2022 dissemination compiled (Phase 2) by March 2025,Standardized,Not  Applicable,"Priority 1: A Capable, Ethical and Developmental State","Governance, State Capacity and Institutional Development cluster",,,,,,,1,1,1,,,,,,,,,,,,,,,304
Statistics South Africa,Statistics South Africa,National,Programme 6: Statistical Operations and Provincial Coordination,Northern Cape,Annually,29.3.7 Number of reports on Income and Expenditure Survey dissemination compiled:  1  provincial report on Income and Expenditure Survey dissemination compiled by March 2025,Standardized,Not  Applicable,"Priority 1: A Capable, Ethical and Developmental State","Governance, State Capacity and Institutional Development cluster",,,,,,,1,1,1,,,,,,,,,,,,,,,304
Statistics South Africa,Statistics South Africa,National,Programme 6: Statistical Operations and Provincial Coordination,Western Cape,Annually,29.1 Number of reports on integrated fieldwork operations model implemented: 1 report on integrated fieldwork operations model implemented (Phase 1) by March 2025 ,Non-Standardized,Not  Applicable,"Priority 1: A Capable, Ethical and Developmental State","Governance, State Capacity and Institutional Development cluster",,,,,,,1,1,1,,,,,,,,,,,,,,,304
Statistics South Africa,Statistics South Africa,National,Programme 6: Statistical Operations and Provincial Coordination,Western Cape,Annually,29.2.9 Number of reports on Census 2022 dissemination compiled:  1 provincial report on Census 2022 dissemination compiled (Phase 2) by March 2025,Standardized,Not  Applicable,"Priority 1: A Capable, Ethical and Developmental State","Governance, State Capacity and Institutional Development cluster",,,,,,,1,1,1,,,,,,,,,,,,,,,304
Statistics South Africa,Statistics South Africa,National,Programme 6: Statistical Operations and Provincial Coordination,Western Cape,Annually,29.3.9 Number of reports on Income and Expenditure Survey dissemination compiled:  1  provincial report on Income and Expenditure Survey dissemination compiled by March 2025,Standardized,Not  Applicable,"Priority 1: A Capable, Ethical and Developmental State","Governance, State Capacity and Institutional Development cluster",,,,,,,1,1,1,,,,,,,,,,,,,,,304
Statistics South Africa,Statistics South Africa,National,Programme 7: South African National Statistics System,Data and Information Management,Annually,36.1 Number of reports on updated IIF dissemination portal indicators compiled: 1 report on IIF dissemination portal compiled by March 2025 ,Non-Standardized,Not  Applicable,"Priority 1: A Capable, Ethical and Developmental State","Governance, State Capacity and Institutional Development cluster",,,,,,,,1,,,,,,,,,,,,,,,,304
Statistics South Africa,Statistics South Africa,National,Programme 7: South African National Statistics System,Data and Information Management,Annually,36.2 Number of reports on additional features on the online SASQAF system compiled: 1 report on updated online system for SASQAF independent assessment compiled by March 2025,Non-Standardized,Not  Applicable,"Priority 1: A Capable, Ethical and Developmental State","Governance, State Capacity and Institutional Development cluster",,,,,,,,1,,,,,,,,,,,,,,,,304
Statistics South Africa,Statistics South Africa,National,Programme 7: South African National Statistics System,Data and Information Management,Annually,36.3 Number of online metadata repository for indicators reviewed: 1 online metadata repository for indicators reviewed by March 2025,Non-Standardized,Not  Applicable,"Priority 1: A Capable, Ethical and Developmental State","Governance, State Capacity and Institutional Development cluster",,,,,,,,1,,,,,,,,,,,,,,,,304
Statistics South Africa,Statistics South Africa,National,Programme 7: South African National Statistics System,Economic Subsystem,Annually,32.1 Number of reports on integrated indicator framework (IIF) for economic statistics subsystem compiled: 1 report on rationalised integrated indicator framework (IIF) for economic statistics subsystem compiled by March 2025,Non-Standardized,Not  Applicable,"Priority 1: A Capable, Ethical and Developmental State","Governance, State Capacity and Institutional Development cluster",,,,,,,,1,,,,,,,,,,,,,,,,304
Statistics South Africa,Statistics South Africa,National,Programme 7: South African National Statistics System,Economic Subsystem,Annually,32.2 Number of MoU/SLA for economic statistics subsystem: 2 MoU/SLA for economic statistics subsystem signed by March 2025 signed,Standardized,Not  Applicable,"Priority 1: A Capable, Ethical and Developmental State","Governance, State Capacity and Institutional Development cluster",,,,,,,,,,,,,,,,,,,,,,,,304
Statistics South Africa,Statistics South Africa,National,Programme 7: South African National Statistics System,Independent Quality Assessment,Annually,34.1 Number of quality assessments conducted: 4 SASQAF quality assessments compiled by March 2025,Non-Standardized,Not  Applicable,"Priority 1: A Capable, Ethical and Developmental State","Governance, State Capacity and Institutional Development cluster",,,,,,,,4,,,,,,,,,,,,,,,,304
Statistics South Africa,Statistics South Africa,National,Programme 7: South African National Statistics System,Independent Quality Assessment,Annually,34.2 Number of reports on the review of SASQAF standards and guidelines compiled:  1 report on the review of SASQAF standards and guidelines compiled by March 2025,Non-Standardized,Not  Applicable,"Priority 1: A Capable, Ethical and Developmental State","Governance, State Capacity and Institutional Development cluster",,,,,,,,1,,,,,,,,,,,,,,,,304
Statistics South Africa,Statistics South Africa,National,Programme 7: South African National Statistics System,Social Subsystem,Annually,33.1 Number of clearance reports for social statistics subsystem compiled: 1 clearance protocol reviewed for the production of official statistics compiled by March 2025,Standardized,Not  Applicable,"Priority 1: A Capable, Ethical and Developmental State","Governance, State Capacity and Institutional Development cluster",,,,,,,,1,,,,,,,,,,,,,,,,304
Statistics South Africa,Statistics South Africa,National,Programme 7: South African National Statistics System,Social Subsystem,Annually,33.2 Number of reports on integrated indicator framework (IIF) for social statistics subsystem compiled: 1 report on rationalised integrated indicator framework (IIF) for social statistics subsystem compiled by March 2025,Non-Standardized,Not  Applicable,"Priority 1: A Capable, Ethical and Developmental State","Governance, State Capacity and Institutional Development cluster",,,,,,,,1,,,,,,,,,,,,,,,,304
Statistics South Africa,Statistics South Africa,National,Programme 7: South African National Statistics System,Social Subsystem,Annually,33.3 Number of MoU/SLA for social statistics subsystem signed: 2 MoU/SLA for social statistics subsystem signed by March 2025,Standardized,Not  Applicable,"Priority 1: A Capable, Ethical and Developmental State","Governance, State Capacity and Institutional Development cluster",,,,,,,,2,,,,,,,,,,,,,,,,304
Statistics South Africa,Statistics South Africa,National,Programme 7: South African National Statistics System,Statistical Reporting,Annually,35.1 Number of reports on updated integrated indicator frameworks compiled: 1 report on updated integrated indicator framework data values compiled by March 2025,Standardized,Not  Applicable,"Priority 1: A Capable, Ethical and Developmental State","Governance, State Capacity and Institutional Development cluster",,,,,,,,1,,,,,,,,,,,,,,,,304
Statistics South Africa,Statistics South Africa,National,Programme 7: South African National Statistics System,Statistical Reporting,Annually,35.2 Number of reports on SDG indicators compiled:   1 preliminary SDG report compiled by March 2025,Standardized,Not  Applicable,"Priority 1: A Capable, Ethical and Developmental State","Governance, State Capacity and Institutional Development cluster",,,,,,,,1,,,,,,,,,,,,,,,,304
Statistics South Africa,Statistics South Africa,National,Programme 7: South African National Statistics System,Statistical Reporting,Annually,35.3 Number of progress reports on the Amendment of the Statistics Act compiled: 1 progress report on legislative reform compiled by March 2025,Non-Standardized,Not  Applicable,"Priority 1: A Capable, Ethical and Developmental State","Governance, State Capacity and Institutional Development cluster",,,,,,,,1,,,,,,,,,,,,,,,,304
