Sector,Institution,Programme,SubProgramme,Location,Frequency,Indicator,Type,SubType,Outcome,Priority,Cluster,Target_Q1,ActualOutput_Q1,Target_Q2,ActualOutput_Q2,Target_Q3,ActualOutput_Q3,Target_Q4,ActualOutput_Q4,AnnualTarget_Summary2,Preliminary_Summary2,PrelimaryAudited_Summary2,ReasonforDeviation_Summary,CorrectiveAction_Summary,ValidatedAudited_Summary2,ReasonforDeviation_Q1,CorrectiveAction_Q1,ReasonforDeviation_Q2,CorrectiveAction_Q2,ReasonforDeviation_Q3,CorrectiveAction_Q3,ReasonforDeviation_Q4,CorrectiveAction_Q4,OTP_Q1,OTP_Q2,OTP_Q3,OTP_Q4,National_Q2,UID
Health,Health,Limpopo,Programme 1: Administration,Programme 1: Administration,Annually,1.1 Audit opinion of Provincial DoH,Standardized,Not  Applicable,"Priority 1: A Capable, Ethical and Developmental State",1. Transform the public service for effective and efficient service delivery (2019-2024),"Governance, State Capacity and Institutional Development cluster",,,,,,,Unqualified audit opinion,Unqualified audit opinion,Unqualified audit opinion,Unqualified audit opinion,,,,,,,,,,,,,,,,,,191
Health,Health,Limpopo,Programme 1: Administration,Programme 1: Administration,Annually,Audit opinion of Provincial DoH,Standardized,Not  Applicable,"Priority 3: Education, Skills And Health",-,"The Social Protection, Community and Human Development cluster",,,,,,,,,,,,,,,,,,,,,,,,,,,,191
Health,Health,Limpopo,Programme 1: Administration,Programme 1: Administration,Quarterly,1.2 Percentage compliance to payment of suppliers within 30 days,Standardized,Max,Priority 2: Economic Transformation And Job Creation,8. Economic transformation and job creation through regional integration (2019-2024),"The Economic Sectors, Employment and Infrastructure Development cluster",100 %,100 %,100 %,100% %,100 %,99.99% %,100 %,99.96 %  %,100 %,100 %,,,,,None ,sustain ,none ,sustain ,One (1) invoice out of 19132 invoices received was paid late due to negligence. ,Corrective measures have been taken against the responsible officials,Eight (8) invoices out of 21834 were paid late due to negligence,Corrective measures have been taken against the responsible officials.,,,,,,191
Health,Health,Limpopo,Programme 1: Administration,Programme 1: Administration,Quarterly,1.3 Percentage completeness of asset register,Standardized,Max,"Priority 1: A Capable, Ethical and Developmental State",1. Transform the public service for effective and efficient service delivery (2019-2024),"Governance, State Capacity and Institutional Development cluster",100 %,97 %,100 %,100% %,100 %,94% %,100 %,94% %,100 %,97 %,,,,,"72 Assets captured in the Assets Data Forms but not yet captured in the Fixed Assets Register.
Mis-classification journals not yet processed.
",Extra resources will be delegated to help the team with data capturing and preparations of journals.,none ,sustain ,Annual leaves during the festive season had an impact on the process of reconciliation.,Work extra hours daily to ensure that we recover lost time and complete the remaining work,"Slow progress on the following processes: 
1. Assets verification, barcoding
2. Distribution of assets at year end to Institutions.	Work extra hours to complete the remaining work.

",Put extra hours during the week in order to complete the work,,,,,,191
Health,Health,Limpopo,Programme 1: Administration,Programme 1: Administration,Quarterly,1.4 Revenue collected,Standardized,Not  Applicable,Priority 2: Economic Transformation And Job Creation,8. Economic transformation and job creation through regional integration (2019-2024),"The Economic Sectors, Employment and Infrastructure Development cluster",53400000,56.5,40900000,R53.9m,47000000,580700000,79100000,R52.9m,220600000,0,,,,,Implementation of collection measures from funded patients,Sustain,"Improved collection measures on patient fees, medical records and parking fees.",Sustain,"Improved collection measures implemented on patient fees, medical records and parking fees.",Sustain,Delays in payment of claims by the Road Accident Fund,Regular Engagement and reconciliation of lodged claims,,,,,,191
Health,Health,Limpopo,Programme 1: Administration,Programme 1: Administration,Quarterly,Default,Not Applicable,Not  Applicable,Not Applicable,-,Not Applicable,,,,,,,,,,0,,,,,,,,,,,,,,,,,,191
Health,Health,Limpopo,Programme 1: Administration,Sub-Programme 1: Office of the MEC,Annually,deafult,Not Applicable,Not  Applicable,Not Applicable,-,Not Applicable,,,,,,,,,,,,,,,,,,,,,,,,,,,,191
Health,Health,Limpopo,Programme 1: Administration,Sub-Programme 1: Office of the MEC,Quarterly,deafult,Not Applicable,Average,Not Applicable,-,Not Applicable,,,,,,,,,,,,,,,,,,,,,,,,,,,,191
Health,Health,Limpopo,Programme 2: District Health Services,Programme 2: District Health Services,Annually,1.1 Patient experience of care satisfaction rate ,Standardized,Not  Applicable,"Priority 3: Education, Skills And Health",3. Provision of quality education and a quality health care system(2019-2024),"The Social Protection, Community and Human Development cluster",,,82 %,,,,,,82 %,,,,,,,,,,,,,,,,,,,191
Health,Health,Limpopo,Programme 2: District Health Services,Programme 2: District Health Services,Annually,1.1 Patient experience of care satisfaction rate (PHC),Standardized,Not  Applicable,"Priority 3: Education, Skills And Health",5. Accelerate social change and improve quality of life of Limpopo’s citizens (2019-2024),"The Social Protection, Community and Human Development cluster",,,82 %,86 %,,,,,82 %,86 %,,"Surveyed priorities achieved by 4/5 districts:  
-Availability of medicine  
-Patient Waiting time 
- Values and Attitudes
- Patient safety
- Waiting time
",Sustain,,,,,,,,,,,,,,,191
Health,Health,Limpopo,Programme 2: District Health Services,Programme 2: District Health Services,Annually,1.5 Maternal Mortality in facility  ratio,Standardized,Not  Applicable,"Priority 3: Education, Skills And Health",3. Provision of quality education and a quality health care system(2019-2024),"The Social Protection, Community and Human Development cluster",,,,,,,113,104.8,113,104.8,,Conducted maternal death file assessments to identify gaps and remedial intervention to strengthen clinical governance for maternal health in all facilities,Sustain,,,,,,,,,,,,,,,191
Health,Health,Limpopo,Programme 2: District Health Services,Programme 2: District Health Services,Annually,1.7 Neonatal death in facility rate,Standardized,Not  Applicable,"Priority 3: Education, Skills And Health",3. Provision of quality education and a quality health care system(2019-2024),"The Social Protection, Community and Human Development cluster",,,,,,,12,,12,,,,,,,,,,,,,,,,,,,191
Health,Health,Limpopo,Programme 2: District Health Services,Programme 2: District Health Services,Annually,1.9 TB Rifampicin resistant/Multidrug – Resistant lost to follow-up rate,Standardized,Not  Applicable,"Priority 3: Education, Skills And Health",3. Provision of quality education and a quality health care system(2019-2024),"The Social Protection, Community and Human Development cluster",,,,,,,0 %,7.3 %,0 %,7.3 %,,Tracing of treatment interrupters and linking them back to care,Sustain,,,,,,,,,,,,,,,191
Health,Health,Limpopo,Programme 2: District Health Services,Programme 2: District Health Services,Annually,3.1 Ideal clinic status obtained rate,Standardized,Not  Applicable,"Priority 3: Education, Skills And Health",5. Accelerate social change and improve quality of life of Limpopo’s citizens (2019-2024),"The Social Protection, Community and Human Development cluster",,,,,,,30 %,60.7 %,30 %,60.7 %,,Development and implementation of the facility quality improvement plans.,Sustain,,,,,,,,,,,,,,,191
Health,Health,Limpopo,Programme 2: District Health Services,Programme 2: District Health Services,Annually,Malaria case fatality rate,Standardized,Not  Applicable,"Priority 3: Education, Skills And Health",-,"The Social Protection, Community and Human Development cluster",,,,,,,,,,,,,,,,,,,,,,,,,,,,191
Health,Health,Limpopo,Programme 2: District Health Services,Programme 2: District Health Services,Annually,Maternal Mortality in facility (Ratio - Per 100 000 live births),Standardized,Not  Applicable,"Priority 3: Education, Skills And Health",-,"The Social Protection, Community and Human Development cluster",,,,,,,,,,,,,,,,,,,,,,,,,,,,191
Health,Health,Limpopo,Programme 2: District Health Services,Programme 2: District Health Services,Annually,Patient Experience of Care satisfaction rate,Standardized,Not  Applicable,"Priority 3: Education, Skills And Health",-,"The Social Protection, Community and Human Development cluster",,,,,,,,,,,,,,,,,,,,,,,,,,,,191
Health,Health,Limpopo,Programme 2: District Health Services,Programme 2: District Health Services,Quarterly,1.1 HIV positive 15-24 years (excl. ANC) rate ,Standardized,Not  Applicable,"Priority 3: Education, Skills And Health",3. Provision of quality education and a quality health care system(2019-2024),"The Social Protection, Community and Human Development cluster",1.8 %,0.9 %,1.8 %,"0.97%
(1012/104 513)

 %",1.8 %,"1.0%
(825/ 82 011)
 %",1.8 %,"1.1%
(768/70213)
 %",1.8 %,0 %,,,,,"Collaboration
with NGOs
to target and
empower
this age
group with
HIV
prevention
and
interventions
in non-health
settings.
",Sustain,"Collaborated 
with NGOs 
to target and 
empower 
this age 
group with 
HIV 
prevention 
and 
interventions 
in non-health 
settings. 
",Sustain,"Collaborated 
with Non-Governmental Organisations 
to target and 
empower 
this age 
group with 
HIV 
prevention 
and 
interventions 
in non-health 
settings. 
",Sustain,Collaborated with institutions of higher learning to target and empower this age group with HIV prevention and interventions in non-health settings,Sustain,,,,,,191
Health,Health,Limpopo,Programme 2: District Health Services,Programme 2: District Health Services,Quarterly,1.1 IUCD uptake – Intra Uterine Contraceptive Device,Standardized,Not  Applicable,"Priority 3: Education, Skills And Health",3. Provision of quality education and a quality health care system(2019-2024),"The Social Protection, Community and Human Development cluster",550,386,550,649,550,885,550,685,2200,685,,,,,Staff skill gap on inserting and removing IUCD,Capacitate healthcare workers on inserting and removing IUCD,Uptake increased due to improved capacity of clinicians on IUCD insertion skills ,Sustain,"Improved skills and marketing of long-acting contraceptives

Training and Practical of Intra Uterine Contraceptive Device (IUCD) insertion conducted for professional nurses.
",Sustain,"Improved skills and marketing of long-acting contraceptives.
",Sustain,,,,,,191
Health,Health,Limpopo,Programme 2: District Health Services,Programme 2: District Health Services,Quarterly,1.1 Malaria case fatality rate,Standardized,Not  Applicable,"Priority 3: Education, Skills And Health",3. Provision of quality education and a quality health care system(2019-2024),"The Social Protection, Community and Human Development cluster",1 %,0.51 %,1 %,"0.84%
(1/119)
 %",1 %,"0%
(0/183 )
 %",1 %,"0.4%
(1/253)
 %",1 %,0 %,,,,,"Continuous health promotion at community level, to conscientize individuals about malaria’s signs and symptoms ",Sustain,In-facility case management training for health care professionals conducted ,Sustain,Early health care seeking behavior by communities and adherence to malaria treatment guidelines,Sustain ,Early health care seeking behaviour by communities and adherence to malaria treatment guidelines ,Sustain,,,,,,191
Health,Health,Limpopo,Programme 2: District Health Services,Programme 2: District Health Services,Quarterly,1.1 Malaria case fatality rate,Standardized,Not  Applicable,"Priority 3: Education, Skills And Health",3. Provision of quality education and a quality health care system(2019-2024),"The Social Protection, Community and Human Development cluster",,,,,,,,"0.4%
(1/253)
 %",,0 %,,,,,,,,,,,Early health care seeking behaviour by communities and adherence to malaria treatment guidelines ,Sustain,,,,,,191
Health,Health,Limpopo,Programme 2: District Health Services,Programme 2: District Health Services,Quarterly,1.10 Child under 5 years severe acute malnutrition case fatality rate ,Standardized,Not  Applicable,"Priority 3: Education, Skills And Health",3. Provision of quality education and a quality health care system(2019-2024),"The Social Protection, Community and Human Development cluster",7.3 %,12.7 %,7.3 %,"8.9%
(19 /213)

 %",7.3 %,"7.3%
(21/286)
 %",7.3 %,"14%
(53/379)
 %",7.3 %,0 %,,,,,Late presentation of malnutrition cases due to missed opportunities for growth monitoring by healthcare workers at PHC level ,"Conduct training on early identification, growth monitoring, and plotting.",Late presentation of malnutrition cases due to missed opportunities for growth monitoring by healthcare workers at PHC level ,"Conduct training on early identification, growth monitoring, and plotting
Management of malnutrition at PHC level  
",None ,Sustain,"Late
presentation of
malnutrition
cases due to
missed
opportunities for
growth
monitoring by
healthcare
workers at PHC
level
","Conduct training on
accurate growth monitoring techniques, and proper chart plotting to enhance nutritional status surveillance
",,,,,,191
Health,Health,Limpopo,Programme 2: District Health Services,Programme 2: District Health Services,Quarterly,1.10 TB Pre-XDR treatment success rate,Standardized,Not  Applicable,"Priority 3: Education, Skills And Health",3. Provision of quality education and a quality health care system(2019-2024),"The Social Protection, Community and Human Development cluster",50 %,0 %,60 %,"50%
           (1/2)
 %",60 %,"100%
(3/3)
 %",60 %,"66.7%
(2/3)
 %",60 %,0 %,,,,,Death rate due to various complications affected performance ,"Intensify TB screening in HIV patient for early TB diagnosis and management 

Intensify TB Preventive Therapy (TPT) initiation amongst the HIV positive clients 
",None ,sustain ,Tracing of treatment interrupters and  linking them back to care,Sustain,"Implementation of the DOT strategy

Tracing of treatment interrupters and linking them back to care. 
",Sustain,,,,,,191
Health,Health,Limpopo,Programme 2: District Health Services,Programme 2: District Health Services,Quarterly,1.11 Death under 5 years against live birth rate ,Standardized,Not  Applicable,"Priority 3: Education, Skills And Health",3. Provision of quality education and a quality health care system(2019-2024),"The Social Protection, Community and Human Development cluster",1.5 %,2.1 %,1.5 %,"1.8%
(470 /26 037)

 %",1.5 %,"2.2%
(511/
23 240)
 %",1.5 %,"1.9%
(498/26106)
 %",1.5 %,0 %,,,,,"Late antenatal booking which leads to delayed  diagnosis of high risks conditions 


Late presentation of malnutrition cases due to missed opportunities for growth monitoring by healthcare workers at PHC level


","Health education on early antenatal booking to identify high risk conditions that can lead to prematurity 
Conduct training on early identification, growth monitoring, and plotting
","Late antenatal booking, which leads to delayed diagnosis of high-risk conditions 


The mortality is driven by early neonatal death as a complication of preterm labour and intrapartum asphyxia leading to HIE (Hypoxic Ischaemic Encephalopathy).
 ","To conduct Health education on early antenatal booking to identify high-risk conditions that can lead to mortality
Monitor the implementation of intrapartum care, capacity building on ESMOE and Mentoring of clinicians 
",The mortality is driven by early neonatal death (64;6%) as a complication of preterm labour and intrapartum asphyxia leading to HIE(Hypoxic Ischaemic Encephalopathy ).,To implement intervention to reduce neonatal mortality focussing on improving antenatal  care and management of prematurity ,The mortality is driven by early neonatal death (65.8%) as a complication of late ANC bookings and presentation  ,"To conduct health awareness on early ANC booking through community radio slots, household visits by CHWs, and use of multisectoral drives by other stakeholders within District AIDS Council Health education 
on early 
healthcare 
seeking 
behaviour for 
prompt 
diagnosis and 
treatment
",,,,,,191
Health,Health,Limpopo,Programme 2: District Health Services,Programme 2: District Health Services,Quarterly,1.11 TB Pre-XDR loss to follow up rate,Standardized,Not  Applicable,"Priority 3: Education, Skills And Health",3. Provision of quality education and a quality health care system(2019-2024),"The Social Protection, Community and Human Development cluster",10 %,0 %,10 %,"0%
(0/2)
 %",10 %,"0%
(0/3)
 %",10 %,"0%
(0/3)
 %",10 %,0 %,,,,,Death rate due to various complications affected performance ,"Intensify TB screening in HIV patient for early TB diagnosis and management 

Intensify TB Preventive Therapy (TPT) initiation amongst the HIV positive clients 
",Tracking and tracing of Pre-XDR TB lost to follow up clients,suatin,Tracing of treatment interrupters and linking them back to care,Sustain,Tracing of treatment interrupters and linking them back to care,Sustain,,,,,,191
Health,Health,Limpopo,Programme 2: District Health Services,Programme 2: District Health Services,Quarterly,1.12 Infant PCR test positive around 6 months rate,Standardized,Not  Applicable,"Priority 3: Education, Skills And Health",3. Provision of quality education and a quality health care system(2019-2024),"The Social Protection, Community and Human Development cluster",0.7 %,0.36 %,0.7 %,"0.3%
(6 /2234)
 %",0.7 %,"0.5%
(12/2396)
 %",0.7 %,"0.36%
(8/2209)
 %",0.7 %,0 %,,,,,Initiation of HIV-positive pregnant women on ART ,Sustain,"Initiation of HIV-positive pregnant women, high risk HIV negative pregnant and breastfeeding mothers on ART and PrEp (Pre-Exposure Prophylaxis) ",Sustain,Initiation of HIV-positive pregnant women on ART and initiation of High HIV negative ,Sustain,Initiation of HIV-positive pregnant women on ART and initiation of High HIV negative pregnant women on PrEP,Sustain,,,,,,191
Health,Health,Limpopo,Programme 2: District Health Services,Programme 2: District Health Services,Quarterly,1.13 HIV test positive around 18 months rate,Standardized,Not  Applicable,"Priority 3: Education, Skills And Health",3. Provision of quality education and a quality health care system(2019-2024),"The Social Protection, Community and Human Development cluster",0.7 %,0.16 %,0.7 %,"0.1%
(18 /13 199)
 %",0.7 %,"0.23%
(30/12 822)
 %",0.7 %,"0.16%
(20/12 597)
 %",0.7 %,0 %,,,,,Initiation of HIV-positive pregnant women on ART ,Sustain,"Initiation of HIV-positive pregnant women, high risk HIV negative pregnant and breastfeeding mothers on ART and PrEp (Pre-Exposure Prophylaxis)",Sustain,Initiation of HIV-positive pregnant women on ART and initiation of High HIV negative pregnant women on PrEP.,Sustain,Initiation of HIV-positive pregnant women on ART and initiation of High HIV negative pregnant women on PrEP ,Sustain,,,,,,191
Health,Health,Limpopo,Programme 2: District Health Services,Programme 2: District Health Services,Quarterly,1.14 Immunisation under 1 year coverage ,Standardized,Not  Applicable,"Priority 3: Education, Skills And Health",3. Provision of quality education and a quality health care system(2019-2024),"The Social Protection, Community and Human Development cluster",75 %,75.7 %,75 %,"75.6%
(95503.0434/126 410)

 %",75 %,"78.8%
(99633.0978/126410)
 
 %",75 %,"82%
(103708.6667/126410)
 %",75 %,0 %,,,,,Availability of vaccines,Sustain ,Data Cleaning conducted on Expanded Programme on Immunization (EPI) data,Sustain,Data cleaning conducted by PHC facilities. ,Sustain,Availability of vaccines,Sustain,,,,,,191
Health,Health,Limpopo,Programme 2: District Health Services,Programme 2: District Health Services,Quarterly,1.15 Measles 2nd dose 1 year coverage,Standardized,Not  Applicable,"Priority 3: Education, Skills And Health",3. Provision of quality education and a quality health care system(2019-2024),"The Social Protection, Community and Human Development cluster",87 %,82.6 %,87 %,"79.2%
(99232.3913/125 289)
 %",87 %,"81.8%
(102533.2609/125289)
 %",87 %,"80.5%
(100845.4444)
 %",87 %,0 %,,,,,Inadequate data capturing and verification ,To conduct verification of mobile clinic vaccination data  ,A high loss to follow-up of children coming for 2nd dose of measles,Implement a catch-up vaccination campaign in quarter 3 targeting areas with low coverage and hard-to-reach populations (farms and informal settlements),A low under 5years PHC Headcount in December (161 892) as  compared to an annual average of 200 723. ,To conduct targeted catch -up campaigns in areas with high dropout ,Children drop out of care between the first measles dose at 6 months and the second dose at 12 months.,Community vaccination catch-up drive in May 2025,,,,,,191
Health,Health,Limpopo,Programme 2: District Health Services,Programme 2: District Health Services,Quarterly,1.16 Cervical cancer screening coverage,Standardized,Not  Applicable,"Priority 3: Education, Skills And Health",3. Provision of quality education and a quality health care system(2019-2024),"The Social Protection, Community and Human Development cluster",9 %,24.3 %,9 %,23.8% %,9 %,23.9 % %,9 %,22.7% %,9 %,0 %,,,,,Intensified Health education on the importance of pap smear screening in women ,sustain,Uptake increased due to improved capacity of clinicians on pap-smear collection skills.,sustain,Improved skills on Cervical Cancer Screening and target recruitment of clients for the service,Sustain,Health education on the importance of pap smear screening in women,Sustain,,,,,,191
Health,Health,Limpopo,Programme 2: District Health Services,Programme 2: District Health Services,Quarterly,1.2 Delivery 10 to 14 years in facility,Standardized,Not  Applicable,"Priority 3: Education, Skills And Health",3. Provision of quality education and a quality health care system(2019-2024),"The Social Protection, Community and Human Development cluster",125,81,125,78,125,71,125,83,500,83,,,,,"Collaborated  with other stakeholders NGOs, Partners & Department of Education, Department of Social Development on sexual reproductive and prevention of teenage pregnancy",sustain,Multi sectorial collaboration on sexual reproductive and prevention of teenage pregnancy.,sustain,Awareness creation through multi-sectoral platform of District Aids ,Sustatin,Awareness creation through multi-sectoral platform of District Aids Council and consistently reporting of potential child abuse cases through Form 22,Sustain,,,,,,191
Health,Health,Limpopo,Programme 2: District Health Services,Programme 2: District Health Services,Quarterly,1.2	ART adult remain in care rate  (12 months),Standardized,Not  Applicable,"Priority 3: Education, Skills And Health",3. Provision of quality education and a quality health care system(2019-2024),"The Social Protection, Community and Human Development cluster",95 %,74.5 %,95 %,"85.4%
(4615/5403)
 %",95 %,"87.4%
(4828/5523)
 %",95 %,"88.6%
(4841/5457)
 %",95 %,0 %,,,,,Inconsistent management of missed appointments lists resulted in the loss to follow up of patients ,"Apply consequence management for managers failing to manage the line lists 

Develop and monitor implementation of monthly live tracking tool

Enhanced Adherence Counselling (EAC) of clients on ART. 
","Misalignment of the captured Transfer Out dates and the last ART visit dates in TIER.Net 

Migration of patients between facilities contributed to Loss of follow-up (LTF) 
","Conduct data clean-up to align the Transfer out dates with the last ART visit dates.
. 
Monitor tracing of all the LTF clients and newly diagnosed HIV patients through the Lab-Tracks and HPRS systems.

Monitor the implementation of a monthly live tracking tool.
",Migration of patients between facilities contributed to Loss of follow -up (LTF) ,Continue monitoring of all the LTF clients and new diagnosed HIV patients through the lab track and Health Patient Registration System ,Migration of patients between facilities contributed to Loss of follow -up (LTF) ,Continue monitoring of all the LTF clients and new diagnosed HIV patients through the lab track and Health Patient Registration System ,,,,,,191
Health,Health,Limpopo,Programme 2: District Health Services,Programme 2: District Health Services,Quarterly,1.3 Antenatal 1st visit before 20 weeks rate,Standardized,Not  Applicable,"Priority 3: Education, Skills And Health",3. Provision of quality education and a quality health care system(2019-2024),"The Social Protection, Community and Human Development cluster",68 %,62.5 %,68 %,"65.4%
(16964/ 25 925)

 %",68 %,"65.4%
(16 380/ 25 029)
 %",68 %,"65.2%

(17 457/26 795)
 %",68 %,0 %,,,,,Inadequate knowledge on the importance of early ANC booking and/or cultural beliefs on concealment of pregnancy.,"Implement a Health campaign focusing on the importance of early ANC bookings 

Conduct a mini survey on factors contributing to late ANC bookings
",Women not being aware of their pregnancy and cultural and religious beliefs and Services not being provided during 1st attempt visit.,"Implement a health campaign focusing on the importance of early ANC booking and targeting the identified cultural and health beliefs.


Early detection of pregnancy through community-based pregnancy screening by CHWs
","Concealment of pregnancy by younger teenagers and older women.

Societal pressures such as  fear of family rejection, social stigma, religious expectations and educational disruption concerns

Delay in ANC booking after the 1st pregnancy test results at PHC. 
","To continue with health awareness on early ANC booking through community radio slots, household visits by CHWs, and use of multisectoral drives by other stakeholders within District AIDS Council




Monitor the implementation of the memo regarding universal pregnancy test of childbearing age women and if positive, book for ANC 
","Concealment of pregnancy by younger teenagers and older women. 




Societal pressures such as fear of family rejection, social stigma, religious expectations and educational disruption concerns
","To continue with health awareness on early ANC booking through community radio station and social media platforms 

Use of multisectoral drives by other stakeholders within District AIDS Council.
",,,,,,191
Health,Health,Limpopo,Programme 2: District Health Services,Programme 2: District Health Services,Quarterly,1.3 ART child remain in care rate (12 months),Standardized,Not  Applicable,"Priority 3: Education, Skills And Health",3. Provision of quality education and a quality health care system(2019-2024),"The Social Protection, Community and Human Development cluster",95 %,87.6 %,95 %,"90.8% 
(168/185)
 %",95 %,"95.6%
(130/136)
 %",95 %,"97.2%
(140/144)
 %",95 %,0 %,,,,,Inconsistent management of missed appointment lists resulted in the loss of follow-up of patients ,"Apply consequence management for managers failing to manage the line lists at all levels.

Develop and monitor implementation of monthly live tracking tool

Enhanced Adherence Counselling (EAC) of clients on ART. 
","The loss to follow-up and death rate affected the performance.

Migration of patients between facilities contributed to Lost to follow-up (LTF) 
","Continue implementation of Multidisciplinary review of virally unsuppressed   and Loss to follow up children and linking them back to care

Track all the LTF clients through the Lab-Tracks and HPRS systems
",Implementation of Multidisciplinary review of Loss to follow up children and linking them back to care,Sustain,Implementation of Multidisciplinary review of Loss to follow up children and linking them back to care,Sustain,,,,,,191
Health,Health,Limpopo,Programme 2: District Health Services,Programme 2: District Health Services,Quarterly,1.4 ART Adult viral load suppressed rate (Below 50)  (12 months),Standardized,Not  Applicable,"Priority 3: Education, Skills And Health",3. Provision of quality education and a quality health care system(2019-2024),"The Social Protection, Community and Human Development cluster",95 %,73.5 %,95 %,"76.2% 
(3050/4002)
 %",95 %,"77.7%
(3332/4287)
 %",95 %,"79.3%
(3484/4391)
 %",95 %,0 %,,,,,Treatment interruptions amongst patients who started treatment,"Monitor the implementation of Enhanced Adherence Counselling (EAC) as per the guideline

Conduct detailed assessment to identity root causes and develop targeted intervention  in collaboration with  partners 
","Treatment interruptions amongst patients who started treatment

The Tier.Net system does not report on the latest Viral load results post-adherence counselling of virally unsuppressed patients. It will only recognise the 1st viral load result captured on the system.
","Monitor the implementation of Enhanced Adherence Counselling (EAC) as per the guideline

The Tier.net error in programming challenge is escalated to the NDOH HAST Director on the 17 October 2024. Follow-up with NDOH on the plans and timeline to resolve the challenge.
","HIV status non-disclosure and alcohol abuse which lead to increased risk-taking behaviour, compromised medication adherence, and potential transmission of HIV as per file review conducted in Vhembe district on the virally unsuppressed clients ","Conduct facility based individualised multidisciplinary team case management. for virally unsuppressed clients 

Collaboration with multi-sectoral stakeholders  on facilitate disclosure and prevention of alcohol abuse programs 
","Non-disclosure of HIV status, alcohol misuse, and geographic mobility which significantly compromise medication compliance and therapeutic outcomes","Collaboration with multi-sectoral stakeholders on facilitate disclosure and prevention of alcohol abuse programs

Conduct facility based individualised multidisciplinary team case management for adult virally unsuppressed clients
",,,,,,191
Health,Health,Limpopo,Programme 2: District Health Services,Programme 2: District Health Services,Quarterly,1.4 Mother postnatal visit within 6 days rate,Standardized,Not  Applicable,"Priority 3: Education, Skills And Health",3. Provision of quality education and a quality health care system(2019-2024),"The Social Protection, Community and Human Development cluster",97 %,97.9 %,97 %,"97.6%
(25 451/ 26 078)

 %",97 %,"96.5%
(22 595/ 23 403)
 %",97 %,92.9% (24264/26131) %,97 %,0 %,,,,,Data verification of the indicator at hospitals,Sustain,"Awareness of Health Care Workers on data collection

Data verification of the indicator at hospitals 
",sustain,"Missed return dates by postpartum caesarean section mothers who were discharged early after 48 hours in hospitals.

Missed the opportunity to do post-natal care ","Monitor adherence to District Circular 1 of 2025 that restricts early discharge of high-risk postpartum mothers and post caesarean section mothers 

All lodger mothers are to
receive postnatal care and be recorded ",Missed return dates by postpartum caesarean section mothers who were discharged within 48 hours in hospitals,Monitor adherence maternal health standards,,,,,,191
Health,Health,Limpopo,Programme 2: District Health Services,Programme 2: District Health Services,Quarterly,1.5 ART child - viral load suppressed rate (Below 50) (12 months),Standardized,Not  Applicable,"Priority 3: Education, Skills And Health",3. Provision of quality education and a quality health care system(2019-2024),"The Social Protection, Community and Human Development cluster",95 %,3.8 %,95 %,"50.6%
(79/156)
 %",95 %,"71.3%
(87/122)
 %",95 %,"71.9%
(97/135)
 %",95 %,0 %,,,,,Treatment interruptions amongst patients who started treatment,"Monitor the implementation of Enhanced Adherence Counselling (EAC) as per the guideline

Conduct detailed assessment to identity root causes and develop targeted intervention  in collaboration with  partners 
","Treatment interruptions amongst patients who started treatment, psychosocial reasons such as non-disclosure and treatment underdosing 
 
The Tier.Net system does not report on the latest Viral load results post-adherence counselling of virally unsuppressed patients. It will only recognise the 1st  viral load result captured on the system.





","Continue implementation of Multidisciplinary review of virally unsuppressed   and Loss to follow up children and linking them back to care

Monitor the implementation of Enhanced Adherence Counselling (EAC) as per the guideline.


The Tier.net error in the programming challenge was escalated to the NDOH HAST Director on 17 October 2024. Follow up with NDOH on the plans and timeline to resolve the challenge.
","Non-disclosure of HIV status by caregivers and parents



Inconsistent implementation of adopt a child strategy  

","Continue the implementation of a Multidisciplinary review of unsuppressed viral load children and linking them back to care
Monitor implementation of the disclosure guidance 

Monitor the implementation of the adopt a child strategy and apply consequences for non-complying facilities 
","Missed ART dosages by Care givers resulting in poor adherence to treatment.

Child neglect by Care givers.
","Treatment Direct Observed Treatment by CHWs.


Provide counselling to the care givers and refer to social workers for the implementation of Children’s Act 38 of 2005 to protect and promote the rights of children
",,,,,,191
Health,Health,Limpopo,Programme 2: District Health Services,Programme 2: District Health Services,Quarterly,1.6 All DS-TB client LTF rate,Standardized,Not  Applicable,"Priority 3: Education, Skills And Health",3. Provision of quality education and a quality health care system(2019-2024),"The Social Protection, Community and Human Development cluster",7.5 %,6.8 %,7.5 %,"5.6%
(128/2299)
 %",7.5 %,"1.8%
(43/2392)
 %",7.5 %,"5% 
(141/2638)
 %",7.5 %,0 %,,,,,"Tracing of TB
treatment
interrupters
",sustain ,"Intensified tracking and tracing of the TB lost to follow up according to the Tier.Net line lists
shared monthly with districts and progress monitoring through monthly meetings.
",Sustain,"Tracing of treatment interrupters and  linking them back to care

Facility file audits, data verification, validation and clean up 
",Sustain,"Tracing of treatment interrupters and linking them back to care. 

Implementation of the DOT strategy
",Sustain,,,,,,191
Health,Health,Limpopo,Programme 2: District Health Services,Programme 2: District Health Services,Quarterly,1.6 Still birth in facility rate,Standardized,Not  Applicable,"Priority 3: Education, Skills And Health",3. Provision of quality education and a quality health care system(2019-2024),"The Social Protection, Community and Human Development cluster",19,17.6,19,16.4 per 1000 births,19,"21 per 1000
births
",19,18.9 per 1000 births,19,0,,,,,Health education on the importance of early ANC bookings ,sustain,Implementation of Basic Antenatal Care Plus strategy and intrapartum care guidelines,Sustain,"Suboptimal Antenatal care –(late booking of ANC and failure to detect high risk pregnancy early ) leading to high number of macerated stillbirths  (71%)







Poor intrapartum
Care hypoxia related fresh still born births 
","To conduct health awareness on early ANC booking through community radio slots, household visits by CHWs, and use of multisectoral drives by other stakeholders within District AIDS Council

District Coordinators to implement audits and supportive supervision to improve quality of antenatal care 

Awareness campaign on danger sign of pregnancy
To conduct health awareness on early ANC booking through community radio slots, household visits by CHWs, and use of multisectoral drives by other stakeholders within District AIDS Council

District Coordinators to implement audits and supportive supervision to improve quality of antenatal care 



To implement outreach program focusing on management of preterm babies targeting district with high fatality 


",Improved intrapartum care through the support and mentorship of the Obstetricians and Gynaecologists specialists.,Sustain,,,,,,191
Health,Health,Limpopo,Programme 2: District Health Services,Programme 2: District Health Services,Quarterly,1.7 All DS-TB client treatment success  rate ,Standardized,Not  Applicable,"Priority 3: Education, Skills And Health",3. Provision of quality education and a quality health care system(2019-2024),"The Social Protection, Community and Human Development cluster",69 %,79.7 %,69 %,"79.3%
(1824/2299)
 %",69 %,"82%
(1960/2382)
 %",69 %,"81% 
(2142/2638)
 %",69 %,0 %,,,,,Facility conducted data quality audits in collaboration with partners ,Sustain ,"Conducted data quality audit meetings with Districts, Local Areas, and facilities",Sustain,"Adherence to TB guidelines and implementation of DOT strategy.
Facility File Audits, Data Verification, Validation and Clean Up Conducted 
",Sustain,"Implementation of the DOT strategy

Tracing of treatment interrupters and linking them back to care. 

",Sustain,,,,,,191
Health,Health,Limpopo,Programme 2: District Health Services,Programme 2: District Health Services,Quarterly,1.7 Neonatal death in facility rate,Standardized,Not  Applicable,"Priority 3: Education, Skills And Health",3. Provision of quality education and a quality health care system(2019-2024),"The Social Protection, Community and Human Development cluster",12,14.5,12,11.7 per 1000 live births,12,"14.4 per 1000 live births

14.4 per 1000 live births

",12,12.5 per 1000 live births,12,0,,,,,Late antenatal booking which leads to delayed  diagnosis of high risks conditions ,"To conduct Health education on early antenatal booking to identify high risk conditions that can lead to prematurity 
Conduct provincial perinatal mortality review meeting to identify root causes of neonatal mortality and monitor progress on the implementation of interventions recommended to reduce maternal mortality
",Implementation of Basic Antenatal Care Plus strategy and intrapartum care guidelines,Sustain,"Most neonates died from complication of prematurity, hypoxia, Congenital abnormalities and infection. 
Avoidable cause identified included patient related factors in 55% of cases 
which included 
Late antenatal booking, delay in seeking help and not responding to fetal movements

Suboptimal management of preterm babies leading  complication 
","To conduct health awareness on early ANC booking through community radio slots, household visits by CHWs, and use of multisectoral drives by other stakeholders within District AIDS Council

District Coordinators to implement audits and supportive supervision to improve quality of antenatal care 



To implement outreach program focusing on management of preterm babies targeting district with high fatality 

","Late antenatal bookings. 

Of the 324 Neonatal deaths 253 occurred early at 0 -6 days and 71 occurred late at 7-28 days due to Immaturity related (46.3%) Hypoxia (22,7%) and congenital abnormalities at (16.7%)
","To conduct health awareness on early ANC booking through community radio stations and social media platforms 
 
",,,,,,191
Health,Health,Limpopo,Programme 2: District Health Services,Programme 2: District Health Services,Quarterly,1.8 Child under 5 years diarrhoea case fatality rate ,Standardized,Not  Applicable,"Priority 3: Education, Skills And Health",3. Provision of quality education and a quality health care system(2019-2024),"The Social Protection, Community and Human Development cluster",2.3 %,1.4 %,2.3 %,"1.1%
(22 /1987)

 %",2.3 %,"1.7%
(26/1574)
 %",2.3 %,"2.6%
(37/1429)
 %",2.3 %,0 %,,,,,Intensified health education on early healthcare seeking behaviour for prompt diagnosis and treatment,Sustain,Health education given to caregivers to identify danger signs and how to administer oral rehydration solution.,Sustain,"Health education given to caregivers to identify danger signs and manage with oral rehydration therapy.

Adherence to IMCI and Paediatric Care Guidelines
",Sustain,Late presentation at the facility. ,"Health education to caregivers on early identification of danger signs and early seeking treatment behaviours, and to promote the ",,,,,,191
Health,Health,Limpopo,Programme 2: District Health Services,Programme 2: District Health Services,Quarterly,1.8 TB Rifampicin resistant/Multidrug – Resistant treatment success rate,Standardized,Not  Applicable,"Priority 3: Education, Skills And Health",3. Provision of quality education and a quality health care system(2019-2024),"The Social Protection, Community and Human Development cluster",66 %,63.3 %,66 %,"69.1%
(47/68)
 %",66 %,"69.6%
(39/56)
 %",66 %,"74.5%
(41/55)
 %",66 %,0 %,,,,,Death rate due to various complications affected performance ,"Intensify TB screening in HIV patient for early TB diagnosis and management 

Intensify TB Preventive Therapy (TPT) initiation amongst the HIV positive clients 
",Conducted data quality audit meetings with decentralized sites,sustain ,Adherence to TB guidelines and implementation of directly observed therapy (DOT) interventions,Sustain,"Implementation of the DOT strategy

Tracing of treatment interrupters and linking them back to care. 
",Sustain,,,,,,191
Health,Health,Limpopo,Programme 2: District Health Services,Programme 2: District Health Services,Quarterly,1.9 Child under 5 years pneumonia case fatality rate ,Standardized,Not  Applicable,"Priority 3: Education, Skills And Health",3. Provision of quality education and a quality health care system(2019-2024),"The Social Protection, Community and Human Development cluster",2.5 %,2.4 %,2.5 %,"1.8%
(18 /1011)

 %",2.5 %,"1.9%
(19/978)

 %",2.5 %,"1.6% 
(16/990)
 %",2.5 %,0 %,,,,,Intensified health education on early healthcare seeking behaviour for prompt diagnosis and treatment,sustain,"Giving of health education to care givers for identification of pneumonia danger signs 


",Sustain,"Health education is given to caregivers to identify danger signs of pneumonia

Adherence to IMCI and Paediatric Care Guidelines
",Sustain,"Intensified 
health education 
on early 
healthcare 
seeking 
behaviour for 
prompt 
diagnosis and 
treatment
",Sustain,,,,,,191
Health,Health,Limpopo,Programme 2: District Health Services,Programme 2: District Health Services,Quarterly,1.9 TB Rifampicin resistant/Multidrug – Resistant lost to follow-up rate,Standardized,Not  Applicable,"Priority 3: Education, Skills And Health",3. Provision of quality education and a quality health care system(2019-2024),"The Social Protection, Community and Human Development cluster",8 %,6.1 %,8 %,"4.4%
(3/68)
 %",8 %,"14.3%
(8/56)
 %",8 %,"7.3%
(4/55)


 %",8 %,8 %,,,,,"Tracing of TB
treatment
interrupters
",Sustain,Shared provincial export file for patients who were not evaluated for actioning by the decentralized sites,Sustain ,Adherence to TB guidelines and implementation of directly observed therapy (DOT) interventions,Implementation of directly observed therapy (DOT) interventions,Tracing of treatment interrupters and linking them back to care,Sustain,,,,,,191
Health,Health,Limpopo,Programme 2: District Health Services,Programme 2: District Health Services,Quarterly,2.1 Severity assessment code (SAC) 1 incident reported within 24 hours rate,Standardized,Not  Applicable,"Priority 3: Education, Skills And Health",3. Provision of quality education and a quality health care system(2019-2024),"The Social Protection, Community and Human Development cluster",100 %,100 %,100 %,100% %,100 %,100% %,100 %,100% %,100 %,100 %,,,,,none ,sustain ,None ,Sustain,None ,Sustain,None,Sustain ,,,,,,191
Health,Health,Limpopo,Programme 2: District Health Services,Programme 2: District Health Services,Quarterly,2.1 Severity assessment code (SAC) 1 incident reported within 24 hours rate ,Standardized,Not  Applicable,"Priority 3: Education, Skills And Health",3. Provision of quality education and a quality health care system(2019-2024),"The Social Protection, Community and Human Development cluster",100 %,94.8 %,100 %,       98% %,100 %,96.7% %,100 %,100% %,100 %,0 %,,,,,Failure to report SAC 1 incidents within 24 hours ,Consequence management for the responsible QA and Unit Manager reporting SAC 1 after 24 hours,None compliance to PSI guidelines,"Consequence management
(Written warning was given to the Nurse Manager)

Implementation of PSI guidelines
",Non-compliance to PSI guidelines,"Adherence to implementation of PSI guideline

Consequence management – written warning issued
",None,Sustain ,,,,,,191
Health,Health,Limpopo,Programme 2: District Health Services,Programme 2: District Health Services,Quarterly,2.2 Patient safety incidents (PSI) case closure rate,Standardized,Not  Applicable,"Priority 3: Education, Skills And Health",3. Provision of quality education and a quality health care system(2019-2024),"The Social Protection, Community and Human Development cluster",90 %,100 %,90 %,83% %,90 %,113% %,90 %,100% %,90 %,100 %,,,,,"Monthly PSI meetings, effective monitoring of PSI and monthly feedback to facilities",sustain ,"Monthly PSI meetings, effective monitoring of PSI and monthly feedback to facilities",Sustain,One incident overlapped from the previous month,Sustain,Monthly PSI meetings and effective monitoring of PSI and feedback to facilities,Sustain ,,,,,,191
Health,Health,Limpopo,Programme 2: District Health Services,Programme 2: District Health Services,Quarterly,2.2 Patient safety incidents (PSI) case closure rate ,Standardized,Not  Applicable,"Priority 3: Education, Skills And Health",3. Provision of quality education and a quality health care system(2019-2024),"The Social Protection, Community and Human Development cluster",90 %,97.4 %,90 %,100% %,90 %,110.7% %,90 %,100% %,90 %,0 %,,,,,"Monthly PSI meetings, effective monitoring of PSI and monthly feedback to facilities",Sustain,"Monthly PSI meetings, effective monitoring of PSI and monthly feedback to facilities",Sustain,Incidences overlapped to the 3rd quarter,Sustain ,Monthly PSI meetings and effective monitoring of PSI and feedback to facilities,Sustain,,,,,,191
Health,Health,Limpopo,Programme 2: District Health Services,Programme 2: District Health Services,Quarterly,4.1 PHC mental disorders treatment rate (new),Standardized,Not  Applicable,"Priority 3: Education, Skills And Health",3. Provision of quality education and a quality health care system(2019-2024),"The Social Protection, Community and Human Development cluster",0.1 %,0.01 %,0.1 %,0.01% %,0.1 %,0.01% %,0.1 %,0.01% %,0.1 %,0 %,,,,,Low reporting of the new cases that are started on treatment or referred for psychosocial interventions,To conduct in-service training ,"-Low reporting of the new cases that are started on treatment or referred for psychosocial interventions

- Low detection of mental health disorders at PHC 
","Monitoring all data sources in all service areas to ensure accurate reporting by operational managers 
-Standard operating procedure to be developed to guide PHC on the reporting of the new indicators 
- Strengthening screening for mental health disorders at PHC for early detection 
",Absence of standardized screening tools,"Development and implementation of comprehensive mental health screening protocols and distribution to Local Area Managers (LAMs) through Primary Health Care (PHC) directors and district mental health coordinators.

Multi-Disciplinary Team (MDT) in-service training conducted in Feb 2025 by Provincial Mental Health coordinator.
","Case finding lower than expected







Non-adherence to Adult Primary Care (APC) guidelines
","Intensify case finding screening of all PHC patients (Acute, Chronic & Maternal health) on mental health conditions.
 
Manage patient using APC guidelines

Conduct in-service training on the screening tool, mental health conditions and treatment.
",,,,,,191
Health,Health,Limpopo,Programme 2: District Health Services,Programme 2: District Health Services,Quarterly,All DS-TB client LTF rate,Standardized,Not  Applicable,"Priority 3: Education, Skills And Health",-,"The Social Protection, Community and Human Development cluster",,,,,,,,,,0 %,,,,,,,,,,,,,,,,,,191
Health,Health,Limpopo,Programme 2: District Health Services,Programme 2: District Health Services,Quarterly,All DS-TB Client Treatment Success Rate,Standardized,Not  Applicable,"Priority 3: Education, Skills And Health",-,"The Social Protection, Community and Human Development cluster",,,,,,,,,,0 %,,,,,,,,,,,,,,,,,,191
Health,Health,Limpopo,Programme 2: District Health Services,Programme 2: District Health Services,Quarterly,Antenatal 1st visit before 20 weeks rate,Standardized,Not  Applicable,"Priority 3: Education, Skills And Health",-,"The Social Protection, Community and Human Development cluster",,,,,,,,,,0 %,,,,,,,,,,,,,,,,,,191
Health,Health,Limpopo,Programme 2: District Health Services,Programme 2: District Health Services,Quarterly,ART adult remain in care rate (12 months),Standardized,Not  Applicable,"Priority 3: Education, Skills And Health",-,"The Social Protection, Community and Human Development cluster",,,,,,,,,,0 %,,,,,,,,,,,,,,,,,,191
Health,Health,Limpopo,Programme 2: District Health Services,Programme 2: District Health Services,Quarterly,ART adult viral load suppressed rate - below 50 (12 months),Standardized,Not  Applicable,"Priority 3: Education, Skills And Health",-,"The Social Protection, Community and Human Development cluster",,,,,,,,,,0 %,,,,,,,,,,,,,,,,,,191
Health,Health,Limpopo,Programme 2: District Health Services,Programme 2: District Health Services,Quarterly,ART child remain in care rate (12 months),Standardized,Not  Applicable,"Priority 3: Education, Skills And Health",-,"The Social Protection, Community and Human Development cluster",,,,,,,,,,0 %,,,,,,,,,,,,,,,,,,191
Health,Health,Limpopo,Programme 2: District Health Services,Programme 2: District Health Services,Quarterly,ART child viral load suppressed rate - below 50 (12 months),Standardized,Not  Applicable,"Priority 3: Education, Skills And Health",-,"The Social Protection, Community and Human Development cluster",,,,,,,,,,0 %,,,,,,,,,,,,,,,,,,191
Health,Health,Limpopo,Programme 2: District Health Services,Programme 2: District Health Services,Quarterly,Cervical cancer screening coverage,Standardized,Not  Applicable,"Priority 3: Education, Skills And Health",-,"The Social Protection, Community and Human Development cluster",,,,,,,,,,0 %,,,,,,,,,,,,,,,,,,191
Health,Health,Limpopo,Programme 2: District Health Services,Programme 2: District Health Services,Quarterly,Child under 5 years diarrhoea case fatality rate,Standardized,Not  Applicable,"Priority 3: Education, Skills And Health",-,"The Social Protection, Community and Human Development cluster",,,,,,,,,,0 %,,,,,,,,,,,,,,,,,,191
Health,Health,Limpopo,Programme 2: District Health Services,Programme 2: District Health Services,Quarterly,Child under 5 years pneumonia case fatality rate,Standardized,Not  Applicable,"Priority 3: Education, Skills And Health",-,"The Social Protection, Community and Human Development cluster",,,,,,,,,,0 %,,,,,,,,,,,,,,,,,,191
Health,Health,Limpopo,Programme 2: District Health Services,Programme 2: District Health Services,Quarterly,Child under 5 years severe acute malnutrition case fatality rate,Standardized,Not  Applicable,"Priority 3: Education, Skills And Health",-,"The Social Protection, Community and Human Development cluster",,,,,,,,,,0 %,,,,,,,,,,,,,,,,,,191
Health,Health,Limpopo,Programme 2: District Health Services,Programme 2: District Health Services,Quarterly,Death under 5 years against live birth rate,Standardized,Not  Applicable,"Priority 3: Education, Skills And Health",-,"The Social Protection, Community and Human Development cluster",,,,,,,,,,0 %,,,,,,,,,,,,,,,,,,191
Health,Health,Limpopo,Programme 2: District Health Services,Programme 2: District Health Services,Quarterly,Delivery 10-14 years in facility,Standardized,Not  Applicable,"Priority 3: Education, Skills And Health",-,"The Social Protection, Community and Human Development cluster",,,,,,,,,,-,,,,,,,,,,,,,,,,,,191
Health,Health,Limpopo,Programme 2: District Health Services,Programme 2: District Health Services,Quarterly,HIV positive 15-24 years (excl. ANC) rate,Standardized,Not  Applicable,"Priority 3: Education, Skills And Health",-,"The Social Protection, Community and Human Development cluster",,,,,,,,,,0 %,,,,,,,,,,,,,,,,,,191
Health,Health,Limpopo,Programme 2: District Health Services,Programme 2: District Health Services,Quarterly,HIV test positive around 18 months rate,Standardized,Not  Applicable,"Priority 3: Education, Skills And Health",-,"The Social Protection, Community and Human Development cluster",,,,,,,,,,0 %,,,,,,,,,,,,,,,,,,191
Health,Health,Limpopo,Programme 2: District Health Services,Programme 2: District Health Services,Quarterly,Immunisation under 1 year coverage,Standardized,Not  Applicable,"Priority 3: Education, Skills And Health",-,"The Social Protection, Community and Human Development cluster",,,,,,,,,,0 %,,,,,,,,,,,,,,,,,,191
Health,Health,Limpopo,Programme 2: District Health Services,Programme 2: District Health Services,Quarterly,Infant PCR test positive around 6 months rate,Standardized,Not  Applicable,"Priority 3: Education, Skills And Health",-,"The Social Protection, Community and Human Development cluster",,,,,,,,,,0 %,,,,,,,,,,,,,,,,,,191
Health,Health,Limpopo,Programme 2: District Health Services,Programme 2: District Health Services,Quarterly,IUCD Uptake (*IUCD - Intra Uterine Contraceptive Device),Standardized,Not  Applicable,"Priority 3: Education, Skills And Health",-,"The Social Protection, Community and Human Development cluster",,,,,,,,,,-,,,,,,,,,,,,,,,,,,191
Health,Health,Limpopo,Programme 2: District Health Services,Programme 2: District Health Services,Quarterly,Measles 2nd dose 1 year coverage,Standardized,Not  Applicable,"Priority 3: Education, Skills And Health",-,"The Social Protection, Community and Human Development cluster",,,,,,,,,,0 %,,,,,,,,,,,,,,,,,,191
Health,Health,Limpopo,Programme 2: District Health Services,Programme 2: District Health Services,Quarterly,Mother postnatal visit within 6 days rate,Standardized,Not  Applicable,"Priority 3: Education, Skills And Health",-,"The Social Protection, Community and Human Development cluster",,,,,,,,,,0 %,,,,,,,,,,,,,,,,,,191
Health,Health,Limpopo,Programme 2: District Health Services,Programme 2: District Health Services,Quarterly,Neonatal death in facility rate (Per 1000 live births),Standardized,Not  Applicable,"Priority 3: Education, Skills And Health",-,"The Social Protection, Community and Human Development cluster",,,,,,,,,,0 %,,,,,,,,,,,,,,,,,,191
Health,Health,Limpopo,Programme 2: District Health Services,Programme 2: District Health Services,Quarterly,Patient Safety Incident (PSI) case closure rate,Standardized,Not  Applicable,"Priority 3: Education, Skills And Health",-,"The Social Protection, Community and Human Development cluster",,,,,,,,,,0 %,,,,,,,,,,,,,,,,,,191
Health,Health,Limpopo,Programme 2: District Health Services,Programme 2: District Health Services,Quarterly,PHC Mental Disorders Treatment rate new,Standardized,Not  Applicable,"Priority 3: Education, Skills And Health",-,"The Social Protection, Community and Human Development cluster",,,,,,,,,,0 %,,,,,,,,,,,,,,,,,,191
Health,Health,Limpopo,Programme 2: District Health Services,Programme 2: District Health Services,Quarterly,Severity assessment code (SAC) 1 incident reported within 24 hours rate,Standardized,Not  Applicable,"Priority 3: Education, Skills And Health",-,"The Social Protection, Community and Human Development cluster",,,,,,,,,,0 %,,,,,,,,,,,,,,,,,,191
Health,Health,Limpopo,Programme 2: District Health Services,Programme 2: District Health Services,Quarterly,Still birth in facility rate (Per 1000 births),Standardized,Not  Applicable,"Priority 3: Education, Skills And Health",-,"The Social Protection, Community and Human Development cluster",,,,,,,,,,0 %,,,,,,,,,,,,,,,,,,191
Health,Health,Limpopo,Programme 2: District Health Services,Programme 2: District Health Services,Quarterly,TB Pre-XDR loss to follow up rate,Standardized,Not  Applicable,"Priority 3: Education, Skills And Health",-,"The Social Protection, Community and Human Development cluster",,,,,,,,,,0 %,,,,,,,,,,,,,,,,,,191
Health,Health,Limpopo,Programme 2: District Health Services,Programme 2: District Health Services,Quarterly,TB Pre-XDR treatment success rate,Standardized,Not  Applicable,"Priority 3: Education, Skills And Health",-,"The Social Protection, Community and Human Development cluster",,,,,,,,,,0 %,,,,,,,,,,,,,,,,,,191
Health,Health,Limpopo,Programme 2: District Health Services,Programme 2: District Health Services,Quarterly,TB Rifampicin resistant/Multidrug - Resistant lost to follow-up rate,Standardized,Not  Applicable,"Priority 3: Education, Skills And Health",-,"The Social Protection, Community and Human Development cluster",,,,,,,,,,0 %,,,,,,,,,,,,,,,,,,191
Health,Health,Limpopo,Programme 2: District Health Services,Programme 2: District Health Services,Quarterly,TB Rifampicin resistant/Multidrug - Resistant treatment success rate,Standardized,Not  Applicable,"Priority 3: Education, Skills And Health",-,"The Social Protection, Community and Human Development cluster",,,,,,,,,,0 %,,,,,,,,,,,,,,,,,,191
Health,Health,Limpopo,Programme 3: Emergency Medical Services,Programme 3: Emergency Medical Services,Annually,Default,Not Applicable,Not  Applicable,Not Applicable,-,Not Applicable,,,,,,,,,,,,,,,,,,,,,,,,,,,,191
Health,Health,Limpopo,Programme 3: Emergency Medical Services,Programme 3: Emergency Medical Services,Quarterly,1.1 EMS P1 urban response under 30 minutes rate,Standardized,Not  Applicable,"Priority 3: Education, Skills And Health",3. Provision of quality education and a quality health care system(2019-2024),"The Social Protection, Community and Human Development cluster",,,,,,,,,,0 %,,,,,,,,,,,,,,,,,,191
Health,Health,Limpopo,Programme 3: Emergency Medical Services,Programme 3: Emergency Medical Services,Quarterly,1.2 EMS P1 rural response under 60 minutes rate,Standardized,Not  Applicable,"Priority 3: Education, Skills And Health",3. Provision of quality education and a quality health care system(2019-2024),"The Social Protection, Community and Human Development cluster",,,,,,,,,,0 %,,,,,,,,,,,,,,,,,,191
Health,Health,Limpopo,Programme 3: Emergency Medical Services,Programme 3: Emergency Medical Services,Quarterly,EMS P1 rural response under 60 minutes rate,Standardized,Not  Applicable,"Priority 3: Education, Skills And Health",-,"The Social Protection, Community and Human Development cluster",70 %,83.8 %,70 %,"83.8%
(1079/1287) 
 %",70 %,98.7% (3775/3823 %,70 %,"99.3% 
(4076/4103)  
?? 
 %",70 %,0 %,,,,,Commissioned new ambulances ,sustain,Distribution of the new fleet led to an increase in operational ambulances ,sustain,"Distribution of the new fleet led to an increase in operational ambulances?sustain?
Data Cleaning
",Sustain?,Distribution of the remainder of the new fleet led to an increase in operational ambulances? ,sustain ,,,,,,191
Health,Health,Limpopo,Programme 3: Emergency Medical Services,Programme 3: Emergency Medical Services,Quarterly,EMS P1 urban response under 30 minutes rate,Standardized,Not  Applicable,"Priority 3: Education, Skills And Health",-,"The Social Protection, Community and Human Development cluster",65 %,85 %,65 %,86.6% (113/129)    %,65 %,98.2% (718/731) ??  %,65 %,96.1% (539/561) %,65 %,85 %,,,,,Commissioned new ambulances ,sustain,Distribution of the new fleet led to an increase in operational ambulances ,sustain,Distribution of the new fleet led to an increase in operational ambulances? Sustain?,Sustain?,Distribution of the remainder of the new fleet led to an increase in operational ambulances? ,sustain ,,,,,,191
Health,Health,Limpopo,Programme 3: Emergency Medical Services,Sub-programme 1: Emergency Transport,Annually,deafult,Not Applicable,Not  Applicable,Not Applicable,-,Not Applicable,,,,,,,,,,,,,,,,,,,,,,,,,,,,191
Health,Health,Limpopo,Programme 3: Emergency Medical Services,Sub-programme 1: Emergency Transport,Quarterly,deafult,Not Applicable,Not  Applicable,Not Applicable,-,Not Applicable,,,,,,,,,,,,,,,,,,,,,,,,,,,,191
Health,Health,Limpopo,Programme 4: Provincial Hospital Services,Programme 4: Provincial Hospital Services,Annually,1.1 Patient experience of care satisfaction rate ,Standardized,Not  Applicable,"Priority 3: Education, Skills And Health",3. Provision of quality education and a quality health care system(2019-2024),"The Social Protection, Community and Human Development cluster",,,,,,,80 %,,80 %,,,,,,,,,,,,,,,,,,,191
Health,Health,Limpopo,Programme 4: Provincial Hospital Services,Programme 4: Provincial Hospital Services,Annually,1.1 Patient experience of care satisfaction rate (Specialised Hospital),Standardized,Not  Applicable,"Priority 3: Education, Skills And Health",3. Provision of quality education and a quality health care system(2019-2024),"The Social Protection, Community and Human Development cluster",,,82 %,86 %,,,,,82 %,86 %,,"Improved on 
-	Cleanliness
-	Medicine availability
•	Improved rehabilitation activities

",sustain,,,,,,,,,,,,,,,191
Health,Health,Limpopo,Programme 4: Provincial Hospital Services,Programme 4: Provincial Hospital Services,Annually,Maternal deaths in facility,Standardized,Not  Applicable,"Priority 3: Education, Skills And Health",-,"The Social Protection, Community and Human Development cluster",,,,,,,,28 %,,28 %,,Adherence to protocols and guidelines,Sustain,,,,,,,,,,,,,,,191
Health,Health,Limpopo,Programme 4: Provincial Hospital Services,Programme 4: Provincial Hospital Services,Annually,Patient Experience of Care satisfaction rate,Standardized,Not  Applicable,"Priority 3: Education, Skills And Health",-,"The Social Protection, Community and Human Development cluster",,,,,,,,,,,,,,,,,,,,,,,,,,,,191
Health,Health,Limpopo,Programme 4: Provincial Hospital Services,Programme 4: Provincial Hospital Services,Quarterly,2.1 Severity assessment code (SAC) 1 incident reported within 24 hours rate ,Standardized,Not  Applicable,"Priority 3: Education, Skills And Health",3. Provision of quality education and a quality health care system(2019-2024),"The Social Protection, Community and Human Development cluster",100 %,100 %,100 %,100% %,100 %,100% %,100 %,100% %,100 %,100 %,,,,,none ,sustain ,None,Sustain,None,Sustain,None ,Sustain ,,,,,,191
Health,Health,Limpopo,Programme 4: Provincial Hospital Services,Programme 4: Provincial Hospital Services,Quarterly,2.1 Severity assessment code (SAC) 1 incident reported within 24 hours rate (Specialised Hospitals),Standardized,Not  Applicable,"Priority 3: Education, Skills And Health",3. Provision of quality education and a quality health care system(2019-2024),"The Social Protection, Community and Human Development cluster",100 %,100 %,100 %,100% %,100 %,100% %,100 %,100% %,100 %,100 %,,,,,none ,sustain ,none ,sustain,None,Sustain ,None,Sustain,,,,,,191
Health,Health,Limpopo,Programme 4: Provincial Hospital Services,Programme 4: Provincial Hospital Services,Quarterly,2.2 Patient safety incidents  (PSI) case closure rate ,Standardized,Not  Applicable,"Priority 3: Education, Skills And Health",3. Provision of quality education and a quality health care system(2019-2024),"The Social Protection, Community and Human Development cluster",90 %,94.3 %,90 %,100% %,90 %,107.7% %,90 %,103.4% %,90 %,0 %,,,,,"Effective monitoring of PSI

PSI monthly meetings conducted
",sustain,"Monitoring of PSI
through monthly meetings 
",Sustain,Incidences overlapped from 2nd quarter to 3rd quarter,"To close the 
Incidence within the reporting month
",Monthly PSI meetings and effective monitoring of PSI and feedback to facilities,Sustain,,,,,,191
Health,Health,Limpopo,Programme 4: Provincial Hospital Services,Programme 4: Provincial Hospital Services,Quarterly,2.2 Patient safety incidents (PSI) case closure rate (Specialised Hospitals),Standardized,Not  Applicable,"Priority 3: Education, Skills And Health",3. Provision of quality education and a quality health care system(2019-2024),"The Social Protection, Community and Human Development cluster",100 %,88.9 %,100 %,110% %,100 %,100% %,100 %,96.9% %,100 %,0 %,,,,,Incidences were reported towards the end of the month ,"To close the 
 incidences 
 within a month 
",Incidences overlapped to the 2nd quarter,"To close incidences according to the PSI 
Guidelines
",None,Sustain ,Monthly PSI meetings and effective monitoring of PSI and feedback to facilities,Sustain ,,,,,,191
Health,Health,Limpopo,Programme 4: Provincial Hospital Services,Programme 4: Provincial Hospital Services,Quarterly,3.2 Diarrhoea death under 5 years,Standardized,Not  Applicable,"Priority 3: Education, Skills And Health",3. Provision of quality education and a quality health care system(2019-2024),"The Social Protection, Community and Human Development cluster",5,3,5,8,5,8 ,5,9,20,9,,,,,Implementation of policies and guidelines,sustain,Delay in seeking medical help,"Continuous 
awareness 
campaigns on the importance of 
seeking early medical 
help 

","Delay in seeking medical help



Herbal medicine given at home with negative effect 
","Continuous awareness campaigns on the importance of   seeking early medical help 
-Awareness campaigns onon on the dangers of giving  
children herbal 
medicine.
","Late presentation to the facility 



Herbal medicine given at home with negative effect 
","Continuous awareness campaigns on the importance of  
 seeking early
 medical help

Awareness 
campaigns on
 the dangers of giving  
children herbal 
medicine
",,,,,,191
Health,Health,Limpopo,Programme 4: Provincial Hospital Services,Programme 4: Provincial Hospital Services,Quarterly,3.3 Pneumonia death under 5 years,Standardized,Not  Applicable,"Priority 3: Education, Skills And Health",3. Provision of quality education and a quality health care system(2019-2024),"The Social Protection, Community and Human Development cluster",7,16,7,6,7,5,7,6,28,6,,,,,"Delay in seeking medical Help 
 
 
 
 
Herbal intoxication 
 
","To raise  awareness on the importance of seeking  medical help early when babies are sick 
 
To raise awareness on the dangers of giving herbal medicines to babies.  
 
",Implementation of guidelines and protocols,sustain,"Awareness done. Mothers are 
adhering on 
spotting 
the danger signs
 and bringing 
children early.
",Sustain ,"Implementation
of guidelines 
and protocols 
",Sustain,,,,,,191
Health,Health,Limpopo,Programme 4: Provincial Hospital Services,Programme 4: Provincial Hospital Services,Quarterly,3.4 Severe acute malnutrition (SAM) death under 5 years,Standardized,Not  Applicable,"Priority 3: Education, Skills And Health",3. Provision of quality education and a quality health care system(2019-2024),"The Social Protection, Community and Human Development cluster",3,8,3,1,3,4,3,13,12,13,,,,,Delay in seeking medical help ,"To conduct  
awareness to 
caregivers on seeking medical 
help early when 
babies are sick 
 
",Implementation of protocols and guidelines,sustain,"Congenital abnormalities/Heart disease - upper airway obstruction, Baby had feeding difficulties


Delay in seeking medical help
","Genetic counselling 
Multidisciplinary approach in the care e.g. Occupational Therapists and Dieticians



Continuous awareness campaigns on the importance of   seeking early medical help 
","Late presentation to the facility 



Herbal medicine given at home with negative effect 
","Continuous awareness campaigns on the importance of  
 seeking early 
medical help

Awareness 
campaigns on the 
dangers of giving  
children herbal 
medicine
",,,,,,191
Health,Health,Limpopo,Programme 4: Provincial Hospital Services,Programme 4: Provincial Hospital Services,Quarterly,3.5 Death in facility under 5 years,Standardized,Not  Applicable,"Priority 3: Education, Skills And Health",3. Provision of quality education and a quality health care system(2019-2024),"The Social Protection, Community and Human Development cluster",141,175,141,139,141,153 ,141,136,564,136,,,,,"Delay in seeking medical Help 
 
 
 
 
Herbal intoxication 
 


Extreme 
prematurity & congenital abnormalities with poor prognosis and sepsis
","To raise  awareness on the importance of seeking  medical help early when babies are sick 
 
To raise awareness on the dangers of giving herbal medicines to babies.  
 
Expand access to 
Paediatric sub- 
specialities such as Cardiology  
Services 
",Implementation of protocols and guidelines,sustain ,"Extreme prematurity 




Congenital abnormality 
	 -



Delay in seeking medical help 
","Continuous Health promotion on early ANC booking 
Rotation of Midwives from the clinics to Regional Hospitals
All community in-services midwives to be allocated at the hospital for 6monts before allocated at PHC

Continuous awareness campaigns on the importance of   seeking early medical help 
",Implementation of guidelines and protocols,Sustain,,,,,,191
Health,Health,Limpopo,Programme 4: Provincial Hospital Services,Programme 4: Provincial Hospital Services,Quarterly,4.1 Cervical cancer screening,Standardized,Not  Applicable,"Priority 3: Education, Skills And Health",3. Provision of quality education and a quality health care system(2019-2024),"The Social Protection, Community and Human Development cluster",3,78,3,104,2,106,2,142,10,142,,,,,Patients referred from Gynae OPD for screening  ,sustain,Raised awareness with the clinicians to refer/ screen patients.,Sustain,Awareness raised with the clinicians Diagnostic screening performed ,Sustain,Diagnostic screening performed by clinicians ,Sustain,,,,,,191
Health,Health,Limpopo,Programme 4: Provincial Hospital Services,Programme 4: Provincial Hospital Services,Quarterly,Cervical cancer screening,Standardized,Not  Applicable,"Priority 3: Education, Skills And Health",-,"The Social Protection, Community and Human Development cluster",,,,,,,,,,0 %,,,,,,,,,,,,,,,,,,191
Health,Health,Limpopo,Programme 4: Provincial Hospital Services,Programme 4: Provincial Hospital Services,Quarterly,Death in facility under 5 years,Standardized,Not  Applicable,"Priority 3: Education, Skills And Health",-,"The Social Protection, Community and Human Development cluster",,,,,,,,,,0 %,,,,,,,,,,,,,,,,,,191
Health,Health,Limpopo,Programme 4: Provincial Hospital Services,Programme 4: Provincial Hospital Services,Quarterly,Diarrhoea death under 5 years,Standardized,Not  Applicable,"Priority 3: Education, Skills And Health",-,"The Social Protection, Community and Human Development cluster",,,,,,,,,,0 %,,,,,,,,,,,,,,,,,,191
Health,Health,Limpopo,Programme 4: Provincial Hospital Services,Programme 4: Provincial Hospital Services,Quarterly,Patient Safety Incident (PSI) case closure rate,Standardized,Not  Applicable,"Priority 3: Education, Skills And Health",-,"The Social Protection, Community and Human Development cluster",,,,,,,,,,0 %,,,,,,,,,,,,,,,,,,191
Health,Health,Limpopo,Programme 4: Provincial Hospital Services,Programme 4: Provincial Hospital Services,Quarterly,Pneumonia death under 5 years,Standardized,Not  Applicable,"Priority 3: Education, Skills And Health",-,"The Social Protection, Community and Human Development cluster",,,,,,,,,,0 %,,,,,,,,,,,,,,,,,,191
Health,Health,Limpopo,Programme 4: Provincial Hospital Services,Programme 4: Provincial Hospital Services,Quarterly,Severe acute malnutrition (SAM) death under 5 years,Standardized,Not  Applicable,"Priority 3: Education, Skills And Health",-,"The Social Protection, Community and Human Development cluster",,,,,,,,,,0 %,,,,,,,,,,,,,,,,,,191
Health,Health,Limpopo,Programme 4: Provincial Hospital Services,Programme 4: Provincial Hospital Services,Quarterly,Severity assessment code (SAC) 1 incident reported within 24 hours rate,Standardized,Not  Applicable,"Priority 3: Education, Skills And Health",-,"The Social Protection, Community and Human Development cluster",,,,,,,,,,0 %,,,,,,,,,,,,,,,,,,191
Health,Health,Limpopo,Programme 4: Provincial Hospital Services,Sub-Programme 1: General (Regional) Hospitals,Annually,deafult,Not Applicable,Not  Applicable,Not Applicable,-,Not Applicable,,,,,,,,,,,,,,,,,,,,,,,,,,,,191
Health,Health,Limpopo,Programme 4: Provincial Hospital Services,Sub-Programme 1: General (Regional) Hospitals,Quarterly,deafult,Not Applicable,Not  Applicable,Not Applicable,-,Not Applicable,,,,,,,,,,,,,,,,,,,,,,,,,,,,191
Health,Health,Limpopo,Programme 5: Central Hospital Services,Programme 5: Central Hospital Services,Annually,1.1 Patient experience of care satisfaction rate ,Standardized,Not  Applicable,"Priority 3: Education, Skills And Health",3. Provision of quality education and a quality health care system(2019-2024),"The Social Protection, Community and Human Development cluster",,,82 %,73 %,,,,,82 %,73 %,,"Non-compliance on the following priority areas:
-	Cleanliness 
-	Positive values and attitude 
-	Patient waiting time 
",Develop and implement Quality Improvement plan,,,,,,,,,,,,,,,191
Health,Health,Limpopo,Programme 5: Central Hospital Services,Programme 5: Central Hospital Services,Annually,Maternal deaths in facility,Standardized,Not  Applicable,"Priority 3: Education, Skills And Health",-,"The Social Protection, Community and Human Development cluster",,,,,,,,36,,36,,Implementation of protocols and guideline,Sustain,,,,,,,,,,,,,,,191
Health,Health,Limpopo,Programme 5: Central Hospital Services,Programme 5: Central Hospital Services,Annually,Patient Experience of Care satisfaction rate,Standardized,Not  Applicable,"Priority 3: Education, Skills And Health",-,"The Social Protection, Community and Human Development cluster",,,,,,,,,,,,,,,,,,,,,,,,,,,,191
Health,Health,Limpopo,Programme 5: Central Hospital Services,Programme 5: Central Hospital Services,Quarterly,2.1 Severity assessment code (SAC) 1 incident reported within 24 hours rate ,Standardized,Not  Applicable,"Priority 3: Education, Skills And Health",3. Provision of quality education and a quality health care system(2019-2024),"The Social Protection, Community and Human Development cluster",100 %,100 %,100 %,100% %,100 %,100 %,100 %,100% %,100 %,100 %,,,,,none ,sustain ,none ,sustain ,None,Sustain ,None ,sustain ,,,,,,191
Health,Health,Limpopo,Programme 5: Central Hospital Services,Programme 5: Central Hospital Services,Quarterly,2.2 Patient safety incidents (PSI) case closure rate ,Standardized,Not  Applicable,"Priority 3: Education, Skills And Health",3. Provision of quality education and a quality health care system(2019-2024),"The Social Protection, Community and Human Development cluster",90 %,93.2 %,90 %,96.7% %,90 %,109.1% %,90 %,90.4% %,90 %,0 %,,,,,"Effective monitoring of PSI
PSI monthly meetings conducted
",Sustain ,"Monitoring of PSI
through monthly meetings
",sustain ,Incidences overlapped to the 3rd quarter,Sustain ,Monthly PSI meetings and effective monitoring of PSI and feedback to facilities,Sustain,,,,,,191
Health,Health,Limpopo,Programme 5: Central Hospital Services,Programme 5: Central Hospital Services,Quarterly,3.2 Diarrhoea death under 5 years,Standardized,Not  Applicable,"Priority 3: Education, Skills And Health",3. Provision of quality education and a quality health care system(2019-2024),"The Social Protection, Community and Human Development cluster",1,0,1,0,1,1,1,1,4,1,,,,,none ,sustain,Implementation of protocols and guidelines,sustain,None,Sustain,None,Sustain,,,,,,191
Health,Health,Limpopo,Programme 5: Central Hospital Services,Programme 5: Central Hospital Services,Quarterly,3.3 Pneumonia death under 5 years,Standardized,Not  Applicable,"Priority 3: Education, Skills And Health",3. Provision of quality education and a quality health care system(2019-2024),"The Social Protection, Community and Human Development cluster",5,3,4,1,4,1,5,1,18,1,,,,,Intensified health education on early healthcare seeking behaviour for prompt diagnosis and treatment,sustain,Implementation of protocols and guidelines,sustain,Adherence to protocols and guidelines,Sustain,Implementation of protocols and guidelines,Sustain,,,,,,191
Health,Health,Limpopo,Programme 5: Central Hospital Services,Programme 5: Central Hospital Services,Quarterly,3.4 Severe acute malnutrition (SAM) death under 5 years,Standardized,Not  Applicable,"Priority 3: Education, Skills And Health",3. Provision of quality education and a quality health care system(2019-2024),"The Social Protection, Community and Human Development cluster",2,0,1,2,1,1,1,6,5,6,,,,,none ,sustain,"Delay in seeking medical health 

Poor feeding practices 
",To conduct awareness to care givers on seeking medical health early when babies are sick ,None,Sustain,Late presentation to the facility ,Continuous awareness campaigns on the importance of   seeking early medical help,,,,,,191
Health,Health,Limpopo,Programme 5: Central Hospital Services,Programme 5: Central Hospital Services,Quarterly,3.5 Death in facility under 5 years,Standardized,Not  Applicable,"Priority 3: Education, Skills And Health",3. Provision of quality education and a quality health care system(2019-2024),"The Social Protection, Community and Human Development cluster",122,148,122,106,122,108,122,92,489,92,,,,,"Delayed referrals by referring hospitals





Extreme 
prematurity & congenital abnormalities with poor prognosis and sepsis
","Enforce early detection and referrals from district to tertiary level of care



Expand access to 
Paediatric sub- 
specialities such as Cardiology  
Services 
",Implementation of protocols and guidelines,sustain,Adherence to protocols and guidelines,Sustain,Implementation of protocols and guidelines,Sustain,,,,,,191
Health,Health,Limpopo,Programme 5: Central Hospital Services,Programme 5: Central Hospital Services,Quarterly,4.1 Cervical cancer screening,Standardized,Not  Applicable,"Priority 3: Education, Skills And Health",3. Provision of quality education and a quality health care system(2019-2024),"The Social Protection, Community and Human Development cluster",2,,2,16,2,21,2,21,8,21,,,,,,,Patients were referred from GOPD,sustain,Diagnostic screening performed ,Sustain,"
Diagnostic screening performed by clinicians 
",Sustain,,,,,,191
Health,Health,Limpopo,Programme 5: Central Hospital Services,Programme 5: Central Hospital Services,Quarterly,Cervical cancer screening,Standardized,Not  Applicable,"Priority 3: Education, Skills And Health",-,"The Social Protection, Community and Human Development cluster",,,,,,,,,,0 %,,,,,,,,,,,,,,,,,,191
Health,Health,Limpopo,Programme 5: Central Hospital Services,Programme 5: Central Hospital Services,Quarterly,Death in facility under 5 years,Standardized,Not  Applicable,"Priority 3: Education, Skills And Health",-,"The Social Protection, Community and Human Development cluster",,,,,,,,,,0 %,,,,,,,,,,,,,,,,,,191
Health,Health,Limpopo,Programme 5: Central Hospital Services,Programme 5: Central Hospital Services,Quarterly,Diarrhoea death under 5 years,Standardized,Not  Applicable,"Priority 3: Education, Skills And Health",-,"The Social Protection, Community and Human Development cluster",,,,,,,,,,0 %,,,,,,,,,,,,,,,,,,191
Health,Health,Limpopo,Programme 5: Central Hospital Services,Programme 5: Central Hospital Services,Quarterly,Patient Safety Incident (PSI) case closure rate,Standardized,Not  Applicable,"Priority 3: Education, Skills And Health",-,"The Social Protection, Community and Human Development cluster",,,,,,,,,,0 %,,,,,,,,,,,,,,,,,,191
Health,Health,Limpopo,Programme 5: Central Hospital Services,Programme 5: Central Hospital Services,Quarterly,Pneumonia death under 5 years,Standardized,Not  Applicable,"Priority 3: Education, Skills And Health",-,"The Social Protection, Community and Human Development cluster",,,,,,,,,,0 %,,,,,,,,,,,,,,,,,,191
Health,Health,Limpopo,Programme 5: Central Hospital Services,Programme 5: Central Hospital Services,Quarterly,Severe acute malnutrition (SAM) death under 5 years,Standardized,Not  Applicable,"Priority 3: Education, Skills And Health",-,"The Social Protection, Community and Human Development cluster",,,,,,,,,,0 %,,,,,,,,,,,,,,,,,,191
Health,Health,Limpopo,Programme 5: Central Hospital Services,Programme 5: Central Hospital Services,Quarterly,Severity assessment code (SAC) 1 incident reported within 24 hours rate,Standardized,Not  Applicable,"Priority 3: Education, Skills And Health",-,"The Social Protection, Community and Human Development cluster",,,,,,,,,,0 %,,,,,,,,,,,,,,,,,,191
Health,Health,Limpopo,Programme 5: Central Hospital Services,Sub-Programme 1: Central Hospital Services,Annually,deafult,Not Applicable,Not  Applicable,Not Applicable,-,Not Applicable,,,,,,,,,,,,,,,,,,,,,,,,,,,,191
Health,Health,Limpopo,Programme 5: Central Hospital Services,Sub-Programme 1: Central Hospital Services,Quarterly,deafult,Not Applicable,Not  Applicable,Not Applicable,-,Not Applicable,,,,,,,,,,,,,,,,,,,,,,,,,,,,191
Health,Health,Limpopo,Programme 6: Health Sciences and Training,Programme 6: Health Sciences and Training,Annually,Default,Not Applicable,Not  Applicable,Not Applicable,-,Not Applicable,,,,,,,,,,,,,,,,,,,,,,,,,,,,191
Health,Health,Limpopo,Programme 6: Health Sciences and Training,Programme 6: Health Sciences and Training,Annually,Registered nurses in diploma in nursing: General ,Standardized,Not  Applicable,"Priority 3: Education, Skills And Health",3. Provision of quality education and a quality health care system(2019-2024),"The Social Protection, Community and Human Development cluster",,,,,,,150,,150,,,,,,,,,,,,,,,,,,,191
Health,Health,Limpopo,Programme 6: Health Sciences and Training,Programme 6: Health Sciences and Training,Quarterly,Default,Not Applicable,Not  Applicable,Not Applicable,-,Not Applicable,,,,,,,,,,,,,,,,,,,,,,,,,,,,191
Health,Health,Limpopo,Programme 6: Health Sciences and Training,Sub-programme: Nurse Training Colleges,Annually,deafult,Not Applicable,Not  Applicable,Not Applicable,-,Not Applicable,,,,,,,,,,,,,,,,,,,,,,,,,,,,191
Health,Health,Limpopo,Programme 6: Health Sciences and Training,Sub-programme: Nurse Training Colleges,Quarterly,deafult,Not Applicable,Not  Applicable,Not Applicable,-,Not Applicable,,,,,,,,,,,,,,,,,,,,,,,,,,,,191
Health,Health,Limpopo,Programme 7: Health Care Support Services,Programme 7: Health Care Support Services,Annually,Default,Not Applicable,Not  Applicable,Not Applicable,-,Not Applicable,,,,,,,,,,,,,,,,,,,,,,,,,,,,191
Health,Health,Limpopo,Programme 7: Health Care Support Services,Programme 7: Health Care Support Services,Quarterly,1.1 Availability of essential medicines in depot,Standardized,Not  Applicable,"Priority 3: Education, Skills And Health",3. Provision of quality education and a quality health care system(2019-2024),"The Social Protection, Community and Human Development cluster",70 %,77 %,70 %,"81% 
(239/295)
 %",70 %,"83% 
(245/295)
 %",70 %,"86.6%
(255/295)
 %",70 %,77 %,,,,,"Consistent availability of funds

",Sustain,"Consistent availability of funds
Improved management of Provincial Procurement on Quotation (PPQs )
",sustain,"
Consistent availability of funds


",Sustain,Improved availability of medicines budget,Sustain,,,,,,191
Health,Health,Limpopo,Programme 7: Health Care Support Services,Programme 7: Health Care Support Services,Quarterly,1.2 Availability of essential medicines in hospitals,Standardized,Not  Applicable,"Priority 3: Education, Skills And Health",3. Provision of quality education and a quality health care system(2019-2024),"The Social Protection, Community and Human Development cluster",80 %,85 %,80 %,"87% 
(234/269)
 %",80 %,"88% 
(237/269)
 %",80 %,"87.8%
(236/269)
 %",80 %,85 %,,,,,Improved availability at depot,sustain ,Improved availability at depot,sustain,Improved availability of medicine at the depot,Sustain,Improved availability of medicines at depot,Sustain,,,,,,191
Health,Health,Limpopo,Programme 7: Health Care Support Services,Programme 7: Health Care Support Services,Quarterly,1.3 Availability of essential medicines in PHC facilities,Standardized,Not  Applicable,"Priority 3: Education, Skills And Health",3. Provision of quality education and a quality health care system(2019-2024),"The Social Protection, Community and Human Development cluster",80 %,81 %,80 %,"81% 
(66/81)
 %",80 %,"81% 
(66/81)
 %",80 %,"80.6%
(65/81)
 %",80 %,81 %,,,,,Improved availability at hospital and depot,sustain ,Improved availability at hospitals and depot,sustain,Improved availability of medicine at the depot,Sustain,Improved availability of medicines at depot and hospitals,Sustain,,,,,,191
Health,Health,Limpopo,Programme 7: Health Care Support Services,Programme 7: Health Care Support Services,Quarterly,Default,Not Applicable,Not  Applicable,Not Applicable,-,Not Applicable,,,,,,,,,,0,,,,,,,,,,,,,,,,,,191
Health,Health,Limpopo,Programme 7: Health Care Support Services,Sub-Programme 1: Laundry Services,Annually,deafult,Not Applicable,Not  Applicable,Not Applicable,-,Not Applicable,,,,,,,,,,,,,,,,,,,,,,,,,,,,191
Health,Health,Limpopo,Programme 7: Health Care Support Services,Sub-Programme 1: Laundry Services,Quarterly,deafult,Not Applicable,Not  Applicable,Not Applicable,-,Not Applicable,,,,,,,,,,,,,,,,,,,,,,,,,,,,191
Health,Health,Limpopo,Programme 8: Health Facilities Management,Programme 8: Health Facilities Management,Annually,deafult,Non-Standardized,Not  Applicable,Not Applicable,-,Not Applicable,,,,,,,,,,,,,,,,,,,,,,,,,,,,191
Health,Health,Limpopo,Programme 8: Health Facilities Management,Programme 8: Health Facilities Management,Annually,Percentage of Health facilities with completed  capital infrastructure projects,Standardized,Not  Applicable,"Priority 3: Education, Skills And Health",1. Transform the public service for effective and efficient service delivery (2019-2024),"The Social Protection, Community and Human Development cluster",,,,,,,100 %,215 %,100 %,215 %,,Additional projects were implemented during the year to increase rate of expenditure.,sustain.,,,,,,,,,,,,,,,191
Health,Health,Limpopo,Programme 8: Health Facilities Management,Programme 8: Health Facilities Management,Quarterly,Default,Standardized,Not  Applicable,"Priority 3: Education, Skills And Health",-,"The Social Protection, Community and Human Development cluster",,,,,,,,,,,,,,,,,,,,,,,,,,,,191
Health,Health,Limpopo,Programme 8: Health Facilities Management,Sub-Programme 1: Community Health Facilities,Annually,deafult,Not Applicable,Not  Applicable,Not Applicable,-,Not Applicable,,,,,,,,,,,,,,,,,,,,,,,,,,,,191
Health,Health,Limpopo,Programme 8: Health Facilities Management,Sub-Programme 1: Community Health Facilities,Quarterly,deafult,Not Applicable,Not  Applicable,Not Applicable,-,Not Applicable,,,,,,,,,,,,,,,,,,,,,,,,,,,,191
Human Settlements,Human Settlements,Limpopo,Programme 1: Administration,Sub-programme 1.1: Office of the MEC,Annually,Default,Not Applicable,Not  Applicable,Not Applicable,-,Not Applicable,,,,,,,,,,,,,,,,,,,,,,,,,,,,191
Human Settlements,Human Settlements,Limpopo,Programme 1: Administration,Sub-programme 1.1: Office of the MEC,Quarterly,Default,Not Applicable,Not  Applicable,Not Applicable,-,Not Applicable,,,,,,,,,,0,,,,,,,,,,,,,default,default indicator ,default indicator,Default ,,191
Human Settlements,Human Settlements,Limpopo,Programme 1: Administration,Sub-programme 1.2: Corporate Services,Annually,Default,Not Applicable,Not  Applicable,Not Applicable,-,Not Applicable,,,,,,,,,,,,,,,,,,,,,,,,,,,,191
Human Settlements,Human Settlements,Limpopo,Programme 1: Administration,Sub-programme 1.2: Corporate Services,Quarterly,Default,Not Applicable,Not  Applicable,Not Applicable,-,Not Applicable,,,,,,,,,,0,,,,,,,,,,,,,default ,default indicator ,default indicator,Default indicator ,,191
Human Settlements,Human Settlements,Limpopo,"Programme 2: Housing Needs, Research and Planning",Sub-programme 2.1: Administration ,Annually,Default,Not Applicable,Not  Applicable,Not Applicable,-,Not Applicable,,,,,,,,,,,,,,,,,,,,,,,,,,,,191
Human Settlements,Human Settlements,Limpopo,"Programme 2: Housing Needs, Research and Planning",Sub-programme 2.1: Administration ,Quarterly,Default,Not Applicable,Not  Applicable,Not Applicable,-,Not Applicable,,,,,,,,,,0,,,,,,,,,,,,,default,default indicator ,default indicator,Default indicator ,,191
Human Settlements,Human Settlements,Limpopo,"Programme 2: Housing Needs, Research and Planning",Sub-programme 2.2: Policy,Annually,Default,Not Applicable,Not  Applicable,Not Applicable,-,Not Applicable,,,,,,,,,,,,,,,,,,,,,,,,,,,,191
Human Settlements,Human Settlements,Limpopo,"Programme 2: Housing Needs, Research and Planning",Sub-programme 2.2: Policy,Quarterly,Default,Not Applicable,Not  Applicable,Not Applicable,-,Not Applicable,,,,,,,,,,0,,,,,,,,,,,,,default,,default indicator,Default indicator ,,191
Human Settlements,Human Settlements,Limpopo,"Programme 2: Housing Needs, Research and Planning",Sub-programme 2.3: Planning,Annually,2.1.1.	Multiyear Human Settlements Development Plan Developed,Non-Standardized,Not  Applicable,"Priority 5: Spatial Integration, Human Settlements and Local Government",5. Accelerate social change and improve quality of life of Limpopo’s citizens (2019-2024),"Governance, State Capacity and Institutional Development cluster",,,,,,,Developed Multiyear Human Settlements Development Plan,Multiyear Human Settlements Development Plan has been approved.,Developed Multiyear Human Settlements Development Plan,Multiyear Human Settlements Development Plan has been approved.,,N/A,N/A,,,,,,,,,,,,,,,191
Human Settlements,Human Settlements,Limpopo,"Programme 2: Housing Needs, Research and Planning",Sub-programme 2.3: Planning,Annually,2.2.2.	Hectares of land acquired,Non-Standardized,Not  Applicable,"Priority 5: Spatial Integration, Human Settlements and Local Government",4. Integrated and sustainable socio-economic infrastructure development (2019-2024),"The Economic Sectors, Employment and Infrastructure Development cluster",,,,,,,20,0,20,0,,"The property Portions 21,22 & 24 farm Vogelenzang 3 MT in Musina the owner is unwilling to accept the offer on Department Public Works retail price",The Department opted to buy the land in Makhado Municipality erf 4660-4842 Louis Trichardt Ext. 8. The land to be pursued in the 2025/26,,,,,,,,,,,,,,,191
Human Settlements,Human Settlements,Limpopo,"Programme 2: Housing Needs, Research and Planning",Sub-programme 2.3: Planning,Annually,2.2.5.	Number of informal settlements with approved layouts,Non-Standardized,Not  Applicable,"Priority 5: Spatial Integration, Human Settlements and Local Government",4. Integrated and sustainable socio-economic infrastructure development (2019-2024),"The Economic Sectors, Employment and Infrastructure Development cluster",,,,,,,2 informal Settlements with approved layouts,2,2 informal Settlements with approved layouts,2,,N/A,N/A,,,,,,,,,,,,,,,191
Human Settlements,Human Settlements,Limpopo,"Programme 2: Housing Needs, Research and Planning",Sub-programme 2.3: Planning,Annually,Default,Not Applicable,Not  Applicable,Not Applicable,-,Not Applicable,,,,,,,,,,,,,,,,,,,,,,,,,,,,191
Human Settlements,Human Settlements,Limpopo,"Programme 2: Housing Needs, Research and Planning",Sub-programme 2.3: Planning,Quarterly,2.2.3.	Number of consumer workshops on Human Settlements programmes for housing beneficiaries,Non-Standardized,Not  Applicable,"Priority 5: Spatial Integration, Human Settlements and Local Government",4. Integrated and sustainable socio-economic infrastructure development (2019-2024),"The Economic Sectors, Employment and Infrastructure Development cluster",5,5,5,"5 Villages (Ga Ribu, Regorogile, Watervaal,Ha-Mavhunga and Mamaila village",5,5,5,5,20,5,,,,,None ,None,N/A,N/A,None ,N/A,N/A,N/A,target met ,target met ,target achieved,Achieved ,,191
Human Settlements,Human Settlements,Limpopo,"Programme 2: Housing Needs, Research and Planning",Sub-programme 2.3: Planning,Quarterly,Number of integrated implementation programmes for priority development areas completed per year,Standardized,Not  Applicable,"Priority 5: Spatial Integration, Human Settlements and Local Government",-,"The Social Protection, Community and Human Development cluster",0,0,0,,0,0,0,,0,0,,,,,N/A,N/A,,,,,,,default,cumulative target ,target not performed ,Not achieved (no performance output reported),Misalignment between APP and EQPR  targets,191
Human Settlements,Human Settlements,Limpopo,"Programme 2: Housing Needs, Research and Planning",Sub-programme 2.3: Planning,Quarterly,Percentage of investment of the total Human Settlements allocation in PDAs,Standardized,Not  Applicable,"Priority 5: Spatial Integration, Human Settlements and Local Government",-,"The Social Protection, Community and Human Development cluster",5 %,17 %,10 %,19% %,10 %,13 %,5 %,9 %,30 %,17 %,,,,,Most projects are allocated in PDA’s.,N/A,Most of the projects are within the PDA`s,N/A,Most projects are implemented in the PDA’s,N/A,Additional Budget allocation,N/A,target met ,target met ,target achieved ,Achieved ,Misalignment between APP and EQPR  targets,191
Human Settlements,Human Settlements,Limpopo,"Programme 2: Housing Needs, Research and Planning",Sub-programme 2.3: Planning,Quarterly,Percentage of land acquired during 2014-2019 within the PDA’s rezoned ,Standardized,Not  Applicable,"Priority 5: Spatial Integration, Human Settlements and Local Government",-,"The Social Protection, Community and Human Development cluster",0 %,0 %,0 %,,0 %,0 %,0 %,,0 %,0 %,,,,,N/A,N/A,,,,,,,default ,cumulative target ,target not performed ,Not achieved (no performance output reported),Misalignment between APP and EQPR  targets,191
Human Settlements,Human Settlements,Limpopo,"Programme 2: Housing Needs, Research and Planning",Sub-programme 2.4: Research,Annually,Default,Not Applicable,Not  Applicable,Not Applicable,-,Not Applicable,,,,,,,,,,,,,,,,,,,,,,,,,,,,191
Human Settlements,Human Settlements,Limpopo,"Programme 2: Housing Needs, Research and Planning",Sub-programme 2.4: Research,Quarterly,Default,Not Applicable,Not  Applicable,Not Applicable,-,Not Applicable,,,,,,,,,,0,,,,,,,,,,,,,default ,default indicator ,default indicator ,Default indicator ,,191
Human Settlements,Human Settlements,Limpopo,Programme 3: Housing Development,Sub-programme 3.1: Administration,Annually,Default,Not Applicable,Not  Applicable,Not Applicable,-,Not Applicable,,,,,,,,,,,,,,,,,,,,,,,,,,,,191
Human Settlements,Human Settlements,Limpopo,Programme 3: Housing Development,Sub-programme 3.1: Administration,Quarterly,Default,Not Applicable,Not  Applicable,Not Applicable,-,Not Applicable,,,,,,,,,,0,,,,,,,,,,,,,default ,default indicator ,,Default indicator ,,191
Human Settlements,Human Settlements,Limpopo,Programme 3: Housing Development,Sub-programme 3.2: Financial Interventions,Annually,Default,Not Applicable,Not  Applicable,Not Applicable,-,Not Applicable,,,,,,,,,,,,,,,,,,,,,,,,,,,,191
Human Settlements,Human Settlements,Limpopo,Programme 3: Housing Development,Sub-programme 3.2: Financial Interventions,Quarterly,Number of households that received subsidies through FLISP (Finance Linked Individual Subsidy Programme),Standardized,Not  Applicable,"Priority 5: Spatial Integration, Human Settlements and Local Government",-,"The Social Protection, Community and Human Development cluster",15,0,15,0,15,0,25,74,70,74,,,,,Amount available at RISIMA which was anticipated to be rolled over to the 2024/25 financial year was exhausted. ,RISIMA requested the department to use their funds which will then be reimbursed during budget adjustment. ,Unavailability of funds,Reprioritization of budget will be made during the Business Plan Adjustment to allocate budget. 45 application forms were submitted and assessed awaiting for budget for disbursement.,The balance that was available got exhausted before the beginning of 2024/2025 financial year.   ,Funding for the programme was gazzeted during 3rd quarter and the request for concurrence was sent to National Department of Human Settlements.,Over achievement due to more beneficiaries receiving subsidies ,N/A,target not met ,target not met ,target not achieved,Achieved ,Misalignment between APP and EQPR  targets,191
Human Settlements,Human Settlements,Limpopo,Programme 3: Housing Development,Sub-programme 3.3: Incremental Interventions,Annually,2.2.1.	Number of municipalities supported for human settlements post accreditation,Non-Standardized,Not  Applicable,"Priority 5: Spatial Integration, Human Settlements and Local Government",4. Integrated and sustainable socio-economic infrastructure development (2019-2024),"The Economic Sectors, Employment and Infrastructure Development cluster",,,,,,,6 Municipalities supported on post accreditation Level 1 and 1 Municipality supported on post level 2 accreditation,2,6 Municipalities supported on post accreditation Level 1 and 1 Municipality supported on post level 2 accreditation,2,,Other five (5) level 1 municipalities were supported in prior quarters.,An annual post accreditation support Plan has been developed for effective stakeholder engagement and efficient implementation,,,,,,,,,,,,,,,191
Human Settlements,Human Settlements,Limpopo,Programme 3: Housing Development,Sub-programme 3.3: Incremental Interventions,Annually,Number of informal settlements upgraded to phase 3 of the Upgrading of Informal Settlements Programme (UISP),Standardized,Not  Applicable,"Priority 5: Spatial Integration, Human Settlements and Local Government",-,"The Social Protection, Community and Human Development cluster",,,,,,,4,5,4,5,,1 project was a roll over from prior year,N/A,,,,,,,,,,,,,,,191
Human Settlements,Human Settlements,Limpopo,Programme 3: Housing Development,Sub-programme 3.3: Incremental Interventions,Quarterly,Number of Breaking New Ground (BNG) houses delivered,Standardized,Not  Applicable,"Priority 5: Spatial Integration, Human Settlements and Local Government",-,"The Social Protection, Community and Human Development cluster",2076,1062,1440,1549,714,1640,325,815,4555,5066,,,,,"e District.
 Delay in enrolments of projects for 2024/25 financial year with NHBRC due to reduction of budget allocation.
Tedious process of introduction of contractors to traditional leaders demanding exorbitant “Lotsha” frees.
Business forums demanding exorbitant rate.
Non-performance by rollover contractor in Sekhukhune District.
","Enrolled projects are handed over to Municipalities and contractors have taken site.

Meetings were held with the relevant stakeholders to resolve the issues.

Mora letter sent to the contractor.


",Over performance due to recovery from quarter 1.,Projects enrolled and contractors have taken sites.,Recovery from previous quarters,N/A,Target was exceeded due to the implementation of turnaround strategy,N/A,target not met ,target met ,target achieved ,Achieved ,Misalignment between APP and EQPR  targets,191
Human Settlements,Human Settlements,Limpopo,Programme 3: Housing Development,Sub-programme 3.3: Incremental Interventions,Quarterly,Number of serviced sites delivered,Standardized,Not  Applicable,"Priority 5: Spatial Integration, Human Settlements and Local Government",-,"The Social Protection, Community and Human Development cluster",1593,0,1221,1185,1327,86,1168,1983,5309,3254,,,,,"Municipality delayed signing the happy letters for the completed project in Masakaneng.
Inconsistency support by the community caused great project disturbance even after numerous meetings.
","Reminder was sent to the Municipality 

Political intervention was done by the MEC at Elias Motswaledi Municipality and also in Modimolle/Mookgophong Municipality in the present of the Mayor.
",Underperformance is due to the project stoppage of 4 projects by SAHRA claiming that the project is tempering with heritage site in Bela Bela Ext 25 and stoppage of 6 projects in Elias Motsoaledi municipality,"The negotiations are underway with SAHRA to allow the projects to proceed.
The project stoppage in Elias Motsoaledi was resolved   and 6 contractors are on site
","SARHA wrote a letter to the Department to stop the projects in Bela Bela Ext 25 due to allegations that the projects are implemented on Heritage site and that led to cessation of the projects. 

Projects affected by the encroachments of shacks in Waterberg District Vaalwater extension five. ","N/A
The Department is in the process of appointing the Archeologist to deal with the matter




Meeting was conducted with municipality and service provider will continue with the design.
",Target was exceeded due to the implementation of turnaround strategy,N/A,target not met ,target met ,target not achieved ,Achieved ,Misalignment between APP and EQPR  targets,191
Human Settlements,Human Settlements,Limpopo,Programme 3: Housing Development,Sub-programme 3.4: Social and Rental Intervention,Annually,2.3.5.	Number of reports compiled by Rental Disputes Tribunal and Housing Advisory Panel ,Non-Standardized,Not  Applicable,"Priority 5: Spatial Integration, Human Settlements and Local Government",4. Integrated and sustainable socio-economic infrastructure development (2019-2024),"The Economic Sectors, Employment and Infrastructure Development cluster",,,,,,,1,1,1,1,,N/A,N/A,,,,,,,,,,,,,,,191
Human Settlements,Human Settlements,Limpopo,Programme 3: Housing Development,Sub-programme 3.4: Social and Rental Intervention,Annually,Default,Not Applicable,Not  Applicable,Not Applicable,-,Not Applicable,,,,,,,,,0,,,,,,,,,,,,,,,,,,,191
Human Settlements,Human Settlements,Limpopo,Programme 3: Housing Development,Sub-programme 3.4: Social and Rental Intervention,Quarterly,2.2.9.	Number of job opportunities created through construction of houses and servicing of sites,Non-Standardized,Not  Applicable,"Priority 5: Spatial Integration, Human Settlements and Local Government",4. Integrated and sustainable socio-economic infrastructure development (2019-2024),"The Economic Sectors, Employment and Infrastructure Development cluster",1440,238,800,734,512,143,448,202,3200,1317,,,,,"Contractors do not report job creations due to permanent labourers that are hired by the contractors.
Delay in enrolment of 2024/25 financial year projects to commence with construction.","Contractors submitted permanent employees on each claim.

Correspondence issued to Planning Unit to expedite enrolment.
",Not all contractors are reporting on jobs created and the appointment of foreign nationals without work permits.,Construction Project Managers enforce the SLA provisions on regarding noncompliance and compile list of foreign nationals to assess its impact.,Non-payment of contractors by the Department due to budget ,Department received additional funds from Provincial Treasury.,"Most of the contractors do not report new job creation due to permanent employees that contractors are using.

Contractors are appointing foreign national without work permit
","Contractors were issued with EPWP proforma contract and reporting templates.

2025/26 were amended to include job created per each contract
",target not met ,target not achieved ,target not achieved ,Not achieved ,,191
Human Settlements,Human Settlements,Limpopo,Programme 3: Housing Development,Sub-programme 3.4: Social and Rental Intervention,Quarterly,Number of Community Residential Units (CRU) delivered,Standardized,Not  Applicable,"Priority 5: Spatial Integration, Human Settlements and Local Government",-,"The Social Protection, Community and Human Development cluster",100,0,150,0,150,0,114,0,514,0,,,,,Poor performance by the contractor,Letter issued to the contractor for poor performance.,Under performance by the contractor.,Acceleration plan was developed with revised project programme to fast track and crash the schedule to complete the project within the financial year.,"Under performance by
the Contractor.
",Close monitoring of the implementation plan to ensure the achievement of the milestones.,"Stoppages of the project by subcontractors demanding the payment rate increases.


Excessive rainfalls during December 2024 and January 2025 in Lephalale causing floods
","The department has since reviewed contract amount by effecting the cost price adjustment for the contractor to be paid on the current rates

Contractor has since resume sites on 17 February 2025
",target not met ,target not achieved ,target not achieved ,Not achieved ,Misalignment between APP and EQPR  targets,191
Human Settlements,Human Settlements,Limpopo,Programme 3: Housing Development,Sub-programme 3.4: Social and Rental Intervention,Quarterly,Number of rental social housing units delivered,Standardized,Not  Applicable,"Priority 5: Spatial Integration, Human Settlements and Local Government",-,"The Social Protection, Community and Human Development cluster",0,0,0,,0,,0,,0,0,,,,,,,,,,,,,default,cumulative target ,target not achieved ,Not achieved (no performance output reported),,191
Human Settlements,Human Settlements,Limpopo,Programme 3: Housing Development,Sub-programme 3.5: Rural Intervention,Annually,Default,Not Applicable,Not  Applicable,Not Applicable,-,Not Applicable,,,,,,,,,,,,,,,,,,,,,,,,,,,,191
Human Settlements,Human Settlements,Limpopo,Programme 3: Housing Development,Sub-programme 3.5: Rural Intervention,Quarterly,Default,Not Applicable,Not  Applicable,Not Applicable,-,Not Applicable,,,,,,,,,,0,,,,,,,,,,,,,default ,default indicator ,default indicator  ,Default indicator ,,191
Human Settlements,Human Settlements,Limpopo,Programme 4: Housing Asset Management ,Sub-programme 4.1: Administration ,Annually,Default,Not Applicable,Not  Applicable,Not Applicable,-,Not Applicable,,,,,,,,,,,,,,,,,,,,,,,,,,,,191
Human Settlements,Human Settlements,Limpopo,Programme 4: Housing Asset Management ,Sub-programme 4.1: Administration ,Quarterly,Default,Not Applicable,Not  Applicable,Not Applicable,-,Not Applicable,,,,,,,,,,0,,,,,,,,,,,,,default ,default indicator ,default indicator,Default indicator ,,191
Human Settlements,Human Settlements,Limpopo,Programme 4: Housing Asset Management ,Sub-programme 4.2: Sale and transfer of Housing Properties,Annually,2.3.6.	Number of Housing Subsidy Applications approved through Housing Subsidy System ,Non-Standardized,Not  Applicable,"Priority 5: Spatial Integration, Human Settlements and Local Government",4. Integrated and sustainable socio-economic infrastructure development (2019-2024),"The Economic Sectors, Employment and Infrastructure Development cluster",,,,,,,1,,1,,,,,,,,,,,,,,,,,,,191
Human Settlements,Human Settlements,Limpopo,Programme 4: Housing Asset Management ,Sub-programme 4.2: Sale and transfer of Housing Properties,Annually,Default,Not Applicable,Not  Applicable,Not Applicable,-,Not Applicable,,,,,,,,,,,,,,,,,,,,,,,,,,,,191
Human Settlements,Human Settlements,Limpopo,Programme 4: Housing Asset Management ,Sub-programme 4.2: Sale and transfer of Housing Properties,Quarterly,2.3.6.	Number of Housing Subsidy Applications approved through Housing Subsidy System ,Non-Standardized,Not  Applicable,"Priority 5: Spatial Integration, Human Settlements and Local Government",4. Integrated and sustainable socio-economic infrastructure development (2019-2024),"The Economic Sectors, Employment and Infrastructure Development cluster",3644,2759,911,1027,0,188,0,,4555,3974,,,,,Delay in re-alignment of units to cater for the budget reduction,Alignment of units finalized.,Over performance due to recovery from quarter 1. Development areas finalized. ,N/A,Recovery from previous quarters,N/A,,,target not met ,target achieved ,target achieved ,Not achieved (no performance output reported),,191
Human Settlements,Human Settlements,Limpopo,Programme 4: Housing Asset Management ,Sub-programme 4.2: Sale and transfer of Housing Properties,Quarterly,Number of New title deeds registered,Standardized,Not  Applicable,"Priority 5: Spatial Integration, Human Settlements and Local Government",-,"The Social Protection, Community and Human Development cluster",0,,131,21,244,12,216,225,591,258,,,,,,,Unavailability of letter of authorities from beneficiaries delays the process of service providers to register the properties. Unavailability of section 82 certificates at municipalities.,Provide consumer education to dependants of deceased beneficiaries.  Municipalities to expedite issuance of section 82 certificates.,Target achieved in previous quarters ,N/A,"Letters and emails were written to municipalities requesting the issuance of section 82 certificates

Service Provider were requested to assist in applying for lost copy

Consumer education on letters of authorities during physical verification
",N/A,target not met ,target not achieved ,target not achieved,Achieved ,Misalignment between APP and EQPR  targets,191
Human Settlements,Human Settlements,Limpopo,Programme 4: Housing Asset Management ,Sub-programme 4.2: Sale and transfer of Housing Properties,Quarterly,Number of Post- 2014 title deeds registered,Standardized,Not  Applicable,"Priority 5: Spatial Integration, Human Settlements and Local Government",-,"The Social Protection, Community and Human Development cluster",0,,88,29,124,151,113,180,325,360,,,,,,,Unavailability of letter of authorities from beneficiaries delays the process of service providers to register the properties. Unavailability of section 82 certificates at municipalities. ,Provide consumer education to dependants of deceased beneficiaries.  Municipalities to expedite issuance of section 82 certificates.,Recovery from previous quarter,N/A,"Clearance and Section 82 certificates were issued by Modimolle Mookgopong and Polokwane municipalities
Consumer education on letters of authorities
",N/A,target not met ,target not achieved ,target achieved ,Achieved ,Misalignment between APP and EQPR  targets,191
Human Settlements,Human Settlements,Limpopo,Programme 4: Housing Asset Management ,Sub-programme 4.2: Sale and transfer of Housing Properties,Quarterly,Number of Post-1994 title deeds registered,Standardized,Not  Applicable,"Priority 5: Spatial Integration, Human Settlements and Local Government",-,"The Social Protection, Community and Human Development cluster",0,,148,10,150,172,216,84,514,266,,,,,,,Unavailability of letter of authorities from beneficiaries delays the process of service providers to register the properties. Unavailability of section 82 certificates at municipalities,Provide consumer education to all potential beneficiaries including dependents of deceased beneficiaries during beneficiary verification process. Develop  readiness matrix for assessment of the township before appointment of the service provider.,Recovery from previous quarter,N/A,"Unavailability of section 82 certificates at municipalities

Unavailability of letters of authority for deceased beneficiaries

Lack of Township title at Deeds Office and Thabazimbi Local Municipality
","Letters and emails were written to municipalities requesting the issuance of section 82 certificates

Service Provider were requested to assist in applying for lost copy

Consumer education on letters of authorities during physical verification
",target not met ,target not achieved ,target achieved ,Not achieved ,Misalignment between APP and EQPR  targets,191
Human Settlements,Human Settlements,Limpopo,Programme 4: Housing Asset Management ,Sub-programme 4.2: Sale and transfer of Housing Properties,Quarterly,Number of Pre-1994 title deeds registered,Standardized,Not  Applicable,"Priority 5: Spatial Integration, Human Settlements and Local Government",-,"The Social Protection, Community and Human Development cluster",10,0,10,13,5,11,5,4,30,28,,,,,"Delay by the following municipalities to provide the   required documents for transfer of properties to be effected; Giyani, Tzaneen and Mogalakwena Local Municipalities e.g exemption certificates to finalize the transfers",The matter was resolved later in the quarter.,"Acceleration by service provider collecting
documents from 
beneficiaries.  
",FICA documents collected,Recovery from previous quarter,N/A,Unavailability of clearance certificates at FetakgomoTubatse Local Municipality,Letter written to Fetakgomo-Tubatse municipality requesting clearance certificates,target not met ,target achieved ,target achieved ,Not achieved ,Misalignment between APP and EQPR  targets,191
Human Settlements,Human Settlements,Limpopo,Programme 4: Housing Asset Management ,Sub-programme 4.3: Devolution of Housing Properties ,Annually,Default,Not Applicable,Not  Applicable,Not Applicable,-,Not Applicable,,,,,,,,,,,,,,,,,,,,,,,,,,,,191
Human Settlements,Human Settlements,Limpopo,Programme 4: Housing Asset Management ,Sub-programme 4.3: Devolution of Housing Properties ,Quarterly,Default,Not Applicable,Not  Applicable,Not Applicable,-,Not Applicable,,,,,,,,,,0,,,,,,,,,,,,,default ,default indicator ,default indicator ,Default indicator ,,191
Human Settlements,Human Settlements,Limpopo,Programme 4: Housing Asset Management ,Sub-programme 4.4: Housing Properties Maintenance ,Annually,Default,Not Applicable,Not  Applicable,Not Applicable,-,Not Applicable,,,,,,,,,,,,,,,,,,,,,,,,,,,,191
Human Settlements,Human Settlements,Limpopo,Programme 4: Housing Asset Management ,Sub-programme 4.4: Housing Properties Maintenance ,Quarterly,Default,Not Applicable,Not  Applicable,Not Applicable,-,Not Applicable,,,,,,,,,,0,,,,,,,,,,,,,default ,default indicator,default indicator ,Default indicator ,,191
