Sector,Institution,Programme,SubProgramme,Location,Frequency,Indicator,Type,SubType,Outcome,Cluster,Target_Q1,ActualOutput_Q1,Target_Q2,ActualOutput_Q2,Target_Q3,ActualOutput_Q3,Target_Q4,ActualOutput_Q4,AnnualTarget_Summary2,Preliminary_Summary2,PrelimaryAudited_Summary2,ReasonforDeviation_Summary,CorrectiveAction_Summary,ValidatedAudited_Summary2,ReasonforDeviation_Q1,CorrectiveAction_Q1,ReasonforDeviation_Q2,CorrectiveAction_Q2,ReasonforDeviation_Q3,CorrectiveAction_Q3,ReasonforDeviation_Q4,CorrectiveAction_Q4,DesiredPerformance,UID
,"Agriculture, Land Reform and Rural Development",National,Programme 1: Administration,Financial Management Services,Annually,1.1.1 Unqualified audit opinion,Non-Standardized,Not  Applicable,"Priority 1: A Capable, Ethical and Developmental State","Governance, State Capacity and Institutional Development cluster",,,"Unqualified audit opinion on
the 2023/24 annual financial
statements","Unqualified audit opinion on the 2023/24 annual financial statements was achieved  
",,,,,"Unqualified audit opinion on
the 2023/24 annual financial
statements",,,N/A,N/A,,,,,,,,,,,140
,"Agriculture, Land Reform and Rural Development",National,Programme 1: Administration,Financial Management Services,Quarterly,1.2.1 Percentage of valid invoices paid within 30 days ,Non-Standardized,Not  Applicable,"Priority 1: A Capable, Ethical and Developmental State","Governance, State Capacity and Institutional Development cluster",100 %,92 %,100 %,96 %,100 %,98 %,100 %,97 %,100 %,97 %,,,,,Delays by business units to approve invoices for processing,Invoices tracking system is being used with nodal points for better control.,"Delays to submit invoices for processing, system error, rejection on safety web and in realignment of the budget impacted on the non-achievement of the set target ","Investigating the possibility of implementing an invoice tracking system
","1. Delay by users to verify invoices and resolve queries pertaining to invoices.
2. No authorizer at PSSC. 
3. Backlog due to capacity constrains. 
4. Bank details reject/query. 
","Investigating the possibility of implementing an invoice tracking system and issuing of non-compliance letters to managers.
","Delay by users to verify invoices and resolve queries pertaining to 
invoices.
Backlog due to capacity constraints. 
No budget on SCOA items
",None,,140
,"Agriculture, Land Reform and Rural Development",National,"Programme 2: Agricultural Production, Biosecurity and Natural Resources Management",Animal Production and Health,Quarterly,3.1.2 Number of animal disease risk surveillances conducted,Non-Standardized,Not  Applicable,Priority 2: Economic Transformation And Job Creation,"The Economic Sectors, Employment and Infrastructure Development cluster","3 animal disease
risk surveillances
conducted (CBPP,
PPR and FMD)","3 Animal disease risk surveillance were conducted(CBPP,PPR and FMD)
","3 animal disease
risk surveillances
conducted (CBPP,
PPR and FMD)","3 Animal disease risk surveillance were conducted (CBPP, PPR and FMD)
","3 animal disease
risk surveillances
conducted (CBPP,
PPR and FMD)",3,"3 animal disease
risk surveillances
conducted (CBPP,
PPR and FMD)","3 animal disease (CBPP, PPR and FMD) risk surveillances were conducted","3 animal disease
risk surveillances
conducted (CBPP,
PPR and FMD)",-,,,,,N/A,N/A,N/A,N/A,N/A,N/A,N/A,N/A,,140
,"Agriculture, Land Reform and Rural Development",National,"Programme 2: Agricultural Production, Biosecurity and Natural Resources Management",Natural Resources and Disaster Management,Quarterly,2.2.1 Number of provinces with delineated protected agricultural areas (PAAs),Non-Standardized,Not  Applicable,Priority 2: Economic Transformation And Job Creation,"The Economic Sectors, Employment and Infrastructure Development cluster","Spatial
delineation—LP",Spatial delineation for Limpopo (LP) on grazing protected agricultural area (PAA) was  conducted,"Spatial
delineation—WC",Spatial delineation for Western Cape (WC) on grazing protected agricultural area (PAA) was conducted,"Spatial
delineation—EC",1Province (EC) was delineated for grazing PAA ,"3 provinces with
grazing PAAs (LP,
WC and EC)","Spatial delineation for 3 provinces (EC,LP and WC) on grazing protected agricultural areas were conducted","3 provinces with
grazing PAAs (LP,
WC and EC)",-,,,,,N/A,N/A,N/A,N/A,N/A,N/A,N/A,N/A,,140
,"Agriculture, Land Reform and Rural Development",National,"Programme 2: Agricultural Production, Biosecurity and Natural Resources Management",Natural Resources and Disaster Management,Quarterly,3.2.1 Number of subsistence producers supported with integrated bioenergy (biogas) technology,Non-Standardized,Not  Applicable,Priority 2: Economic Transformation And Job Creation,"The Economic Sectors, Employment and Infrastructure Development cluster",3,3,4,"

4",3,3,3,3,13,13,,,,,N/A,N/A,N/A,N/A,N/A,N/A,N/A,N/A,,140
,"Agriculture, Land Reform and Rural Development",National,"Programme 2: Agricultural Production, Biosecurity and Natural Resources Management",Plant Production and Health,Annually,2.1.1 Number of hemp demonstration sites established,Not Applicable,Not  Applicable,Priority 2: Economic Transformation And Job Creation,Not Applicable,,,,,,,9,9,9,,,N/A,N/A,,,,,,,,,,,140
,"Agriculture, Land Reform and Rural Development",National,"Programme 2: Agricultural Production, Biosecurity and Natural Resources Management",Plant Production and Health,Quarterly,3.1.1 Number of plant pest risk surveillances conducted,Non-Standardized,Not  Applicable,Priority 2: Economic Transformation And Job Creation,Not Applicable,"3 plant pest risk
surveillances
conducted (Exotic
fruit fly, citrus
greening survey
and BBTV)","3 Plant Pest risk surveillance were conducted( Exotic fruity fly, citrus greening survey and BBTV)
","3 plant pest risk
surveillances
conducted (Exotic
fruit fly, citrus
greening survey
and BBTV)","3 Plant Pest risk surveillance were conducted( Exotic fruity fly, citrus greening survey and BBTV)
","3 plant pest risk
surveillances
conducted (Exotic
fruit fly, citrus
greening survey
and BBTV)",3,"3 plant pest risk
surveillances
conducted (Exotic
fruit fly, citrus
greening survey
and BBTV)","3 Plant pest (Exotic fruit fly, citrus greening survey and BBTV)risk surveillances were conducted ","3 plant pest risk
surveillances
conducted (Exotic
fruit fly, citrus
greening survey
and BBTV)",-,,,,,N/A,N/A,N/A,N/A,N/A,N/A,N/A,N/A,,140
,"Agriculture, Land Reform and Rural Development",National,"Programme 3: Food Security, Land Reform and Restitution",Food Security,Annually,5.1.1 Number of new students enrolled at agricultural training institutes,Non-Standardized,Not  Applicable,"Priority 3: Education, Skills And Health","The Social Protection, Community and Human Development cluster",,,,,,,800,811,800,,,"The achievement of higher number is due to increased number of applications for admission received, and this influenced the colleges to reconsider their admission targets and accept a little more students than initially planned.",Not applicable,,,,,,,,,,,140
,"Agriculture, Land Reform and Rural Development",National,"Programme 3: Food Security, Land Reform and Restitution",Food Security,Quarterly,5.3.1 Number of producers supported through Blended Finance Scheme,Non-Standardized,Not  Applicable,Priority 2: Economic Transformation And Job Creation,Not Applicable,25,0,25,0,25,77,25,0,100,77,,,,,"The quarter one reports from the Participating Financial Institutions (PFI) is received 30 days after the end of the quarter according to the MOAs signed. This is to allow the banks enough time to consolidate all the reports required. 
",The Q1 report will be submitted to M&E when received and will be reflected in the Q2 reporting period. Attempts are being made to ensure the banks provide a preliminary list of supported producers on the 10th after the end of the quarter and the rest of the reports 30 days after the end of the quarter as per the signed agreements. ,"A total of  66 producers supported in Q2 (59 Land Bank BFS , 6 Agro Energy Fund @Land Bank  and 1 IDC BFS). Request for additional POE as per TIDs was submitted to the branch FSAR.
","To engage the branch with the purpose of fast-racking the submission of outstanding information. 
","
The Blended Finance Scheme is demand driven and leverage on additional funding (loan) from the bank. Furthermore Land Bank perfected their screening, due diligence and approval turn-around. 
","None because the scheme is demand driven
","A total of 70 (68 Land Bank and 2 ABSA)  were reported to have been supported. The collation of  required information for validation of complete evidence is in progress.
",The outcome of validation process will be included in the annual report.. ,,140
,"Agriculture, Land Reform and Rural Development",National,"Programme 3: Food Security, Land Reform and Restitution",Land Redistribution and Tenure Reform,Quarterly,4.1.1 Number of Communal Property Associations Executive Committee members trained on governance,Non-Standardized,Not  Applicable,"Priority 3: Education, Skills And Health",Not Applicable,145,254,234,240,253,249,123,196,755,196,,,,,"Overachievement on the set targets is a result of the Tenure Unit prioritizing all the newly registered CPAs and those that are currently non-compliant

",N/A,"More than anticipated members arrived at the training however, they were allowed because there were no cost implications.
",N/A,"The overachievement in Q1, Q2 targets have contributed to annual target already been achieved inspite of negative variance 
realised  during q3",Align APP targets for 2025-2026 with historic quarterly performance,"Overachievement on the set targets was due to  implementation of action plans to respond to missed Q3 target. The focus was on prioritizing all the newly registered CPAs and those that are currently non-compliant .
",Not applicable,,140
,"Agriculture, Land Reform and Rural Development",National,"Programme 3: Food Security, Land Reform and Restitution",Land Redistribution and Tenure Reform,Quarterly,5.2.1 Number of farms supported through the Land Development Support Programme,Non-Standardized,Not  Applicable,Priority 2: Economic Transformation And Job Creation,"The Economic Sectors, Employment and Infrastructure Development cluster",0,0,16,10,14,14,10,16,40,40,,,,,N/A,N/A,"One project did not meet the minimum income threshold of R350 000,00 as required by LDS Manual during the development of the business plan. Delays on the procurement of items by farmers in submitting non-compliant quotations. NLAACC recommended that one project requiring support for cropping, be referred for the Blended Funding Scheme since it had a livestock enterprise that was already above the R350 000,00 net income threshold. Deaths of members of a legal entity resulting into a process of  nominations and registration of these members as replacements. Delays in transferring grants due to non-compliant payment parcel, compounded by poor follow-up by Provinces. 
","The project is being replaced with another one and the target has been rolled-over to Q3. Engage farmers and assess documents submitted to minimize non-compliant quotations and see to it that farmers submit documents that are compliant. The project was subsequently replaced with another one, and performance will be reported in Q3. The process of regularising the entity is underway. Matter on inadequate follow-up was escalated to DDG: Provincial Operations for intervention.
",n/a,n/a,"The over-achievement was due to 6 farms that were supposed to have been completed in Q2 but were delayed (issues around session approval, correctio of recategorization, technical compliance to production requirements, availability to water due to outstanding bills etc), hence there was a variance of -6 in Q2 (under-achievement).
","Strict adherence of implementation timelines as per the signed APP quarterly targets, to avoid under performance in some quarters.
",,140
,"Agriculture, Land Reform and Rural Development",National,"Programme 3: Food Security, Land Reform and Restitution",Land Redistribution and Tenure Reform,Quarterly,5.4.1 Number of hectares allocated,Non-Standardized,Not  Applicable,Priority 2: Economic Transformation And Job Creation,Not Applicable,0,0,0,0,22884,15 781,23863,27 204,46747,42985,,,,,N/A,"2 094,0405

Provinces were encouraged to bring allocations forward to minimize the period it takes for properties to be leased out. Furthermore, some of the allocated properties were acquired in the previous financial year but the beneficiary selection processes were still on-going at the end of the financial year",N/A,"A total of 13 249,27ha was reported but there was no target. This information will be reported in the APR.","Delays in conveyancing led to non-transfer of properties that were approved for acquisition
",Bi-weekly meetings to track progress will continue to be held and some properties have already been transferred in the 2nd and 3rd Quarters,"Provinces were encouraged to bring allocations forward for approval by NLAACC to minimize the period it takes for properties to be leased out

",Not applicable,,140
,"Agriculture, Land Reform and Rural Development",National,"Programme 3: Food Security, Land Reform and Restitution",Restitution,Quarterly,5.5.1 Number of land claims settled,Non-Standardized,Not  Applicable,Priority 2: Economic Transformation And Job Creation,Not Applicable,59,16,93,46,93,17,74,207,319,286,,,,,"
The under- achievement of 43 claims in Quarter 1 is due to : offers rejected by claimants, Delays from claimants in accepting offers due to consultations they needed to make, Family disputes, Delays in submission of supporting documents necessary for conclusion of a settlement by claimants, Claimants divided over options, Delays in acquiring historical valuations from the office of the OVG, Delays in couriers and QCC postponements. 
","There are 21 claims already presented at QCC held on 11 July 2024. Meeting with claimant families to try and solve the disputes. Options workshop to be conducted earlier in the settlement process so that it does not delay settlement at the Section 42D stage, following up with the office of the OVG and once the valuations have been obtained, offers will be submitted which would then be translated into Section 42D submissions.
","Delays with verification due to the non-submission of the necessary documents i.e. ID copies and affidavits by claimants and beneficiaries, Non-cooperation of claimants, Family disputes resulting to delays in settlement of the claims, Split options on settlement of the claims and Some claimants are outside the Country so is difficult to conclude necessary documents.
","Regional offices to obtain the outstanding documentation from claims so that offers can be converted to Sections 42ds for settlement. To convene weekly performance meetings with Project Coordinators and Managers to monitor performance and address issues of split options. Engage Home Affairs and International Relations to trace those overseas.
","Delay in receiving valuation reports from the valuers e.g. KwaZulu-Natal and Limpopo, Offers were rejected by claimants e.g. Eastern Cape and KwaZulu-Natal, Family disputes and change of settlement option which delayed conclusion of the claims e.g. KwaZulu-Natal 
","Regional offices to follow-up and obtain outstanding valuations so that offers can be made to the claimants and Further negotiations to be undertaken where claimants have rejected offers and with families where there are disputes and changes in settlement options.
","The over- achievement of 135 claims in Quarter 4 was due to settling multiple claims and offices implemented catch-up plans due to non-achievement of targets in previous quarters. 
",Not applicable,,140
,"Agriculture, Land Reform and Rural Development",National,"Programme 3: Food Security, Land Reform and Restitution",Restitution,Quarterly,5.5.2 Number of land claims finalised,Non-Standardized,Not  Applicable,Priority 2: Economic Transformation And Job Creation,"The Economic Sectors, Employment and Infrastructure Development cluster",65,57,87,59,102,57,85,192,339,365,,,,,"Delays in finalisation of signing settlement agreements with the claimants due to delays in submitting the necessary supporting documents, Claimant banking details not verified on the financial systems (BAS / SAFETYNET), Suspension of the ABSA payment process due the changes in the National Treasury regulations. 
","Banking details verified to ensure that beneficiaries have active bank accounts and payments to be processed during Quarter 2, The ABSA payment process was resumed from June 2024 and extended to the end of July 2024. 
","Delays in processing of payments as the Electronic Bank Transfers (EBT) payment processing takes long. Some payments were returned amounting to R10m due to the cutoff date of 31st July 2024 window period from ABSA to process list payments. Due to EBT payments beneficiaries now individually complete entity forms to activate their banking accounts on BAS and this delays the process.,
","Due to the lengthy process involved in EBT payment through BAS, regional offices to reallocate and or obtain assistance from other units like operations, legal and information management to assist with the processing of payments.
","Slow pace of payments using Electronic Bank Transfer system due to the number of beneficiaries to be paid e.g. Eastern Cape, KwaZulu-Natal, Limpopo, Mpumalanga and Western Cape, Incorrect payment parcels submitted for processing, which had to be returned for corrections e.g. KwaZulu-Natal. Adherence to waiting period between first and second letters for dismissals e.g. Eastern Cape and Limpopo
","Development of a bulk payment system currently in progress. The regions to correct and reroute payment parcels which will contributes to finalisation of 22 claims. Offices to report on dismissals once the waiting period has expired 
","The over- achievement of 107 claims was due to the declaration of funds for 46 claims, non-compliance where the minimum period of 30 days had lapsed for  61 claims.
",Not applicable,,140
,"Agriculture, Land Reform and Rural Development",National,Programme 4: Rural Development,National Rural Youth Service Corps (NARYSEC),Quarterly,6.1.1 Number of young people trained through the National Rural Youth Service Corps Programme,Non-Standardized,Not  Applicable,"Priority 3: Education, Skills And Health","The Economic Sectors, Employment and Infrastructure Development cluster",145,151,653,657,260,281,693,600,1751,1689,,,,,Dropouts which were considered for mitigation did not occur during  this period under review and hence an overachievementt is recorded,N/A,Dropouts which were considered for mitigation less occurred during the period under review hence an overachievement is recorded.  ,"Guidance on correct targeting is needed from Strategic Planning.
","The overachievement  of the set target  was as  a result of LP ‘s early completion of youth training that was  targeted to  be completed  in early January 2025.  

","Adjust plans informed by implementation  realities 
","The non-achievement of the Q4 set target  is due to dropouts encountered during period under review 
","eformance trends amongst others need to be considered in distribution of quarterly targets.
",,140
,"Agriculture, Land Reform and Rural Development",National,Programme 4: Rural Development,National Rural Youth Service Corps (NARYSEC),Quarterly,6.2.1 Number of reports on National Rural Youth Service Corps participants linked to economic opportunities,Non-Standardized,Not  Applicable,"Priority 3: Education, Skills And Health","The Economic Sectors, Employment and Infrastructure Development cluster",0,,1,"1
(Biannual report on NARYSEC participants linked to economic opportunities)",0,,1,1 (Biannual Report on National Rural Youth Service Corps participants linked to economic opportunities was developed),2,0,,,,,,,N/A,N/A,,,N/A,N/A,,140
,"Agriculture, Land Reform and Rural Development",National,Programme 4: Rural Development,Rural Infrastructure Development,Quarterly,6.3.1 Number of infrastructure projects completed,Non-Standardized,Not  Applicable,Priority 2: Economic Transformation And Job Creation,"The Economic Sectors, Employment and Infrastructure Development cluster",10,19,13,"16




",16,"26 (GP=1, KZN=6, LP=15, MP=2,NW=2) ",19,19,58,35,,,,,"KZN: The original target exceeded due to project implementation ahead of schedule and good performance by the contractor and no on-site delays. 

LP: Completion of 1 multi-year project resulted in over-achievement
",N/A,"GP and KZN: The projects were completed ahead of scheduled timeframe due to minimal delays.

LP and MP:  4 (2 in LP and 2 in KZN) of 16 projects reported were of multi-year project
",N/A,"The completion of multi-year projects in Limpopo, carried over from 2023/2024 FY) and completion of project prior its planned schedule in KZN resulted in over achievement of the set target.
","Multi  year projects need to be considered in setting of annual target.

",N/A,N/A,,140
,"Agriculture, Land Reform and Rural Development",National,"Programme 5: Economic Development, Trade and Marketing","Agro-processing, Marketing and Rural Industrial Development ",Quarterly,7.3.1 Number of FPSUs supported to be functional,Non-Standardized,Not  Applicable,Priority 2: Economic Transformation And Job Creation,"The Economic Sectors, Employment and Infrastructure Development cluster",8,8,12,12,12,7,5,4,37,31,,,,," 11 FPSU were reported, but 3 did not meet the technical indicator description requirements. ( Delivery noted, enterprise registration certificates were not provided)
","Implement corrective action and report them under annual adjustment.
",N/A,N/A,"The expiry of the SLAs of appointing Management Agents in October 2024 delayed implementation of projects. This led to SCM processes to be followed. There was a delay in the approval process of certain projects. Projects referred back for amendments took time to be corrected.
","Planning of SCM processes to ensure procurement of goods and services and subsequent delivery. The revision of the policy and various SOPs will be the guidelines to adhere to. Specific timeframes to be set and adhered to by provinces and national.
","The recommended supplier, after quotation acquisition, could not commit to deliver  by financial year end 
","Support will then be made in the next financial year
",,140
,"Agriculture, Land Reform and Rural Development",National,"Programme 5: Economic Development, Trade and Marketing","Agro-processing, Marketing and Rural Industrial Development ",Quarterly,7.4.1 Number of enterprises supported,Non-Standardized,Not  Applicable,Priority 2: Economic Transformation And Job Creation,"The Economic Sectors, Employment and Infrastructure Development cluster",21,17,56,56,57,20,4,4,138,97,,,,,"Deregistration of an enterprise,
Delays in submission of the project for approvals and reported Support relates to the previous financial year.","Re-register the enterprise and fast track implementation of all approved projects going forward.
",N/A,N/A,"The expiry of the SLAs of appointing Management Agents in October 2024 caused delayed implementation of projects. This led to SCM processes to be followed. There was a delay in the approval process of certain projects. Projects referred back for amendments, took time to be corrected.
","Planning of SCM processes to ensure procurement of goods and services and subsequent delivery. The revision of the policy and various SOPs will be the guidelines to adhere to. Specific timeframes to be set and adhered to by provinces and national.
",N/A,N/A,,140
,"Agriculture, Land Reform and Rural Development",National,"Programme 5: Economic Development, Trade and Marketing","Agro-processing, Marketing and Rural Industrial Development ",Quarterly,7.5.1 Number of smallholder farmers capacitated with agricultural marketing,Non-Standardized,Not  Applicable,Priority 2: Economic Transformation And Job Creation,"The Economic Sectors, Employment and Infrastructure Development cluster",50,54,120,121,70,98,60,15,300,288,,,,,"111 farmers were capacitated, but  57 did not submit copies of their ID",N/a,"The training is demand driven without any financial implication which resulted in the over achievement. Over and above, they have reported 223 and only 121 met the requirements of the TID. (faded or no identification, departmental official and duplicates)",Improvement in the quality of information provided.,"The over achievement is the result of the programme being Demand driven with no financial implication. over and above, a total of 219 was reported, but portfolio of evidence (POE)for 121 did not meet the requirements of the technical indicator description ( TID) for ID and attendance register.",Better management of portfolio of evidence,"The demand-driven nature of this indicator necessitated that fewer farmers be trained in quarter Q4, as surplus farmers were trained in previous quarters. The accumulated planned target for the previous 3 quarters was 240, and the achievement was 273, resulting in 33 surplus farmers trained in that period","The 25 farmers who were trained in Q3, but reported late, will be adjusted in the annual report.
",,140
,"Agriculture, Land Reform and Rural Development",National,"Programme 5: Economic Development, Trade and Marketing",Cooperatives Development,Annually,7.2.1 Percentage of AgriBEE Fund applications assessed,Non-Standardized,Not  Applicable,Priority 2: Economic Transformation And Job Creation,"The Economic Sectors, Employment and Infrastructure Development cluster",,,,,,,100 %,100 %,100 %,,,N/A,N/A,,,,,,,,,,,140
,"Agriculture, Land Reform and Rural Development",National,"Programme 5: Economic Development, Trade and Marketing",Cooperatives Development,Quarterly,7.1.1 Number of agricultural cooperatives trained (Farmtogether agricultural cooperative training),Non-Standardized,Not  Applicable,"Priority 3: Education, Skills And Health","The Economic Sectors, Employment and Infrastructure Development cluster",12,12,42,42,45,45,18,18,117,117,,,,,N/A,N/A,N/A,N/A,N/a,N/a,N/A,N/A,,140
,"Agriculture, Land Reform and Rural Development",National,Programme 6: Land Administration,Deeds Registration,Quarterly,	8.2.1 Percentage of registered deeds delivered within ten days from date of registration,Non-Standardized,Not  Applicable,Priority 2: Economic Transformation And Job Creation,"The Economic Sectors, Employment and Infrastructure Development cluster",95 %,99 %,95 %,99 %,95 %,98 %,95 %,90 %,95 %,90 %,,,,,Performance outcome is due to good availability of system and low number of deeds registered during the period under review,,"The impact of less downtime (due to good availability of Deeds Registration System (DRS)) resulted on more deeds registered.

",N/A,"Resulting from low lodgements led to more deeds registered.

",N/A,"Poor system unavailability in some of Deeds office led to non-achievement of target, with 4 offices not able to achieve the 95%.  WC (86%), Southern Gauteng (81%), Northern Gauteng (89%) and KZN (94%) respectively.
",ICT to assist with system downtime challenges,,140
,"Agriculture, Land Reform and Rural Development",National,Programme 6: Land Administration,Deeds Registration,Quarterly,8.1.1 Percentage of deeds made available within seven days from lodgement for execution,Non-Standardized,Not  Applicable,"Priority 5: Spatial Integration, Human Settlements and Local Government","The Economic Sectors, Employment and Infrastructure Development cluster",95 %,98 %,95 %,"
98 %",95 %,98 %,95 %,97 %,95 %,97 %,,,,,"Low lodgements encountered led to a  during the period under review and despite system challenges, offices were able to catch-up from backlogs created.",N/A,"Resulting from low lodgements, examination of deeds was manageable and completed within planned period.  
",N/A,"Resulting from low lodgements, examination of deeds was manageable and completed within planned period.  
",N/A,"Resulting from low lodgements, examination of deeds was manageable and completed within planned period",N/A,,140
,"Agriculture, Land Reform and Rural Development",National,Programme 6: Land Administration,National Geomatics Management Services,Quarterly,8.4.1 Average number of working days taken to process cadastral documents for addition to the national dataset of Cadastre; Land parcel boundaries from date of lodgement to date of dispatch,Non-Standardized,Not  Applicable,"Priority 5: Spatial Integration, Human Settlements and Local Government","The Economic Sectors, Employment and Infrastructure Development cluster",16,12,16,14,16,14,16,17,16,-,,,,,"Less systems downtimes led to reduction in work delays and improvement in performance

",N/A,"The impact of minimal system downtime in most Surveyor General Offices resulted on less average time taken to process cadastral documents received.
.
",N/A,"The  impact of minimal system downtime in most of Surveyor General (SG) Offices resulted on less average time taken to process cadastral documents received
",N/A,"Non-achievement of the set target was due to backlogs encountered from the previous months caused by staff shortages (SG: WC lost 8 staff members during 2024/25) and the relocation of SG: WC office to a new building during the period under review.
","Additional staff added to examination environment to assist with backlog
",,140
,"Agriculture, Land Reform and Rural Development",National,Programme 6: Land Administration,National Geomatics Management Services,Quarterly,8.5.1 The average number of working days taken to add new cadastral documents to the cadastral spatial information dataset,Non-Standardized,Not  Applicable,"Priority 5: Spatial Integration, Human Settlements and Local Government","The Economic Sectors, Employment and Infrastructure Development cluster",10,4,10,3,10,"
5",10,6,10,-,,,,,"Less systems downtimes led to reduction in work delays and improvement in performance
",N/A,The impact of minimal system downtime experienced in most Surveyor General Offices led to improved performance,N/A,The impact of minimal system downtime experienced in most SG’s offices led to improved performance for the quarter under review.  ,N/A,The impact of minimal system downtime experienced in most SG’s offices led to improved performance for the quarter under review,N/A,,140
,"Agriculture, Land Reform and Rural Development",National,Programme 6: Land Administration,National Geomatics Management Services,Quarterly,8.6.1 The percentage of GNSS datasets downloaded from the CORS and made available to geospatial data users,Non-Standardized,Not  Applicable,"Priority 5: Spatial Integration, Human Settlements and Local Government","The Economic Sectors, Employment and Infrastructure Development cluster",85 %,96 %,85 %,91 %,85 %,95 %,85 %,91 %,85 %,91 %,,,,,The majority of the TrigNet sites have been migrated onto LTE (Fastnet) to improve speed and connectivity,N/A,"Connectivity has been improved in all Trignet sites and no major challenges were experienced
",N/A,Improved connectivity in all TrigNet sites resulted in minor challenges encountered,N/A,The impact of minimal system downtime experienced in most SG’s offices led to improved performance for the quarter under review,N/A,,140
,"Agriculture, Land Reform and Rural Development",National,Programme 6: Land Administration,National Geomatics Management Services,Quarterly,8.7.1 Number of maps produced to maintain the currency of the National Map Series dataset,Non-Standardized,Not  Applicable,"Priority 5: Spatial Integration, Human Settlements and Local Government","The Economic Sectors, Employment and Infrastructure Development cluster",17,20,23,21,20,25,20,26,80,92,,,,,"The number of maps produced was improved by source data as the areas mapped had minimal complexities and less amendments done than anticipated
",N/A,Disruptions in server accessibility caused by power supply failure led to irregular supply of source data that resulted on deviations  from planned production,The server connectivity has been restored. The irregular supply has been communicated and will be improved going forward.,"The previous challenge encountered on irregular supply was addressed  during the period under review, resulting in more production of maps. 
",N/A,"More source data was available to produce more maps. The volume of maps produced depends on source data availability. Moreover, the complexity (light, medium and heavy) of the area plays a crucial role, the dense areas like big cities and urban areas takes longer to update",,,140
,"Agriculture, Land Reform and Rural Development",National,Programme 6: Land Administration,Spatial Planning and Land Use,Quarterly,8.3.1 Number of monitoring reports on National Spatial Development Framework spatial actions areas developed,Non-Standardized,Not  Applicable,"Priority 5: Spatial Integration, Human Settlements and Local Government","The Economic Sectors, Employment and Infrastructure Development cluster","1 report on the
indicators for
monitoring of
NSDF spatial
action areas
developed",Report on the indicators for monitoring of NSDF spatial action areas was developed,-,,"1 Framework for
monitoring report of
NSDF spatial action
areas developed",A Framework for monitoring report of NSDF spatial action areas was developed,"1 monitoring report
on NSDF spatial
action areas
developed","1 monitoring report on NSDF spatial action areas was developed
 
","3 monitoring
reports on NSDF
spatial action
areas developed",-,,,,,N/A,N/A,,,N/A,N/A,N/A,N/A,,140
,"Agriculture, Land Reform and Rural Development",National,Programme 6: Land Administration,Spatial Planning and Land Use,Quarterly,"8.3.2 Number of organs of state supported (professionally and/or technically) to implement the Spatial Data Infrastructure Act, 2003 (Act No.54 of 2003)",Non-Standardized,Not  Applicable,"Priority 5: Spatial Integration, Human Settlements and Local Government","The Economic Sectors, Employment and Infrastructure Development cluster","3 organs of state

supported
(professionally
and/or
technically) to
implement the
Spatial Data
Infrastructure
Act, 2003 (Act
No. 54 of 2003)","3 organs of state were supported (professionally and/or technically) to implement the Spatial Infrastructure Act 2003 (Act No.54, 2003) during the quarter under review, namely: Ngaka Modiri Molema District Municipality, Eskom and DFFE.","3 organs of state

supported
(professionally
and/or
technically) to
implement the
Spatial Data
Infrastructure
Act, 2003 (Act
No. 54 of 2003)","3 organs of state were supported (professionally and/or technically) to implement the Spatial Infrastructure Act 2003 (Act No.54, 2003) during the quarter under review, namely: Amathole District Municipality and Cogta in the Eastern Cape (EC) and NW Office of the Premier.","3 organs of state
supported
(professionally
and/or
technically) to
implement the
Spatial Data
Infrastructure
Act, 2003 (Act
No. 54 of 2003)","3 organs of state were supported (professionally and/or technically) to implement the Spatial Infrastructure Act 2003 (Act No.54, 2003) during the quarter under review, namely: Ehlanzeni District Municipality, Thaba Chweu Local Municipality and  South African Local Government Association (SALGA).","3 organs of state
supported
(professionally
and/or
technically) to
implement the
Spatial Data
Infrastructure
Act, 2003 (Act
No. 54 of 2003)","5 organs of state were supported (professionally and/or technically) to implement the Spatial Infrastructure Act 2003 (Act No.54, 2003) during the quarter under review, namely: Department of Water and Sanitation, DFFE , Municipal Demarcation Board, DALRRD, South African National Space Agency.
","12 organs of state
supported
(professionally
and/or technically)
to implement the
Spatial Data
Infrastructure Act,
2003 (Act No. 54
of 2003)",-,,,,,N/A,N/A,N/A,N/A,N/A,N/A,"The Committee Spatial Information (CSI) monitoring of base dataset implementation led to an intervention affecting all appointed coordinators.
",N/A,,140
,Communication and Digital Technologies,National,ADMINISTRATION,ADMINISTRATION,Quarterly,Development of Disaster Management Programme,Non-Standardized,Not  Applicable,"Priority 1: A Capable, Ethical and Developmental State","The Economic Sectors, Employment and Infrastructure Development cluster","Development of 
draft
Disaster Management
Programme","Draft Disaster Management Programme was developed
","Consultations on the draft
Disaster Management
Programme with the
identified key stakeholder
commenced.",Consultations on the draft Disaster Management Programme with the identified key stakeholder have commenced. ,"Consultations on the draft
Disaster Management
Programme with the
identified key stakeholder
finalised.",Consultations on the draft Disaster Management Programme with the identified key stakeholder was finalised.,"Disaster Management
Programme developed.",Disaster Management Programme was developed.,"Disaster Management
Programme developed",-,,,,,None,None,None,None,None,None,None ,None ,,140
,Communication and Digital Technologies,National,ADMINISTRATION,ADMINISTRATION,Quarterly,Development of Disaster Management Programme,Non-Standardized,Not  Applicable,"Priority 1: A Capable, Ethical and Developmental State","Governance, State Capacity and Institutional Development cluster",No Q1 Target,No Q1 Target ,No Q2 Target,,"Draft Disaster
Management Programme
updated",Draft Disaster Management Programme was updated.,No Q4 Target,,"Disaster Management
Programme developed",-,,,,,,,,,None,None,,,,140
,Communication and Digital Technologies,National,ADMINISTRATION,ADMINISTRATION,Quarterly,Digitisation of the workflow management system,Non-Standardized,Not  Applicable,"Priority 1: A Capable, Ethical and Developmental State","The Economic Sectors, Employment and Infrastructure Development cluster","e-Claims user

requirements
specification developed","e-Claims User 
requirements specification was developed
","e-Claims System
developed",The e-Claims System was developed,"e-Claims System user
training conducted", e-Claims System user training was conducted,"e-Claims System rolled
out",e-Claims System was rolled out.,"e-Claims System
developed",-,,,,,None,None,None,None,None,None,None ,None ,,140
,Communication and Digital Technologies,National,ADMINISTRATION,ADMINISTRATION,Quarterly,Percentage (%) of valid  invoices paid within 30 days  from date of receipts,Non-Standardized,Not  Applicable,Priority 2: Economic Transformation And Job Creation,Not Applicable,"
100% of
 valid invoices
paid within 30 days from
date of receipt","100% of valid invoices were paid within 30 days from date of receipt
","
100% of valid invoices
paid within 30 days from
date of receipt",100% of valid invoices were paid within 30 days from date of receipt.,"
100% of valid invoices
paid within 30 days from
date of receipt",100% of valid invoices were paid within 30 days from date of receipt.,"
100% of valid invoices
paid within 30 days from
date of receipt","100% of all valid invoiced received from suppliers for the period 1 January – 31 March 2025 were paid within 30 days.

The exception report on 30-day payments for the period 1 January – 31 March 2025 were submitted to National Treasury before the monthly deadlines.
","
100% of valid invoices
paid within 30 days from
date of receipt",-,,,,,None,None,None,None,None,None,None,None ,,140
,Communication and Digital Technologies,National,ICT ENTERPRISE AND PUBLIC ENTITY OVERSIGHT,ICT ENTERPRISE AND PUBLIC ENTITY OVERSIGHT,Quarterly,Implemented Performance  Management System for  ICASA Councilors,Non-Standardized,Not  Applicable,"Priority 1: A Capable, Ethical and Developmental State",Not Applicable,"Quarterly submissio
n
to the Minister on
the monitoring of the
implementation of the
ICASA PMS developed",Submission on the quarterly monitoring of the implementation of the ICASA PMS was developed and submitted for Minister’s approval,"Quarterly submission
to the Minister on
the monitoring of the
implementation of the
ICASA PMS developed",Quarterly submission for monitoring of the implementation of the ICASA PMS was developed and submitted to Minister.,"Quarterly submission
to the Minister on
the monitoring of the
implementation of the
ICASA PMS developed",Quarterly submission of the monitoring for the implementation of the ICASA PMS developed and submitted to Minister.,"Quarterly submission
to the Minister on
the monitoring of the
implementation of the
ICASA PMS developed","Quarterly submission
of the monitoring of
ICASA PMS to Minister was developed and
Submitted.
","Implementation of

the ICASA Councilors
Performance
Management System
monitored",-,,,,,None,None,None,None,Challenges to be identified,Corrective Actions to be identified,None,None,,140
,Communication and Digital Technologies,National,ICT ENTERPRISE AND PUBLIC ENTITY OVERSIGHT,ICT ENTERPRISE AND PUBLIC ENTITY OVERSIGHT,Quarterly,Implemented SABC Strategy,Non-Standardized,Not  Applicable,"Priority 1: A Capable, Ethical and Developmental State","Governance, State Capacity and Institutional Development cluster","Quarterly submissio
n
to the Minister on
the monitoring of the
implementation of
the SABC Strategy
developed","Submission on the quarterly Monitoring of the implementation of the SABC developed and submitted for the Minister’s approval
","Quarterly submission
to the Minister on
the monitoring of the
implementation of
the SABC Strategy
developed",Quarterly submission for monitoring of the implementation of the SABC Strategy was developed and submitted to Minister.,"Quarterly submission
to the Minister on
the monitoring of the
implementation of
the SABC Strategy
developed","Quarterly submission on the Monitoring
 of the implementation of the SABC Strategy developed
 ","Quarterly submission
to the Minister on
the monitoring of the
implementation of
the SABC Strategy
developed","Quarterly monitoring of
the implementation of
the SABC Strategy to Minister was developed and submitted.

","Implementation of the

SABC Strategy monitored",-,,,,,None,None,,,None,None,None,None,,140
,Communication and Digital Technologies,National,ICT ENTERPRISE AND PUBLIC ENTITY OVERSIGHT,ICT ENTERPRISE AND PUBLIC ENTITY OVERSIGHT,Quarterly,Implemented SAPO Business Rescue Plan,Non-Standardized,Not  Applicable,"Priority 1: A Capable, Ethical and Developmental State","Governance, State Capacity and Institutional Development cluster","Quarterly	submissio
n	to
the Director-General on
the monitoring of the
implementation	of	the	
SAPO	BR	Plan	
developed","Implementation of the SAPO Business Rescue Plan was monitored
","Quarterly	submission	to
the Director-General on
the monitoring of the
implementation	of	the	
SAPO	BR	Plan	
developed","Quarterly submission for monitoring of the implementation of the SAPO BR Plan was developed and submitted to Director-General.
","Quarterly	submission	to
the Director-General on
the monitoring of the
implementation	of	the	
SAPO	BR	Plan	
developed","Quarterly submission on the monitoring of the 
implementation of the SAPO BR Plan was developed and submitted to DG.
","Quarterly	submission	to
the Director-General on
the monitoring of the
implementation	of	the	
SAPO	BR	Plan	
developed","Quarterly monitoring of
SAPO BR Plan to DG was developed and submitted.
","Implementation of the

SAPO Business Rescue
Plan monitored",-,,,,,None,None,None,None,None,None,None,None,,140
,Communication and Digital Technologies,National,ICT ENTERPRISE AND PUBLIC ENTITY OVERSIGHT,ICT ENTERPRISE AND PUBLIC ENTITY OVERSIGHT,Quarterly,Implemented SITA Repurposing Recommendations,Non-Standardized,Not  Applicable,"Priority 1: A Capable, Ethical and Developmental State","Governance, State Capacity and Institutional Development cluster","Quarterly	submissio
n	to
the Director-General on
the monitoring of the
implementation	of	the	
SITA	Repurposing	
Recommendations	for	
key	affected	Departments","Submission on the 
quarterly Monitoring of the implementation of the SITA Repurposing developed and submitted to the DG","Quarterly	submission	to
the Director-General on
the monitoring of the
implementation	of	the	
SITA	Repurposing	
Recommendations	for	
key	affected	Departments","Submission on the monitoring of the implementation of the SITA Repurposing was done
","Quarterly	submission	to
the Director-General on
the monitoring of the
implementation	of	the	
SITA	Repurposing	
Recommendations	for	
key	affected	Departments","Quarterly report was submitted to the Director-
General on the monitoring of the implementation of the SITA Repurposing Recommendations for key affected Departments.
","Quarterly	submission	to
the Director-General on
the monitoring of the
implementation	of	the	
SITA	Repurposing	
Recommendations	for	
key	affected	Departments","Quarterly monitoring submission of
the implementation of
the SITA Repurposing
Recommendations for key affected Departments was submitted to DG.

","Implementation of

SITA Repurposing
Recommendations
monitored",-,,,,,None,None,Challenges to be identified,Corrective Actions to be identified,None,None,None,None,,140
,Communication and Digital Technologies,National,ICT ENTERPRISE AND PUBLIC ENTITY OVERSIGHT,ICT ENTERPRISE AND PUBLIC ENTITY OVERSIGHT,Quarterly,Number of developed Shareholder Compacts for Schedule 2 and 3B of Entities,Non-Standardized,Not  Applicable,"Priority 1: A Capable, Ethical and Developmental State","Governance, State Capacity and Institutional Development cluster","4 Draft sharehold
er
compacts submitted for
approval (2024/25)","Submission for 4 draft Shareholder’s Compacts were submitted for the Minister’s approval
","Implementation of the 4
Shareholder’s Compacts
(2024/25) monitored","Monitoring report on the implementation of the 4 Shareholder’s Compacts was developed and submitted to the Director-General.
","4 Shareholder Compacts
(2024/25) reviewed
in preparation for the
development of (2025/26)
shareholder compacts","4 Shareholder Compacts reviewed in preparation for the 
development of 2025/26 Shareholder Compacts.
 ","4 draft Shareholder
Compact for 2025/26
financial year developed",4 draft Shareholder Compacts for 2025/26 Financial Year were developed.,"4 Shareholder compacts
of Schedule 2 and 3B
entities developed.",-,,,,,None,None,None,None,None,None,None,None,,140
,Communication and Digital Technologies,National,ICT ENTERPRISE AND PUBLIC ENTITY OVERSIGHT,ICT ENTERPRISE AND PUBLIC ENTITY OVERSIGHT,Quarterly,Percentage (%) of performance and compliance reports received and analysed from SOEs,Non-Standardized,Not  Applicable,"Priority 1: A Capable, Ethical and Developmental State","Governance, State Capacity and Institutional Development cluster","Analysis of 100 %

all received SOEs’
Q4 Performance and
Compliance reports for
FY 2023/24 developed
and submitted",Analysis of Q4 SOEs performance reports for FY 2023/24 were developed and submitted,"Analysis of 100% all
received SOEs’ Q1
Performance and
Compliance reports for
FY 2024/25 developed
and submitted","Analysis of the received entities Q1 Performance and Compliance Reports for 2024/25 FY were developed and submitted.
","Analysis of 100%
all received SOEs’
Q2 Performance and
Compliance reports for
FY 2024/25 developed
and submitted","Analysis of SOEs Q2 performance reports were developed and submitted.
","Analysis of 100% all
received SOEs’ Q3
Performance and
Compliance reports for
FY 2024/25 developed
and submitted",Analysis of 100% all received SOEs’ Q3 Performance and Compliance reports for FY 2024/25 were developed and submitted.,"100% of received

Performance and
Compliance
 report from

SOEs analysed and
submitted",-,,,,,None,None,None,None,None,None,None,None,,140
,Communication and Digital Technologies,National,ICT INFORMATION SOCIETY AND CAPACITY DEVELOPMENT,ICT INFORMATION SOCIETY AND CAPACITY DEVELOPMENT,Quarterly,Automated e-Government  Services,Non-Standardized,Not  Applicable,"Priority 1: A Capable, Ethical and Developmental State",Not Applicable,"Quarterly progress/

monitoring report on
the automation of the
e-Government services
developed.",Quarterly progress/ monitoring report on the automation of the e-Government services on the e-Portal was developed,"Quarterly progress/
monitoring report on
the automation of the
e-Government services
developed.",Quarterly progress/ monitoring report on the automation of the e-Government services was developed.,"Quarterly progress/
monitoring report on
the automation of the
e-Government services
developed.",The quarterly progress report on monitoring the automation of the e-Government services was developed. ,"Annual progress/
monitoring report on
the automation of the
e-Government services
developed.",The annual progress/ monitoring report on the automation of the e-Government services has been developed. ,"Automation of the

e-Government services
on the e-Portal monitored",-,,,,,None,None,None,None,Challenges to be identified,Corrective Actions to be identified,None,None,,140
,Communication and Digital Technologies,National,ICT INFORMATION SOCIETY AND CAPACITY DEVELOPMENT,ICT INFORMATION SOCIETY AND CAPACITY DEVELOPMENT,Quarterly,Coordinated District Development Model Plan,Non-Standardized,Not  Applicable,"Priority 1: A Capable, Ethical and Developmental State","The Economic Sectors, Employment and Infrastructure Development cluster",No Q1 Target,No Q1 Target,"Coordination report
on the implementation
of DDM Plan in the
prioritised Districts/
Metros developed.",Coordination report on the implementation of DDM Plan in the prioritized Districts/ Metros was developed.,No Q3 Target,,"Annual coordination
report on the
implementation of DDM
Plan in the prioritised
Districts/ Metros
developed.",Annual coordination report on the implementation of DDM Plan in the prioritised Districts/ Metros was developed.,"Implementation of DDM
Plan in the prioritised
Districts/ Metros
coordinated",-,,,,,,,None,None,,,"The supporting evidence was not sufficient to support achievement in line with the implementation plan
","The Project Manager has been advised to improve the Technical Indicator Description to align with flexible nature of the DDM Projects and schedule of the Executive Authority.  
",,140
,Communication and Digital Technologies,National,ICT INFORMATION SOCIETY AND CAPACITY DEVELOPMENT,ICT INFORMATION SOCIETY AND CAPACITY DEVELOPMENT,Quarterly,Implemented Digital and Future Skills programme,Non-Standardized,Not  Applicable,"Priority 1: A Capable, Ethical and Developmental State","The Economic Sectors, Employment and Infrastructure Development cluster","Quarterly coordinati
on
report of the
Implementation of
Digital and Future Skills
programmes ","Quarterly coordination report of the Implementation of Digital and Future Skills programmes was developed
","Quarterly coordination
report of the
Implementation of
Digital and Future Skills
programmes ",Quarterly coordination report of the implementation of Digital and Future Skills programmes was developed,"Quarterly coordination
report of the
Implementation of
Digital and Future Skills
programmes ","Quarterly coordination report of the implementation of Digital and Future 
Skills Programmes was submitted.
","Quarterly coordination
report of the
Implementation of
Digital and Future Skills
programmes ",The quarterly report on coordination of the implementation of the Digital and Future Skills programme was developed.,"Implementation of

Digital and Future Skills
programmes coordinated",-,,,,,None,None,Challenges to be identified,Corrective Actions to be identified,None,None,None,None,,140
,Communication and Digital Technologies,National,ICT INFORMATION SOCIETY AND CAPACITY DEVELOPMENT,ICT INFORMATION SOCIETY AND CAPACITY DEVELOPMENT,Quarterly,Implemented National Artificial Intelligence (AI) Policy,Non-Standardized,Not  Applicable,"Priority 1: A Capable, Ethical and Developmental State","The Economic Sectors, Employment and Infrastructure Development cluster","Initial research
 and
stakeholder consultations
conducted.
","The research focused on the AI strategies and policies from Argentina (2019-2029), Chile (2021-2030), the Netherlands (2019 onwards), Norway (2020 onwards), and Thailand (2022-2027), along with a detailed examination of the European Union AI Act and the AI approaches adopted by BRICS countries, particularly India. Additional research was done on existing AI policies and frameworks from key BRICS countries to gather insights and best practices. Analysis covered Brazil, China, Egypt, Ethiopia, Saudi Arabia and United Arab Emirates. 

Stakeholder consultations held with the CSIR, to align with their extensive AI research and to leverage their stakeholder consultation processes. Further, an engagement with members of DCDT Management Committee (MANCO) helped elicit key inputs

","Stakeholder consultation
on draft AI Policy
Framework conducted","Stakeholder consultation sessions to present the draft AI Policy Framework were conducted to gather feedback and suggestions for improvements in physical meetings and virtually in the quarter under review,

The working group has received emailed responses from ASISA, ASSAF, BASA, CoCT, EY, Dr Heila Pienaar of UP, SAIA, TEI and UWC IT student society 
",Draft AI Policy developed,The draft AI Policy was developed. ,"Final draft AI Policy
developed.",Draft AI Policy Document was developed,"Draft National 
Artificial
Intelligence (AI) Policy
developed",-,,,,,None,None,"The responses received were not enough because in August an Executive decision was taken to remove the National AI Framework from DCDT website. Therefore, any in-person consultation with stakeholders could not be conducted. ",It would be important to re-open the consultation period (till November 2024) to allow for further in-person consultation. ,None,None ,None,None,,140
,Communication and Digital Technologies,National,ICT INFORMATION SOCIETY AND CAPACITY DEVELOPMENT,ICT INFORMATION SOCIETY AND CAPACITY DEVELOPMENT,Quarterly,Implemented National Artificial Intelligence (AI) Policy,Non-Standardized,Not  Applicable,"Priority 1: A Capable, Ethical and Developmental State","Governance, State Capacity and Institutional Development cluster","Draft AI Policy 
Framework
developed",Developed Draft SA National AI Policy Framework; Towards the development of South Africa National AI Policy which lays out both a process and substantive basis for the development of the AI Policy. This was presented to DCDT MANCO for inputs,No Q2 Target,,No Q3 Target,,No Q4 Target,,"Draft National 
Artificial
Intelligence (AI) Policy
developed",-,,,,,None,None,,,,,,,,140
,Communication and Digital Technologies,National,ICT INFORMATION SOCIETY AND CAPACITY DEVELOPMENT,ICT INFORMATION SOCIETY AND CAPACITY DEVELOPMENT,Quarterly,"Number of monitoring reports on the participation of Women, Youth and Persons with Disabilities in procurement, SMME Development and Employment Equity in the ICT Sector",Non-Standardized,Not  Applicable,"Priority 1: A Capable, Ethical and Developmental State","The Economic Sectors, Employment and Infrastructure Development cluster",No Q1 Target,No Q1 Target,"1 Monitoring report
on the participation
of women, youth, and
persons with disabilities
in procurement, SMME
Development and
Employment Equity
developed.
","1 Monitoring report on the participation of women, youth and persons with disabilities in procurement, SMME Development and Employment Equity was developed and submitted",No Q3 Target,,"1 Monitoring report
on the participation
of women, youth, and
persons with disabilities
in procurement, SMME
Development and
Employment Equity
developed.","Monitoring report on the participation of women, youth, and persons with disabilities in procurement, SMME Development and
Employment Equity was developed. 
","2 Monitoring reports
on the participation
of women, youth,
and persons with
disabilities participation
in procurement, SMME
Development and
Employment Equity in the
ICT Sector developed",-,,,,,,,Challenges to be identified,Corrective Actions to be identified,,,The report was not developed in line with required standards for the target to be achieved.,The matter has been referred to the Branch Head for action and engagement with Human Resource unit. ,,140
,Communication and Digital Technologies,National,ICT INFORMATION SOCIETY AND CAPACITY DEVELOPMENT,ICT INFORMATION SOCIETY AND CAPACITY DEVELOPMENT,Quarterly,Percentage (%) increase of DCDT integrated Plan of Action implemented in support of the NSP on GBV,Non-Standardized,Not  Applicable,"Priority 1: A Capable, Ethical and Developmental State","The Economic Sectors, Employment and Infrastructure Development cluster","10% increase 
of DCDT
integrated plan of action
in support of the National
Strategic Plan (NSP) on
Gender-based Violence
(GBV) implementation
coordinated",Not Achieved ,"30% of the DCDT
integrated plan of action
in support of the NSP
on GBV implementation
coordinated",The DCDT achieved 26% instead of the DCDT targeted 30% of the integrated plan of action in support of NSP on GBV ,"20% of the DCDT
integrated plan of action
in support of the NSP
on GBV implementation
coordinated","20% of the DCDT integrated plan of action in support of the NSP on GBV implementation was coordinated. 
","20% of the DCDT
integrated plan of action
in support of the NSP
on GBV implementation
coordinated",20% of the DCDT integrated plan of action in support of the NSP on GBV implementation was coordinated.,"80% increase of DCDT
integrated Plan of Action
implemented in support
of the NSP on GBV
coordinated 
",-,,,,,No Relevant POE has been submitted Report writing a major challenge and aligning the achievement to the actual target ,Targeted interventions on the SMS members of this CD are required urgently ,Submission on 365 Day Campaign on Combating GBVF was not approved despite it being resubmitted twice regardless of responding to the comments made on the submission.,Resubmit the submission on the 365 Day Campaign on Combating GBVF again.,Project Manager to provide ,Project Manager to provide,The report was not developed in line with required standards for the target to be achieved.,The matter has been referred to the Branch Head for action and engagement with Human Resource unit. ,,140
,Communication and Digital Technologies,National,ICT INFRASTRUCTURE DEVELOPMENT & SUPPORT,ICT INFRASTRUCTURE DEVELOPMENT & SUPPORT,Quarterly,Implemented revised analogue switch off plan,Non-Standardized,Not  Applicable,Priority 2: Economic Transformation And Job Creation,"The Economic Sectors, Employment and Infrastructure Development cluster","Distribution and

installation of decoders
monitored across all
provinces",Distribution and installation of set-top boxes monitored across all provinces,"Distribution and
installation of decoders
monitored across all
provinces",Distribution and installation successfully monitored across all provinces through online meetings with entities playing role in the implementation of the programme and BDM stakeholders. ,"Distribution and
installation of decoders
monitored across all
provinces","Distribution and installation successfully monitored across all 
provinces through online meetings with entities playing role in the implementation of the programme and BDM stakeholders. 
","Distribution and
installation of decoders
monitored across all
provinces",Distribution and installation of decoders was successfully monitored across all provinces through online meetings with entities playing role in the implementation of the programme and BDM stakeholders.,"Distribution and

installation of decoders in
nine provinces monitored",-,,,,,None,None,None,None,None ,None,None,None,,140
,Communication and Digital Technologies,National,ICT INFRASTRUCTURE DEVELOPMENT & SUPPORT,ICT INFRASTRUCTURE DEVELOPMENT & SUPPORT,Quarterly,Implemented revised analogue switch off plan,Non-Standardized,Not  Applicable,Priority 2: Economic Transformation And Job Creation,"The Economic Sectors, Employment and Infrastructure Development cluster","Analogue switch-off
 of
transmitters below 694
MHz in the Six provinces
of EC, WC, KZN, MP, NW
and GP monitored.","Switch-off of 
Analogue transmitters below 694 MHz was monitored across six provinces of EC, WC, KZN, MP, NW and GP","Analogue switch-off of
transmitters below 694
MHz in the Six provinces
of WC, MP, EC, KZN,
Limpopo and Free State
monitored.","•	Analogue switch off was successfully monitored in line with the APP target and as per the plan in the six provinces of WC, MP, EC, KZN, Limpopo and Free State. 
•	In addition, the monitoring was done for all provinces targeted for the phase 2 below 694MHz towards December 2024 ASO.
","Analogue switch-off
of transmitters below
694 MHz in the Seven
provinces of WC, GP, MP,
EC, KZN, Limpopo and
Free State monitored.","Analogue switch off was successfully monitored in line with the 
APP target and as per the plan in the seven provinces of WC, GP, MP, EC, KZN, Limpopo and Free State. 

In addition, the monitoring was done for all provinces targeted for the phase 2 below 694MHz towards December 2024 ASO.

",No Q4 Target,,"Analogue Switch-off 
of
transmitters below 694
MHz monitored",-,,,,,None,None,None,None,None,None,,,,140
,Communication and Digital Technologies,National,ICT INFRASTRUCTURE DEVELOPMENT & SUPPORT,ICT INFRASTRUCTURE DEVELOPMENT & SUPPORT,Quarterly,Implemented revised SA Connect Model,Non-Standardized,Not  Applicable,Priority 2: Economic Transformation And Job Creation,"The Economic Sectors, Employment and Infrastructure Development cluster","Quarterly monitorin
g
reports on the
implementation of SA
connect phase 2 model
developed.",Implementation of the revised SA Connect Model towards internet access for communities and government facilities monitored,"Quarterly monitoring
reports on the
implementation of SA
connect phase 2 model
developed.",Implementation of the revised SA Connect Model towards internet access for communities and government facilities monitored.,"Quarterly monitoring
reports on the
implementation of SA
connect phase 2 model
developed.",Quarterly monitoring reports was developed on the implementation of SA Connect phase 2 model.,"Quarterly monitoring
reports on the
implementation of SA
connect phase 2 model
developed.",Implementation of the revised SA Connect Model towards internet access for communities and government facilities was monitored.,"Implementation of

revised SA Connect
Model towards internet
access for Government
connectivity, Community
and household connectivity, and public schools,
health facilities, and
traditional authority sites
connectivity monitored.",-,,,,,None,None,None,None,None,None,None ,None ,,140
,Communication and Digital Technologies,National,ICT INFRASTRUCTURE DEVELOPMENT & SUPPORT,ICT INFRASTRUCTURE DEVELOPMENT & SUPPORT,Quarterly,Implemented strategic  national Cybersecurity  programmes and services,Non-Standardized,Not  Applicable,Priority 6: Social Cohesion and Safer Communities,Not Applicable,"Cybersecurity
 Strategy
and Implementation Plan
developed.","Cybersecurity
 Strategy and Implementation Plan developed and approved","Implementation of
strategic National
cybersecurity
programmes and services
monitored",Strategic national cybersecurity programs and services were monitored,"Implementation of
strategic National
cybersecurity
programmes and services
monitored",Implementation of strategic National cybersecurity programmes and services were monitored,"Implementation of
strategic National
cybersecurity
programmes and services
monitored",Implementation of strategic National cybersecurity programmes and services were monitored,"Implementation of

strategic National
cybersecurity
programmes and services
monitored",-,,,,,None,None,None,None,None ,None ,None ,None,,140
,Communication and Digital Technologies,National,ICT INTERNATIONAL  RELATIONS AND AFFAIRS ,ICT INTERNATIONAL  RELATIONS AND AFFAIRS ,Quarterly,Number of approved Country Positions to support the National ICT priorities,Non-Standardized,Not  Applicable,Not Applicable,Not Applicable,"Engage BRICS 
Members
to determine Agenda for
Russia Hosting BRICS
2024.","BRICS Members were engaged to determine Agenda for Russia Hosting BRICS 2024
","Develop position
for South Africa’s
participation in BRICS
2024 informed by national
ICT priorities for approval",Position for South Africa’s participation in BRICS 2024 informed by national ICT priorities for approved ,"Develop outcomes
report from South Africa
participating in BRICS
2024 based on country
position informed by
national ICT priorities",The outcomes report from South Africa participation in BRICS 2024 based on the country position informed by ICT national priorities was developed with the input from Deputy Minister of International Relations who headed the DCDT delegation.,No Q4 Target,,"3 Country Positions

developed and approved
to support the National
ICT priorities focused
on BRICS, WTSA and
Global Digital Compact
(GDC)",-,,,,,None,None,None,None,None,None,,,,140
,Communication and Digital Technologies,National,ICT INTERNATIONAL  RELATIONS AND AFFAIRS ,ICT INTERNATIONAL  RELATIONS AND AFFAIRS ,Quarterly,Number of approved Country Positions to support the National ICT priorities,Non-Standardized,Not  Applicable,Priority 7: A better Africa and the World,"International Cooperation, Trade and Security cluster","Draft Position 
Paper
developed for
WTSA 
for consultation with
stakeholders.
","Stakeholders were engaged, briefing and background information were shared, and a position paper has been drafted for further consultation with stakeholders
","Engagement with
stakeholders to develop
national and regional
positions",The engagement with stakeholders to develop national and regional stakeholder position took place on 05 August 2024. The national stakeholders online meeting and the regional stakeholders was held in collaboration with African Telecommunications Union (ATU) on 12-16 August 2024 in Sandton. ,"Finalise position for
WTSA and submit for
approval.",The final position for WTSA was submitted and approved,"Submit report on the
outcomes of WTSA-24",A report on the outcomes of the WTSA-24 was submitted. ,"3 Country Positions

developed and approved
to support the National
ICT priorities focused
on BRICS, WTSA and
Global Digital Compact
(GDC)",-,,,,,None,None,None,None,None,None,None ,None ,,140
,Communication and Digital Technologies,National,ICT INTERNATIONAL  RELATIONS AND AFFAIRS ,ICT INTERNATIONAL  RELATIONS AND AFFAIRS ,Quarterly,Number of approved Country Positions to support the National ICT priorities,Non-Standardized,Not  Applicable,Priority 7: A better Africa and the World,"International Cooperation, Trade and Security cluster",No Q1 Target,No q1 Target,No Q2 Target,,"Participate in the
WTSA- 24","The DCDT officials and key stakeholders participated at the WTSA-24 from 15-24 October 2024 in New Delhi, India",No Q4 Target,,"3 Country Positions
developed and approved
to support the National
ICT priorities focused
on BRICS, WTSA and
Global Digital Compact
(GDC)",-,,,,,,,,,None,None,,,,140
,Communication and Digital Technologies,National,ICT INTERNATIONAL  RELATIONS AND AFFAIRS ,ICT INTERNATIONAL  RELATIONS AND AFFAIRS ,Quarterly,Number of approved Country Positions to support the National ICT priorities,Non-Standardized,Not  Applicable,Priority 7: A better Africa and the World,"International Cooperation, Trade and Security cluster","SA GDC Stakehold
er
Consultation Engagement
Report developed.",The SA GDC Stakeholder consultation engagement report was developed,"Draft SA Position Paper
on GDC developed.",Draft SA Position paper on Global Digital Compact was developed,"SA position paper on
GDC approved",The SA position paper on GDC was approved by the DDG and DG,No Q4 Target,,"3 Country Positions

developed and approved
to support the National
ICT priorities focused
on BRICS, WTSA and
Global Digital Compact
(GDC)",-,,,,,None,None,None,None,None,None,,,,140
,Communication and Digital Technologies,National,ICT INTERNATIONAL  RELATIONS AND AFFAIRS ,ICT INTERNATIONAL  RELATIONS AND AFFAIRS ,Quarterly,Number of international programmes supporting digital economy,Non-Standardized,Not  Applicable,Priority 7: A better Africa and the World,"The Economic Sectors, Employment and Infrastructure Development cluster","Internal stakehold
er
engagement to identify
international programmes
of DCDT conducted
",Internal stakeholder engagement to identify international programmes of DCDT was conducted,No Q2 Target,,"Implementation of One
(1) identified International
Programme to support
the digital economy
Initiatives coordinated",International programme that supports digital economy initiatives was coordinated,"Implementation of One
(1) identified International
Programme to support
the digital economy
Initiatives coordinated
",One (1) identified International Programme to support the digital economy Initiatives was coordinated,"Implementation of two

(2) International
Programmes to
support the digital
economy Initiatives
coordinated",-,,,,,None,None,,,None,None,None ,None ,,140
,Communication and Digital Technologies,National,ICT POLICY DEVELOPMENT AND RESEARCH,ICT POLICY DEVELOPMENT AND RESEARCH,Quarterly,Implemented Audio- and Audio-Visual Content Services and Online Content Safety Bill,Non-Standardized,Not  Applicable,Priority 2: Economic Transformation And Job Creation,"The Economic Sectors, Employment and Infrastructure Development cluster","Audio- and 
Audio-Visual
Content Services and
Online Content Safety
White Paper finalised and
gazetted",The analysis of submissions from the stakeholder inputs have been conducted and additional research had been required due to the new developments in the industry,"Develop draft
implementation strategy
and Action Plan for Audioand Audio-Visual Content
Services and Online
Content Safety White
Paper
",Draft implementation strategy and Action Plan for Audio and Audio-Visual Content Services and Online Content Safety White Paper has not been developed ,"Implementation strategy
and Action Plan for Audioand Audio-Visual Content
Services and Online
Content Safety White
Paper finalised","Implementation strategy and Action Plan for Audio and Audio-Visual Content Services and Online Content Safety White Paper has not been finalised
","Audio- and Audio-Visual
Content Services and
Online Content Safety
Bill submitted to the
Minister for approval and
submission to the Cluster
and Cabinet to introduce
in Parliament","Audio- and Audio-Visual Content Services and Online Content Safety Bill developed and submitted to the DG for submission EXCO, MANCO and Cluster ","Audio- and Audio-
Visual
Content Services and
Online Content Safety Bill
submitted to the Cluster
and Cabinet for approval
to introduce in Parliament",-,,,,,"The challenges have been additional research required to cater for the new developments. There has also been delays in sourcing a writer to assist in the finalisation of the White Paper.
","The policy positions are being finalised to be processed for internal approvals. It will then be processed to the Cluster and Cabinet Committee of 14 August 2024. The unit will then present the document through the internal structures. It will also engage DG, DM and the Minister for approval to submit to the Cluster and targeting Cabinet meeting on 14th August 2024.
The Chief Directorate has also engaged with the SPM and Internal Audit to develop a clear project plan to ensure a more focused approach to the finalisation of the project.","The White Paper was meant to be finalised by a policy writer, but this process has been protracted. The White Paper has awaiting briefing to the Minister before further processes could be finalised such as the implementation plan ","The Unit has been granted a date to engage the Minister, but due to other pressing issues this has been postponed to a date to be communicated. The unit has, however engaged with the regulators who are the core component of the implementation plan (MDDA, ICASA and the FPB) ","The finalisation of the Implementation strategy and action plan is dependent on the approval of the Audio and Audio-Visual Content Services and Online Content Safety White Paper.
",The Audio and Audio-Visual Content Services and Online Content Safety White Paper is being edited for submission to be published for public comments. ,"Given the fact that the White Paper has not been approved, the unit could not proceed to the Bill stage. The challenge behind the non-finalisation of the White Paper had been articulated in the previous reports","The White Paper has been finalised and submitted to the Minister for the final consultation with the stakeholders. After public consultations, the final White Paper 
will be processed for submission to Cabinet and gazetting as Policy. ",,140
,Communication and Digital Technologies,National,ICT POLICY DEVELOPMENT AND RESEARCH,ICT POLICY DEVELOPMENT AND RESEARCH,Quarterly,Implemented Digital Economy Masterplan,Non-Standardized,Not  Applicable,Priority 2: Economic Transformation And Job Creation,"The Economic Sectors, Employment and Infrastructure Development cluster","Revised Implemen
tation
Plan for the Digital
Economy Masterplan
submitted for approval","Updated Implementation Plan for the Digital Economy Masterplan was submitted for approval 
","Revised Implementation
Plan for the Digital
Economy Masterplan
monitored","Expanded Connectivity 750 714 Households 

Development of the SABC OTT platform 4490 Wi-Fi hotspots 29 092 Facilities Connected 

Skilling & job placements 353 691 individuals skilled 10 158 individuals employed SMME supported 15 650 SMMEs skilled 76 contracted for broadband rollout Tech startups supported 535 start-ups 

Investment ZAR 15.2 billion (RFI process) ZAR 44.4 billion (cumulative investment in network infrastructure & data centres from February engagement
","Revised Implementation
Plan for the Digital
Economy Masterplan
monitored."," The Revised Implementation Plan for the Digital Economy Masterplan 
was partly monitored.","Revised Implementation
Plan for the Digital
Economy Masterplan
monitored",Revised Implementation Plan for the Digital Economy Masterplan was monitored ,"Implementation Plan

for the Digital Economy
Masterplan monitored",-,,,,,None,None,Challenges to be identified,Challenges to be identified,The timing that surveys were issued to stakeholders did not provide ample time for stakeholders to respond. ,The department will ensure that the request to stakeholders to provide progress reports on DEM projects is done 15-days before the end of the quarter.,The supporting evidence was not sufficient to support achievement in line with the implementation plan.,"The Project Manager has been advised to improve and align with Implementation Plan.  
",,140
,Communication and Digital Technologies,National,ICT POLICY DEVELOPMENT AND RESEARCH,ICT POLICY DEVELOPMENT AND RESEARCH,Quarterly,Implemented National Data and Cloud Policy,Non-Standardized,Not  Applicable,Priority 2: Economic Transformation And Job Creation,"The Economic Sectors, Employment and Infrastructure Development cluster","Draft National
 Data
and Cloud Policy
Implementation Plan
developed","The Draft National 
Data and Cloud Policy Implementation Plan was developed","Draft Implementation
Plan consulted with key
stakeholders",Draft Implementation Plan was consulted with key stakeholders.,"National Data and Cloud
Policy Implementation
Plan finalised.",The National Data and Cloud Policy Implementation Plan was finalised.,"National Data and Cloud
Policy Implementation
Plan approved.",National Data and Cloud Policy Implementation Plan was approved by the Director-General,"National Data and 
Cloud
Policy Implementation
Plan approved",-,,,,,None,None,None,None,None,None,None,None,,140
,Communication and Digital Technologies,National,ICT POLICY DEVELOPMENT AND RESEARCH,ICT POLICY DEVELOPMENT AND RESEARCH,Quarterly,Implemented PC4IR Strategic  plan,Non-Standardized,Not  Applicable,Priority 2: Economic Transformation And Job Creation,Not Applicable,No Q1 Target,No Q1 Target,"Coordination report
developed on the projects
related to the SIP in
line with the PC4IR
Recommendations.",No progress report received as there is no official appointed against the target,No Q3 Target,,"Annual coordination
report developed on the
projects related to the
SIP in line with the PC4IR
Recommendations",Annual coordination report was developed on the projects related to the SIP in line with the PC4IR Recommendations.,"PC4IR Strategic

implementation plan
coordinated",-,,,,,,,No progress report received as there is no official appointed against the target,No progress report received as there is no official appointed against the target,,,The supporting evidence was not sufficient to support achievement in line with the implementation plan.,The Project Manager has been advised to improve and align with Implementation Plan.  ,,140
Basic Education,Basic Education,National,Programme 1: Administration,Programme 1: Administration,Annually,1.1.3 Number of capacity-building programmes offered to the DBE officials,Not Applicable,Not  Applicable,"Priority 3: Education, Skills And Health","The Social Protection, Community and Human Development cluster",,,,,,,16,31,16,,,"There were additional training
requests emanating from performance assessment outcomes where skills and training needs were identified.
",Not applicable,,,,,,,,,,,140
Basic Education,Basic Education,National,Programme 1: Administration,Programme 1: Administration,Annually,1.2.1 The Annual Performance Plan is approved by 31 March each financial year,Not Applicable,Not  Applicable,"Priority 3: Education, Skills And Health","The Social Protection, Community and Human Development cluster",,,,,,,2025/26 APP approved by March 2025,"2025/26 APP approved by March 2025
",2025/26 APP approved by March 2025,,,Not applicable,Not applicable,,,,,,,,,,,140
Basic Education,Basic Education,National,Programme 1: Administration,Programme 1: Administration,Quarterly,1.1.1 Percentage of valid invoices paid within 30 days upon receipt by the Department,Not Applicable,Not  Applicable,"Priority 3: Education, Skills And Health","The Social Protection, Community and Human Development cluster",100 %,91.06 %,100 %,99.84 %,100 %,99.39 %,100 %,97.37 %,100 %,,,,,,The Department could not achieve 100% or pay all invoices within 30 days during the quarter under review because the Department had to settle accruals and payables emanating from the previous financial year. Some invoices were already aged 30 days plus by the time new budget was loaded. ,"Consequently, the Department continue to monitor cash flow more closely and strengthen payment processes to improve compliance.",The non-achievement is due to delay in correction of misallocation on payments between the Finance and SCM. ,The Department will continue to monitor the cash flow more closely and strengthen payment processes to improve compliance. ,"21 invoices were paid after 31 days due to administrative delays in Supply Chain Management compiling and capturing these invoices, and Financial Services authorising the submitted invoices.","Managers will use an ""invoice tracking register"" to monitor unprocessed invoices daily. Once received, invoices will be checked against the Statement of Account, processed into the Suspense account, and the paid lump sum will be allocated to cost centres using the BAS system journal.","Branch Infrastructure: 
There were insufficient funds available for ASIDI projects which led to delays in payments.


Branch Social Mobilisation and Support Services
Officials from Directorate: Sports Enrichment in Education were engaged in conducting Sports championships during December 2024 and invoices were submitted late in January 2025.","Branch Infrastructure: 
National Treasury allowed funds to be moved from one Programme to Infrastructure and the Branch will plan better in future.

The responsible Directorate will improve on the administrative processes and ensure invoices are submitted on time for processing.",,140
Basic Education,Basic Education,National,Programme 1: Administration,Programme 1: Administration,Quarterly,1.1.2 Number of reports on misconduct cases resolved within 90 days,Not Applicable,Not  Applicable,"Priority 3: Education, Skills And Health","The Social Protection, Community and Human Development cluster",1,1,1,1,1,1,1,1,4,4,,,,,No deviation,Not applicable,No deviation,Not applicable,No deviation,Not applicable,Not applicable,Not applicable,,140
Basic Education,Basic Education,National,Programme 1: Administration,Programme 1: Administration,Quarterly,"1.1.4 Number of Schedule 4, 5 and 6 Conditional Grants’ Quarterly Performance Reports submitted to National Treasury (NT) 45 days after the end of each quarter",Not Applicable,Not  Applicable,"Priority 3: Education, Skills And Health","The Social Protection, Community and Human Development cluster",7,7,7,7,7,7,7,7,28,28,,,,,No deviation,Not applicable,No deviation,Not applicable,No deviation,Not applicable,Not applicable,Not applicable,,140
Basic Education,Basic Education,National,Programme 1: Administration,Programme 1: Administration,Quarterly,1.2.2 Number of Quarterly Performance Reports submitted to National Treasury (NT) and the DPME 30 days after the end of each quarter,Not Applicable,Not  Applicable,"Priority 3: Education, Skills And Health","The Social Protection, Community and Human Development cluster",1,1,1,1,1,1,1,1,4,4,,,,,No deviation,Not applicable,No deviation,Not applicable,No deviation,Not applicable,Not applicable,Not applicable,,140
Basic Education,Basic Education,National,"Programme 2: Curriculum Policy, Support and Monitoring ","Programme 2: Curriculum Policy, Support and Monitoring ",Annually,2.1.14 Second draft of the revised History Curriculum and Assessment Policy Statement for Grades 4-12 developed (New Indicator),Non-Standardized,Not  Applicable,"Priority 3: Education, Skills And Health","The Social Protection, Community and Human Development cluster",,,,,,,"Approved second draft of the revised History Curriculum and Assessment Policy Statement for Grades 4-
12",Approved second draft of the revised History Curriculum and Assessment Policy Statement for Grades 4-12,"Approved second draft of the revised History Curriculum and Assessment Policy Statement for Grades 4-
12",,,Not applicable,Not applicable,,,,,,,,,,Fostering social understanding and cohesion through the revised History Curriculum,140
Basic Education,Basic Education,National,"Programme 2: Curriculum Policy, Support and Monitoring ","Programme 2: Curriculum Policy, Support and Monitoring ",Annually,2.5.1 Quality assurance of Grade 1 to 3 Mathematics textbooks towards digitization (New Indicator),Non-Standardized,Not  Applicable,"Priority 3: Education, Skills And Health","The Social Protection, Community and Human Development cluster",,,,,,,Grade 1 to 3 Mathematics textbooks quality assured towards digitization,"Grade 1 to 3 Mathematics textbooks not quality assured towards digitization
",Grade 1 to 3 Mathematics textbooks quality assured towards digitization,,,The DBE did not have the required funds to conduct a workshop to quality assure the textbooks.,"To avoid setting targets that are dependent on a third party
",,,,,,,,,,Digitisation of all state-owned textbooks,140
Basic Education,Basic Education,National,"Programme 2: Curriculum Policy, Support and Monitoring ","Programme 2: Curriculum Policy, Support and Monitoring ",Annually,2.1.3 Number of Children/ Learners with Profound Intellectual Disability (C/LPID) using the Learning Programme for C/LPID. ,Not Applicable,Not  Applicable,"Priority 3: Education, Skills And Health","The Social Protection, Community and Human Development cluster",,,,,,,4218,5230,4218,,,The DBE developed an online monitoring tool that was to identify learners not benefiting from the programme. PEDs were guided to include such learners,Not applicable,,,,,,,,,,,140
Basic Education,Basic Education,National,"Programme 2: Curriculum Policy, Support and Monitoring ","Programme 2: Curriculum Policy, Support and Monitoring ",Annually,"2.1.4 An Annual Sector Report is produced on monitoring of the implementation of the Policy on Screening, Identification, Assessment and Support (SIAS) as a mechanism for early identification and intervention.",Not Applicable,Not  Applicable,"Priority 3: Education, Skills And Health","The Social Protection, Community and Human Development cluster",,,,,,,"Approved Annual Sector Report is produced on monitoring of the implementation of the Policy on Screening, Identification, Assessment and Support (SIAS) as a mechanism for early identification and intervention","Approved Annual Sector Report on monitoring of the implementation of the Policy on Screening, Identification, Assessment and Support (SIAS) as a mechanism for early identification and intervention","Approved Annual Sector Report is produced on monitoring of the implementation of the Policy on Screening, Identification, Assessment and Support (SIAS) as a mechanism for early identification and intervention",,,Not applicable,Not applicable,,,,,,,,,,,140
Basic Education,Basic Education,National,"Programme 2: Curriculum Policy, Support and Monitoring ","Programme 2: Curriculum Policy, Support and Monitoring ",Annually,2.1.5 An Annual National Report is produced on piloting the new funding model for Early Childhood Development,Not Applicable,Not  Applicable,"Priority 3: Education, Skills And Health","The Social Protection, Community and Human Development cluster",,,,,,,Approved Annual National Report on piloting of the new funding model for Early Childhood Development,Approved Annual National Report on piloting of the new funding model for Early Childhood Development,Approved Annual National Report on piloting of the new funding model for Early Childhood Development,,,Not applicable,Not applicable,,,,,,,,,,,140
Basic Education,Basic Education,National,"Programme 2: Curriculum Policy, Support and Monitoring ","Programme 2: Curriculum Policy, Support and Monitoring ",Annually,2.1.6 An Annual Sector Report is produced on monitoring the registration of Early Childhood Development Programmes,Not Applicable,Not  Applicable,"Priority 3: Education, Skills And Health","The Social Protection, Community and Human Development cluster",,,,,,,Approved Annual Sector Report on monitoring the registration of Early Childhood Development Programmes,Approved Annual Sector Report on monitoring the registration of Early Childhood Development Programmes,Approved Annual Sector Report on monitoring the registration of Early Childhood Development Programmes,,,Not applicable,Not applicable,,,,,,,,,,,140
Basic Education,Basic Education,National,"Programme 2: Curriculum Policy, Support and Monitoring ","Programme 2: Curriculum Policy, Support and Monitoring ",Annually,2.1.7 An Annual National Report is produced on the implementation of an Early Childhood Development Human Resource Development Plan,Not Applicable,Not  Applicable,"Priority 3: Education, Skills And Health","The Social Protection, Community and Human Development cluster",,,,,,,Approved Annual National Report on the implementation of the ECD HRD Plan,Approved Annual National Report on the implementation of the ECD HRD Plan,Approved Annual National Report on the implementation of the ECD HRD Plan,,,Not applicable,Not applicable,,,,,,,,,,,140
Basic Education,Basic Education,National,"Programme 2: Curriculum Policy, Support and Monitoring ","Programme 2: Curriculum Policy, Support and Monitoring ",Annually,2.1.8 Number of districts monitored on implementation of the National Curriculum Statement (NCS) for Grades 10–12. ,Not Applicable,Not  Applicable,"Priority 3: Education, Skills And Health","The Social Protection, Community and Human Development cluster",,,,,,,15,15,15,,,Not applicable,Not applicable,,,,,,,,,,,140
Basic Education,Basic Education,National,"Programme 2: Curriculum Policy, Support and Monitoring ","Programme 2: Curriculum Policy, Support and Monitoring ",Annually,2.1.9 Number of provinces monitored for extra-support classes to increase the number of learners achieving Bachelor-level passes,Not Applicable,Not  Applicable,"Priority 3: Education, Skills And Health","The Social Protection, Community and Human Development cluster",,,,,,,9,9,9,,,Not applicable,Not applicable,,,,,,,,,,,140
Basic Education,Basic Education,National,"Programme 2: Curriculum Policy, Support and Monitoring ","Programme 2: Curriculum Policy, Support and Monitoring ",Annually,2.1.10 Number of schools monitored for implementing compulsory entrepreneurship education. ,Not Applicable,Not  Applicable,"Priority 3: Education, Skills And Health","The Social Protection, Community and Human Development cluster",,,,,,,225,225,225,,,Not applicable,Not applicable,,,,,,,,,,,140
Basic Education,Basic Education,National,"Programme 2: Curriculum Policy, Support and Monitoring ","Programme 2: Curriculum Policy, Support and Monitoring ",Annually,2.1.11 An Annual National Report is produced on piloting of the General Education Certificate (GEC),Not Applicable,Not  Applicable,"Priority 3: Education, Skills And Health","The Social Protection, Community and Human Development cluster",,,,,,,"Approved Annual National Report on piloting of the General Education Certificate 
(GEC)",Approved Annual National Report on piloting of the General Education Certificate (GEC),"Approved Annual National Report on piloting of the General Education Certificate 
(GEC)",,,Not applicable,Not applicable,,,,,,,,,,,140
Basic Education,Basic Education,National,"Programme 2: Curriculum Policy, Support and Monitoring ","Programme 2: Curriculum Policy, Support and Monitoring ",Annually,"2.1.12 An Annual Sector Report is produced on schools that pilot and implement the Vocational Stream and Occupational Stream, respectively. ",Not Applicable,Not  Applicable,"Priority 3: Education, Skills And Health","The Social Protection, Community and Human Development cluster",,,,,,,"Approved Annual Sector Report on schools that pilot and implement Vocational and Occupational Streams, respectively","Approved Annual Sector Report on schools that pilot and implement Vocational and Occupational Streams, respectively","Approved Annual Sector Report on schools that pilot and implement Vocational and Occupational Streams, respectively",,,Not applicable,Not applicable,,,,,,,,,,,140
Basic Education,Basic Education,National,"Programme 2: Curriculum Policy, Support and Monitoring ","Programme 2: Curriculum Policy, Support and Monitoring ",Annually,2.1.13 Number of schools monitored for piloting the Coding and Robotics curriculum. ,Not Applicable,Not  Applicable,"Priority 3: Education, Skills And Health","The Social Protection, Community and Human Development cluster",,,,,,,18,18,18,,,Not applicable,Not applicable,,,,,,,,,,,140
Basic Education,Basic Education,National,"Programme 2: Curriculum Policy, Support and Monitoring ","Programme 2: Curriculum Policy, Support and Monitoring ",Annually,2.2.1 Number of schools monitored on the implementation of the reading norms. ,Not Applicable,Not  Applicable,"Priority 3: Education, Skills And Health","The Social Protection, Community and Human Development cluster",,,,,,,27,27,27,,,Not applicable,Not applicable,,,,,,,,,,,140
Basic Education,Basic Education,National,"Programme 2: Curriculum Policy, Support and Monitoring ","Programme 2: Curriculum Policy, Support and Monitoring ",Annually,2.2.2 Number of schools monitored on the implementation of the Incremental Introduction to African Languages (IIAL). ,Not Applicable,Not  Applicable,"Priority 3: Education, Skills And Health","The Social Protection, Community and Human Development cluster",,,,,,,27,27,27,,,Not applicable,Not applicable,,,,,,,,,,,140
Basic Education,Basic Education,National,"Programme 2: Curriculum Policy, Support and Monitoring ","Programme 2: Curriculum Policy, Support and Monitoring ",Annually,2.2.3 Number of underperforming schools monitored on the implementation of the Early Grade Reading Assessment (EGRA). ,Not Applicable,Not  Applicable,"Priority 3: Education, Skills And Health","The Social Protection, Community and Human Development cluster",,,,,,,36,36,36,,,Not applicable,Not applicable,,,,,,,,,,,140
Basic Education,Basic Education,National,"Programme 2: Curriculum Policy, Support and Monitoring ","Programme 2: Curriculum Policy, Support and Monitoring ",Annually,2.2.4 Number of schools with multi-grade classes monitored for implementing the multi-grade toolkit. ,Not Applicable,Not  Applicable,"Priority 3: Education, Skills And Health","The Social Protection, Community and Human Development cluster",,,,,,,36,36,36,,,Not applicable,Not applicable,,,,,,,,,,,140
Basic Education,Basic Education,National,"Programme 2: Curriculum Policy, Support and Monitoring ","Programme 2: Curriculum Policy, Support and Monitoring ",Annually,2.2.5 An Annual Sector Report is produced on the implementation of the National Reading Literacy Strategy,Not Applicable,Not  Applicable,"Priority 3: Education, Skills And Health","The Social Protection, Community and Human Development cluster",,,,,,,Approved Annual Sector Report on the implementation of the National Reading Literacy Strategy,Approved Annual Sector Report on the implementation of the National Reading Literacy Strategy,Approved Annual Sector Report on the implementation of the National Reading Literacy Strategy,,,Not applicable,Not applicable,,,,,,,,,,,140
Basic Education,Basic Education,National,"Programme 2: Curriculum Policy, Support and Monitoring ","Programme 2: Curriculum Policy, Support and Monitoring ",Annually,2.2.6 An Annual Sector Report is produced on the number of public schools monitored on the availability of readers.,Not Applicable,Not  Applicable,"Priority 3: Education, Skills And Health","The Social Protection, Community and Human Development cluster",,,,,,,Approved Annual Sector Report on the number of public schools monitored on the availability of readers,Approved Annual Sector Report on the number of public schools monitored on the availability of readers,Approved Annual Sector Report on the number of public schools monitored on the availability of readers,,,Not applicable,Not applicable,,,,,,,,,,,140
Basic Education,Basic Education,National,"Programme 2: Curriculum Policy, Support and Monitoring ","Programme 2: Curriculum Policy, Support and Monitoring ",Annually,2.3.1 Number of schools per province monitored for utilisation of Information and Communication Technology (ICT) resources,Not Applicable,Not  Applicable,"Priority 3: Education, Skills And Health","The Social Protection, Community and Human Development cluster",,,,,,,27,27,27,,,Not applicable,Not applicable,,,,,,,,,,,140
Basic Education,Basic Education,National,"Programme 2: Curriculum Policy, Support and Monitoring ","Programme 2: Curriculum Policy, Support and Monitoring ",Annually,"2.3.2 Percentage of public schools provided with Home Language workbooks for learners in Grades 1 to 6 per year, after having placed an order.",Not Applicable,Not  Applicable,"Priority 3: Education, Skills And Health","The Social Protection, Community and Human Development cluster",,,,,,,100 %,100 %,100 %,,,Not applicable,Not applicable,,,,,,,,,,,140
Basic Education,Basic Education,National,"Programme 2: Curriculum Policy, Support and Monitoring ","Programme 2: Curriculum Policy, Support and Monitoring ",Annually,"2.3.3 Percentage of public schools provided with Mathematics workbooks for learners in Grades 1 to 9 per year, after having placed an order.",Not Applicable,Not  Applicable,"Priority 3: Education, Skills And Health","The Social Protection, Community and Human Development cluster",,,,,,,100 %,100 %,100 %,,,Not applicable,Not applicable,,,,,,,,,,,140
Basic Education,Basic Education,National,"Programme 2: Curriculum Policy, Support and Monitoring ","Programme 2: Curriculum Policy, Support and Monitoring ",Annually,"2.3.4 Percentage of public schools provided with workbooks for learners in Grades R per year, after having placed an order.",Not Applicable,Not  Applicable,"Priority 3: Education, Skills And Health","The Social Protection, Community and Human Development cluster",,,,,,,100 %,100 %,100 %,,,Not applicable,Not applicable,,,,,,,,,,,140
Basic Education,Basic Education,National,"Programme 2: Curriculum Policy, Support and Monitoring ","Programme 2: Curriculum Policy, Support and Monitoring ",Annually,"2.3.5 An Annual Sector Report is produced on the percentage of learners provided with Mathematics and English   First Additional Language (EFAL) textbooks in Grades 3, 6, 9 and 12.",Not Applicable,Not  Applicable,"Priority 3: Education, Skills And Health","The Social Protection, Community and Human Development cluster",,,,,,,"Approved Annual Sector Report on the percentage of learners provided with Mathematics and English First Additional Language (EFAL) textbooks in Grades 3, 6, 9 and 12","Approved Annual Sector Report on the percentage of learners provided with Mathematics and English First Additional Language (EFAL) textbooks in Grades 3, 6, 9 and 12","Approved Annual Sector Report on the percentage of learners provided with Mathematics and English First Additional Language (EFAL) textbooks in Grades 3, 6, 9 and 12",,,Not applicable,Not applicable,,,,,,,,,,,140
Basic Education,Basic Education,National,"Programme 2: Curriculum Policy, Support and Monitoring ","Programme 2: Curriculum Policy, Support and Monitoring ",Annually,2.3.6 Number of schools monitored for Home Languages in which Literacy Grades 1-3 lesson plans have been developed for terms 1 to 4,Not Applicable,Not  Applicable,"Priority 3: Education, Skills And Health","The Social Protection, Community and Human Development cluster",,,,,,,18,18,18,,,Not applicable,Not applicable,,,,,,,,,,,140
Basic Education,Basic Education,National,"Programme 2: Curriculum Policy, Support and Monitoring ","Programme 2: Curriculum Policy, Support and Monitoring ",Annually,2.3.7 Number of public special schools provided with electronic devices as part of the Universal Service Access Obligations (USAO) by Mobile Network Operators,Not Applicable,Not  Applicable,"Priority 3: Education, Skills And Health","The Social Protection, Community and Human Development cluster",,,,,,,30,43,30,,,MTN and Cell C provided additional electronic devices than originally planned ,Not applicable,,,,,,,,,,,140
Basic Education,Basic Education,National,"Programme 2: Curriculum Policy, Support and Monitoring ","Programme 2: Curriculum Policy, Support and Monitoring ",Annually,2.3.8 An Annual Sector Report is produced on the monitoring of procurement and distribution of Information and Communication Technology (ICT) devices.,Not Applicable,Not  Applicable,"Priority 3: Education, Skills And Health","The Social Protection, Community and Human Development cluster",,,,,,,Approved Annual Sector Report on the monitoring of procurement and distribution of Information and Communication Technology (ICT) devices,Approved Annual Sector Report on the monitoring of procurement and distribution of Information and Communication Technology (ICT) devices,Approved Annual Sector Report on the monitoring of procurement and distribution of Information and Communication Technology (ICT) devices,,,Not applicable,Not applicable,,,,,,,,,,,140
Basic Education,Basic Education,National,"Programme 2: Curriculum Policy, Support and Monitoring ","Programme 2: Curriculum Policy, Support and Monitoring ",Annually,2.4.1 An Annual Sector Report is produced on the number of teachers trained on inclusion. ,Not Applicable,Not  Applicable,"Priority 3: Education, Skills And Health","The Social Protection, Community and Human Development cluster",,,,,,,Approved Annual Sector Report on the number of teachers trained on inclusion,Approved Annual Sector Report on the number of teachers trained on inclusion,Approved Annual Sector Report on the number of teachers trained on inclusion,,,Not applicable,Not applicable,,,,,,,,,,,140
Basic Education,Basic Education,National,"Programme 2: Curriculum Policy, Support and Monitoring ","Programme 2: Curriculum Policy, Support and Monitoring ",Annually,2.4.2 An Annual Sector Report is produced on the number of learners in public special schools. ,Not Applicable,Not  Applicable,"Priority 3: Education, Skills And Health","The Social Protection, Community and Human Development cluster",,,,,,,Approved Annual Sector Report on the number of learners in public special schools,Approved Annual Sector Report on the number of learners in public special schools,Approved Annual Sector Report on the number of learners in public special schools,,,Not applicable,Not applicable,,,,,,,,,,,140
Basic Education,Basic Education,National,"Programme 2: Curriculum Policy, Support and Monitoring ","Programme 2: Curriculum Policy, Support and Monitoring ",Annually,2.4.3 An Annual Sector Report is produced on the percentage of public special schools serving as resource centres.,Not Applicable,Not  Applicable,"Priority 3: Education, Skills And Health","The Social Protection, Community and Human Development cluster",,,,,,,Approved Annual Sector Report on the percentage of public special schools serving as resource centres,Approved Annual Sector Report on the percentage of public special schools serving as resource centres,Approved Annual Sector Report on the percentage of public special schools serving as resource centres,,,Not applicable,Not applicable,,,,,,,,,,,140
Basic Education,Basic Education,National,"Programme 2: Curriculum Policy, Support and Monitoring ","Programme 2: Curriculum Policy, Support and Monitoring ",Annually,2.4.4 An Annual Sector Report is produced on the establishment of Focus Schools per Provincial Education Department,Not Applicable,Not  Applicable,"Priority 3: Education, Skills And Health","The Social Protection, Community and Human Development cluster",,,,,,,Approved Annual Sector Report on the establishment of focus schools per Provincial Education Department,Approved Annual Sector Report on the establishment of focus schools per Provincial Education Department,Approved Annual Sector Report on the establishment of focus schools per Provincial Education Department,,,Not applicable,Not applicable,,,,,,,,,,,140
Basic Education,Basic Education,National,"Programme 2: Curriculum Policy, Support and Monitoring ","Programme 2: Curriculum Policy, Support and Monitoring ",Quarterly,2.1.1 Number of Technical Schools monitored for implementation of the Curriculum and Assessment Policy Statements (CAPS). ,Not Applicable,Not  Applicable,"Priority 3: Education, Skills And Health","The Social Protection, Community and Human Development cluster",9,9,9,9,0,,9,9,27,27,,,,,No deviation,Not applicable,No deviation,Not applicable,,,Not applicable,Not applicable,,140
Basic Education,Basic Education,National,"Programme 2: Curriculum Policy, Support and Monitoring ","Programme 2: Curriculum Policy, Support and Monitoring ",Quarterly,2.1.2 Number of learners obtaining subject passes towards a National Senior Certificate (NSC) or Senior Certificate (amended) SC(a) supported through the Second Chance Matric Programme per year,Not Applicable,Not  Applicable,"Priority 3: Education, Skills And Health","The Social Protection, Community and Human Development cluster",0,0,35000,81356,0,,35000,47563,70000,128919,,,,,No deviation,Not applicable,"There is high demand for admission at the institutions of higher learning. As a result, more learners register to improve their marks to qualify for admission at these higher learning institutions for them to achieve their dreams. It should also be noted that there is a considerable number of learners who improve their subjects having performed poorly in their first attempt when writing examinations",Not applicable,,,"The programme conducted awareness campaigns that led to more individuals seeking a second chance at completing their matric results. The flexibility of the programme allows learners to participate through the available platforms.
",Not applicable,,140
Basic Education,Basic Education,National,"Programme 3: Teachers, Education Human Resources and Institutional ","Programme 3: Teachers, Education Human Resources and Institutional ",Annually,3.1.1 Percentage of School Governing Bodies (SGBs) that meet the minimum criteria in terms of effectiveness. ,Not Applicable,Not  Applicable,"Priority 3: Education, Skills And Health","The Social Protection, Community and Human Development cluster",,,,,,,50 %,97.3 %,50 %,,,SGBs were inducted and trained on their roles and responsibilities after elections,Not applicable,,,,,,,,,,,140
Basic Education,Basic Education,National,"Programme 3: Teachers, Education Human Resources and Institutional ","Programme 3: Teachers, Education Human Resources and Institutional ",Annually,3.1.2 Percentage of schools producing the minimum set of management documents at a required standard. ,Not Applicable,Not  Applicable,"Priority 3: Education, Skills And Health","The Social Protection, Community and Human Development cluster",,,,,,,100 %,100 %,100 %,,,Not applicable,Not applicable,,,,,,,,,,,140
Basic Education,Basic Education,National,"Programme 3: Teachers, Education Human Resources and Institutional ","Programme 3: Teachers, Education Human Resources and Institutional ",Annually,3.1.3 Number of Funza Lushaka bursaries awarded to students enrolled for Initial Teacher Education per year. ,Not Applicable,Not  Applicable,"Priority 3: Education, Skills And Health","The Social Protection, Community and Human Development cluster",,,,,,,9700,10138,9700,,,The DBE shifted bursary funds to universities in need of more funding from universities that did not utilise the full allocation,Not applicable,,,,,,,,,,,140
Basic Education,Basic Education,National,"Programme 3: Teachers, Education Human Resources and Institutional ","Programme 3: Teachers, Education Human Resources and Institutional ",Annually,3.1.4 An Annual National Report is produced on the number of qualified teachers aged 30 and below entering the public service as teachers,Not Applicable,Not  Applicable,"Priority 3: Education, Skills And Health","The Social Protection, Community and Human Development cluster",,,,,,,Approved Annual National Report on the number of qualified teachers aged 30 and below entering the public service as teachers,Approved Annual National Report on the number of qualified teachers aged 30 and below entering the public service as teachers,Approved Annual National Report on the number of qualified teachers aged 30 and below entering the public service as teachers,,,Not applicable,Not applicable,,,,,,,,,,,140
Basic Education,Basic Education,National,"Programme 3: Teachers, Education Human Resources and Institutional ","Programme 3: Teachers, Education Human Resources and Institutional ",Annually,3.2.1 An Annual Sector Report is produced on monitoring the functionality of Provincial Teacher Development Institutes and District Teacher Development Centres,Not Applicable,Not  Applicable,"Priority 3: Education, Skills And Health","The Social Protection, Community and Human Development cluster",,,,,,,Approved Annual Sector Report on monitoring the functionality of Provincial Teacher Development Institutes and District Teacher Development Centres,Approved Annual Sector Report on monitoring the functionality of Provincial Teacher Development Institutes and District Teacher Development Centres,Approved Annual Sector Report on monitoring the functionality of Provincial Teacher Development Institutes and District Teacher Development Centres,,,Not applicable,Not applicable,,,,,,,,,,,140
Basic Education,Basic Education,National,"Programme 3: Teachers, Education Human Resources and Institutional ","Programme 3: Teachers, Education Human Resources and Institutional ",Annually,"3.2.2 An Annual Sector Report is produced on monitoring the implementation of Teacher Development Programmes by PEDs with special focus on Language, Mathematics, Sciences and Accounting",Not Applicable,Not  Applicable,"Priority 3: Education, Skills And Health","The Social Protection, Community and Human Development cluster",,,,,,,"Approved Annual Sector Report on monitoring the implementation of Teacher Development Programmes by PEDs with special focus on Language, Mathematics, Sciences and Accounting","Approved Annual Sector Report on monitoring the implementation of Teacher Development Programmes by PEDs with special focus on Language, Mathematics, Sciences and Accounting","Approved Annual Sector Report on monitoring the implementation of Teacher Development Programmes by PEDs with special focus on Language, Mathematics, Sciences and Accounting",,,Not applicable,Not applicable,,,,,,,,,,,140
Basic Education,Basic Education,National,"Programme 3: Teachers, Education Human Resources and Institutional ","Programme 3: Teachers, Education Human Resources and Institutional ",Annually,3.2.3 Number of PEDs that had their post-provisioning processes assessed for compliance with the post-provisioning norms and standards.  ,Not Applicable,Not  Applicable,"Priority 3: Education, Skills And Health","The Social Protection, Community and Human Development cluster",,,,,,,9,9,9,,,Not applicable,Not applicable,,,,,,,,,,,140
Basic Education,Basic Education,National,"Programme 3: Teachers, Education Human Resources and Institutional ","Programme 3: Teachers, Education Human Resources and Institutional ",Annually,3.2.4 An Annual Sector Report on the number of Grade-R practitioners with NQF level 6 and above qualification produced,Not Applicable,Not  Applicable,"Priority 3: Education, Skills And Health","The Social Protection, Community and Human Development cluster",,,,,,,Approved Annual Sector Report on the number of Grade R practitioners with NQF level 6 and above qualification,Approved Annual Sector Report on the number of Grade R practitioners with NQF level 6 and above qualification,Approved Annual Sector Report on the number of Grade R practitioners with NQF level 6 and above qualification,,,Not applicable,Not applicable,,,,,,,,,,,140
Basic Education,Basic Education,National,"Programme 3: Teachers, Education Human Resources and Institutional ","Programme 3: Teachers, Education Human Resources and Institutional ",Annually,3.3.1 Number of PEDs monitored on the implementation of the Quality Management System (QMS) for school-based educators.,Not Applicable,Not  Applicable,"Priority 3: Education, Skills And Health","The Social Protection, Community and Human Development cluster",,,,,,,9,9,9,,,Not applicable,Not applicable,,,,,,,,,,,140
Basic Education,Basic Education,National,"Programme 3: Teachers, Education Human Resources and Institutional ","Programme 3: Teachers, Education Human Resources and Institutional ",Annually,3.3.2 Number of PEDs monitored on the implementation of the Education Management Service: Performance   Management and Development System (EMS: PMDS).,Not Applicable,Not  Applicable,"Priority 3: Education, Skills And Health","The Social Protection, Community and Human Development cluster",,,,,,,9,9,9,,,Not applicable,Not applicable,,,,,,,,,,,140
Basic Education,Basic Education,National,"Programme 4: Planning, Information and Assessment","Programme 4: Planning, Information and Assessment",Annually,4.1.1 Number of new schools built and completed through the Accelerated School Infrastructure Delivery Initiative per year (revised),Non-Standardized,Not  Applicable,"Priority 3: Education, Skills And Health","The Social Protection, Community and Human Development cluster",,,,,,,1,1,1,,,Not applicable,Not applicable,,,,,,,,,,,140
Basic Education,Basic Education,National,"Programme 4: Planning, Information and Assessment","Programme 4: Planning, Information and Assessment",Annually,4.1.3 Number of schools provided with water facilities per year (revised),Non-Standardized,Not  Applicable,"Priority 3: Education, Skills And Health","The Social Protection, Community and Human Development cluster",,,,,,,7,7,7,,,Not applicable,Not applicable,,,,,,,,,,,140
Basic Education,Basic Education,National,"Programme 4: Planning, Information and Assessment","Programme 4: Planning, Information and Assessment",Annually,4.1.1 Number of new schools built and completed through the Accelerated School Infrastructure Delivery Initiative per year,Not Applicable,Not  Applicable,"Priority 3: Education, Skills And Health","The Social Protection, Community and Human Development cluster",,,,,,,30,,30,,,,,,,,,,,,,,,140
Basic Education,Basic Education,National,"Programme 4: Planning, Information and Assessment","Programme 4: Planning, Information and Assessment",Annually,4.1.2 Number of schools provided with sanitation facilities per year,Not Applicable,Not  Applicable,"Priority 3: Education, Skills And Health","The Social Protection, Community and Human Development cluster",,,,,,,100,152,100,,,Not applicable,Not applicable,,,,,,,,,,,140
Basic Education,Basic Education,National,"Programme 4: Planning, Information and Assessment","Programme 4: Planning, Information and Assessment",Annually,4.1.3 Number of schools provided with water facilities per year,Not Applicable,Not  Applicable,"Priority 3: Education, Skills And Health","The Social Protection, Community and Human Development cluster",,,,,,,100,,100,,,,,,,,,,,,,,,140
Basic Education,Basic Education,National,"Programme 4: Planning, Information and Assessment","Programme 4: Planning, Information and Assessment",Annually,4.1.4 Number of classrooms built through the Accelerated School Infrastructure Delivery Initiative per year,Not Applicable,Not  Applicable,"Priority 3: Education, Skills And Health","The Social Protection, Community and Human Development cluster",,,,,,,65,67,65,,,The DBSA provided additional resources to complete the classrooms during the fourth quarter.,Not applicable,,,,,,,,,,,140
Basic Education,Basic Education,National,"Programme 4: Planning, Information and Assessment","Programme 4: Planning, Information and Assessment",Annually,"4.2.1 Number of General Education and Training (GET) test items developed in Language and Mathematics for Grades 3, 6 and 9 ",Not Applicable,Not  Applicable,"Priority 3: Education, Skills And Health","The Social Protection, Community and Human Development cluster",,,,,,,500,500,500,,,Not applicable,Not applicable,,,,,,,,,,,140
Basic Education,Basic Education,National,"Programme 4: Planning, Information and Assessment","Programme 4: Planning, Information and Assessment",Annually,4.2.2 Number of NSC reports produced,Not Applicable,Not  Applicable,"Priority 3: Education, Skills And Health","The Social Protection, Community and Human Development cluster",,,,,,,4,4,4,,,Not applicable,Not applicable,,,,,,,,,,,140
Basic Education,Basic Education,National,"Programme 4: Planning, Information and Assessment","Programme 4: Planning, Information and Assessment",Annually,4.2.3 Number of question papers set for June and November examinations,Not Applicable,Not  Applicable,"Priority 3: Education, Skills And Health","The Social Protection, Community and Human Development cluster",,,,,,,320,320,320,,,Not applicable,Not applicable,,,,,,,,,,,140
Basic Education,Basic Education,National,"Programme 4: Planning, Information and Assessment","Programme 4: Planning, Information and Assessment",Annually,4.2.4 Percentage of public schools using the South African School Administration and Management System (SA-SAMS) for reporting,Not Applicable,Not  Applicable,"Priority 3: Education, Skills And Health","The Social Protection, Community and Human Development cluster",,,,,,,98 %,99.64 %,98 %,,,Identified Provinces and Districts were workshopped for better understanding and usage of SA-SAMS.,Not applicable,,,,,,,,,,,140
Basic Education,Basic Education,National,"Programme 4: Planning, Information and Assessment","Programme 4: Planning, Information and Assessment",Annually,4.2.5 An Annual National Report is produced on the number of provinces monitored for implementation of the Learner Unit Record Information and Tracking System (LURITS) and EMIS priorities.,Not Applicable,Not  Applicable,"Priority 3: Education, Skills And Health","The Social Protection, Community and Human Development cluster",,,,,,,Approved National Report on the number of provinces monitored for implementation of the Learner Unit Record Information and Tracking System (LURITS) and EMIS priorities,Approved National Report on the number of provinces monitored for implementation of the Learner Unit Record Information and Tracking System (LURITS) and EMIS priorities,Approved National Report on the number of provinces monitored for implementation of the Learner Unit Record Information and Tracking System (LURITS) and EMIS priorities,,,Not applicable,Not applicable,,,,,,,,,,,140
Basic Education,Basic Education,National,"Programme 4: Planning, Information and Assessment","Programme 4: Planning, Information and Assessment",Annually,4.2.6 An Annual National Report is produced on learning outcomes linked to an individual large-scale assessment programme featuring in the National Assessment Framework,Not Applicable,Not  Applicable,"Priority 3: Education, Skills And Health","The Social Protection, Community and Human Development cluster",,,,,,,Approved Annual National Report on learning outcomes linked to an individual large-scale assessment programme featuring in the National Assessment Framework,Approved Annual National Report on learning outcomes linked to an individual large-scale assessment programme featuring in the National Assessment Framework,Approved Annual National Report on learning outcomes linked to an individual large-scale assessment programme featuring in the National Assessment Framework,,,Not applicable,Not applicable,,,,,,,,,,,140
Basic Education,Basic Education,National,"Programme 4: Planning, Information and Assessment","Programme 4: Planning, Information and Assessment",Annually,4.2.7 An Annual National Report is produced on the Early Learning National Assessment (ELNA) to determine school readiness,Not Applicable,Not  Applicable,"Priority 3: Education, Skills And Health","The Social Protection, Community and Human Development cluster",,,,,,,Approved Annual National Report on the Early Learning National Assessment to determine school readiness,Approved Annual National Report on the Early Learning National Assessment to determine school readiness,Approved Annual National Report on the Early Learning National Assessment to determine school readiness,,,Not applicable,Not applicable,,,,,,,,,,,140
Basic Education,Basic Education,National,"Programme 4: Planning, Information and Assessment","Programme 4: Planning, Information and Assessment",Annually,4.3.1 Number of officials from districts that achieved below the national benchmark in the NSC participating in a mentoring programme,Not Applicable,Not  Applicable,"Priority 3: Education, Skills And Health","The Social Protection, Community and Human Development cluster",,,,,,,60,184,60,,,"More districts were involved in the mentorship programme, thus additional officials such as DCES and Subject Advisors were also involved in the mentoring programme.",Not applicable,,,,,,,,,,,140
Basic Education,Basic Education,National,"Programme 4: Planning, Information and Assessment","Programme 4: Planning, Information and Assessment",Annually,4.3.2 Percentage of school principals rating the support services of districts as being satisfactory,Not Applicable,Not  Applicable,"Priority 3: Education, Skills And Health","The Social Protection, Community and Human Development cluster",,,,,,,75 %,75 %,75 %,,,Not applicable,Not applicable,,,,,,,,,,,140
Basic Education,Basic Education,National,"Programme 4: Planning, Information and Assessment","Programme 4: Planning, Information and Assessment",Annually,4.3.3 Percentage of District Directors that have undergone competency assessment prior to their appointment. ,Not Applicable,Not  Applicable,"Priority 3: Education, Skills And Health","The Social Protection, Community and Human Development cluster",,,,,,,100 %,100 %,100 %,,,Not applicable,Not applicable,,,,,,,,,,,140
Basic Education,Basic Education,National,"Programme 4: Planning, Information and Assessment","Programme 4: Planning, Information and Assessment",Annually,4.3.4 Number of underperforming secondary schools monitored at least twice a year by sector officials. ,Not Applicable,Not  Applicable,"Priority 3: Education, Skills And Health","The Social Protection, Community and Human Development cluster",,,,,,,750,768,750,,,The DBE appointed more School Improvement Coordinators to support the circuits and monitor additional schools. ,Not applicable,,,,,,,,,,,140
Basic Education,Basic Education,National,"Programme 4: Planning, Information and Assessment","Programme 4: Planning, Information and Assessment",Annually,4.3.5 Number of District Director forums held,Not Applicable,Not  Applicable,"Priority 3: Education, Skills And Health","The Social Protection, Community and Human Development cluster",,,,,,,3,2,3,,,The meeting scheduled for the last quarter was postponed to April 2025.,Consultative scheduling of meeting dates within the financial year,,,,,,,,,,,140
Basic Education,Basic Education,National,Programme 5: Educational Enrichment Services,Programme 5: Educational Enrichment Services,Annually,5.1.7 An annual communiqué distributed to all 9 Provincial Education Departments to inculcate the culture of recital of the Preamble of the Constitution at school assemblies and gatherings (New Indicator),Non-Standardized,Not  Applicable,"Priority 3: Education, Skills And Health","The Social Protection, Community and Human Development cluster",,,,,,,An approved annual communique distributed to all PEDs,An approved annual communique distributed to all PEDs,An approved annual communique distributed to all PEDs,,,Not applicable,Not applicable,,,,,,,,,,Annual communiqué distributed to schools by the end of the fourth quarter of the financial year,140
Basic Education,Basic Education,National,Programme 5: Educational Enrichment Services,Programme 5: Educational Enrichment Services,Annually,5.1.1 An Annual Sector Report is produced on the provision of nutritious meals and compliance with feeding requirements.,Not Applicable,Not  Applicable,"Priority 3: Education, Skills And Health","The Social Protection, Community and Human Development cluster",,,,,,,Approved Annual Sector Report on the provision of nutritious meals and compliance with feeding requirements,,Approved Annual Sector Report on the provision of nutritious meals and compliance with feeding requirements,,,,,,,,,,,,,,,140
Basic Education,Basic Education,National,Programme 5: Educational Enrichment Services,Programme 5: Educational Enrichment Services,Annually,5.1.2 Number of PEDs with approved annual business plans for the HIV/AIDS Life Skills Education Programme.,Not Applicable,Not  Applicable,"Priority 3: Education, Skills And Health","The Social Protection, Community and Human Development cluster",,,,,,,9,8,9,,,The deviation was caused by delays in the submission of the business plan by the PED.,A DG submission will be compiled to request the PEDs to submit the plan on time in future .,,,,,,,,,,,140
Basic Education,Basic Education,National,Programme 5: Educational Enrichment Services,Programme 5: Educational Enrichment Services,Annually,5.1.6 Number of professionals trained in SASCE programmes,Not Applicable,Not  Applicable,"Priority 3: Education, Skills And Health","The Social Protection, Community and Human Development cluster",,,,,,,900,1654,900,,,More professionals were reached through the National train-the-trainer workshop conducted in January 2025. ,Not applicable,,,,,,,,,,,140
Basic Education,Basic Education,National,Programme 5: Educational Enrichment Services,Programme 5: Educational Enrichment Services,Quarterly,5.1.1 Number of schools monitored for the provision of nutritious meals,Non-Standardized,Not  Applicable,"Priority 3: Education, Skills And Health","The Social Protection, Community and Human Development cluster",0,,30,,20,26,30,47,80,73,,,,,,,,,"During the National Nutrition Week  event held in October 2024. Officials attending the events, were requested to monitor  schools in the area where the celebrations were held, which resulted in over achievement",Not applicable,Additional schools were reached during school readiness monitoring in January 2025.,Not applicable,,140
Basic Education,Basic Education,National,Programme 5: Educational Enrichment Services,Programme 5: Educational Enrichment Services,Quarterly,5.1.3 Number of districts monitored on the implementation of the National School Safety Framework (NSSF),Not Applicable,Not  Applicable,"Priority 3: Education, Skills And Health","The Social Protection, Community and Human Development cluster",10,10,10,10,0,Conducted trainings for School Safety District Support Intervention in Limpopo and On-Line Safety Integrated Training Workshop in the Northern Cape,5,5,25,20,,,,,No deviation,Not applicable,No deviation,Not applicable,No deviation,Not applicable,Not applicable,Not applicable,,140
Basic Education,Basic Education,National,Programme 5: Educational Enrichment Services,Programme 5: Educational Enrichment Services,Quarterly,5.1.4 Number of stakeholders reached through social cohesion programmes,Not Applicable,Not  Applicable,"Priority 3: Education, Skills And Health","The Social Protection, Community and Human Development cluster",1500,2805,1500,1629,500,715,500,587,4000,5736,,,,,"Collaboration with external stakeholders were beneficial in advocating for Social Cohesion and Equity in Education programmes and mobilising participation. The positive deviation was as a result of mobilization activities led and/or requested by stakeholders, in addition to what was planned by the DBE.",Not applicable,The Department conducted SASCE during the quarter under review were more learners were reached through the Enrichment Education Space for social cohesion programmes,Not applicable,"Collaboration with external stakeholders were beneficial in advocating for Social Cohesion and Equity in Education programmes and mobilising participation. The positive deviation was as a result of mobilization activities led and/or requested by stakeholders, in addition to what was planned by the DBE",Not applicable,"Collaboration with external stakeholders were beneficial in advocating for Social Cohesion and Equity in Education programmes and mobilising participation. The positive deviation was as a result of mobilization activities led and/or requested by stakeholders, in addition to what was planned by the DBE",Not applicable,,140
Basic Education,Basic Education,National,Programme 5: Educational Enrichment Services,Programme 5: Educational Enrichment Services,Quarterly,"5.1.5 Number of participants and stakeholders reached with dialogues, engagements, and training workshops to end school-related gender-based violence",Not Applicable,Not  Applicable,"Priority 3: Education, Skills And Health","The Social Protection, Community and Human Development cluster",1500,1796,1500,1804,500,958,500,772,4000,5330,,,,,"Collaboration with external stakeholders were beneficial in advocating for Gender Equity and Empowerment programmes to end SRGBV and mobilising participation.  The positive deviation was as a result of mobilization activities led and/or requested by stakeholders, in addition to what was planned by the DBE.",Not applicable,The Department conducted SASCE during the quarter under review were more learners were reached through the Enrichment Education Space through dialogues and engagements to end school-related gender-based violence,Not applicable,"Collaboration with external stakeholders were beneficial in advocating for Social Cohesion and Equity in Education programmes and mobilising participation. The positive deviation was as a result of mobilization activities led and/or requested by stakeholders, in addition to what was planned by the DBE",Not applicable,"Collaboration with external stakeholders were beneficial in advocating for Social Cohesion and Equity in Education programmes and mobilising participation. The positive deviation was as a result of mobilization activities led and/or requested by stakeholders, in addition to what was planned by the DBE",Not applicable,,140
Public Service and Administration,Centre for Public Service Innovation,National,PROGRAMME 1: ADMINISTRATION,PROGRAMME 1: ADMINISTRATION,Annually,Type of audit opinion on financial and non-financial information,Non-Standardized,Not  Applicable,"Priority 1: A Capable, Ethical and Developmental State",Governance and Administration cluster,,,Unqualified audit opinion on Financial and non financial information for the 2023/24 financial year,Unqualified audit opinion on Financial and non financial information for the 2023/24 financial year,,,,,Unqualified audit opinion on Financial and non financial information for the 2023/24 financial year,,,N/A,N/A,,,,,,,,,,,140
Public Service and Administration,Centre for Public Service Innovation,National,PROGRAMME 2: PUBLIC SECTOR INNOVATION,PROGRAMME 2: PUBLIC SECTOR INNOVATION,Annually,Number of innovation research and development initiatives undertaken,Non-Standardized,Not  Applicable,"Priority 1: A Capable, Ethical and Developmental State",Governance and Administration cluster,,,,,,,4,5,4,,,An additional research report was compiled for Productivity SA,None,,,,,,,,,,,140
Public Service and Administration,Centre for Public Service Innovation,National,PROGRAMME 2: PUBLIC SECTOR INNOVATION,PROGRAMME 2: PUBLIC SECTOR INNOVATION,Annually,Number of innovative solutions replicated in the Public Sector,Non-Standardized,Not  Applicable,"Priority 1: A Capable, Ethical and Developmental State",Governance and Administration cluster,,,,,,,2,2,2,,,N/A,N/A,,,,,,,,,,,140
Public Service and Administration,Centre for Public Service Innovation,National,PROGRAMME 2: PUBLIC SECTOR INNOVATION,PROGRAMME 2: PUBLIC SECTOR INNOVATION,Quarterly,Number of Knowledge Platforms sustained to nurture an enabling environment for innovation in the Public Sector,Non-Standardized,Not  Applicable,"Priority 1: A Capable, Ethical and Developmental State",Governance and Administration cluster,1,2,3,3,2,2,3,3,9,-,,,,,"The CPSI was also invited to contribute to a workshop on Systems Thinking, Strategic Foresight and Innovation, held as part of the UN Public Service Forum and Awards in June 2024",N/A,N/A,N/A,N/A,N/A,N/A,N/A,,140
